hour,demand_kw,pv_factor
0,451.1605698361348,0.0
1,443.5408283859458,0.0
2,452.97226245720833,0.0
3,463.47635827689635,0.0
4,442.39015950332004,0.0
5,336.39035651660987,0.0
6,358.1505537860887,0.0
7,168.2092167498349,0.24404995273935826
8,153.36630736878058,0.47146830451114535
9,165.51072052303158,0.6667568704687101
10,121.63898768625046,0.8166070575716587
11,121.61124295715692,0.9108068232080684
12,130.10354725879242,0.9429366090222908
13,104.24063706410644,0.9108068232080684
14,106.50098600984361,0.8166070575716589
15,120.45254964910833,0.6667568704687101
16,263.4460265559869,0.47146830451114535
17,279.3709679911433,0.2440499527393585
18,264.7037110937455,1.1547643000380076e-16
19,343.45235558397655,0.0
20,377.9877852270587,0.0
21,357.6906843941616,0.0
22,446.0103384562551,0.0
23,428.10302176543854,0.0
24,438.66367365376755,0.0
25,446.52733742458815,0.0
26,431.3843434190021,0.0
27,449.7046425682178,0.0
28,437.9886020690441,0.0
29,335.6968303152957,0.0
30,331.97667596606226,0.0
31,181.2260047669893,0.24413474385974357
32,158.83669985602683,0.47163210837718567
33,146.30613540541123,0.6669885241176335
34,137.0694721875439,0.8168907741901167
35,112.54880944265338,0.9111232679773771
36,129.70529638236272,0.9432642167543714
37,103.68289175574833,0.9111232679773771
38,111.26070065552447,0.8168907741901168
39,129.56126807273512,0.6669885241176335
40,284.4592876516071,0.47163210837718567
41,277.65410806594184,0.24413474385974382
42,274.2099093030033,1.1551655037984763e-16
43,356.7837331727945,0.0
44,342.65471363545686,0.0
45,351.75884701912946,0.0
46,439.66860109655227,0.0
47,457.88173306269675,0.0
48,449.3084859734621,0.0
49,424.0285846342877,0.0
50,449.0740741313781,0.0
51,440.5640791336447,0.0
52,437.062002494969,0.0
53,346.52873756029277,0.0
54,351.56061636415376,0.0
55,170.17002803605172,0.2442238862555003
56,148.92405632798568,0.47180431826174307
57,155.28411809644277,0.6672320656719493
58,131.17089446216863,0.8171890504597358
59,138.90227481079418,0.9114559519274495
60,121.44564243118239,0.9436086365234863
61,124.96782556536007,0.9114559519274495
62,113.91971359725353,0.8171890504597359
63,112.84125379635782,0.6672320656719493
64,285.34106532026976,0.47180431826174307
65,291.8656357943893,0.24422388625550054
66,274.7266339925754,1.1555872963662856e-16
67,372.4303057497943,0.0
68,364.7275432756616,0.0
69,352.6464739198285,0.0
70,449.5218137647415,0.0
71,463.64150529623214,0.0
72,444.73649130115024,0.0
73,463.9421276402377,0.0
74,413.7294625213927,0.0
75,455.0292338229723,0.0
76,446.2109685893277,0.0
77,335.5863146671484,0.0
78,340.2755321911648,0.0
79,135.13717437138558,0.24431735351181272
80,156.35193869254616,0.47198488313531217
81,163.27335220473725,0.6674874229650389
82,144.92512961417523,0.8175017979948197
83,120.97115845799328,0.9118047764768517
84,117.4884778425588,0.9439697662706245
85,121.16931655426261,0.9118047764768517
86,138.17522648970194,0.8175017979948198
87,131.13541439319326,0.6674874229650389
88,269.2220798888958,0.47198488313531217
89,281.73841153146054,0.24431735351181297
90,276.74413292627673,1.1560295527551954e-16
91,371.9965429386796,0.0
92,351.9481659257567,0.0
93,356.4408572931117,0.0
94,440.46110593288375,0.0
95,427.6042243928842,0.0
96,448.69372701850085,0.0
97,448.2729469598846,0.0
98,445.2016451734355,0.0
99,442.3252380932242,0.0
100,428.155834789121,0.0
101,334.10675798870216,0.0
102,335.0419276635652,0.0
103,149.35134551709984,0.2444151179323156
104,157.04324420776717,0.47217374949262403
105,163.82728302953373,0.6677545203290254
106,149.81716901273376,0.8178289241215243
107,129.27787195218949,0.9121696382613409
108,130.2735428868806,0.9443474989852482
109,126.2895872090134,0.9121696382613409
110,104.15768361461892,0.8178289241215244
111,126.8647716928168,0.6677545203290254
112,276.285795282075,0.47217374949262403
113,305.12193811260613,0.24441511793231588
114,273.25470118540926,1.1564921419150926e-16
115,363.97022633625767,0.0
116,359.9351169917914,0.0
117,346.32752177681994,0.0
118,458.8541574679062,0.0
119,454.16348008596725,0.0
120,374.4798888513653,0.0
121,354.07485602931183,0.0
122,381.82103721808187,0.0
123,348.16529273334135,0.0
124,372.02979061245196,0.0
125,304.37118597589017,0.0
126,266.1992825646022,0.0
127,123.5571077757841,0.24451715054730125
128,131.54849691206906,0.4723708613685009
129,124.31097268162299,0.6680332786171952
130,85.67418325202031,0.8181703319053183
131,105.10490012248624,0.9125504291644965
132,91.53449986010065,0.944741722737002
133,109.96525359243608,0.9125504291644965
134,93.24905361400828,0.8181703319053184
135,122.88135728502438,0.6680332786171952
136,216.54560674572863,0.4723708613685009
137,222.07990805929535,0.24451715054730153
138,235.7068528621995,1.1569749267708258e-16
139,280.6957040730986,0.0
140,298.1955950855556,0.0
141,311.15178892169524,0.0
142,345.69770667211395,0.0
143,367.20311178923635,0.0
144,368.0724713536327,0.0
145,374.33575228397933,0.0
146,350.11046929211466,0.0
147,349.10839846564033,0.0
148,371.2171766100544,0.0
149,281.62391346748524,0.0
150,281.0660115928375,0.0
151,134.49804916491073,0.24462342112230376
152,122.18037399200512,0.47257616035443994
153,133.12771501687905,0.6683236152274517
154,107.78940620034179,0.818525920179707
155,95.7003195044412,0.9129470363497554
156,126.6618306544947,0.94515232070888
157,109.95853157169907,0.9129470363497554
158,89.97689455432582,0.8185259201797072
159,112.15117982436357,0.6683236152274517
160,214.2276490855803,0.47257616035443994
161,235.3688443732176,0.24462342112230404
162,239.82697607639702,1.1574777642628225e-16
163,285.59066565525944,0.0
164,306.99936702641185,0.0
165,300.3922245987179,0.0
166,374.8185997425855,0.0
167,387.715393614499,0.0
168,442.07261041390063,0.0
169,435.9724338336452,0.0
170,434.34309465042884,0.0
171,435.22754438634985,0.0
172,444.09204729296584,0.0
173,343.15459916898834,0.0
174,342.3810650631488,0.0
175,168.86093749055195,0.24473389816705826
176,159.09076120465457,0.4727895856159209
177,176.37714742800748,0.668625444126791
178,123.97190880284026,0.8188955835762106
179,159.78982080077117,0.9133593422938493
180,134.6557989748758,0.9455791712318419
181,116.86190012470034,0.9133593422938493
182,114.29708082496239,0.8188955835762107
183,132.93745978461396,0.668625444126791
184,272.80532664643056,0.4727895856159209
185,284.05488599944584,0.24473389816705854
186,281.1657315652233,1.158000505389482e-16
187,359.37812698625544,0.0
188,350.09054932131704,0.0
189,342.07390724190753,0.0
190,439.65908838113086,0.0
191,455.29405333781676,0.0
192,447.5305427232945,0.0
193,430.0125524491882,0.0
194,447.0395889039462,0.0
195,449.5852263504781,0.0
196,434.3551285593184,0.0
197,340.862924352285,0.0
198,339.7167277022907,0.0
199,145.19914849522254,0.2448485489448321
200,163.2082403933694,0.4730110739104326
201,165.64420638560884,0.6689386758767965
202,140.12844857345533,0.8192792125555868
203,139.77745827977085,0.9137872248216284
204,110.59980123986692,0.9460221478208654
205,115.87793317637053,0.9137872248216284
206,133.31225686185593,0.8192792125555869
207,133.2972650662985,0.6689386758767965
208,281.63287848893526,0.4730110739104326
209,321.6850841411193,0.24484854894483235
210,282.3029923815807,1.158542995251327e-16
211,373.8336497056645,0.0
212,371.65488318541577,0.0
213,368.0235570391669,0.0
214,441.17818685804787,0.0
215,454.0690484396512,0.0
216,435.6242686002743,0.0
217,442.0563478938451,0.0
218,439.0738086007759,0.0
219,445.88066084736107,0.0
220,472.6740739748073,0.0
221,316.56285286964203,0.0
222,347.20515746523716,0.0
223,139.53961353669746,0.24496733948212546
224,153.22902160150008,0.4732405596062135
225,171.9596111545817,0.6692632176601403
226,127.88512342192418,0.8196766934402895
227,114.18082585762694,0.9142305571422658
228,118.530118681659,0.9464811192124271
229,135.26893617999474,0.9142305571422658
230,118.34936361217298,0.8196766934402896
231,129.7112662677623,0.6692632176601403
232,275.96001566319944,0.4732405596062135
233,267.59394941308386,0.24496733948212573
234,301.1404826562576,1.1591050730969032e-16
235,367.76269064735556,0.0
236,335.8539513396481,0.0
237,362.3931141567725,0.0
238,436.9567335975045,0.0
239,455.12737119227984,0.0
240,435.31729782906035,0.0
241,443.45070939264997,0.0
242,450.8873940380182,0.0
243,455.2166090202942,0.0
244,430.42398980558346,0.0
245,334.90221121962503,0.0
246,333.2168823157849,0.0
247,151.02703016992,0.24509023457873846
248,180.0524318441777,0.47347797470169906
249,163.726761492336,0.6695989733080882
250,111.9629773166231,0.8200879084481544
251,138.10792813330096,0.9146892078868266
252,152.55945913279524,0.9469559494033982
253,139.4831678952574,0.9146892078868266
254,108.86114517719548,0.8200879084481545
255,121.28277589424862,0.6695989733080882
256,290.572367455634,0.47347797470169906
257,266.8774000779691,0.24509023457873874
258,280.69526680314925,1.1596865723704146e-16
259,369.3940988189757,0.0
260,348.9753245188866,0.0
261,359.384185905082,0.0
262,405.9323386094239,0.0
263,432.53489499424126,0.0
264,441.7187474511557,0.0
265,429.7761670842954,0.0
266,464.33850091505326,0.0
267,427.587868732346,0.0
268,439.4690314275098,0.0
269,340.4256985600987,0.0
270,356.152091101459,0.0
271,141.60878463865873,0.24521719781820167
272,172.79709547867154,0.4737232488456727
273,158.96192718504705,0.6699458433289951
274,115.2932005496742,0.8205127357272997
275,132.61654605340885,0.9151630411471967
276,129.46002070913124,0.9474464976913455
277,119.86870183634407,0.9151630411471967
278,127.90892938212983,0.8205127357272998
279,122.44754119990849,0.6699458433289951
280,276.6833675945558,0.4737232488456727
281,283.2667275457934,0.24521719781820192
282,294.35336124528504,1.1602873207610763e-16
283,345.18157637378505,0.0
284,385.63176285558245,0.0
285,336.6103087654372,0.0
286,442.9281441274466,0.0
287,451.8093717456885,0.0
288,367.99658742525673,0.0
289,357.1522907745892,0.0
290,362.127218008149,0.0
291,358.7086737965303,0.0
292,357.5523079291058,0.0
293,288.00450898325136,0.0
294,282.0934696505796,0.0
295,121.90818664702797,0.24534819157856708
296,141.01830029535483,0.473976309358112
297,133.91069604067513,0.6703037249377879
298,113.93282685819217,0.820951049392234
299,111.734027535208,0.9156519165163549
300,94.23054130105979,0.9479526187162242
301,97.45630894976102,0.9156519165163549
302,113.1460046936038,0.8209510493922341
303,111.50292461732623,0.6703037249377879
304,225.469223975367,0.473976309358112
305,227.12797170264213,0.24534819157856733
306,241.05202185239784,1.1609071402541752e-16
307,288.07350739165656,0.0
308,301.737532631727,0.0
309,292.7460522284798,0.0
310,362.0125105737097,0.0
311,377.8100072362826,0.0
312,374.45372968241895,0.0
313,374.31084912657025,0.0
314,380.21447918041457,0.0
315,364.8007795941557,0.0
316,372.73216915010215,0.0
317,274.0282149167358,0.0
318,281.64141222571857,0.0
319,128.63425959564586,0.2454831770435565
320,131.35992782797067,0.47423708125172587
321,137.33786055330103,0.6706725120864223
322,94.3381327996448,0.8214027195611591
323,129.265428306672,0.9161556891299788
324,92.08457242045004,0.9484741625034518
325,89.58651764499368,0.9161556891299788
326,118.05411148044728,0.8214027195611592
327,113.6567333260017,0.6706725120864223
328,233.16246330125986,0.47423708125172587
329,233.21317160780538,0.24548317704355674
330,225.52606422247104,1.161545847183819e-16
331,284.34382703776834,0.0
332,296.0205341939231,0.0
333,286.984938957453,0.0
334,376.25017029557563,0.0
335,362.78404491653697,0.0
336,434.5657549459403,0.0
337,440.6150912076145,0.0
338,449.42689875875794,0.0
339,437.7070266738027,0.0
340,434.60507656065323,0.0
341,341.56936753405563,0.0
342,341.5847198494574,0.0
343,152.65658236249303,0.24562211421406338
344,153.08744079952672,0.47450548725417413
345,161.52449971523822,0.671052095495307
346,109.61490827558937,0.8218676123944559
347,110.10235508103861,0.9166742097093703
348,118.37058971852804,0.9490109745083484
349,124.4305545530151,0.9166742097093703
350,130.72281116073333,0.821867612394456
351,144.6961949769519,0.671052095495307
352,285.4410762877983,0.47450548725417413
353,273.22989844981294,0.24562211421406363
354,274.9209663145418,1.1622032522873592e-16
355,347.7800886827585,0.0
356,359.58828342650355,0.0
357,356.34653739137053,0.0
358,448.3443440315075,0.0
359,434.54494998482255,0.0
360,450.59672307374706,0.0
361,462.75743185888393,0.0
362,443.0594431213707,0.0
363,449.1851055680403,0.0
364,452.6462928033863,0.0
365,333.74883235859124,0.0
366,341.25258780294627,0.0
367,158.852739131829,0.2457649619200056
368,159.87374350503345,0.4747814478309656
369,149.42551291618187,0.6714423626856858
370,127.2554263490653,0.8223455901343448
371,132.9372837529034,0.9172073246056913
372,144.37502755149848,0.9495628956619313
373,138.47255417098046,0.9172073246056913
374,152.79949374809667,0.8223455901343449
375,117.7531335033014,0.6714423626856858
376,285.5506735328904,0.4747814478309656
377,277.2829299611025,0.24576496192000585
378,301.36046109085436,1.1628791607614762e-16
379,350.02411597328586,0.0
380,349.64703329137836,0.0
381,352.5309836522194,0.0
382,418.87781621113527,0.0
383,438.05550464268384,0.0
384,435.1405968132002,0.0
385,446.05491418955904,0.0
386,448.3512604611705,0.0
387,466.76423882243523,0.0
388,455.6552748100772,0.0
389,331.5534904191708,0.0
390,327.69535823093935,0.0
391,164.5638117551654,0.24591167783252502
392,142.81798321283964,0.47506488120902574
393,180.63828688733958,0.6718431980129677
394,141.08190680632532,0.8228365111457059
395,121.29851753241341,0.9177548758454926
396,106.37101100857934,0.9501297624180516
397,143.17509384765484,0.9177548758454926
398,125.55414721463846,0.8228365111457059
399,141.78242110135142,0.6718431980129677
400,255.87888970275233,0.47506488120902574
401,267.81952133283943,0.24591167783252527
402,275.0749460049029,1.163573372319902e-16
403,360.1948723052416,0.0
404,354.2303195223137,0.0
405,367.1053043682346,0.0
406,431.4387435992534,0.0
407,442.54163493158904,0.0
408,445.5721743270897,0.0
409,450.30189275525197,0.0
410,452.66800528361364,0.0
411,430.6329216444925,0.0
412,425.7192566977195,0.0
413,353.71583747919885,0.0
414,342.3714837601718,0.0
415,149.6355282565167,0.2460622184765303
416,177.2311904014656,0.47535570340092753
417,160.00546230670963,0.6722544827009942
418,141.0454595649222,0.8233402299580483
419,127.70411513307758,0.9183167011775245
420,151.62286845474011,0.9507114068018552
421,147.9579834654747,0.9183167011775245
422,123.90632357440738,0.8233402299580483
423,138.55274476760854,0.6722544827009942
424,282.68128033336035,0.47535570340092753
425,291.36034762872674,0.24606221847653056
426,263.3576874113773,1.164285681252769e-16
427,367.765315362424,0.0
428,372.2337916846378,0.0
429,338.4278240053654,0.0
430,429.9295245945577,0.0
431,419.6578406134257,0.0
432,440.76703289507134,0.0
433,452.61042197795757,0.0
434,462.02819953355834,0.0
435,444.8890522734433,0.0
436,463.54330145526154,0.0
437,321.72443195544497,0.0
438,317.8450601817618,0.0
439,157.90482579481417,0.24621653924357975
440,163.18018356884528,0.47565382822977914
441,158.17906120444448,0.6726760948772363
442,102.04781334478034,0.823856597308617
443,125.78767807110539,0.9188926341208161
444,111.20348453920062,0.9513076564595584
445,134.89318913121932,0.9188926341208161
446,131.25629749842105,0.8238565973086172
447,115.5785611093306,0.6726760948772363
448,268.69068717335387,0.47565382822977914
449,262.1465279187268,0.24621653924358
450,274.10494101411615,1.165015876487568e-16
451,370.89021039091494,0.0
452,347.59978998887357,0.0
453,365.4770607311142,0.0
454,437.63682348793674,0.0
455,434.4854409212579,0.0
456,362.6841906101093,0.0
457,351.5456470605315,0.0
458,357.3247632653978,0.0
459,349.5940202184978,0.0
460,387.54525652456067,0.0
461,277.73253780809046,0.0
462,268.91266908851867,0.0
463,132.55652854651208,0.24637459440509954
464,128.64083302141145,0.4759591673547596
465,127.33713442330274,0.6731079096089069
466,111.36101609468224,0.8243854601866218
467,113.0811082147288,0.9194825040140064
468,97.6250019228348,0.9519183347095194
469,97.08119680642497,0.9194825040140064
470,100.69039532834141,0.824385460186622
471,76.36796171733411,0.6731079096089069
472,207.13157459096652,0.4759591673547596
473,241.71635854668344,0.2463745944050998
474,245.05347989936453,1.1657637416516916e-16
475,291.65277865878005,0.0
476,301.55989469012576,0.0
477,298.376212987979,0.0
478,400.91512463102686,0.0
479,377.40345386677893,0.0
480,362.31636995131623,0.0
481,352.38489576188033,0.0
482,344.5740252059946,0.0
483,366.2929446794921,0.0
484,354.7751721056738,0.0
485,260.1530553317501,0.0
486,269.4612252360119,0.0
487,116.96834575987207,0.24653633712593423
488,150.19262142411557,0.47627163029729663
489,140.52659888663823,0.6735497989399817
490,103.86186574679643,0.8249266618785784
491,121.71686710927614,0.9200861360659159
492,104.88595713436726,0.9525432605945934
493,93.62212702665667,0.9200861360659159
494,122.23502636983173,0.8249266618785785
495,110.42445796681174,0.6735497989399817
496,212.79437727370686,0.47627163029729663
497,222.95726698862103,0.2465363371259345
498,214.73391208500723,1.166529055136552e-16
499,277.9527593157829,0.0
500,305.6604866577346,0.0
501,317.4593557729965,0.0
502,347.06857016325574,0.0
503,370.6070118893723,0.0
504,435.7635614932294,0.0
505,437.725767717515,0.0
506,436.46254523182495,0.0
507,433.20338308653356,0.0
508,444.1535318580293,0.0
509,327.98766322988,0.0
510,341.20454653617054,0.0
511,157.81545423042868,0.24670171947822492
512,155.55093498142142,0.47659112446787666
513,147.52754759931915,0.6740016319291151
514,119.81339326823466,0.8254800420147451
515,135.79934394496374,0.92070335140734
516,132.74565548654724,0.9531822489357534
517,115.00398629747205,0.92070335140734
518,127.92663690020537,0.8254800420147452
519,135.75129471551614,0.6740016319291151
520,254.55887663582865,0.47659112446787666
521,281.11206231784433,0.2467017194782252
522,266.64025490193495,1.167311590163246e-16
523,365.92869018910613,0.0
524,349.922396287478,0.0
525,337.422920958014,0.0
526,424.0407630680934,0.0
527,444.1482916826279,0.0
528,446.5310335880178,0.0
529,432.5625640661071,0.0
530,451.07747307268846,0.0
531,423.4761228201325,0.0
532,442.6214059835922,0.0
533,323.3073207017915,0.0
534,330.0174818053151,0.0
535,158.93105675842554,0.24687069245561144
536,148.03731231922114,0.47691755519348183
537,153.74760617187064,0.6744632746884412
538,138.76533187267614,0.8260454366166449
539,119.76711572782507,0.9213339671440527
540,136.71812350688455,0.9538351103869638
541,113.13333590621144,0.9213339671440527
542,133.04746829708625,0.826045436616645
543,143.98864160999767,0.6744632746884412
544,244.83487201636203,0.47691755519348183
545,264.93186295224376,0.2468706924556117
546,281.41947154405597,1.1681111148497575e-16
547,356.5179401601089,0.0
548,363.4082352730805,0.0
549,351.7066625520349,0.0
550,444.4534410170348,0.0
551,441.546236742655,0.0
552,457.26390137069797,0.0
553,446.30356675039485,0.0
554,447.3017485756827,0.0
555,438.30799303731067,0.0
556,437.39924194191036,0.0
557,332.5239810839019,0.0
558,342.44810504627696,0.0
559,153.25194216972122,0.24704320598775376
560,161.78105422232133,0.4772508257456431
561,183.20856552330966,0.6749345904232472
562,137.09650119283182,0.8266226781456547
563,122.7307223656374,0.9219777964110011
564,141.05757181761885,0.9545016514912863
565,121.74610027539289,0.9219777964110011
566,102.18551032951726,0.8266226781456548
567,114.54596902064266,0.6749345904232472
568,251.94367390960133,0.4772508257456431
569,270.17501515341587,0.24704320598775403
570,274.6141975121862,1.1689273922796662e-16
571,378.93909454364933,0.0
572,362.7449752815159,0.0
573,356.19264045063954,0.0
574,453.20338360498215,0.0
575,416.71689292268564,0.0
576,445.9071547616384,0.0
577,452.33016239097924,0.0
578,425.33674511497753,0.0
579,456.8048285828188,0.0
580,447.1417369542686,0.0
581,332.6011393679223,0.0
582,345.17797672800737,0.0
583,185.49109288805835,0.24721920895516922
584,160.42517365510753,0.4775908373691033
585,161.22142563000963,0.6754154394725091
586,121.08189208104153,0.8272115955526518
587,116.39609044194697,0.9226346484276784
588,136.5582526740554,0.9551816747382067
589,116.32121696461806,0.9226346484276784
590,127.45301772215717,0.8272115955526519
591,120.86233351434306,0.6754154394725091
592,280.0352408059264,0.4775908373691033
593,278.29142816041303,0.24721920895516947
594,286.7379622280645,1.169760180572353e-16
595,352.5634346943957,0.0
596,355.4451322571322,0.0
597,346.93846689126497,0.0
598,437.7482609434223,0.0
599,447.60738598087386,0.0
600,451.9860678606997,0.0
601,431.8362205708239,0.0
602,453.33747550222336,0.0
603,459.1698587666148,0.0
604,447.86342329963986,0.0
605,359.97084838761526,0.0
606,328.16382824767555,0.0
607,143.24350229631852,0.2473986492043801
608,136.83471574920418,0.4779374893110804
609,176.13189047392572,0.6759056793502761
610,134.3958748650931,0.8278120143286984
611,125.87647093791897,0.9233043285546563
612,129.90311050468227,0.9558749786221609
613,113.0376184212639,0.9233043285546563
614,155.89251074424635,0.8278120143286986
615,128.09414117254715,0.6759056793502761
616,275.49029267775495,0.4779374893110804
617,282.8867546292806,0.24739864920438037
618,279.9496659233368,1.170609232954674e-16
619,361.2264880930754,0.0
620,349.0541863363821,0.0
621,364.19750008735775,0.0
622,465.48649841865586,0.0
623,459.0472450148152,0.0
624,382.14687032057407,0.0
625,356.89404268372704,0.0
626,351.1533729577983,0.0
627,361.5191877597055,0.0
628,363.69732974836563,0.0
629,289.72354073662376,0.0
630,256.2836669583945,0.0
631,148.00768626242066,0.24758147356336796
632,127.75698764594543,0.4782906788511226
633,124.53050958952426,0.6764051647878921
634,91.57721343999263,0.8284237565567535
635,83.86418588072542,0.92398663835126
636,113.60051295065762,0.9565813577022453
637,104.60228154937549,0.92398663835126
638,88.242935146222,0.8284237565567536
639,88.18152067835125,0.6764051647878921
640,220.70259315193354,0.4782906788511226
641,244.76026784688779,0.2475814735633682
642,221.6169133270518,1.171474297834084e-16
643,275.8426047347409,0.0
644,290.93140340312686,0.0
645,290.60763733518615,0.0
646,330.6659910856024,0.0
647,362.37709240268754,0.0
648,360.1007195159698,0.0
649,371.22641025623494,0.0
650,385.05940701781805,0.0
651,376.390714233047,0.0
652,359.6452695918159,0.0
653,263.19554347869916,0.0
654,307.35417202259754,0.0
655,130.30774045048594,0.24776762785732948
656,129.76427074526745,0.4786503013315467
657,129.30761819699205,0.6769137477770422
658,106.05471252306396,0.829046640964392
659,101.94537045076238,0.9246813756343716
660,96.79375131128685,0.9573006026630935
661,97.11538809896498,0.9246813756343716
662,103.2846561512577,0.8290466409643921
663,97.15659814024451,0.6769137477770422
664,216.08085729454837,0.4786503013315467
665,225.9121694189771,0.24776762785732975
666,221.57528007762406,1.1723551188731895e-16
667,311.8013861455664,0.0
668,261.941832581858,0.0
669,306.85155250564367,0.0
670,377.82495618844547,0.0
671,337.9912510895761,0.0
672,438.216728533696,0.0
673,437.87168927071076,0.0
674,425.4388393260464,0.0
675,432.9951794115697,0.0
676,429.0020695170703,0.0
677,358.0398012545389,0.0
678,348.24069665122494,0.0
679,173.23329673373712,0.24795705692472989
680,166.63470036232604,0.4790162501884505
681,144.42601433920046,0.6774312776136104
682,120.0854652796885,0.8296804829775212
683,132.25220320978082,0.9253883345383404
684,111.71417476834245,0.9580325003769011
685,134.93568963711445,0.9253883345383404
686,123.49580369714816,0.8296804829775213
687,121.88185878445061,0.6774312776136104
688,282.35422131437446,0.4790162501884505
689,279.15386143376503,0.24795705692473016
690,269.4911077061036,1.1732514350657075e-16
691,371.9877983196674,0.0
692,345.1030807480976,0.0
693,365.46706796262754,0.0
694,449.44619475828085,0.0
695,438.61442239089234,0.0
696,446.0381904013678,0.0
697,427.11123121783874,0.0
698,453.21291836494515,0.0
699,439.9057684971465,0.0
700,435.8519178882339,0.0
701,349.44494433629967,0.0
702,328.40470933974393,0.0
703,141.00010520594526,0.2481497046336483
704,139.22209068002113,0.47938841698328993
705,165.17376017845567,0.6779576009423374
706,110.95616037989099,0.8303250947750731
707,147.37884279365875,0.9261073055759856
708,101.33815971524172,0.95877683396658
709,146.67878902932685,0.9261073055759856
710,128.8535222162778,0.8303250947750732
711,125.16075526740168,0.6779576009423374
712,267.1571482796264,0.47938841698328993
713,278.4858106935587,0.24814970463364858
714,273.24456089223565,1.1741629808138055e-16
715,371.15000831209636,0.0
716,359.2811175118425,0.0
717,359.7140068654406,0.0
718,437.7612475878961,0.0
719,441.44124664980956,0.0
720,445.6072738382393,0.0
721,421.39163189965507,0.0
722,425.735427546266,0.0
723,450.8328217398072,0.0
724,443.9640378690699,0.0
725,334.4883162392228,0.0
726,336.9173234722396,0.0
727,161.99728496845955,0.24834551389841084
728,151.34918834040715,0.47976669143501155
729,148.48664779929175,0.6784925618022613
730,128.6111866644678,0.8309802853446602
731,114.52057027191522,0.9268380757006721
732,131.16007667186926,0.9595333828700232
733,105.83004035244153,0.9268380757006721
734,138.61091125120333,0.8309802853446603
735,131.93221339225212,0.6784925618022613
736,276.63795128557365,0.47976669143501155
737,285.3578862811533,0.2483455138984111
738,293.55128780735805,1.1750894860068056e-16
739,369.91206432288845,0.0
740,335.64913276669114,0.0
741,342.3846999418424,0.0
742,434.41582967918646,0.0
743,442.2267452140646,0.0
744,447.9081258460322,0.0
745,432.9872918425611,0.0
746,443.93741877412765,0.0
747,432.6316224121628,0.0
748,434.3580039644993,0.0
749,319.65051834289005,0.0
750,325.4516525517378,0.0
751,141.52843387560495,0.2485444266965065
752,146.03817010727298,0.4801509614527316
753,170.39235070229503,0.6790360016729343
754,114.80613264841745,0.8316458605391767
755,157.78750409244947,0.9275804283694409
756,132.11873412497144,0.9603019229054633
757,128.41695279873926,0.9275804283694409
758,115.89862595222621,0.8316458605391768
759,134.60263786730866,0.6790360016729343
760,266.523337933015,0.4801509614527316
761,274.89510962361265,0.24854442669650678
762,304.15200630709387,1.176030676101224e-16
763,356.41088592743967,0.0
764,371.3548846395636,0.0
765,349.1254876226248,0.0
766,441.27635571443915,0.0
767,462.9458252280288,0.0
768,433.9487488382998,0.0
769,463.2217362277162,0.0
770,449.96537675721873,0.0
771,434.7227522210218,0.0
772,449.0612464004193,0.0
773,348.0305418006659,0.0
774,343.8216079517515,0.0
775,138.8260010512263,0.24874638408578026
776,148.94305158001336,0.4805411131689505
777,154.69847406329373,0.6795877595213942
778,125.24175700272887,0.832321623134328
779,133.58302332253757,0.9283341436071745
780,128.26737016312848,0.9610822263379011
781,110.11082584740821,0.9283341436071745
782,130.69733236400097,0.8323216231343281
783,133.4619870953353,0.6795877595213942
784,280.0098947043529,0.4805411131689505
785,286.2617780358359,0.24874638408578054
786,283.2994751837673,1.1769862722021226e-16
787,362.89254238120793,0.0
788,356.5403928929629,0.0
789,337.4508502282748,0.0
790,446.62777216134407,0.0
791,443.96460577771035,0.0
792,365.0774899742437,0.0
793,346.4975610180555,0.0
794,348.8458654430001,0.0
795,374.45637816789406,0.0
796,361.34388208161937,0.0
797,283.84927993258515,0.0
798,276.0110920776792,0.0
799,129.57798221962724,0.24895132622189914
800,140.48031421739026,0.4809370309732946
801,123.02837180706982,0.6801476718498827
802,104.53017615983443,0.8330073728870732
803,97.82942337208212,0.9290989980717818
804,98.16277210735484,0.9618740619465893
805,99.66666135491896,0.9290989980717818
806,106.04233209614719,0.8330073728870733
807,97.6317433765809,0.6801476718498827
808,239.05198165272463,0.4809370309732946
809,213.24762051920834,0.2489513262218994
810,221.74044841590606,1.1779559911457536e-16
811,287.6239533375807,0.0
812,310.2644606491156,0.0
813,295.25938335500973,0.0
814,374.20067840152285,0.0
815,343.99181945145557,0.0
816,364.8291996597033,0.0
817,372.30016601675345,0.0
818,362.6120043405773,0.0
819,374.41036097005644,0.0
820,355.41713506806775,0.0
821,292.4356713540534,0.0
822,303.1102795552574,0.0
823,124.79757887089274,0.24915919237608516
824,123.80561133935939,0.48133859754677394
825,146.59225532158106,0.6807155727442928
826,122.27617902570347,0.8337029065949607
827,97.04699295109569,0.9298747651203779
828,98.27907147178463,0.962677195093548
829,99.93989797060883,0.9298747651203779
830,87.18790714452359,0.8337029065949608
831,92.29748991912453,0.6807155727442928
832,211.81315623233417,0.48133859754677394
833,214.64927465210945,0.24915919237608541
834,223.4466267847176,1.1789395455834657e-16
835,295.5542977417539,0.0
836,311.34972686508456,0.0
837,280.7634724624502,0.0
838,373.4364652509912,0.0
839,359.0567303385661,0.0
840,440.16929522926114,0.0
841,448.8606936510896,0.0
842,427.2901954863428,0.0
843,445.35177669929897,0.0
844,442.760286243647,0.0
845,341.72873687864285,0.0
846,339.2893454374389,0.0
847,186.87890873074872,0.2493699209531107
848,149.7624272408022,0.48174569389654615
849,151.04334359179617,0.6812912939233332
850,118.45455932435722,0.8344080181563419
851,119.26652021153133,0.9306612148764439
852,118.28360011377617,0.9634913877930924
853,140.20044401474502,0.9306612148764439
854,142.97829661733266,0.834408018156342
855,119.08329011646067,0.6812912939233332
856,262.8649320125671,0.48174569389654615
857,278.5101855664547,0.24936992095311095
858,266.22652235844623,1.179936644066852e-16
859,364.4032111305202,0.0
860,359.2431055676697,0.0
861,338.6190999374873,0.0
862,459.3329221610511,0.0
863,462.3133918222366,0.0
864,433.1604972705944,0.0
865,435.86154283717525,0.0
866,443.9443462451059,0.0
867,444.5274430362514,0.0
868,448.41649282848107,0.0
869,359.75213946055396,0.0
870,333.5063182654292,0.0
871,147.7468479071125,0.2495834495095505
872,140.7745841053996,0.48215819939117704
873,148.55525436227092,0.6818746647883936
874,125.4636081987736,0.835122498631444
875,147.3958262354726,0.9314581142979442
876,119.64979628482511,0.9643163987823542
877,128.54658729292595,0.9314581142979442
878,125.66405712038615,0.8351224986314442
879,140.12185115463618,0.6818746647883936
880,303.0223081692116,0.48215819939117704
881,266.32869378368434,0.24958344950955078
882,266.8258457485095,1.1809469911341126e-16
883,369.13647083239647,0.0
884,364.78923818308334,0.0
885,378.76702821640004,0.0
886,447.52109978031865,0.0
887,436.20245646696236,0.0
888,447.3468426064948,0.0
889,453.56342760518197,0.0
890,450.10477081255544,0.0
891,446.34627301147464,0.0
892,453.05908091325693,0.0
893,349.4669639525382,0.0
894,352.0213247596405,0.0
895,165.0198703075711,0.24979971477228502
896,155.22993469269315,0.48257599179638594
897,158.99591589369527,0.6824655124740966
898,140.2663889232966,0.8358461363042822
899,115.98505327334948,0.9322652272463816
900,130.21236103167112,0.965151983592772
901,121.06821557726798,0.9322652272463816
902,126.13321920041412,0.8358461363042823
903,141.1297036764839,0.6824655124740966
904,274.83446502083086,0.48257599179638594
905,273.09851478246577,0.24979971477228527
906,256.223002512833,1.181970287397607e-16
907,365.3551732137162,0.0
908,364.1459405950825,0.0
909,382.3591871010551,0.0
910,436.5656458187511,0.0
911,442.88878857015436,0.0
912,442.9906087501232,0.0
913,458.92744390275584,0.0
914,438.8544581569507,0.0
915,443.3462628548382,0.0
916,447.2927626621926,0.0
917,337.4758843697575,0.0
918,329.8793715172749,0.0
919,159.47122439534903,0.25001865265724943
920,170.02572547888659,0.4829989473112664
921,144.82396088763662,0.6830636618995211
922,127.30935167421798,0.8365787167453966
923,117.31226580518539,0.9330823145567705
924,140.0542751315536,0.9659978946225329
925,107.43547272705018,0.9330823145567705
926,119.00665341719642,0.8365787167453967
927,130.24025808522973,0.6830636618995211
928,291.1660054504656,0.4829989473112664
929,271.5907139667777,0.2500186526572497
930,265.7173227793352,1.1830062296325672e-16
931,378.7627456559109,0.0
932,338.8126940176289,0.0
933,329.80318934318285,0.0
934,445.2781779462341,0.0
935,433.9733538533628,0.0
936,427.4763048070934,0.0
937,448.2313759802542,0.0
938,442.65670717791636,0.0
939,432.9621550438212,0.0
940,424.36744582861127,0.0
941,345.50270592996134,0.0
942,342.8356321261035,0.0
943,155.85671056774098,0.2502401982884234
944,179.20646488566555,0.4834269406049714
945,144.20580373717974,0.6836689358200834
946,107.33115469537799,0.8373200228753924
947,117.33455990789992,0.9339091341085067
948,125.09042455020888,0.9668538812099429
949,128.55753013834715,0.9339091341085067
950,122.74262405219889,0.8373200228753925
951,129.8621215046464,0.6836689358200834
952,257.19601652707684,0.4834269406049714
953,289.5396648662413,0.2502401982884237
954,271.22867547665135,1.1840545108669518e-16
955,369.38034409406964,0.0
956,360.08549827154457,0.0
957,361.4538327448575,0.0
958,446.5683059754484,0.0
959,445.10360133286974,0.0
960,368.0685167805012,0.0
961,376.3056740236799,0.0
962,362.71409769850834,0.0
963,368.8638887531529,0.0
964,359.279015330644,0.0
965,291.8382398517485,0.0
966,266.4401256416436,0.0
967,150.3098007885336,0.2504642860170551
968,128.2166201858717,0.483859844853851
969,111.52921436818724,0.6842811548800578
970,104.49606545381253,0.8380698350292644
971,94.7861925851845,0.9347454408971129
972,113.04653506274775,0.9677196897077021
973,95.12732472325438,0.9347454408971129
974,97.6046112763057,0.8380698350292644
975,80.28432370353669,0.6842811548800578
976,217.6497511979244,0.483859844853851
977,193.99087510936585,0.2504642860170554
978,204.07059314708465,1.185114820472407e-16
979,300.8416112192336,0.0
980,301.14623724931204,0.0
981,296.8221260869216,0.0
982,348.7521299445402,0.0
983,359.78330738838696,0.0
984,360.0842279318794,0.0
985,346.22708213065573,0.0
986,378.16823802217203,0.0
987,370.6558058878743,0.0
988,357.47588831501025,0.0
989,274.7054555162896,0.0
990,276.88341914372586,0.0
991,104.11613100782503,0.2506908494411143
992,125.65082083866935,0.48429753177903345
993,120.43313845294293,0.6849001376657242
994,90.87411942439422,0.838827931021489
995,99.52035602850175,0.9355909871068385
996,124.46579786532747,0.968595063558067
997,110.58367387833732,0.9355909871068385
998,96.03941166573965,0.8388279310214891
999,109.76455291940711,0.6849001376657242
1000,239.72831091582066,0.48429753177903345
1001,234.03164987174188,0.2506908494411146
1002,223.65161011583072,1.186186844256314e-16
1003,283.7685107064106,0.0
1004,299.91043180224057,0.0
1005,296.2535766639385,0.0
1006,370.869777041299,0.0
1007,367.74952002114986,0.0
1008,451.49025789418715,0.0
1009,432.4728027716283,0.0
1010,454.70435409796704,0.0
1011,441.2668205666639,0.0
1012,463.7987557818583,0.0
1013,326.1264130860529,0.0
1014,355.2282325411107,0.0
1015,159.1233670123929,0.25091982142496877
1016,148.93142156746774,0.48473987168443683
1017,150.94180760218924,0.6855257007591246
1018,121.55458239034104,0.8395940862118628
1019,130.4887414454959,0.9364455221840933
1020,131.6727759450989,0.9694797433688738
1021,118.51435004140994,0.9364455221840933
1022,125.10649498154109,0.8395940862118629
1023,151.10599439201525,0.6855257007591246
1024,292.4278098999998,0.48473987168443683
1025,276.93317589487964,0.25091982142496905
1026,272.15333359680966,1.1872702645548887e-16
1027,356.73683450519235,0.0
1028,362.6586742573382,0.0
1029,343.02294780219233,0.0
1030,435.807106861275,0.0
1031,418.87261642382407,0.0
1032,443.3965015921416,0.0
1033,446.37217539731114,0.0
1034,432.8075865732858,0.0
1035,457.49366528035864,0.0
1036,423.8966361648502,0.0
1037,316.60336743434175,0.0
1038,336.86928781957926,0.0
1039,169.21011681737377,0.25115113411927814
1040,176.85206948352237,0.48518673349520064
1041,151.13832603160066,0.6861576587924133
1042,138.2601197499979,0.840368073572068
1043,124.85384811481387,0.9373087929116914
1044,123.24442214953253,0.9703734669904014
1045,135.91986899866242,0.9373087929116914
1046,133.1438242897834,0.8403680735720681
1047,106.39924386501137,0.6861576587924133
1048,289.23637531915915,0.48518673349520064
1049,288.07898737221785,0.25115113411927836
1050,264.0111387043341,1.1883647603273148e-16
1051,359.8115000229123,0.0
1052,360.9902198570562,0.0
1053,358.1899428115502,0.0
1054,432.0021622747332,0.0
1055,430.5463437056216,0.0
1056,438.0038607722705,0.0
1057,452.38325785528025,0.0
1058,444.8337114793011,0.0
1059,433.8631376391346,0.0
1060,447.57089415194804,0.0
1061,299.7683530279956,0.0
1062,347.73605288002176,0.0
1063,135.6629023775799,0.2513847189810989
1064,152.19017642607952,0.4856379847965263
1065,143.10342898740336,0.6867958245027865
1066,109.69539646968282,0.8411496637529456
1067,139.16149562687593,0.9381805434838855
1068,119.619159762591,0.9712759695930527
1069,129.38962075910229,0.9381805434838855
1070,124.66852723178349,0.8411496637529458
1071,130.95606410501114,0.6867958245027865
1072,272.25694007911267,0.4856379847965263
1073,255.93917069612678,0.25138471898109915
1074,283.2902792197553,1.189470007250874e-16
1075,348.897714507343,0.0
1076,336.1438107213617,0.0
1077,349.6854115736878,0.0
1078,456.3196271117796,0.0
1079,448.5131705295298,0.0
1080,433.82594371538823,0.0
1081,433.81867687646144,0.0
1082,434.15014871367396,0.0
1083,462.93074513101266,0.0
1084,442.5929947550612,0.0
1085,338.88222877831765,0.0
1086,346.0851304604069,0.0
1087,159.29753038270482,0.2516205067941953
1088,153.3235547245382,0.4860934918729144
1089,154.0758622853669,0.6874400087879715
1090,124.28643326654054,0.8419386251524569
1091,124.6989815413912,0.9390605155821669
1092,133.87720290315306,0.9721869837458289
1093,125.7689990091969,0.9390605155821669
1094,133.93732930609627,0.841938625152457
1095,124.17704941820632,0.6874400087879715
1096,272.0925271060633,0.4860934918729144
1097,247.1704966078849,0.25162050679419556
1098,282.1448369187,1.1905856778170493e-16
1099,358.7371987860523,0.0
1100,366.55545839359223,0.0
1101,319.8242725369521,0.0
1102,463.0702657856513,0.0
1103,436.3346937904205,0.0
1104,451.00188614991293,0.0
1105,425.2248212235564,0.0
1106,445.05697920981356,0.0
1107,425.06270559097885,0.0
1108,430.2184648207131,0.0
1109,356.4569037504492,0.0
1110,331.20033869488765,0.0
1111,158.93194174567907,0.2518584276895497
1112,166.76356003578746,0.48655311974778764
1113,162.27092992319365,0.688090020762262
1114,126.86322467574085,0.8427347239843123
1115,129.43772984361263,0.9399484484518117
1116,153.89918483687723,0.9731062394955754
1117,124.36677224961491,0.9399484484518117
1118,127.47138637459754,0.8427347239843124
1119,137.66605056610928,0.688090020762262
1120,284.2257397925346,0.48655311974778764
1121,285.2037922637634,0.25185842768954997
1122,278.62419126138906,1.191711441428574e-16
1123,340.61550152028497,0.0
1124,373.93273886066396,0.0
1125,340.57541575682654,0.0
1126,441.3353179319312,0.0
1127,428.65238214883044,0.0
1128,357.89208273553686,0.0
1129,362.6068918182945,0.0
1130,362.51802948005604,0.0
1131,363.72479194547617,0.0
1132,378.0262781233565,0.0
1133,278.70850144266507,0.0
1134,270.3362102010095,0.0
1135,139.6625256246934,0.2520984111660659
1136,142.3671254723288,0.487016732223487
1137,113.3621858235892,0.6887456678130814
1138,109.6435845223848,0.8435377243472464
1139,110.88885659191729,0.9408440789791473
1140,98.9040216438666,0.9740334644469741
1141,118.98326544392594,0.9408440789791473
1142,100.67411663979618,0.8435377243472465
1143,103.981701125845,0.6887456678130814
1144,219.95183609099766,0.487016732223487
1145,222.2156465533817,0.2520984111660662
1146,208.87339693966166,1.1928469644973941e-16
1147,273.0646098473969,0.0
1148,309.4792811972281,0.0
1149,280.1816842587085,0.0
1150,346.7650347011771,0.0
1151,332.8210615314082,0.0
1152,350.7346910285867,0.0
1153,342.52515447997075,0.0
1154,378.10641392249715,0.0
1155,370.52003707297234,0.0
1156,350.1444278587281,0.0
1157,300.09759690288274,0.0
1158,284.8495530826502,0.0
1159,124.10282054106106,0.2523403861114607
1160,98.00792856468166,0.48748419192163045
1161,155.49210801425343,0.6894067556580586
1162,85.72576811336849,0.8443473882949216
1163,82.65585275104894,0.9417471417695195
1164,114.67148289864733,0.974968383843261
1165,131.6776665906029,0.9417471417695195
1166,119.01191153665786,0.8443473882949217
1167,109.16754715515995,0.6894067556580586
1168,229.00510048146865,0.48748419192163045
1169,232.1090350868489,0.252340386111461
1170,230.9751914589264,1.1939919105435177e-16
1171,293.5094372788055,0.0
1172,291.3855534385955,0.0
1173,289.3840226563787,0.0
1174,349.35465693446065,0.0
1175,355.03413107845944,0.0
1176,416.4388742583554,0.0
1177,435.574280507163,0.0
1178,424.89126274288896,0.0
1179,423.51128422211076,0.0
1180,438.9130858425417,0.0
1181,349.4692510770494,0.0
1182,343.785022912942,0.0
1183,137.13769133820045,0.25258428082333545
1184,144.1081609428345,0.48795536032382075
1185,167.27295283753716,0.6900730884025978
1186,112.99711014288314,0.8451634759064363
1187,122.09136106537856,0.9426573692259334
1188,131.38758405363748,0.9759107206476416
1189,113.16682540697923,0.9426573692259334
1190,126.05146493909437,0.8451634759064364
1191,108.7786529263244,0.6900730884025978
1192,263.1553324808283,0.48795536032382075
1193,274.20912741795325,0.2525842808233357
1194,251.2558194058628,1.195145940294721e-16
1195,358.84874697399624,0.0
1196,353.32739653135127,0.0
1197,360.19292957147724,0.0
1198,439.4413256374759,0.0
1199,453.1240411883861,0.0
1200,437.9305487279184,0.0
1201,431.2749882026405,0.0
1202,437.89542473253096,0.0
1203,442.9474310445802,0.0
1204,437.01417554005195,0.0
1205,333.0035610153178,0.0
1206,324.0925604671902,0.0
1207,147.91227995229704,0.2528300230304234
1208,139.0358277013121,0.48843009781269175
1209,176.8620118811517,0.6907444685979262
1210,109.76731394563132,0.8459857453574186
1211,116.37881039677583,0.9435744916283496
1212,116.07278558349635,0.9768601956253836
1213,135.43276529366003,0.9435744916283496
1214,121.1542766308224,0.8459857453574187
1215,139.66657764241154,0.6907444685979262
1216,262.0877368447815,0.48843009781269175
1217,273.5175542823935,0.2528300230304237
1218,260.1454596965908,1.1963087117870832e-16
1219,379.0405290492064,0.0
1220,339.04755848757156,0.0
1221,357.01658803865007,0.0
1222,444.0331772673287,0.0
1223,441.3934438655615,0.0
1224,433.87303352916604,0.0
1225,434.53863703889743,0.0
1226,436.62222309944787,0.0
1227,434.33246141615666,0.0
1228,447.66303483723743,0.0
1229,358.79026492248556,0.0
1230,325.57408748329533,0.0
1231,139.31110904351482,0.25307753991400495
1232,154.68936021824868,0.4889082637132797
1233,186.70525685031558,0.6914206972996021
1234,114.95490102313423,0.8468139529916838
1235,144.26839750409982,0.9444982372136069
1236,144.7314056076883,0.9778165274265596
1237,117.95593693827507,0.9444982372136069
1238,131.4267927889943,0.8468139529916839
1239,144.13975531631345,0.6914206972996021
1240,265.414958092154,0.4889082637132797
1241,267.5215266627755,0.2530775399140052
1242,262.9843200166201,1.1974798804663161e-16
1243,340.8534074415368,0.0
1244,345.23915766905907,0.0
1245,338.3432050087041,0.0
1246,436.50548705480924,0.0
1247,426.8568066629948,0.0
1248,438.5657773807171,0.0
1249,417.0895986847846,0.0
1250,439.73090922580167,0.0
1251,445.76269397853525,0.0
1252,411.8355187283707,0.0
1253,336.4965618394876,0.0
1254,346.73991091099623,0.0
1255,141.11300293257273,0.2533267581294857
1256,175.69956379891963,0.4893897163347088
1257,160.65692326925975,0.6921015741264671
1258,116.04281385639285,0.8476478533934362
1259,123.83372719360129,0.9454283322559528
1260,131.20287907575442,0.9787794326694177
1261,125.4150208224427,0.9454283322559528
1262,130.9680280348502,0.8476478533934363
1263,113.45487300854137,0.6921015741264671
1264,271.7887348270027,0.4893897163347088
1265,252.79183097571004,0.25332675812948596
1266,268.4216922023854,1.1986590992898648e-16
1267,341.9114839913215,0.0
1268,343.9320163778218,0.0
1269,367.5914937914242,0.0
1270,448.85606788635937,0.0
1271,443.07000389011426,0.0
1272,422.3117841359009,0.0
1273,431.62263591563425,0.0
1274,449.97670971172204,0.0
1275,437.1201402756507,0.0
1276,463.2514917917522,0.0
1277,336.468032977092,0.0
1278,334.0528083022399,0.0
1279,151.7975800409885,0.25357760382812977
1280,157.1094684688059,0.48987431301217654
1281,153.67733957485197,0.692786897320023
1282,132.9028862093979,0.8484871994599894
1283,135.8860098906698,0.9463645011481527
1284,114.97370856303942,0.9797486260243532
1285,108.43078664644148,0.9463645011481527
1286,102.37111761189524,0.8484871994599895
1287,130.50147801208533,0.692786897320023
1288,256.3050285857056,0.48987431301217654
1289,243.71074074436228,0.25357760382813005
1290,274.20837111416364,1.1998460188297414e-16
1291,382.39847679507545,0.0
1292,352.4096316474033,0.0
1293,362.5443718793017,0.0
1294,436.40148961454264,0.0
1295,434.23286147367816,0.0
1296,367.78972821113706,0.0
1297,353.27751588502,0.0
1298,359.9695181841467,0.0
1299,360.621184089636,0.0
1300,348.74372497156725,0.0
1301,283.722268510845,0.0
1302,269.7182432360618,0.0
1303,118.34563323440153,0.25383000267894307
1304,133.85269327116052,0.49036191014922903
1305,116.63295936682321,0.6934764638042169
1306,102.26983400708207,0.8493317424749894
1307,101.82223215892209,0.94730646648316
1308,114.96240690863146,0.9807238202984582
1309,107.62803891321197,0.94730646648316
1310,101.6313366137108,0.8493317424749895
1311,111.74485570905597,0.6934764638042169
1312,237.53442084528825,0.49036191014922903
1313,227.54565393330282,0.25383000267894335
1314,220.97616169520106,1.2010402873760708e-16
1315,273.0643355479803,0.0
1316,276.0250063792778,0.0
1317,285.1436738839262,0.0
1318,349.44666398937244,0.0
1319,354.5171547794585,0.0
1320,357.15373655862186,0.0
1321,362.83025051213735,0.0
1322,355.6279521231475,0.0
1323,362.311957185771,0.0
1324,357.24763043757804,0.0
1325,247.89359164935857,0.0
1326,260.32716571977994,0.0
1327,125.58306985271797,0.2540838798906988
1328,112.79578360728406,0.4908523632603113
1329,134.51126528133182,0.6941700692456174
1330,120.21870640522624,0.8501812321821142
1331,116.47483863746967,0.9482539491363163
1332,99.28838196593938,0.9817047265206227
1333,119.7384100593013,0.9482539491363163
1334,103.63370590352721,0.8501812321821143
1335,97.80466476368541,0.6941700692456174
1336,213.3135102745628,0.4908523632603113
1337,217.04470599919654,0.2540838798906991
1338,216.01622041455934,1.2022415510413082e-16
1339,290.61913451696125,0.0
1340,290.50102762105377,0.0
1341,288.61069209029637,0.0
1342,361.7171954968128,0.0
1343,370.7616927572927,0.0
1344,445.7647554011289,0.0
1345,416.5513301544342,0.0
1346,403.7230521570096,0.0
1347,445.58194471070436,0.0
1348,417.967561394848,0.0
1349,328.2514671969701,0.0
1350,316.90729570697,0.0
1351,133.50841538326586,0.2543391602341001
1352,161.62973337268355,0.4913455270135817
1353,164.24204255785787,0.6948675081139633
1354,117.18761969866024,0.8510354168592298
1355,93.01323700164195,0.9492066683480633
1356,117.55081112835109,0.9826910540271635
1357,128.80739257221143,0.9492066683480633
1358,106.35880568209133,0.8510354168592299
1359,126.30606354473075,0.6948675081139633
1360,268.712061575916,0.4913455270135817
1361,275.84727776120496,0.25433916023410036
1362,270.33074418696174,1.2034494538651046e-16
1363,339.9561154803338,0.0
1364,365.9918007908864,0.0
1365,349.73058789458884,0.0
1366,434.04245130171387,0.0
1367,423.1708902669547,0.0
1368,428.69225238945944,0.0
1369,423.39400683543477,0.0
1370,431.9362866846765,0.0
1371,454.5521411654657,0.0
1372,417.5488256885813,0.0
1373,311.31279800929434,0.0
1374,348.32957871373856,0.0
1375,152.492272804091,0.25459576806407164
1376,146.9752840659944,0.49184125527397676
1377,167.4830131786663,0.6955685737430656
1378,116.73593906708835,0.8518940433929818
1379,145.91544210649397,0.9501643418071373
1380,132.13843600000195,0.9836825105479536
1381,118.1483886461823,0.9501643418071373
1382,149.89102410311676,0.8518940433929819
1383,116.73474646789067,0.6955685737430656
1384,277.57901647596157,0.49184125527397676
1385,272.2653829767278,0.2545957680640719
1386,284.2947674846355,1.204663637919784e-16
1387,370.080890068526,0.0
1388,351.72680549659293,0.0
1389,342.30174126364955,0.0
1390,439.53130511902697,0.0
1391,425.87905496673227,0.0
1392,457.8096680508502,0.0
1393,435.2874450535235,0.0
1394,429.2651624647854,0.0
1395,435.8651847509096,0.0
1396,417.48350560617433,0.0
1397,318.739885694467,0.0
1398,344.8042210519279,0.0
1399,146.9919190382471,0.2548536273421755
1400,142.31171859372057,0.4923394011465143
1401,161.31448341623127,0.6962730583920484
1402,138.12817016467903,0.8527568573537976
1403,132.52716003670386,0.9511266857342239
1404,135.85229253839285,0.9846788022930287
1405,114.81817924588952,0.9511266857342239
1406,106.83799230782094,0.8527568573537977
1407,141.9157241321889,0.6962730583920484
1408,264.5772359361277,0.4923394011465143
1409,265.43939780477274,0.25485362734217576
1410,284.387723704422,1.205883743416407e-16
1411,357.7239676541899,0.0
1412,356.5198608063613,0.0
1413,377.029235680195,0.0
1414,425.926802315969,0.0
1415,444.78310261750556,0.0
1416,433.9665157565528,0.0
1417,436.5054656041469,0.0
1418,451.62397937473816,0.0
1419,439.37638733326327,0.0
1420,439.7419112063834,0.0
1421,342.98998005365115,0.0
1422,325.74045925141894,0.0
1423,144.67318336971329,0.2551126616591425
1424,142.20598904952897,0.49283981701982144
1425,131.14742030526932,0.6969807533069061
1426,148.46944506150896,0.8536236030712795
1427,110.55645911356488,0.9520934149660486
1428,121.13991601919582,0.985679634039643
1429,120.47319990355804,0.9520934149660486
1430,127.4838398759343,0.8536236030712796
1431,133.58380605269664,0.6969807533069061
1432,278.5480941151379,0.49283981701982144
1433,261.2254829919937,0.25511266165914276
1434,266.2169516893841,1.2071094088113833e-16
1435,354.143344662164,0.0
1436,347.76809174210183,0.0
1437,370.04053216854436,0.0
1438,439.1740576774468,0.0
1439,442.1008916903856,0.0
1440,440.86633480964525,0.0
1441,446.99344587546017,0.0
1442,435.08401829008073,0.0
1443,417.3497762101661,0.0
1444,437.70801500666795,0.0
1445,322.0212483873638,0.0
1446,323.49413093186865,0.0
1447,161.64771093421695,0.255372794257514
1448,169.47073956635944,0.49334235460987497
1449,154.86660162998857,0.6976914487823621
1450,127.39507031851223,0.8544940237099654
1451,144.1156535029475,0.9530642430398761
1452,126.57811232118748,0.98668470921975
1453,154.90927153748942,0.9530642430398761
1454,130.47518991490318,0.8544940237099655
1455,102.55992105745486,0.6976914487823621
1456,277.03309348245784,0.49334235460987497
1457,272.56689464779674,0.2553727942575143
1458,283.4700270781964,1.2083402709136039e-16
1459,358.5305530226594,0.0
1460,348.79090499961455,0.0
1461,335.76079797194745,0.0
1462,430.403480498204,0.0
1463,422.70551413512464,0.0
1464,347.7143332043213,0.0
1465,361.7435554550253,0.0
1466,374.7194686541948,0.0
1467,359.4166729598537,0.0
1468,340.33001785755573,0.0
1469,275.5680812391963,0.0
1470,284.59242706030244,0.0
1471,119.3542532203024,0.25563394805438716
1472,125.06344207205997,0.49384686500394137
1473,126.84790640888535,0.6984049342240091
1474,91.91853870072111,0.8553678613454351
1475,109.11668366383431,0.9540388822783962
1476,99.88594067441461,0.9876937300078829
1477,106.37170778459233,0.9540388822783962
1478,90.6874123240828,0.8553678613454352
1479,96.08781885382707,0.6984049342240091
1480,228.23276628563391,0.49384686500394137
1481,215.09019216659945,0.25563394805438744
1482,240.2877562065015,1.2095759649920637e-16
1483,282.3267680694641,0.0
1484,289.81861900586193,0.0
1485,298.3134922793164,0.0
1486,337.66022580678157,0.0
1487,333.55090885820863,0.0
1488,336.06266420091265,0.0
1489,369.52154921688,0.0
1490,347.7482422250444,0.0
1491,385.0689314037728,0.0
1492,347.5995687918651,0.0
1493,272.211217524653,0.0
1494,288.5019213171031,0.0
1495,150.63402179210726,0.25589604566425567
1496,151.29895005383455,0.4943531987047026
1497,141.0613019013155,0.6991209982107122
1498,113.53747601709577,0.8562448570407379
1499,108.35904909777241,0.9550170438749678
1500,110.58905862135788,0.9887063974094054
1501,94.63449711141581,0.9550170438749678
1502,91.43033910629053,0.856244857040738
1503,101.2082322184268,0.6991209982107122
1504,217.33002356231034,0.4943531987047026
1505,213.9335024406822,0.25589604566425594
1506,227.72888840209006,1.2108161248839393e-16
1507,298.3350520070278,0.0
1508,287.93227213968385,0.0
1509,304.6017504768448,0.0
1510,340.67027060615175,0.0
1511,352.04662646439715,0.0
1512,423.17558442514803,0.0
1513,409.37901286750497,0.0
1514,430.7852840422693,0.0
1515,430.3164821717823,0.0
1516,449.93884919128726,0.0
1517,336.54303718409096,0.0
1518,316.6830550774832,0.0
1519,176.4553437504323,0.25615900942194125
1520,168.85863730072626,0.4948612056745556
1521,161.1914053960454,0.6998394285572583
1522,120.64717717733964,0.8571247509231223
1523,111.85171552285587,0.9559984379791995
1524,118.89850505068499,0.9897224113491113
1525,136.42996979998784,0.9559984379791995
1526,145.98002203475295,0.8571247509231225
1527,141.8839087028039,0.6998394285572583
1528,261.42461072622956,0.4948612056745556
1529,253.85539458819673,0.2561590094219415
1530,268.9814387505993,1.2120603831030892e-16
1531,328.3128556432691,0.0
1532,353.41214060024066,0.0
1533,347.76289699443925,0.0
1534,426.1850142499628,0.0
1535,412.64101546518015,0.0
1536,437.55542081793067,0.0
1537,424.9998094631511,0.0
1538,417.35321751057063,0.0
1539,396.9250729797143,0.0
1540,431.0620406784864,0.0
1541,349.94680547553713,0.0
1542,348.61489689007465,0.0
1543,148.5834947563555,0.2564227614056072
1544,146.84210511104936,0.4953707353800715
1545,159.69394090829104,0.7005600123772308
1546,111.27429459805309,0.8580072822610415
1547,126.87642266614617,0.956982773782838
1548,132.44788320892886,0.9907414707601431
1549,137.97811855492427,0.956982773782838
1550,122.05307095055315,0.8580072822610416
1551,120.810834866189,0.7005600123772308
1552,256.51653534026525,0.4953707353800715
1553,257.12976213286566,0.2564227614056075
1554,264.33457967852564,1.2133083709489502e-16
1555,353.6306590420132,0.0
1556,360.185288475018,0.0
1557,339.5841255520549,0.0
1558,449.30448236660834,0.0
1559,428.1387363265832,0.0
1560,430.7472035131116,0.0
1561,422.0370708955189,0.0
1562,401.9127279220175,0.0
1563,441.6121558016254,0.0
1564,439.845737810402,0.0
1565,325.0077729681379,0.0
1566,329.1875922602549,0.0
1567,160.12113170005378,0.2566872234598486
1568,135.17931080496606,0.49588163683660197
1569,147.58122895944905,0.7012825361460924
1570,132.6750650255456,0.8588921895414132
1571,108.09241579205266,0.957969759605941
1572,126.66658405608321,0.991763273673204
1573,106.8649072146028,0.957969759605941
1574,128.74104865928598,0.8588921895414133
1575,122.71619108251386,0.7012825361460924
1576,247.43017742764852,0.49588163683660197
1577,280.7886314720007,0.2566872234598489
1578,257.99666029693805,1.2145597186157898e-16
1579,339.18465588773114,0.0
1580,351.314515498675,0.0
1581,362.6913333250483,0.0
1582,418.8137492175521,0.0
1583,431.7437692434685,0.0
1584,435.75753994802835,0.0
1585,438.9290092312192,0.0
1586,432.7290406073882,0.0
1587,426.2074078750616,0.0
1588,420.6806592962768,0.0
1589,329.11886331584145,0.0
1590,315.21946857545765,0.0
1591,118.73370203522954,0.25695231721885126
1592,159.02862548705684,0.4963937586530194
1593,164.63712593019918,0.7020067857644571
1594,94.67673704322979,0.8597792105471126
1595,110.9151578132126,0.9589591029833083
1596,130.46177740179422,0.9927875173060389
1597,147.72187190627224,0.9589591029833083
1598,123.28145076183675,0.8597792105471127
1599,114.29589097498224,0.7020067857644571
1600,264.3744162911609,0.4963937586530194
1601,283.0676906141972,0.25695231721885153
1602,258.8176034349246,1.215814055302288e-16
1603,339.0001536844372,0.0
1604,342.7975354980558,0.0
1605,337.1505144651357,0.0
1606,432.083785735999,0.0
1607,450.1078834456962,0.0
1608,434.09367963206427,0.0
1609,427.1884863291565,0.0
1610,426.71499312768543,0.0
1611,411.4584386503121,0.0
1612,440.81404568043786,0.0
1613,326.85012762035836,0.0
1614,325.6184150214245,0.0
1615,191.9661223693783,0.2572179641296131
1616,157.2338664556282,0.4969069490765769
1617,144.62733895409778,0.7027325466215321
1618,117.80277408972546,0.8606680824346721
1619,136.70041375455304,0.9599505107511451
1620,124.27831017064516,0.9938138981531539
1621,105.65972950438359,0.9599505107511451
1622,133.94981245909443,0.8606680824346722
1623,114.90133621772405,0.7027325466215321
1624,288.8042146770265,0.4969069490765769
1625,279.28521815099174,0.2572179641296134
1626,260.95677861451094,1.2170710093214136e-16
1627,363.6428811993653,0.0
1628,349.0849509848728,0.0
1629,358.5039689600106,0.0
1630,436.03352216220566,0.0
1631,420.06044849478144,0.0
1632,344.72872562129464,0.0
1633,364.8108534200781,0.0
1634,348.4340196238257,0.0
1635,347.6075420502002,0.0
1636,340.9898526569119,0.0
1637,273.6175305845342,0.0
1638,293.28464082833045,0.0
1639,113.06507774648591,0.2574840854752214
1640,126.16610619761029,0.49742105603787656
1641,142.82211938252235,0.7034596036587125
1642,99.74468147908117,0.861558541812168
1643,106.12883972902655,0.9609436891339338
1644,87.9516558362672,0.9948421120757532
1645,105.84006334052154,0.9609436891339338
1646,98.45464699397516,0.8615585418121681
1647,112.5291381221881,0.7034596036587125
1648,232.43278532917483,0.49742105603787656
1649,249.25891641462118,0.25748408547522167
1650,225.13975078896073,1.2183302082105636e-16
1651,289.227293958737,0.0
1652,287.650349778679,0.0
1653,281.07974264602274,0.0
1654,356.5131297306445,0.0
1655,348.9065066874358,0.0
1656,354.1440759016656,0.0
1657,367.9337146137257,0.0
1658,340.04403340307454,0.0
1659,365.8010869199788,0.0
1660,367.9279249945086,0.0
1661,266.86702086576815,0.0
1662,242.821584401558,0.0
1663,118.46418765002046,0.257750602398178
1664,141.32198605388697,0.49793592719593033
1665,125.48363474756707,0.7041877414333069
1666,88.614814408584,0.8624503248172689
1667,94.54914214138432,0.9619383438314848
1668,110.69388151417756,0.9958718543918608
1669,107.16724401453948,0.9619383438314848
1670,97.73925600608659,0.862450324817269
1671,96.20454825434668,0.7041877414333069
1672,213.27952480307383,0.49793592719593033
1673,206.91170037761765,0.25775060239817826
1674,237.36513086523297,1.2195912788419313e-16
1675,281.1837377584789,0.0
1676,299.65748563892095,0.0
1677,303.3073760120844,0.0
1678,364.1022749642057,0.0
1679,346.94310043381364,0.0
1680,433.8587567026341,0.0
1681,428.7236483419038,0.0
1682,418.16957328983324,0.0
1683,432.906306999254,0.0
1684,414.8655181246771,0.0
1685,341.1199588471348,0.0
1686,321.2923986180153,0.0
1687,155.6332000199722,0.2580174359237668
1688,156.61873860805184,0.49845140998330234
1689,150.1124244650492,0.7049167441823783
1690,129.6157529373018,0.8633431671954244
1691,116.87658344012821,0.9629341801061451
1692,133.03099488908543,0.9969028199666048
1693,106.42367115663752,0.9629341801061451
1694,124.09198227415544,0.8633431671954245
1695,145.8425753082979,0.7049167441823783
1696,253.57611663052987,0.49845140998330234
1697,257.44715287949856,0.2580174359237671
1698,271.74698672170376,1.2208538475330727e-16
1699,349.45202545547096,0.0
1700,351.5046052634785,0.0
1701,353.16728963396775,0.0
1702,436.630653241336,0.0
1703,442.33039372206946,0.0
1704,433.52540726617207,0.0
1705,425.7124915276074,0.0
1706,436.6784677974627,0.0
1707,451.4061666017725,0.0
1708,427.01597842643906,0.0
1709,314.8638071119751,0.0
1710,339.84312679946646,0.0
1711,151.6295629550675,0.2582845069834554
1712,127.00210237034226,0.49896735165131756
1713,163.24319704831575,0.7056463958866788
1714,116.03537130656147,0.8642368043781686
1715,121.3729101503586,0.9639309028701342
1716,126.44307350483672,0.9979347033026352
1717,124.74530569535733,0.9639309028701342
1718,130.97273134367703,0.8642368043781687
1719,117.23347309117042,0.7056463958866788
1720,271.4857735771315,0.49896735165131756
1721,262.2139438680115,0.2582845069834557
1722,274.19422976966854,1.222117540157636e-16
1723,354.35245349918085,0.0
1724,335.74277926648904,0.0
1725,359.9998290851246,0.0
1726,422.1760220416613,0.0
1727,438.30427696240366,0.0
1728,432.606068295558,0.0
1729,450.25682465628336,0.0
1730,425.51702874627966,0.0
1731,424.00681898132353,0.0
1732,427.9655852640891,0.0
1733,322.6084106324587,0.0
1734,335.8458708497746,0.0
1735,133.5323514611688,0.25855173643832496
1736,140.28388973265157,0.4994835993153249
1737,140.1144437034575,0.7063764803346614
1738,133.74615411360918,0.8651309715615181
1739,142.86982348090936,0.9649282167729863
1740,121.0890723874766,0.9989671986306499
1741,120.31660233164614,0.9649282167729863
1742,123.18308896728443,0.8651309715615182
1743,136.28500264122454,0.7063764803346614
1744,253.94709891122005,0.4994835993153249
1745,267.93576431432433,0.25855173643832524
1746,276.77770807889607,1.2233819822562235e-16
1747,352.6501085674026,0.0
1748,348.91195792730934,0.0
1749,358.6495316389301,0.0
1750,395.75983301875107,0.0
1751,436.3331243691128,0.0
1752,419.9383200607196,0.0
1753,405.81963349597123,0.0
1754,433.9216594525485,0.0
1755,444.2711308002042,0.0
1756,426.1378460827164,0.0
1757,337.36762085843424,0.0
1758,345.2804653878627,0.0
1759,168.5601263923831,0.25881904510252074
1760,172.46072730183124,0.49999999999999994
1761,161.68668284223725,0.7071067811865476
1762,123.13012602631875,0.8660254037844386
1763,103.0013326167336,0.9659258262890683
1764,119.27217250194025,1.0
1765,112.10596321570533,0.9659258262890683
1766,148.2762349694734,0.8660254037844387
1767,120.1142926103116,0.7071067811865476
1768,266.299122793663,0.49999999999999994
1769,271.43848962473476,0.258819045102521
1770,265.34389446871864,1.2246467991473532e-16
1771,366.644559170418,0.0
1772,338.83215434443554,0.0
1773,348.63923614809585,0.0
1774,418.87758122987213,0.0
1775,411.94695812360027,0.0
1776,420.032299367097,0.0
1777,426.92908689337946,0.0
1778,422.2219017637533,0.0
1779,419.06447669947414,0.0
1780,410.49771889389837,0.0
1781,324.6206595726159,0.0
1782,307.5612819557883,0.0
1783,161.75407458497537,0.2590863537667165
1784,153.62268005591417,0.500516400684675
1785,135.14278502712096,0.7078370820384338
1786,118.39621349196176,0.8669198360073591
1787,113.08084554947312,0.9669234358051503
1788,125.93681654159029,1.0
1789,138.19212776883785,0.9669234358051503
1790,99.60465278081118,0.8669198360073592
1791,123.48703536632912,0.7078370820384338
1792,262.6429716890806,0.500516400684675
1793,272.62064615328586,0.2590863537667168
1794,267.1229247747325,1.225911616038483e-16
1795,336.9454148660545,0.0
1796,342.1403996189209,0.0
1797,336.4167365652784,0.0
1798,440.28561412114357,0.0
1799,427.62926824202367,0.0
1800,372.91955608112215,0.0
1801,349.3773380863106,0.0
1802,341.6043866491605,0.0
1803,331.94069514073215,0.0
1804,328.46759173701474,0.0
1805,247.73723942838066,0.0
1806,269.95239055658436,0.0
1807,131.1422959402185,0.259353583221586
1808,106.0633072370737,0.5010326483486822
1809,135.7780554303727,0.7085671664864163
1810,94.23334390896618,0.8678140031907084
1811,101.79159267299404,0.9679207497080023
1812,119.37672406823253,1.0
1813,110.79214831955383,0.9679207497080023
1814,96.80770875429745,0.8678140031907086
1815,89.335769824184,0.7085671664864163
1816,190.91004766391114,0.5010326483486822
1817,208.10199264895377,0.2593535832215863
1818,214.19826961393048,1.2271760581370705e-16
1819,271.57239584016025,0.0
1820,281.84346656086683,0.0
1821,284.3407727614797,0.0
1822,347.40699607038914,0.0
1823,342.30523688220455,0.0
1824,351.7864078382511,0.0
1825,355.0658395694832,0.0
1826,336.6777628453362,0.0
1827,366.69374033160557,0.0
1828,348.57949418723916,0.0
1829,266.7119492084051,0.0
1830,274.98432681214564,0.0
1831,127.71379063753713,0.2596206542812747
1832,136.35283666933407,0.5015485900166975
1833,128.360687044797,0.7092968181907169
1834,92.58290915421483,0.8687076403734528
1835,104.2701999523733,0.9689174724719916
1836,86.20744316205216,1.0
1837,101.23487411921838,0.9689174724719916
1838,99.53339776216656,0.8687076403734529
1839,97.43475536262962,0.7092968181907169
1840,214.97722477084972,0.5015485900166975
1841,193.93748636214522,0.25962065428127495
1842,209.93497601522535,1.2284397507616338e-16
1843,284.255252155077,0.0
1844,285.0593900453524,0.0
1845,270.8090116502721,0.0
1846,364.95104586502674,0.0
1847,339.36845359607634,0.0
1848,437.75329940313844,0.0
1849,431.2461453392778,0.0
1850,418.36508527869194,0.0
1851,447.4235437081317,0.0
1852,411.79617101573984,0.0
1853,335.69256474756196,0.0
1854,336.6697024807577,0.0
1855,144.1382049899437,0.2598874878068635
1856,168.89523109963537,0.5020640728040695
1857,149.185089323676,0.7100258209397883
1858,125.21284155044903,0.8696004827516083
1859,124.87238006434538,0.9699133087466518
1860,120.13681310144416,1.0
1861,131.47821727700813,0.9699133087466518
1862,131.2703826457173,0.8696004827516084
1863,100.76613432023257,0.7100258209397883
1864,279.44053857923444,0.5020640728040695
1865,243.8385518082685,0.25988748780686377
1866,276.17901011679646,1.229702319452775e-16
1867,358.47459597268806,0.0
1868,331.8625371681747,0.0
1869,340.0243628753021,0.0
1870,412.85135697498634,0.0
1871,423.54076063335276,0.0
1872,422.00170386457995,0.0
1873,435.05404166204096,0.0
1874,441.42182022824414,0.0
1875,442.44632100428834,0.0
1876,418.95209895586925,0.0
1877,321.83075867682476,0.0
1878,304.1401628551077,0.0
1879,142.36460037162033,0.26015400472982014
1880,163.61326076674408,0.5025789439621233
1881,171.42203505215338,0.7107539587143827
1882,106.8158464731006,0.8704922657567093
1883,114.51846182582494,0.9709079634442028
1884,121.31116385215255,1.0
1885,124.98996684149496,0.9709079634442028
1886,111.91279069659993,0.8704922657567095
1887,126.71676546922875,0.7107539587143827
1888,257.8413325290783,0.5025789439621233
1889,263.3539774433899,0.2601540047298204
1890,270.0828156699737,1.230963390084143e-16
1891,344.6898272221003,0.0
1892,339.3761292980502,0.0
1893,343.2974423372591,0.0
1894,424.6377597643448,0.0
1895,421.25798291622334,0.0
1896,422.16917632626354,0.0
1897,444.4584951243254,0.0
1898,432.00576245356365,0.0
1899,421.72896526191886,0.0
1900,433.6381819323976,0.0
1901,320.0130073254184,0.0
1902,338.0963368535302,0.0
1903,156.31953812004454,0.26042012607542836
1904,150.59620608561667,0.5030930509234229
1905,157.25643492339077,0.7114810157515631
1906,102.65655162611195,0.8713827251342051
1907,107.98585582401627,0.9719011418269915
1908,107.17996537414527,1.0
1909,123.22238258809841,0.9719011418269915
1910,142.29724544475505,0.8713827251342052
1911,148.28266720524553,0.7114810157515631
1912,270.92192169431263,0.5030930509234229
1913,269.27544217635705,0.26042012607542864
1914,241.65261566719067,1.2322225889732929e-16
1915,337.7579331808379,0.0
1916,334.81661375474727,0.0
1917,336.81984759863275,0.0
1918,423.2570032552513,0.0
1919,419.60964214590325,0.0
1920,401.0981821411555,0.0
1921,433.8247029390754,0.0
1922,411.9768635567873,0.0
1923,427.72074223499874,0.0
1924,449.73877190266467,0.0
1925,312.6624552748029,0.0
1926,293.331620100884,0.0
1927,148.30001357517617,0.2606857729861902
1928,164.94357985772035,0.5036062413469805
1929,175.2322336883846,0.7122067766086382
1930,106.63105625676098,0.8722715970217647
1931,127.34604206902826,0.9728925495948284
1932,115.80192590882935,1.0
1933,120.11427113854036,0.9728925495948284
1934,153.1177715543944,0.8722715970217648
1935,103.35000744944816,0.7122067766086382
1936,266.0471206166799,0.5036062413469805
1937,268.6145627399302,0.2606857729861905
1938,276.0316805780172,1.2334795429924186e-16
1939,345.1018101138557,0.0
1940,347.6226187462542,0.0
1941,339.22622946314345,0.0
1942,428.0793031606063,0.0
1943,420.73147255969604,0.0
1944,431.8822562368926,0.0
1945,419.98806952609635,0.0
1946,428.9485982854462,0.0
1947,424.0722397944002,0.0
1948,437.935996567886,0.0
1949,322.7534799330296,0.0
1950,302.09381499760883,0.0
1951,166.72284142236074,0.26095086674519286
1952,140.71099580344142,0.5041183631633979
1953,143.73458735000702,0.7129310262270028
1954,114.11589120251239,0.873158618027464
1955,137.7570838490841,0.9738818929721956
1956,95.63573616328995,1.0
1957,158.9168091349542,0.9738818929721956
1958,133.9365084398269,0.8731586180274641
1959,123.9426937005842,0.7129310262270028
1960,262.0795632431788,0.5041183631633979
1961,266.16494014886615,0.26095086674519313
1962,268.9917603911263,1.2347338796789166e-16
1963,351.3234294359978,0.0
1964,350.24809599663854,0.0
1965,344.6558105796601,0.0
1966,422.05533251493205,0.0
1967,422.6081141547778,0.0
1968,345.33757176953895,0.0
1969,361.2817122961759,0.0
1970,354.7991518011415,0.0
1971,312.3918075177998,0.0
1972,355.5472804521283,0.0
1973,267.23319329568903,0.0
1974,264.67185388171293,0.0
1975,119.50794682499448,0.26121532879943427
1976,137.65952090189327,0.5046292646199283
1977,135.5404858075354,0.7136535499958643
1978,90.06160259576558,0.8740435253078356
1979,104.22076205514331,0.9748688787952985
1980,87.67625379515346,1.0
1981,82.78071663218174,0.9748688787952985
1982,91.81552791456932,0.8740435253078357
1983,109.684856278242,0.7136535499958643
1984,226.6657921987523,0.5046292646199283
1985,221.3853166954068,0.26121532879943454
1986,223.92944109641525,1.235985227345756e-16
1987,287.6465208393847,0.0
1988,273.7546022513298,0.0
1989,286.63545193009253,0.0
1990,357.28138543650334,0.0
1991,356.727967091534,0.0
1992,361.59174911806065,0.0
1993,355.82443482677775,0.0
1994,351.542167150864,0.0
1995,360.1665915201621,0.0
1996,347.00653354937623,0.0
1997,254.04591459316447,0.0
1998,262.67160684057194,0.0
1999,115.10573564102437,0.2614790807831002
2000,115.94242807900918,0.5051387943254442
2001,122.31034333011554,0.7143741338158368
2002,89.72661485096188,0.8749260566457547
2003,95.54011554729293,0.975853214598937
2004,76.512277899516,1.0
2005,101.79517839143668,0.975853214598937
2006,99.25011960730811,0.8749260566457548
2007,89.43059033014313,0.7143741338158368
2008,222.92153147760524,0.5051387943254442
2009,226.26142510793508,0.2614790807831005
2010,195.71986508398868,1.2372332151916172e-16
2011,272.01498871559613,0.0
2012,271.93797786094314,0.0
2013,269.88884884508434,0.0
2014,357.2784867635459,0.0
2015,344.99887499509134,0.0
2016,419.9626993542198,0.0
2017,399.0905290770661,0.0
2018,430.76189381245786,0.0
2019,408.2657767117054,0.0
2020,423.85606901314304,0.0
2021,325.7185251221246,0.0
2022,338.71790501669017,0.0
2023,135.41446858555176,0.2617420445407858
2024,114.8861675051312,0.5056468012952973
2025,153.32650791202542,0.7150925641623831
2026,142.50238487811512,0.8758059505281394
2027,135.76360693525814,0.976834608703169
2028,123.4121636832804,1.0
2029,114.99661647240032,0.976834608703169
2030,130.5817218596326,0.8758059505281395
2031,109.21369630353126,0.7150925641623831
2032,267.6581697489085,0.5056468012952973
2033,268.0075184266334,0.2617420445407861
2034,274.66439540662043,1.2384774734107674e-16
2035,375.6552974502235,0.0
2036,347.24836858943576,0.0
2037,336.43181347480055,0.0
2038,422.82998570364316,0.0
2039,401.9079665912777,0.0
2040,414.3694523628682,0.0
2041,417.79462067857963,0.0
2042,416.4169491607218,0.0
2043,424.53426840034155,0.0
2044,412.8369707473505,0.0
2045,335.5140898638456,0.0
2046,322.0642066349703,0.0
2047,150.8548282663141,0.26200414215065426
2048,147.03169552182246,0.5061531349960584
2049,152.8287203262852,0.7158086281490861
2050,130.6743248719936,0.8766829462234421
2051,110.36758310745118,0.9778127702997403
2052,112.8757478270789,1.0
2053,117.12843335066201,0.9778127702997403
2054,104.6226946143034,0.8766829462234422
2055,110.94205137932401,0.7158086281490861
2056,255.96049852542504,0.5061531349960584
2057,272.16781917651366,0.26200414215065454
2058,264.82588495598407,1.2397176333026424e-16
2059,344.51365840835945,0.0
2060,352.4013550179646,0.0
2061,340.54211801115616,0.0
2062,427.39158813508357,0.0
2063,421.4673489007469,0.0
2064,425.4586887655778,0.0
2065,415.28123668144326,0.0
2066,393.0085346734651,0.0
2067,420.6629906265466,0.0
2068,439.34731820598154,0.0
2069,332.8474157394951,0.0
2070,333.31760072769004,0.0
2071,165.64583315195398,0.2622652959475274
2072,151.87615558181662,0.5066576453901248
2073,153.18005297914652,0.7165221135907329
2074,113.2379888470113,0.8775567838589117
2075,116.8569373198989,0.9787874095382604
2076,128.0390653894772,1.0
2077,135.0964248382493,0.9787874095382604
2078,118.97645628405151,0.8775567838589118
2079,115.24754041400656,0.7165221135907329
2080,261.41426062276344,0.5066576453901248
2081,268.62240610363364,0.2622652959475277
2082,244.08166732288174,1.2409533273811026e-16
2083,314.2869614069864,0.0
2084,335.23469065073425,0.0
2085,327.19258373366335,0.0
2086,416.1766582010145,0.0
2087,420.5009767469726,0.0
2088,416.4030163651554,0.0
2089,439.2716076870805,0.0
2090,425.7629344486594,0.0
2091,425.4476895887615,0.0
2092,429.30848300195237,0.0
2093,307.7374290806739,0.0
2094,333.87276794308633,0.0
2095,149.74868473065717,0.262525428545899
2096,158.70362357597725,0.5071601829801784
2097,137.79556937260082,0.717232809066189
2098,101.88117974307339,0.8784272044975977
2099,130.34096083156652,0.979758237612088
2100,125.04319924843637,1.0
2101,109.70166628297603,0.979758237612088
2102,110.09032795996983,0.8784272044975978
2103,134.0315023482434,0.717232809066189
2104,246.86734131200208,0.5071601829801784
2105,280.8523594654816,0.2625254285458993
2106,250.3328352106356,1.2421841894833232e-16
2107,349.1518437572214,0.0
2108,337.54771894093295,0.0
2109,348.7293898229089,0.0
2110,415.3126292480612,0.0
2111,419.88848240056404,0.0
2112,421.9001382552838,0.0
2113,409.38285868115753,0.0
2114,430.2990002955767,0.0
2115,415.25054535287614,0.0
2116,418.665909166455,0.0
2117,309.1414137146294,0.0
2118,290.3256023043878,0.0
2119,148.2109197597034,0.26278446286286594
2120,179.45463797026042,0.5076605988534855
2121,159.9185043656817,0.7179405039810467
2122,120.1714777719116,0.8792939502150795
2123,117.24791237822511,0.9807249668439126
2124,120.67219304246889,1.0
2125,126.96803171082685,0.9807249668439126
2126,106.23284854501819,0.8792939502150796
2127,133.77446266475079,0.7179405039810467
2128,269.4568808308643,0.5076605988534855
2129,269.4905337540646,0.2627844628628662
2130,266.1340139112861,1.2434098548782992e-16
2131,341.3761064903802,0.0
2132,349.21504142965415,0.0
2133,348.24247620294886,0.0
2134,417.1606196192429,0.0
2135,414.52588687577236,0.0
2136,346.4224327554997,0.0
2137,363.78839903029814,0.0
2138,330.33087230450906,0.0
2139,327.58985402332655,0.0
2140,347.17728730719404,0.0
2141,263.62029601263856,0.0
2142,265.08974356281124,0.0
2143,126.21320880788625,0.26304232214096984
2144,120.60734337736658,0.5081587447260231
2145,141.1641316962092,0.7186449886300296
2146,79.4177686046692,0.8801567641758954
2147,88.68665204902443,0.9816873107709994
2148,97.38955922459883,1.0
2149,78.91035061253739,0.9816873107709994
2150,96.51836349320253,0.8801567641758955
2151,118.5662583351236,0.7186449886300296
2152,213.94597327672423,0.5081587447260231
2153,216.4637462857969,0.2630423221409701
2154,198.57335823510172,1.2446299603749224e-16
2155,272.0514094182906,0.0
2156,274.94538975087704,0.0
2157,275.63516515368946,0.0
2158,360.5798827524011,0.0
2159,351.89244994105735,0.0
2160,331.50711315417766,0.0
2161,347.80266597860606,0.0
2162,350.82326961938344,0.0
2163,358.52639709967724,0.0
2164,363.8110968762425,0.0
2165,250.5576191361014,0.0
2166,253.00845930351176,0.0
2167,108.0678544921039,0.26329892997094145
2168,120.35055048979552,0.5086544729864182
2169,128.75508929243531,0.7193460542591319
2170,110.37504523833267,0.8810153907096474
2171,97.61561875555317,0.9826449842300734
2172,94.68886076020532,1.0
2173,100.34812694624833,0.9826449842300734
2174,88.50531621970318,0.8810153907096475
2175,123.60149569960073,0.7193460542591319
2176,194.18330159298745,0.5086544729864182
2177,215.69212086515284,0.26329892997094173
2178,237.7585085491598,1.245844144429602e-16
2179,279.24151941263307,0.0
2180,276.87945285789516,0.0
2181,274.87057620418796,0.0
2182,342.67990845627315,0.0
2183,361.3187903335404,0.0
2184,393.56610622911126,0.0
2185,438.50965358062126,0.0
2186,403.0209633356636,0.0
2187,416.9086212142524,0.0
2188,414.9575161214814,0.0
2189,327.1452671725365,0.0
2190,300.90513571268286,0.0
2191,155.5848038376495,0.2635542103143427
2192,174.33044732410843,0.5091476367396885
2193,133.68064378955245,0.7200434931274777
2194,122.3074594870577,0.881869575386763
2195,112.08719934217363,0.9835977034418203
2196,125.14163195004937,1.0
2197,120.26075880472197,0.9835977034418203
2198,112.33314256720124,0.8818695753867631
2199,125.88545289418583,0.7200434931274777
2200,281.71931251486234,0.5091476367396885
2201,257.7762896966938,0.26355421031434295
2202,268.7042305031996,1.2470520472533982e-16
2203,324.5685166867894,0.0
2204,328.61055565942723,0.0
2205,345.75666751580786,0.0
2206,437.9178415074969,0.0
2207,424.3758093504933,0.0
2208,415.9179641726319,0.0
2209,419.66615740399004,0.0
2210,404.66976773127317,0.0
2211,426.9288444551742,0.0
2212,430.2626572867907,0.0
2213,314.32703832136286,0.0
2214,314.1116165422458,0.0
2215,153.0743460911495,0.2638080875260984
2216,144.64317050283776,0.5096380898507709
2217,149.09021595981505,0.7207370985688784
2218,145.10370733825812,0.8827190650938879
2219,116.94273745930798,0.9845451860949768
2220,115.60696404400528,1.0
2221,112.13654420063803,0.9845451860949768
2222,128.83734952625917,0.882719065093888
2223,117.73235578964271,0.7207370985688784
2224,252.00612292137274,0.5096380898507709
2225,275.65424776850597,0.2638080875260987
2226,276.8338354353935,1.2482533109186356e-16
2227,332.5315471712054,0.0
2228,317.3381505437424,0.0
2229,351.8267942381129,0.0
2230,411.45910262978975,0.0
2231,429.16216772886304,0.0
2232,395.59972250531587,0.0
2233,429.9521363774496,0.0
2234,404.7069051664885,0.0
2235,428.0101377466562,0.0
2236,419.4122451318951,0.0
2237,307.9744171141796,0.0
2238,314.53725439181795,0.0
2239,157.96473873985823,0.26406048637691165
2240,150.99965069376063,0.5101256869878232
2241,156.74187302204763,0.7214266650530721
2242,143.50042081928808,0.8835636081088877
2243,101.01223446456964,0.9854871514299838
2244,139.18968470472575,1.0
2245,121.0354050553808,0.9854871514299838
2246,108.99772522522471,0.8835636081088878
2247,103.81937029623438,0.7214266650530721
2248,257.2606785550638,0.5101256869878232
2249,270.58992458748173,0.26406048637691193
2250,257.99953379985783,1.249447579464965e-16
2251,357.51940494409126,0.0
2252,321.9714375005044,0.0
2253,339.24047840697045,0.0
2254,404.21224698490045,0.0
2255,423.6045509093575,0.0
2256,429.4501496954423,0.0
2257,413.75835949010207,0.0
2258,387.55693473474906,0.0
2259,421.19487877583265,0.0
2260,424.0483636350768,0.0
2261,323.94296640374967,0.0
2262,333.92081564607514,0.0
2263,136.72146334930952,0.2643113320755558
2264,157.73670077050352,0.510610283665291
2265,163.88419765483383,0.722111988246628
2266,98.31623499600029,0.884402954175441
2267,123.49510791510622,0.9864233203221838
2268,113.60912803198644,1.0
2269,118.68101392685874,0.9864233203221838
2270,123.83140380653853,0.8844029541754411
2271,113.81254323471586,0.722111988246628
2272,251.15328939223073,0.510610283665291
2273,259.6716153520264,0.26431133207555607
2274,246.21483507581644,1.2506344990048416e-16
2275,326.00474213160015,0.0
2276,347.18712307370043,0.0
2277,325.24911525631853,0.0
2278,426.80325102518526,0.0
2279,424.3585965285221,0.0
2280,397.6647063283901,0.0
2281,410.24361124584937,0.0
2282,432.7036999104457,0.0
2283,406.6004007002011,0.0
2284,412.8015359261646,0.0
2285,324.3061684895959,0.0
2286,328.1621238819643,0.0
2287,146.40095732242222,0.26456055029103653
2288,142.24930161865646,0.5110917362867201
2289,166.48786229533826,0.722792865073493
2290,140.40233512953586,0.8852368545771934
2291,131.28183577334647,0.9873534153645297
2292,120.5593568747452,1.0
2293,109.8363505042738,0.9873534153645297
2294,109.57020628528613,0.8852368545771935
2295,125.805708427154,0.722792865073493
2296,264.0144468392549,0.5110917362867201
2297,275.8128513039478,0.2645605502910368
2298,266.7990692990243,1.2518137178283903e-16
2299,320.64706401011614,0.0
2300,351.30739904390896,0.0
2301,326.707300103461,0.0
2302,413.766731810449,0.0
2303,421.3767895488976,0.0
2304,366.6602488442997,0.0
2305,380.03126163895644,0.0
2306,349.9929156765263,0.0
2307,340.5138795422475,0.0
2308,349.12630674865875,0.0
2309,271.76595194240383,0.0
2310,257.2660753252315,0.0
2311,143.93976447340933,0.26480806717461813
2312,125.1580773127583,0.5115699021873081
2313,128.3701452715582,0.723469093775169
2314,105.90887358662272,0.8860650622114588
2315,102.97682188934265,0.9882771609497871
2316,107.98506856760451,1.0
2317,90.5107443234061,0.9882771609497871
2318,91.21816151461681,0.8860650622114589
2319,84.71593176630884,0.723469093775169
2320,217.42921031837594,0.5115699021873081
2321,221.5024335930786,0.2648080671746184
2322,217.64846994475585,1.2529848865076232e-16
2323,297.52762645908314,0.0
2324,277.3665650329641,0.0
2325,285.45861712602283,0.0
2326,329.61182845322037,0.0
2327,338.0670425371993,0.0
2328,350.7044337440133,0.0
2329,352.5472059821417,0.0
2330,338.83037728125373,0.0
2331,341.49878963092715,0.0
2332,324.1434956930542,0.0
2333,256.55982532611034,0.0
2334,271.52877369802707,0.0
2335,129.17316756943018,0.26505380938170603
2336,128.27869603272592,0.5120446396761791
2337,122.86799162232292,0.7241404739704973
2338,97.90132380445924,0.8868873316624409
2339,89.89271222723976,0.9891942833522033
2340,106.20250694335154,1.0
2341,102.86824123359379,0.9891942833522033
2342,103.72079207683471,0.886887331662441
2343,91.50414778891016,0.7241404739704973
2344,186.09577774687418,0.5120446396761791
2345,225.10172532637347,0.2650538093817063
2346,206.18984331322827,1.2541476579999854e-16
2347,266.7936275507591,0.0
2348,285.4686836622445,0.0
2349,272.442785040247,0.0
2350,355.0772172617834,0.0
2351,349.7620520481443,0.0
2352,425.2812799685991,0.0
2353,400.686979555787,0.0
2354,431.6217759148302,0.0
2355,420.21345446499964,0.0
2356,412.64712241923894,0.0
2357,319.49471729587344,0.0
2358,296.45923289298656,0.0
2359,153.86042234140857,0.2652977040935808
2360,136.60413050545566,0.5125158080783694
2361,132.7245451735181,0.7248068067150365
2362,100.89696064829769,0.8877034192739556
2363,132.5175313827915,0.9901045108086172
2364,111.61411015859893,1.0
2365,137.57000340191038,0.9901045108086172
2366,112.73565332628482,0.8877034192739557
2367,98.67697539179704,0.7248068067150365
2368,244.79312696692628,0.5125158080783694
2369,273.02115968639345,0.26529770409358105
2370,256.3206421110702,1.2553016877511887e-16
2371,331.0554866103646,0.0
2372,339.5551528784852,0.0
2373,343.65632700226234,0.0
2374,430.4872338810229,0.0
2375,434.4604388489085,0.0
2376,412.33080564586925,0.0
2377,400.7354571623538,0.0
2378,411.68644746185896,0.0
2379,419.7713954743329,0.0
2380,405.0829222808109,0.0
2381,305.9603066558029,0.0
2382,321.5715722131421,0.0
2383,148.21903942234684,0.2655396790389756
2384,149.1964315861313,0.5129832677765128
2385,139.70092362479141,0.7254678945600137
2386,116.27748554248457,0.8885130832216308
2387,107.95149638173413,0.9910075735989893
2388,129.72467504645124,1.0
2389,131.46528612963883,0.9910075735989893
2390,96.88803976609665,0.8885130832216309
2391,107.88816379064487,0.7254678945600137
2392,239.96661951698562,0.5129832677765128
2393,250.12468336518378,0.26553967903897585
2394,256.9237149405822,1.2564466337973123e-16
2395,319.89075735032003,0.0
2396,326.2241822291986,0.0
2397,325.2390115217244,0.0
2398,419.1352373481256,0.0
2399,417.48016143977327,0.0
2400,407.5577533216677,0.0
2401,418.3404544273875,0.0
2402,409.65844294666755,0.0
2403,412.9587426378021,0.0
2404,436.30002904529715,0.0
2405,333.20446897326684,0.0
2406,301.5239615086515,0.0
2407,158.60629042944822,0.2657796625154918
2408,158.38626006879724,0.5134468802522122
2409,134.8703419498667,0.7261235416108331
2410,128.74493285697682,0.8893160835845649
2411,137.37478415286913,0.9919032041263249
2412,105.44906345698553,1.0
2413,107.90956727974734,0.9919032041263249
2414,131.13153873404053,0.889316083584565
2415,122.17754486182628,0.7261235416108331
2416,264.2768510886977,0.5134468802522122
2417,261.7462063826294,0.26577966251549207
2418,262.34748683696114,1.2575821568661324e-16
2419,321.0212043340361,0.0
2420,349.50668235322644,0.0
2421,350.97394978290237,0.0
2422,413.4659150328984,0.0
2423,415.6968805639484,0.0
2424,397.4170090066779,0.0
2425,421.9613561095606,0.0
2426,422.65498833791634,0.0
2427,415.04400683335484,0.0
2428,429.2825393557926,0.0
2429,312.7836820186,0.0
2430,323.5678799010825,0.0
2431,136.26056330617553,0.26601758341084614
2432,148.21390955999007,0.5139065081270854
2433,146.4042842756469,0.7267735535851235
2434,121.50092336087603,0.8901121824164202
2435,114.36290515038442,0.9927911369959697
2436,117.21955714832471,1.0
2437,128.7097943536828,0.9927911369959697
2438,113.55605744952612,0.8901121824164203
2439,99.51830308752058,0.7267735535851235
2440,278.389001492632,0.5139065081270854
2441,273.9714435864528,0.26601758341084647
2442,241.88684230089953,1.258707920477657e-16
2443,344.8686405026991,0.0
2444,330.55644959314066,0.0
2445,339.75399342372947,0.0
2446,419.32098858550853,0.0
2447,412.9774054335507,0.0
2448,405.95805355118966,0.0
2449,407.0767489104313,0.0
2450,404.3689385524515,0.0
2451,405.3813750394611,0.0
2452,414.55710205763415,0.0
2453,307.8781117788435,0.0
2454,324.65185643672396,0.0
2455,166.190968699112,0.2662533712239426
2456,141.38337593864037,0.5143620152034736
2457,151.2168688415054,0.7274177378703086
2458,124.6714331916999,0.8909011438159317
2459,124.33923911909599,0.9936711090942513
2460,119.58667508305774,1.0
2461,127.58740088838137,0.9936711090942513
2462,124.46219930023258,0.8909011438159318
2463,103.82326280013712,0.7274177378703086
2464,267.55949848681144,0.5143620152034736
2465,267.77711576134107,0.26625337122394294
2466,247.9701924639972,1.2598235910438326e-16
2467,336.70168765155455,0.0
2468,344.44638153991616,0.0
2469,333.734667791231,0.0
2470,428.23897811141853,0.0
2471,443.72971147365877,0.0
2472,330.81696517716074,0.0
2473,323.67626233093523,0.0
2474,343.894620716039,0.0
2475,348.90754763029423,0.0
2476,337.4784010826433,0.0
2477,276.6763070598756,0.0
2478,243.17390950334425,0.0
2479,129.83245117951523,0.26648695608576334
2480,114.24709785402918,0.5148132665047992
2481,142.14996257762346,0.7280559035806818
2482,121.12412640052614,0.8916827339968092
2483,88.01406310910855,0.9945428596664452
2484,90.61925653160576,1.0
2485,107.52899680626633,0.9945428596664452
2486,92.56837436503454,0.8916827339968093
2487,96.66900754732185,0.7280559035806818
2488,210.9348690652778,0.5148132665047992
2489,187.594130144397,0.26648695608576367
2490,210.46415506563804,1.2609288379673916e-16
2491,267.1627695050047,0.0
2492,269.52202892497746,0.0
2493,292.76308683540054,0.0
2494,325.17071483742944,0.0
2495,350.00725980975625,0.0
2496,336.5534120031043,0.0
2497,336.543845145136,0.0
2498,349.38542991970655,0.0
2499,343.9815827019127,0.0
2500,346.7483231337204,0.0
2501,270.5903813870313,0.0
2502,254.9964648624371,0.0
2503,114.04636174558057,0.2667182687800727
2504,108.37139624097999,0.515260128315563
2505,111.4882761999261,0.7286878616139706
2506,132.50369515144357,0.8924567213570144
2507,112.0507170165803,0.9954061303940434
2508,80.9016696532426,1.0
2509,81.24506656681602,0.9954061303940434
2510,102.89695478836076,0.8924567213570145
2511,103.68173961627446,0.7286878616139706
2512,217.00149046057592,0.515260128315563
2513,207.35541491412317,0.266718268780073
2514,208.90943331673276,1.2620233337398177e-16
2515,279.0924800918391,0.0
2516,276.1886418774468,0.0
2517,248.52632132895639,0.0
2518,337.1433716001837,0.0
2519,329.6840899559623,0.0
2520,416.1933540097278,0.0
2521,449.91392501406654,0.0
2522,418.5005969685173,0.0
2523,410.32846074875687,0.0
2524,425.15243500655265,0.0
2525,321.2900199667587,0.0
2526,320.5388992056702,0.0
2527,155.17178461245436,0.26694724076392723
2528,172.5681002718208,0.5157024682209664
2529,134.3189162699553,0.729313424707371
2530,123.9952469168305,0.8932228765473883
2531,107.19508843531459,0.9962606654712982
2532,124.97781375120003,1.0
2533,107.28742385725991,0.9962606654712982
2534,113.30326023183204,0.8932228765473884
2535,114.77058302423818,0.729313424707371
2536,268.05173495483814,0.5157024682209664
2537,267.36338765001057,0.2669472407639275
2538,241.393325805345,1.2631067540383927e-16
2539,335.8755849847618,0.0
2540,326.70141739577355,0.0
2541,320.1143167246596,0.0
2542,411.4866123777332,0.0
2543,410.3890235213558,0.0
2544,442.7906082262488,0.0
2545,418.86552829443093,0.0
2546,397.13860038105173,0.0
2547,406.89272234005125,0.0
2548,425.9266099352553,0.0
2549,340.2384640478506,0.0
2550,296.145351026556,0.0
2551,125.18019680336808,0.26717380418798636
2552,170.190871529498,0.5161401551461489
2553,152.41465955348747,0.7299324074930373
2554,107.7719187575129,0.8939809725396128
2555,124.60698057349852,0.9971062116810238
2556,86.56245867182676,1.0
2557,118.23193761919524,0.9971062116810238
2558,122.12528561414632,0.8939809725396131
2559,129.28267321448325,0.7299324074930373
2560,243.9146835758864,0.5161401551461489
2561,257.1096809402372,0.26717380418798664
2562,244.9763394906818,1.2641787778222993e-16
2563,337.94032776484147,0.0
2564,324.1315668283934,0.0
2565,329.978512626827,0.0
2566,401.72022565261983,0.0
2567,421.4836452919864,0.0
2568,423.5524929097932,0.0
2569,410.43563267042424,0.0
2570,413.70993544943354,0.0
2571,395.86798253431067,0.0
2572,409.6549597338318,0.0
2573,314.25550993638535,0.0
2574,346.307482433246,0.0
2575,134.24606694425046,0.26739789191661806
2576,165.15979811856965,0.5165730593950285
2577,159.5519765351301,0.7305446265530119
2578,121.43937385671397,0.8947307846934849
2579,139.17518281317393,0.99794251846963
2580,122.53700267411469,1.0
2581,122.74164735084749,0.99794251846963
2582,117.4342891666218,0.894730784693485
2583,132.75456359185586,0.7305446265530119
2584,268.9797276452007,0.5165730593950285
2585,248.31396938951553,0.26739789191661834
2586,239.99113050428485,1.2652390874277548e-16
2587,332.10082052594373,0.0
2588,324.93612540191987,0.0
2589,333.77429327930736,0.0
2590,428.1003371261229,0.0
2591,407.76345964887173,0.0
2592,412.3202679047799,0.0
2593,413.5304212982195,0.0
2594,423.01531906698216,0.0
2595,385.8714764727035,0.0
2596,405.5537449433352,0.0
2597,317.07570791155837,0.0
2598,328.94125108132704,0.0
2599,141.5379379443965,0.26761943754779205
2600,124.92213484196849,0.5170010526887334
2601,154.87730466606462,0.7311499004735741
2602,110.32826518566924,0.8954720908234806
2603,103.67661394249245,0.9987693380213661
2604,110.46046917501809,1.0
2605,115.7383095597066,0.9987693380213661
2606,110.69567787711823,0.8954720908234807
2607,91.48582116638795,0.7311499004735741
2608,266.32879104106195,0.5170010526887334
2609,270.862497173761,0.2676194375477923
2610,263.38226057449043,1.2662873686621392e-16
2611,320.54684453436977,0.0
2612,331.78117417209734,0.0
2613,334.12081679671405,0.0
2614,420.0196811552617,0.0
2615,420.85423434513575,0.0
2616,403.60925526223923,0.0
2617,413.4032875245439,0.0
2618,417.9067057029641,0.0
2619,429.8892087133424,0.0
2620,420.87341932547787,0.0
2621,323.69293994190144,0.0
2622,315.2301792285475,0.0
2623,164.21813147372103,0.26783837543275646
2624,152.20977528279295,0.5174240082036139
2625,136.95956680919613,0.7317480498989986
2626,134.67453702652548,0.896204671264595
2627,126.20893665549151,0.999586425331755
2628,112.5175691314814,1.0
2629,112.08018177623227,0.999586425331755
2630,121.39300392671232,0.8962046712645951
2631,123.3923149282342,0.7317480498989986
2632,257.67471818845803,0.5174240082036139
2633,259.0429150821982,0.26783837543275674
2634,275.70669949580014,1.2673233108970994e-16
2635,346.721793751051,0.0
2636,336.1509030194127,0.0
2637,345.15900289344216,0.0
2638,400.0290540052507,0.0
2639,417.1944654469429,0.0
2640,359.55723540939204,0.0
2641,335.2290084678862,0.0
2642,327.6739520691657,0.0
2643,330.020492549478,0.0
2644,324.769962764486,0.0
2645,247.98899745492062,0.0
2646,252.9600431693727,0.0
2647,103.79232406006868,0.26805464069549095
2648,120.84654829760761,0.5178418006088228
2649,131.48645437565216,0.7323388975847015
2650,85.63422847040687,0.8969283089374331
2651,114.75870971587113,1.0
2652,102.65680769450104,1.0
2653,108.89426965965859,1.0
2654,88.63328798594426,0.8969283089374332
2655,106.7816053569693,0.7323388975847015
2656,196.03928223162438,0.5178418006088228
2657,219.82545904640625,0.2680546406954913
2658,211.20456111389052,1.2683466071605938e-16
2659,280.1330387642988,0.0
2660,259.3868888569832,0.0
2661,262.7531860171622,0.0
2662,345.01229783163535,0.0
2663,326.4653831619043,0.0
2664,343.067676657624,0.0
2665,321.10354747491164,0.0
2666,347.6872917044346,0.0
2667,322.71892137521246,0.0
2668,344.1368004045888,0.0
2669,264.6574387484641,0.0
2670,248.78860572355714,0.0
2671,127.5233192166005,0.2682681692519308
2672,123.66430757158645,0.5182543061034537
2673,114.07289813727091,0.7329222684497619
2674,84.32854412035252,0.8976427894125353
2675,72.87969202919606,1.0
2676,100.62700089686334,1.0
2677,77.65356707292236,1.0
2678,97.57533072256271,0.8976427894125354
2679,93.26982173628002,0.7329222684497619
2680,217.08398068533688,0.5182543061034537
2681,205.30972138620018,0.2682681692519311
2682,204.98089394391346,1.2693569542278545e-16
2683,282.00418271771616,0.0
2684,277.242430615266,0.0
2685,277.0156057524499,0.0
2686,343.14041223013686,0.0
2687,319.0823356739493,0.0
2688,420.27034828751283,0.0
2689,418.5385096558323,0.0
2690,398.98868658475106,0.0
2691,408.2599184435786,0.0
2692,410.71719667613746,0.0
2693,311.6728074463556,0.0
2694,317.2930884579988,0.0
2695,164.02957428471314,0.26847889782895634
2696,159.8343736348129,0.5186614024532259
2697,131.10654258156208,0.7334979896288023
2698,124.94737820586374,0.8983479009739165
2699,133.42973815661608,1.0
2700,122.1242405704616,1.0
2701,130.57430342442277,1.0
2702,141.62978367060035,0.8983479009739166
2703,129.76705287547495,0.7334979896288023
2704,257.53720284578156,0.5186614024532259
2705,267.0865613870979,0.2684788978289566
2706,256.28415369524356,1.2703540527112408e-16
2707,333.1540284322944,0.0
2708,328.65022108431015,0.0
2709,351.62815221886024,0.0
2710,401.367740136365,0.0
2711,429.5772968238064,0.0
2712,416.78216189275327,0.0
2713,393.99211831024553,0.0
2714,415.19558392376587,0.0
2715,385.5834743160493,0.0
2716,418.2898886098412,0.0
2717,323.6009053447203,0.0
2718,305.86985608102776,0.0
2719,148.19106963999155,0.26868676398314234
2720,170.158386493528,0.5190629690267052
2721,140.63953683738134,0.7340658905232125
2722,104.65990678614045,0.899043434681804
2723,135.14675866037084,1.0
2724,140.9178441171892,1.0
2725,117.41114589299383,1.0
2726,129.50435425571993,0.8990434346818041
2727,133.46450881719022,0.7340658905232125
2728,245.384917842982,0.5190629690267052
2729,248.47105860902818,0.2686867639831426
2730,269.0652227912994,1.2713376071489528e-16
2731,352.7594318651578,0.0
2732,339.293830842748,0.0
2733,321.98148827863105,0.0
2734,434.6285257482621,0.0
2735,404.41214163412525,0.0
2736,406.3597782752228,0.0
2737,414.4894856631557,0.0
2738,429.0313566978575,0.0
2739,420.6291433679069,0.0
2740,415.35981765362317,0.0
2741,318.23102933229745,0.0
2742,313.1937429946018,0.0
2743,153.26247119182216,0.2688917061192612
2744,116.21007608526844,0.5194588868310493
2745,143.0055075087625,0.734625802851701
2746,120.14770083308143,0.8997291844345492
2747,103.43966861064598,1.0
2748,121.88771742781879,1.0
2749,114.7981829622466,1.0
2750,138.31754599386593,0.8997291844345493
2751,136.12807431665834,0.734625802851701
2752,248.45598133442218,0.5194588868310493
2753,252.2355956250398,0.2688917061192615
2754,253.15827737653942,1.2723073260925838e-16
2755,326.7936261926447,0.0
2756,334.5538397148977,0.0
2757,323.1141550799091,0.0
2758,396.8140476300299,0.0
2759,417.85396633608343,0.0
2760,417.5362760907413,0.0
2761,400.3301319641597,0.0
2762,420.7261862492308,0.0
2763,402.4029883300956,0.0
2764,413.01990393653534,0.0
2765,322.2113061171244,0.0
2766,311.9638271893304,0.0
2767,151.8790056171506,0.269093663508535
2768,140.22495894480613,0.5198490385472683
2769,144.06451567031982,0.7351775607001608
2770,114.66737856660151,0.9004049470297005
2771,108.17875157868272,1.0
2772,115.01640177977622,1.0
2773,98.55427215080064,1.0
2774,111.24384677146034,0.9004049470297006
2775,113.71918581672955,0.7351775607001608
2776,250.7241750672476,0.5198490385472683
2777,250.9003627467428,0.2690936635085353
2778,253.0571616988706,1.2732629221934825e-16
2779,337.64342480566864,0.0
2780,342.38433147822616,0.0
2781,324.09294386645666,0.0
2782,395.54351081540983,0.0
2783,397.4773881331624,0.0
2784,403.7389440295317,0.0
2785,405.3623232700727,0.0
2786,400.3454262895013,0.0
2787,394.0319791128721,0.0
2788,404.11192915418053,0.0
2789,314.2421701719359,0.0
2790,319.20540432059505,0.0
2791,139.59141589265403,0.2692925763066306
2792,141.32451866423267,0.5202333085649883
2793,135.16011282378614,0.7357210005708339
2794,116.64712397946577,0.901070522224217
2795,106.84325041367332,1.0
2796,123.9019277828575,1.0
2797,95.59399612075376,1.0
2798,112.70883795453355,0.9010705222242171
2799,120.63768209426401,0.7357210005708339
2800,255.75886791445674,0.5202333085649883
2801,285.8692576863527,0.26929257630663095
2802,257.7504540134016,1.2742041122879008e-16
2803,319.52046123912464,0.0
2804,330.4235454361599,0.0
2805,310.25416039963136,0.0
2806,408.61818209230967,0.0
2807,399.5887063998617,0.0
2808,346.5220603016984,0.0
2809,328.94289369983005,0.0
2810,334.1361860054335,0.0
2811,327.91068289812364,0.0
2812,356.40359321721644,0.0
2813,251.7926121360909,0.0
2814,277.63820985125625,0.0
2815,129.60459864362505,0.26948838557139315
2816,125.6195782262305,0.5206115830167098
2817,124.2595752660161,0.7362559614307578
2818,100.59338957715971,0.901725712793804
2819,72.73575104641738,1.0
2820,92.52122126875561,1.0
2821,106.00971765277654,1.0
2822,95.28105579687542,0.9017257127938041
2823,79.00554383692179,0.7362559614307578
2824,207.08476092329389,0.5206115830167098
2825,228.1628805252894,0.26948838557139343
2826,222.67631491664017,1.2751306174809007e-16
2827,270.8814475502076,0.0
2828,283.04288698729704,0.0
2829,267.22741141818335,0.0
2830,315.09091795305585,0.0
2831,324.4437851374218,0.0
2832,353.9720345497446,0.0
2833,331.9294523456946,0.0
2834,332.29676157514604,0.0
2835,331.61931097234765,0.0
2836,358.06700840252233,0.0
2837,274.9152169482657,0.0
2838,282.02907276529857,0.0
2839,117.81194652078733,0.26968103328031157
2840,123.26798291055309,0.5209837498115493
2841,101.52077845253845,0.7367822847594846
2842,113.49960434988965,0.902370324591356
2843,81.76303662125514,1.0
2844,98.37769800162191,1.0
2845,82.60876090487623,1.0
2846,88.70998931560601,0.9023703245913561
2847,85.72924206387395,0.7367822847594846
2848,200.22101121757595,0.5209837498115493
2849,201.04604190789803,0.26968103328031184
2850,200.93628880658486,1.276042163228999e-16
2851,281.3664487780297,0.0
2852,258.1080883199158,0.0
2853,274.0129389608324,0.0
2854,349.8328791553129,0.0
2855,329.0590129534855,0.0
2856,399.79970827683576,0.0
2857,405.64843946364397,0.0
2858,422.57143746613554,0.0
2859,410.7440265372473,0.0
2860,402.0401634305158,0.0
2861,316.97965121677606,0.0
2862,297.9456256044825,0.0
2863,154.03871947024643,0.269870462347712
2864,150.76569303735226,0.5213496986684532
2865,142.16870369126445,0.737299814596053
2866,106.62689469457807,0.9030041666044852
2867,106.04975320854336,1.0
2868,123.10773231209578,1.0
2869,131.4376903058136,1.0
2870,109.04223131159931,0.9030041666044853
2871,122.19056471856265,0.737299814596053
2872,227.78384504132234,0.5213496986684532
2873,245.81275649666077,0.2698704623477123
2874,252.45546207009636,1.276938479421517e-16
2875,319.70525111139506,0.0
2876,319.3833756177019,0.0
2877,322.60809743755044,0.0
2878,411.9210477057235,0.0
2879,406.1667867449305,0.0
2880,381.1724581840107,0.0
2881,382.58283115228954,0.0
2882,400.74885084962426,0.0
2883,413.52347201655294,0.0
2884,375.0611748712075,0.0
2885,304.8841773024931,0.0
2886,304.5659651381036,0.0
2887,162.3854936898979,0.2700566166416735
2888,141.1051786108422,0.5217093211488772
2889,150.3213081682877,0.737808397585203
2890,118.2754379621668,0.9036270510121237
2891,91.01355452343083,1.0
2892,125.79883888069809,1.0
2893,119.1651103465927,1.0
2894,122.67957595721232,0.9036270510121238
2895,163.69520475835316,0.737808397585203
2896,227.58140800177097,0.5217093211488772
2897,273.2871230728873,0.2700566166416738
2898,249.14139304294977,1.2778193004606223e-16
2899,333.7589449826683,0.0
2900,329.76485118621724,0.0
2901,325.22016212905567,0.0
2902,401.19323784504525,0.0
2903,411.98533781078646,0.0
2904,389.4451932459275,0.0
2905,416.65822761624884,0.0
2906,402.6569447473646,0.0
2907,394.0904455375034,0.0
2908,402.2511233100379,0.0
2909,325.6772402069129,0.0
2910,304.1674285603674,0.0
2911,149.8911854206539,0.2702394410006614
2912,136.81826669355277,0.5220625106889195
2913,154.68480420122188,0.7383078830228191
2914,124.69788646719323,0.9042387932401789
2915,138.6550996012677,1.0
2916,114.36502625572018,1.0
2917,124.49565125880565,1.0
2918,117.6486040761781,0.904238793240179
2919,132.02225498406693,0.7383078830228191
2920,243.7295641524019,0.5220625106889195
2921,261.29561655823403,0.2702394410006617
2922,250.0191852503065,1.2786843653400327e-16
2923,329.2331570795452,0.0
2924,331.10444501822764,0.0
2925,333.0302999619673,0.0
2926,406.2565290885242,0.0
2927,410.227835804034,0.0
2928,426.2123981117639,0.0
2929,419.1003776484003,0.0
2930,417.70483653098046,0.0
2931,401.80850710873125,0.0
2932,396.6040914822778,0.0
2933,321.76835444819983,0.0
2934,320.81730925970436,0.0
2935,163.12739861651812,0.2704188812498723
2936,138.20758299587558,0.5224091626308965
2937,142.70076664318216,0.738798122900586
2938,96.69047045569984,0.9048392120162254
2939,111.65462713327457,1.0
2940,128.3231265329584,1.0
2941,110.76633585526668,1.0
2942,124.05003794841494,0.9048392120162255
2943,114.07824313403131,0.738798122900586
2944,256.011291885003,0.5224091626308965
2945,238.35031086855628,0.27041888124987257
2946,253.1451209419511,1.2795334177223534e-16
2947,293.8051628328723,0.0
2948,327.4560405857372,0.0
2949,310.13311555909934,0.0
2950,421.74691561957945,0.0
2951,416.60386965419184,0.0
2952,412.502507717274,0.0
2953,425.1545306595936,0.0
2954,395.515457683783,0.0
2955,427.8708143086677,0.0
2956,418.08875470480564,0.0
2957,307.1822553599867,0.0
2958,323.6483605728094,0.0
2959,132.04678354166074,0.2705948842172877
2960,135.42813575226828,0.5227491742543567
2961,138.01922901172395,0.7392789719498479
2962,109.9101120557121,0.9054281294232225
2963,103.57915283935726,1.0
2964,130.93484135762418,1.0
2965,113.1515917480423,1.0
2966,120.48790417276285,0.9054281294232226
2967,109.41362815551612,0.7392789719498479
2968,230.04475692379177,0.5227491742543567
2969,255.13268483107103,0.270594884217288
2970,228.94493682533664,1.2803662060150402e-16
2971,328.57361767900187,0.0
2972,312.9774457660338,0.0
2973,353.2445382227972,0.0
2974,417.8388085997777,0.0
2975,408.1715014289388,0.0
2976,348.5222055875378,0.0
2977,323.201933726093,0.0
2978,339.87947799972295,0.0
2979,335.7554506603064,0.0
2980,336.52596643168584,0.0
2981,269.2550804437055,0.0
2982,262.77674367578186,0.0
2983,122.52101447378664,0.27076739774943004
2984,99.19768128514681,0.523082444806518
2985,107.53577497653279,0.7397502876846539
2986,93.7725572127604,0.9060053709522323
2987,96.36553290722891,1.0
2988,81.68261971982201,1.0
2989,124.18518452285015,1.0
2990,113.44179307895197,0.9060053709522324
2991,102.4704842606189,0.7397502876846539
2992,207.22874856987465,0.523082444806518
2993,203.81779859565592,0.2707673977494303
2994,194.9412847142029,1.281182483444949e-16
2995,270.7907820673022,0.0
2996,272.95404632678884,0.0
2997,254.95988893929632,0.0
2998,337.36784246262056,0.0
2999,331.4946168697848,0.0
3000,310.16501841547586,0.0
3001,322.73408898065054,0.0
3002,328.0954427089448,0.0
3003,355.7109609980868,0.0
3004,339.73734660440965,0.0
3005,237.73323763556667,0.0
3006,259.591451937777,0.0
3007,100.38189110059837,0.27093637072681653
3008,131.94183161450363,0.5234088755321231
3009,113.29604314604421,0.7402119304439799
3010,94.03599690941697,0.906570765554132
3011,111.06919094479329,1.0
3012,79.71366835127601,1.0
3013,78.39421295293113,1.0
3014,88.15643925813495,0.9065707655541321
3015,107.62017738651882,0.7402119304439799
3016,187.94704797189976,0.5234088755321231
3017,172.19333370029506,0.2709363707268168
3018,200.76529457671387,1.2819820081314603e-16
3019,276.2398445927443,0.0
3020,284.0220959906792,0.0
3021,264.06101864878843,0.0
3022,328.1215898246125,0.0
3023,346.9055179210735,0.0
3024,383.371701351927,0.0
3025,401.1463524460759,0.0
3026,408.09368842737274,0.0
3027,411.1992264036925,0.0
3028,399.6909214299815,0.0
3029,309.6007982343917,0.0
3030,279.3275778529657,0.0
3031,137.03266253351956,0.2711017530791073
3032,150.37374803217932,0.5237283697027032
3033,133.14411507046958,0.7406637634331135
3034,116.65312544429575,0.9071241456902988
3035,121.30778479485296,1.0
3036,111.8347243749274,1.0
3037,117.99088003717944,1.0
3038,104.39252400180524,0.9071241456902989
3039,113.46597942886802,0.7406637634331135
3040,258.53744273638193,0.5237283697027032
3041,253.09852423293248,0.27110175307910755
3042,244.17647346654405,1.2827645431581545e-16
3043,331.2023220762811,0.0
3044,337.08704271243107,0.0
3045,303.9124298818619,0.0
3046,419.7174905277428,0.0
3047,401.7735448840992,0.0
3048,410.55813046177923,0.0
3049,419.8192143466392,0.0
3050,388.99216689613087,0.0
3051,396.9389592337659,0.0
3052,401.98966691238803,0.0
3053,299.5109587087137,0.0
3054,329.73523987224854,0.0
3055,134.52311032511295,0.2712634957999419
3056,138.13781409719206,0.5240408326452402
3057,147.2570438302702,0.7411056527641882
3058,101.41770604791449,0.9076653473822552
3059,111.0953318197524,1.0
3060,119.65293949582967,1.0
3061,111.84917550823742,1.0
3062,114.72285805402818,0.9076653473822553
3063,109.4915150114471,0.7411056527641882
3064,232.82060707162384,0.5240408326452402
3065,254.85336931786392,0.2712634957999422
3066,272.05344764155996,1.2835298566430145e-16
3067,328.444070591746,0.0
3068,330.9264204293153,0.0
3069,336.5359240837471,0.0
3070,390.2202853043361,0.0
3071,425.88242716045175,0.0
3072,407.52815714651143,0.0
3073,424.68249437850716,0.0
3074,396.30381564314996,0.0
3075,426.91695466013175,0.0
3076,414.4020775178552,0.0
3077,315.28426128884763,0.0
3078,311.4560737108571,0.0
3079,141.6963035793344,0.27142155096146175
3080,159.08502689791428,0.5243461717702207
3081,146.36296543440437,0.7415374674958588
3082,92.13808115393641,0.9081942102602601
3083,102.33668005649821,1.0
3084,113.51276857066927,1.0
3085,119.4629053949689,1.0
3086,115.06385573018349,0.9081942102602603
3087,130.3705670745062,0.7415374674958588
3088,227.36309909166468,0.5243461717702207
3089,252.4993766981901,0.27142155096146203
3090,228.9605707554823,1.2842777218071383e-16
3091,337.054814070593,0.0
3092,326.80476195147895,0.0
3093,332.9735861890724,0.0
3094,394.7336160623606,0.0
3095,420.45379076933085,0.0
3096,417.25328301355523,0.0
3097,411.75511868099164,0.0
3098,403.19838008248774,0.0
3099,411.7108744683906,0.0
3100,396.26987622900083,0.0
3101,318.64959137099066,0.0
3102,328.17669419462914,0.0
3103,157.4018220929106,0.27157587172851116
3104,135.79926573547147,0.5246442965990723
3105,148.8915031804376,0.741959079672101
3106,100.12589777342451,0.9087105776108289
3107,122.51228003263638,1.0
3108,121.05083725287875,1.0
3109,93.20580022414231,1.0
3110,101.70219017157991,0.9087105776108291
3111,112.24592953760308,0.741959079672101
3112,246.950808347788,0.5246442965990723
3113,236.04740208845226,0.2715758717285115
3114,255.22887006570414,1.2850079170419374e-16
3115,330.6745394864496,0.0
3116,325.3256265954212,0.0
3117,318.5873581772631,0.0
3118,417.3370725618478,0.0
3119,424.61747240190857,0.0
3120,398.60674283162643,0.0
3121,397.06347763192707,0.0
3122,410.30397262272885,0.0
3123,400.11312808082107,0.0
3124,402.7367142298261,0.0
3125,316.997346878056,0.0
3126,285.20923600727247,0.0
3127,160.2515852688695,0.2717264123725165
3128,145.30412366258955,0.5249351187909741
3129,139.4940396358913,0.7423703643601275
3130,114.47475604585259,0.9092142964231713
3131,115.0947181567562,1.0
3132,94.77115025517087,1.0
3133,133.4848246259488,1.0
3134,116.04147348375739,0.9092142964231715
3135,120.86159146187848,0.7423703643601275
3136,261.7673233559935,0.5249351187909741
3137,238.09477661838133,0.27172641237251677
3138,256.0303888975277,1.2857202259748045e-16
3139,324.16741028265943,0.0
3140,337.54035267604286,0.0
3141,301.852374329227,0.0
3142,403.2203490348897,0.0
3143,397.17563276837734,0.0
3144,336.52537051883445,0.0
3145,336.978745359643,0.0
3146,322.8467043733603,0.0
3147,322.7921287411121,0.0
3148,330.01023068853664,0.0
3149,241.68845716648386,0.0
3150,262.55196823969186,0.0
3151,113.90459042006799,0.2718731282850359
3152,83.45121819357765,0.5252185521690342
3153,113.83721214597567,0.7427711996874093
3154,82.2055356102222,0.9097052174345324
3155,75.09275167481853,1.0
3156,79.818941801679,1.0
3157,95.98096312234551,1.0
3158,110.61175139932865,0.9097052174345325
3159,98.42627514672964,0.7427711996874093
3160,197.83609250550253,0.5252185521690342
3161,210.58498350613985,0.2718731282850362
3162,199.6050494414635,1.2864144375332302e-16
3163,259.89096970770026,0.0
3164,254.3738221188622,0.0
3165,247.20422845663737,0.0
3166,326.6591306325113,0.0
3167,333.23485699026617,0.0
3168,329.9050425480459,0.0
3169,326.0729234528563,0.0
3170,319.7155738598632,0.0
3171,338.3634808884442,0.0
3172,315.25894354886555,0.0
3173,261.55197427143565,0.0
3174,240.21303507819326,0.0
3175,109.2081080761295,0.2720159759909781
3176,100.6359086369778,0.5254945127458257
3177,112.22050516173829,0.7431614668777882
3178,106.29361424122848,0.9101831951744213
3179,100.77740180082021,1.0
3180,106.33093008382916,1.0
3181,100.85557529069997,1.0
3182,81.34582679712831,0.9101831951744214
3183,90.62039404756206,0.7431614668777882
3184,195.58231738615805,0.5254945127458257
3185,220.91160578403608,0.2720159759909784
3186,190.58324317845188,1.2870903460073472e-16
3187,278.7289890345654,0.0
3188,278.72006320320133,0.0
3189,289.96005918248915,0.0
3190,326.1482874766706,0.0
3191,339.6123925031865,0.0
3192,430.7881021040753,0.0
3193,395.9965799424048,0.0
3194,384.98779709522086,0.0
3195,380.848159658716,0.0
3196,411.96082441194517,0.0
3197,284.7608870770944,0.0
3198,302.89086093854235,0.0
3199,149.32214398218508,0.272154913161485
3200,146.29649217967653,0.525762918748274
3201,149.17972410792763,0.7435410502866728
3202,117.9269868597843,0.9106480880077181
3203,130.60589834993476,1.0
3204,103.83171202130849,1.0
3205,107.13556692867168,1.0
3206,105.98759524692416,0.9106480880077182
3207,125.22181033252537,0.7435410502866728
3208,260.53371833945124,0.525762918748274
3209,255.14363911053255,0.27215491316148527
3210,263.9308592813896,1.2877477511108875e-16
3211,312.43211726364325,0.0
3212,346.57529701077345,0.0
3213,344.8474711327069,0.0
3214,412.23574403255816,0.0
3215,424.7898669708619,0.0
3216,383.20477057716494,0.0
3217,396.79087143414637,0.0
3218,394.2606075411148,0.0
3219,411.74200095438636,0.0
3220,390.48256019407245,0.0
3221,316.20175060675325,0.0
3222,323.55824254266395,0.0
3223,152.3010951829002,0.2722898986264744
3224,147.36367266583025,0.5260236906418878
3225,132.10418029108325,0.7439098374353073
3226,105.0047167120094,0.9110997581766432
3227,130.16235516907378,1.0
3228,124.51911635237776,1.0
3229,114.69869407298324,1.0
3230,110.15201375632309,0.9110997581766433
3231,90.85723382817726,0.7439098374353073
3232,236.67811563773324,0.5260236906418878
3233,272.4653737076232,0.2722898986264747
3234,234.1628778099169,1.2883864580405312e-16
3235,328.5800547202753,0.0
3236,338.39562454396474,0.0
3237,311.24722484959483,0.0
3238,405.3007747666712,0.0
3239,414.3392355194261,0.0
3240,402.91522243794685,0.0
3241,437.1860672430611,0.0
3242,382.7420394685215,0.0
3243,415.4699729336664,0.0
3244,400.69160972630226,0.0
3245,316.13178896284757,0.0
3246,312.1644329251984,0.0
3247,135.04685084005854,0.2724208923868398
3248,146.5926819148906,0.5262767511543271
3249,121.54990778859906,0.7442677190441
3250,122.31475017115952,0.9115380718415775
3251,118.6536817561891,1.0
3252,122.73970218802003,1.0
3253,127.7732000653486,1.0
3254,119.48721824681932,0.9115380718415776
3255,116.85285320188211,0.7442677190441
3256,238.75803698272057,0.5262767511543271
3257,240.78420785886746,0.27242089238684014
3258,263.57167246478406,1.28900627753363e-16
3259,343.2840686673297,0.0
3260,323.19071856311325,0.0
3261,326.6000767658972,0.0
3262,391.90985807513465,0.0
3263,416.83831271826915,0.0
3264,410.43632099926015,0.0
3265,425.7459283525238,0.0
3266,391.9114421888019,0.0
3267,397.91522432674014,0.0
3268,405.2286701852656,0.0
3269,314.3874509212493,0.0
3270,304.04156481796844,0.0
3271,133.25708088418375,0.272547855626303
3272,154.309504316711,0.5265220252983008
3273,152.38623832017512,0.7446145890650071
3274,103.99080196893782,0.9119628991207229
3275,131.25140478896847,1.0
3276,129.02847568606177,1.0
3277,116.59764914267603,1.0
3278,115.94126552421496,0.911962899120723
3279,121.6347844290934,0.7446145890650071
3280,238.79609403761367,0.5265220252983008
3281,249.49690863065777,0.27254785562630335
3282,223.30792834537863,1.289607025924292e-16
3283,336.311392743859,0.0
3284,307.0560063285215,0.0
3285,343.8349629389718,0.0
3286,398.48987798736135,0.0
3287,399.91131533178464,0.0
3288,394.6098008347215,0.0
3289,398.68614122067066,0.0
3290,419.164983849512,0.0
3291,372.2889038293146,0.0
3292,417.46619234079384,0.0
3293,310.4506495505429,0.0
3294,291.91010800303576,0.0
3295,130.718611179029,0.27267075072291597
3296,163.7390762221183,0.5267594403937863
3297,132.2762773363071,0.7449503447129547
3298,101.05768178934437,0.9123741141285876
3299,128.54566242487263,1.0
3300,118.96052243192686,1.0
3301,103.64278099805911,1.0
3302,117.49738762135132,0.9123741141285877
3303,102.58885571281256,0.7449503447129547
3304,262.15528060014566,0.5267594403937863
3305,261.681875397552,0.2726707507229163
3306,255.32949820493775,1.290188525197803e-16
3307,329.8839484983692,0.0
3308,346.6782732618135,0.0
3309,325.5402516920637,0.0
3310,387.960118202686,0.0
3311,407.5362946617233,0.0
3312,354.5406986160644,0.0
3313,317.33102010338877,0.0
3314,325.1705808212912,0.0
3315,334.5054864788365,0.0
3316,328.86127583355017,0.0
3317,239.2661734328962,0.0
3318,264.51611067218965,0.0
3319,145.5219651004996,0.2727895412602094
3320,120.03505394457939,0.5269889260895672
3321,106.8326569594605,0.7452748864962987
3322,75.5576548483923,0.9127715950132903
3323,97.24089292368818,1.0
3324,107.39170926882909,1.0
3325,99.84719410697858,1.0
3326,94.11633505800775,0.9127715950132904
3327,87.07392132756233,0.7452748864962987
3328,190.8752622302899,0.5269889260895672
3329,213.99824173880558,0.27278954126020966
3330,214.94648527953402,1.2907506030433792e-16
3331,248.1959224819742,0.0
3332,285.8227476604312,0.0
3333,273.63353457299104,0.0
3334,346.3032697633685,0.0
3335,313.4026010397976,0.0
3336,312.87385263919174,0.0
3337,327.47611078696946,0.0
3338,335.29715562691933,0.0
3339,350.82007237930054,0.0
3340,337.7366894699586,0.0
3341,247.9554380147714,0.0
3342,238.5511828445251,0.0
3343,132.35420062412157,0.2729041920379832
3344,106.01772864248319,0.527210414384079
3345,137.13581640875964,0.7455881182463042
3346,90.66273920591532,0.9131552239926666
3347,113.16233987260763,1.0
3348,102.22253048190477,1.0
3349,92.43140912788392,1.0
3350,87.8425985392799,0.9131552239926667
3351,89.98446047304047,0.7455881182463042
3352,208.96973614442194,0.527210414384079
3353,204.75581379053168,0.27290419203798355
3354,196.70419893909462,1.2912930929052243e-16
3355,264.55926224623653,0.0
3356,267.4897635266779,0.0
3357,241.00203003707034,0.0
3358,334.7617598816414,0.0
3359,317.5070878075753,0.0
3360,387.4085918767728,0.0
3361,381.0004485499132,0.0
3362,379.721870740827,0.0
3363,384.98321067789425,0.0
3364,392.7403292236758,0.0
3365,329.1523140047887,0.0
3366,299.40264824372747,0.0
3367,145.43606581637414,0.27301466908273775
3368,148.1088411792337,0.5274238396455599
3369,144.87584677574796,0.7458899471456436
3370,113.71313010421429,0.9135248873891703
3371,100.29892646973528,1.0
3372,132.05358221227675,1.0
3373,136.32881135658084,1.0
3374,94.45054730345399,0.9135248873891704
3375,102.35410854228965,0.7458899471456436
3376,245.0342544294827,0.5274238396455599
3377,236.8175249990845,0.273014669082738
3378,254.46356517947717,1.291815834031884e-16
3379,316.0810131977449,0.0
3380,350.8009524403035,0.0
3381,339.1068627587474,0.0
3382,403.7994690828283,0.0
3383,413.5724158750785,0.0
3384,414.2323735776562,0.0
3385,394.19419862866954,0.0
3386,391.16696155086487,0.0
3387,401.89928524100424,0.0
3388,411.3012019793438,0.0
3389,307.16325315364554,0.0
3390,286.57057058351256,0.0
3391,133.56666684593577,0.27312093965774026
3392,142.31288581021334,0.527629138631499
3393,142.29257292143592,0.7461802837559
3394,138.2309542601544,0.913880475663559
3395,97.92859282988873,1.0
3396,120.6275190407072,1.0
3397,132.42980543861617,1.0
3398,141.81784508375026,0.9138804756635591
3399,109.70767906046918,0.7461802837559
3400,254.11145773310858,0.527629138631499
3401,255.05142858684994,0.27312093965774054
3402,250.56008507910568,1.292318671523881e-16
3403,323.40179397804565,0.0
3404,329.8196410669178,0.0
3405,294.20098337028105,0.0
3406,409.14640236612,0.0
3407,402.47570332931207,0.0
3408,398.0104989922968,0.0
3409,425.2425441022707,0.0
3410,392.58098952814936,0.0
3411,395.8432858848556,0.0
3412,424.5788373800928,0.0
3413,295.2954150112386,0.0
3414,298.67876727419844,0.0
3415,141.33576554512837,0.27322297227272585
3416,153.18888441185317,0.5278262505073757
3417,145.59370071453833,0.7464590420440698
3418,98.96855233521171,0.9142218834473528
3419,108.09403374351258,1.0
3420,107.19180330249232,1.0
3421,113.55340395836231,1.0
3422,119.59018040459681,0.914221883447353
3423,119.49852557169453,0.7464590420440698
3424,226.7279813703367,0.5278262505073757
3425,260.8074142696478,0.27322297227272613
3426,251.070948570877,1.2928014563796138e-16
3427,340.97454465740367,0.0
3428,329.69054001376486,0.0
3429,337.5760355791059,0.0
3430,406.2787414910375,0.0
3431,416.83490682806894,0.0
3432,406.671559528478,0.0
3433,399.2295689389498,0.0
3434,427.6737685416272,0.0
3435,411.07299736362336,0.0
3436,407.28948494831764,0.0
3437,289.7544817796463,0.0
3438,289.6104433685439,0.0
3439,146.5142114629396,0.27332073669322876
3440,144.74788005045627,0.5280151168646876
3441,135.63215489713758,0.7467261394080562
3442,116.09309293713461,0.9145490095740574
3443,133.46482367831305,1.0
3444,122.74613023639348,1.0
3445,100.70919842475703,1.0
3446,113.06319461607457,0.9145490095740575
3447,104.74170277155916,0.7467261394080562
3448,243.2170855103087,0.5280151168646876
3449,242.90609651965573,0.27332073669322904
3450,242.13773751596338,1.2932640455395108e-16
3451,309.0753937380573,0.0
3452,322.60516202351977,0.0
3453,317.40972655957034,0.0
3454,365.2511676162374,0.0
3455,425.0402161902846,0.0
3456,413.1999484436708,0.0
3457,395.61910389397076,0.0
3458,400.3605411899579,0.0
3459,386.07486042526,0.0
3460,420.4833871268011,0.0
3461,327.6320072653312,0.0
3462,306.74486766701216,0.0
3463,155.18762222774942,0.27341420394954113
3464,145.00869584473236,0.5281956817382567
3465,126.86454923101411,0.7469814967011458
3466,109.38232317045633,0.9148617571091413
3467,115.9073391992837,1.0
3468,108.8696309730989,1.0
3469,111.70036426879979,1.0
3470,113.22740890791084,0.9148617571091415
3471,113.35366162363468,0.7469814967011458
3472,248.3295430150136,0.5281956817382567
3473,234.9751803322846,0.27341420394954147
3474,239.09824733950856,1.2937063019284206e-16
3475,308.5035656726576,0.0
3476,335.65236345729164,0.0
3477,298.65081355897337,0.0
3478,413.97779671287384,0.0
3479,416.77090536022484,0.0
3480,324.26785599488466,0.0
3481,296.65637798474853,0.0
3482,323.5582962950686,0.0
3483,327.12381310321024,0.0
3484,315.76684439952913,0.0
3485,243.64139682757812,0.0
3486,268.18635993963727,0.0
3487,125.0841341757195,0.27350334634529794
3488,106.01023885556141,0.5283678916228142
3489,97.93381819295342,0.7472250382554616
3490,89.75979877116163,0.9151600333787605
3491,91.12252523027362,1.0
3492,99.63839683083869,1.0
3493,87.26020603166698,1.0
3494,99.82200148682122,0.9151600333787606
3495,116.90585506320164,0.7472250382554616
3496,212.76802653136875,0.5283678916228142
3497,202.40495217406834,0.2735033463452982
3498,200.78420860939806,1.2941280944962302e-16
3499,261.1579410401984,0.0
3500,279.6057095997826,0.0
3501,257.91025729894125,0.0
3502,328.4366955466759,0.0
3503,328.50839786124914,0.0
3504,321.6610625144977,0.0
3505,311.2128862536269,0.0
3506,331.5581668716481,0.0
3507,326.95042516597147,0.0
3508,333.68535846147495,0.0
3509,243.25963276329082,0.0
3510,264.3126920263174,0.0
3511,106.50816920697073,0.2735881374656832
3512,137.5739379897276,0.5285316954888545
3513,96.05781646357374,0.747456691904385
3514,98.840804439893,0.9154437499972184
3515,99.3287318555298,1.0
3516,84.07687884991972,1.0
3517,98.71629091954246,1.0
3518,108.97778770233222,0.9154437499972186
3519,67.02173759296154,0.747456691904385
3520,208.88399229784542,0.5285316954888545
3521,172.93180476399473,0.2735881374656835
3522,191.26307696567716,1.2945292982566988e-16
3523,284.8167600969072,0.0
3524,258.28537931739123,0.0
3525,251.1802041451882,0.0
3526,325.3072200804199,0.0
3527,352.4973488861987,0.0
3528,377.38063788949205,0.0
3529,386.74510591629223,0.0
3530,417.3300050541199,0.0
3531,421.6532529784172,0.0
3532,398.11965016448096,0.0
3533,289.40628174565313,0.0
3534,329.4250361976828,0.0
3535,161.76217472097767,0.27366855218525826
3536,150.7762298731341,0.5286870447977571
3537,132.88003783273825,0.7476763890039403
3538,113.51474072593338,0.9157128228931585
3539,112.17877184345186,1.0
3540,118.07330847137676,1.0
3541,131.51511007356586,1.0
3542,124.65609730963867,0.9157128228931586
3543,101.17457989217273,0.7476763890039403
3544,263.7413251682124,0.5286870447977571
3545,250.98095344813584,0.27366855218525854
3546,255.46815731828497,1.2949097943244934e-16
3547,340.89058662331445,0.0
3548,309.9531333178086,0.0
3549,322.8621893674936,0.0
3550,392.9833702396538,0.0
3551,380.5465117515789,0.0
3552,403.27551353446154,0.0
3553,429.2536724222156,0.0
3554,377.03406086913344,0.0
3555,398.7276264706088,0.0
3556,406.80150902409974,0.0
3557,305.5645527461237,0.0
3558,302.7300776960607,0.0
3559,126.95047285407958,0.27374456667540603
3560,145.33451013071144,0.5288338935161689
3561,133.45990149123836,0.7478840644531355
3562,87.75379491260094,0.9159671723344742
3563,128.36796201850834,1.0
3564,125.53348521044808,1.0
3565,114.65278709455653,1.0
3566,116.78175163081201,0.9159671723344743
3567,126.92467152493032,0.7478840644531355
3568,249.76326252141473,0.5288338935161689
3569,257.9193972972135,0.2737445666754063
3570,243.50140022959155,1.2952694699504174e-16
3571,338.8368950845275,0.0
3572,326.94251893283234,0.0
3573,325.42171354491063,0.0
3574,383.8742607386581,0.0
3575,402.558464054823,0.0
3576,388.89189241857866,0.0
3577,391.2159587101702,0.0
3578,389.0908438887186,0.0
3579,386.0805322457214,0.0
3580,424.3726082647156,0.0
3581,319.8810984036796,0.0
3582,326.94943968554986,0.0
3583,127.78074241837326,0.2738161584113926
3584,143.31052765197074,0.5289721981296456
3585,126.9333911505909,0.7480796567132529
3586,105.61604759606726,0.916206722951937
3587,102.94686232143313,1.0
3588,128.83939419973078,1.0
3589,109.20962998521091,1.0
3590,126.78493812676022,0.9162067229519371
3591,121.21383679749425,0.7480796567132529
3592,274.5665016238602,0.5289721981296456
3593,229.16950592092604,0.2738161584113929
3594,262.0336354760443,1.2956082185548203e-16
3595,336.6563844583662,0.0
3596,311.218547957233,0.0
3597,334.98469405123535,0.0
3598,402.90909098482683,0.0
3599,396.1456363090712,0.0
3600,388.7547428994367,0.0
3601,390.01265532571045,0.0
3602,423.23971389253177,0.0
3603,398.65016257059045,0.0
3604,408.0275287614782,0.0
3605,294.236421700447,0.0
3606,294.368978925798,0.0
3607,155.35594940496384,0.27388330617904155
3608,126.17721715534614,0.5291019176555452
3609,137.38956647910126,0.7482631078260847
3610,114.30603428803839,0.9164314037615288
3611,115.23417657725224,1.0
3612,111.74858593497774,1.0
3613,118.64754272832269,1.0
3614,122.21197442498534,0.9164314037615289
3615,122.71335590068357,0.7482631078260847
3616,234.9487158988579,0.5291019176555452
3617,243.36850042772625,0.2738833061790419
3618,261.1155159453951,1.2959259397591798e-16
3619,333.4459314238727,0.0
3620,306.2358517552135,0.0
3621,326.9279239772127,0.0
3622,374.90326575060294,0.0
3623,399.20518756782513,0.0
3624,421.1881191042465,0.0
3625,387.0402022960669,0.0
3626,388.40303835739576,0.0
3627,407.58327228216905,0.0
3628,379.901296720779,0.0
3629,295.9611605200803,0.0
3630,310.7115145296818,0.0
3631,134.67961086461816,0.27394599008102016
3632,139.45940119035933,0.5292230136551725
3633,151.2212695606714,0.7484343634311069
3634,118.89138583195151,0.9166411481854767
3635,117.03465358505761,1.0
3636,109.76336547827232,1.0
3637,118.27356621274025,1.0
3638,112.3480406683157,0.9166411481854768
3639,119.3265001486222,0.7484343634311069
3640,240.6746201625286,0.5292230136551725
3641,244.44697677138984,0.27394599008102044
3642,234.75831095332018,1.2962225394158465e-16
3643,322.1062683635447,0.0
3644,312.7943493200734,0.0
3645,309.15780228167563,0.0
3646,401.5188486775594,0.0
3647,400.9677922135867,0.0
3648,335.9137757152215,0.0
3649,321.3457840609375,0.0
3650,331.41592505787975,0.0
3651,333.1288617631226,0.0
3652,331.8565765898178,0.0
3653,238.86875839367997,0.0
3654,250.56896437455993,0.0
3655,120.98371601545546,0.2740041915427354
3656,116.70017406569482,0.5293354502451696
3657,91.57630056234649,0.7485933727815877
3658,95.21710145792139,0.9168358940719814
3659,119.84159844300653,1.0
3660,88.97075474515583,1.0
3661,84.55430079597576,1.0
3662,97.7714086867764,0.9168358940719815
3663,97.03976449583848,0.7485933727815877
3664,216.44381158718284,0.5293354502451696
3665,187.0365717312792,0.2740041915427357
3666,210.90755263308574,1.2964979296359401e-16
3667,271.41020498402986,0.0
3668,262.61938180572577,0.0
3669,268.3893880640726,0.0
3670,338.87278067501893,0.0
3671,336.98707545618004,0.0
3672,312.62741826609584,0.0
3673,336.1855482520464,0.0
3674,325.56738675059034,0.0
3675,327.21813918716674,0.0
3676,327.2220139030009,0.0
3677,246.839865095168,0.0
3678,262.94327092603186,0.0
3679,115.54668805715966,0.27405789331783814
3680,103.11675003475219,0.5294391941081482
3681,111.82894530371345,0.748740088759625
3682,95.38537946200589,0.9170155837136338
3683,107.99162027184478,1.0
3684,100.47817907966618,1.0
3685,83.03461951531565,1.0
3686,123.06332186042687,0.9170155837136339
3687,96.41834659201594,0.748740088759625
3688,217.32694838659523,0.5294391941081482
3689,200.2016863276803,0.2740578933178384
3690,208.42257046707243,1.2967520288153962e-16
3691,274.2565768250147,0.0
3692,278.8012913118449,0.0
3693,276.87137443533254,0.0
3694,336.8100140118563,0.0
3695,322.56260923665127,0.0
3696,390.91143726763977,0.0
3697,401.7636798950029,0.0
3698,408.9699266392053,0.0
3699,395.09974136179324,0.0
3700,410.5544533596851,0.0
3701,320.4960788666817,0.0
3702,292.0688268919666,0.0
3703,132.01851932984195,0.27410707949333335
3704,140.37706706853328,0.5295342145025627
3705,145.75291979366767,0.748874467890108
3706,107.35445005511325,0.9171801638645148
3707,129.87568636672358,1.0
3708,118.73805655853927,1.0
3709,114.12261879920673,1.0
3710,96.41833993389552,0.9171801638645151
3711,97.85946442318777,0.748874467890108
3712,249.61216181407036,0.5295342145025627
3713,220.64890329683064,0.2741070794933337
3714,258.3916997264175,1.2969847616591428e-16
3715,320.1083741584327,0.0
3716,360.92333592603734,0.0
3717,349.7012152982939,0.0
3718,395.5950009401423,0.0
3719,396.49634574073673,0.0
3720,409.5182832418705,0.0
3721,418.0093763928626,0.0
3722,377.9149563846139,0.0
3723,376.1347994895899,0.0
3724,390.10688740719354,0.0
3725,309.9043215305406,0.0
3726,308.87395361854533,0.0
3727,154.82700927189413,0.2741517354942958
3728,127.59338147170422,0.5296204832718194
3729,114.1960254564614,0.7489964703536002
3730,123.88797179329607,0.917329585755974
3731,103.65344617408752,1.0
3732,89.36994707700667,1.0
3733,115.3325664011829,1.0
3734,123.10990970829445,0.9173295857559741
3735,112.127115864215,0.7489964703536002
3736,240.62138917342918,0.5296204832718194
3737,244.20322302186815,0.27415173549429606
3738,241.66857665880966,1.2971960592034162e-16
3739,305.6668720974506,0.0
3740,313.26726931684743,0.0
3741,328.09879630089836,0.0
3742,401.4314475703641,0.0
3743,399.588022745448,0.0
3744,385.43508470069673,0.0
3745,395.1988285373093,0.0
3746,371.2520859256231,0.0
3747,399.518586449562,0.0
3748,414.52315897670013,0.0
3749,285.0737412596375,0.0
3750,295.7321947643297,0.0
3751,145.86959080271345,0.27419184808818864
3752,156.9544210713217,0.5296979748526205
3753,136.5416140625901,0.7491060599981387
3754,105.22924361536276,0.9174638051110803
3755,89.90916985756051,1.0
3756,114.77750511825079,1.0
3757,138.04116004827844,1.0
3758,116.86454911012963,0.9174638051110804
3759,113.26889981634895,0.7491060599981387
3760,249.86019079006977,0.5296979748526205
3761,245.86209901348272,0.2741918480881889
3762,236.2390305937444,1.297385858836194e-16
3763,331.5653937600341,0.0
3764,324.39517304924266,0.0
3765,321.89739379510553,0.0
3766,385.6724741555983,0.0
3767,413.01896166615444,0.0
3768,405.1655645587341,0.0
3769,390.55408156632916,0.0
3770,409.21102985892,0.0
3771,391.2182815541143,0.0
3772,387.8050897046043,0.0
3773,293.5038533443217,0.0
3774,281.36746811702807,0.0
3775,147.5117698559959,0.2742274053887845
3776,119.87952275091723,0.5297666662825379
3777,127.11193531578827,0.7492032043499467
3778,88.57555292383954,0.9175827821577418
3779,112.44977271929122,1.0
3780,111.67876350951947,1.0
3781,109.56225447454557,1.0
3782,100.97167669673502,0.9175827821577419
3783,99.41580399154226,0.7492032043499467
3784,251.4514246002531,0.5297666662825379
3785,239.27236305719234,0.2742274053887848
3786,249.67528609612793,1.2975541043157483e-16
3787,310.9110746927248,0.0
3788,323.70681183946846,0.0
3789,337.17339537400824,0.0
3790,404.22312121945015,0.0
3791,392.240165796139,0.0
3792,400.0945437434088,0.0
3793,394.1201740047751,0.0
3794,397.10271831547436,0.0
3795,393.1008234733556,0.0
3796,395.0361336285129,0.0
3797,305.02752488385215,0.0
3798,290.5621002519786,0.0
3799,129.59808125438371,0.27425839685968795
3800,125.12611653228892,0.5298265372068185
3801,122.58537392421894,0.7492878746230561
3802,98.82350943596501,0.9176864816404919
3803,115.3444518242603,1.0
3804,102.71745155670814,1.0
3805,119.59427531338392,1.0
3806,113.8474667276415,0.917686481640492
3807,89.80885118135411,0.7492878746230561
3808,253.62666078631693,0.5298265372068185
3809,255.49653752275717,0.2742583968596882
3810,233.8406016776384,1.297700745787313e-16
3811,326.4298534521371,0.0
3812,311.1095760884868,0.0
3813,322.5595994583772,0.0
3814,381.83417521567804,0.0
3815,375.4908786687227,0.0
3816,320.810068446379,0.0
3817,323.91912736643656,0.0
3818,320.63171839835934,0.0
3819,311.1955080230639,0.0
3820,320.605085976161,0.0
3821,251.15829872371899,0.0
3822,247.38804533127973,0.0
3823,118.4056819106672,0.2742848133174572
3824,108.17428713802585,0.5298775698844153
3825,130.27628452007056,0.7493600457278378
3826,78.85845559612396,0.9177748728309358
3827,98.82325919982195,1.0
3828,107.15522875030086,1.0
3829,98.74343274776807,1.0
3830,90.54224491000336,0.917774872830936
3831,86.63297107482558,0.7493600457278378
3832,213.8735456879146,0.5298775698844153
3833,184.36479477221945,0.27428481331745747
3834,189.7990027508038,1.2978257397978546e-16
3835,258.65149111264645,0.0
3836,278.2740293886911,0.0
3837,267.97939593103786,0.0
3838,313.7873256196117,0.0
3839,321.68018225711575,0.0
3840,317.8948126749107,0.0
3841,316.7492224972638,0.0
3842,337.0133651067476,0.0
3843,308.80577285290417,0.0
3844,344.5720606728787,0.0
3845,257.7609965900755,0.0
3846,260.91258035510435,0.0
3847,110.61140100000627,0.27430664693432577
3848,114.36738651536005,0.5299197491932446
3849,98.96885337001282,0.7494196962784357
3850,86.63739123064587,0.9178479295368563
3851,98.85719828716532,1.0
3852,108.48609685682426,1.0
3853,79.64745831381809,1.0
3854,88.54726887162431,0.9178479295368565
3855,91.11774947265724,0.7494196962784357
3856,184.60609982382644,0.5299197491932446
3857,208.45176115123706,0.27430664693432605
3858,192.66768626922493,1.2979290493089507e-16
3859,260.966446112977,0.0
3860,257.88773786415874,0.0
3861,253.8390682584652,0.0
3862,325.18215057829957,0.0
3863,322.67937546125,0.0
3864,392.0440172406583,0.0
3865,387.7647723678382,0.0
3866,400.34060787739776,0.0
3867,416.3497190499097,0.0
3868,398.18495862207186,0.0
3869,314.0534656859829,0.0
3870,285.4173840052078,0.0
3871,143.50253435295463,0.2743238912405217
3872,128.4409772537766,0.5299530626346668
3873,123.88629795104657,0.7494668085991043
3874,104.41506077563508,0.9179056301099746
3875,127.5903096781064,1.0
3876,124.68770760917926,1.0
3877,116.20357432979631,1.0
3878,94.89511094646434,0.9179056301099747
3879,110.93214984848827,0.7494668085991043
3880,249.07668838129842,0.5299530626346668
3881,247.56272302942077,0.274323891240522
3882,223.33076527270865,1.2980106437077633e-16
3883,310.2974858750015,0.0
3884,320.21236688145535,0.0
3885,327.41679096544624,0.0
3886,370.152777974803,0.0
3887,394.560824122244,0.0
3888,398.0694749666777,0.0
3889,406.5482335903248,0.0
3890,404.6671807389795,0.0
3891,403.3437455538359,0.0
3892,386.75360364770705,0.0
3893,279.0871284330957,0.0
3894,297.2665209938386,0.0
3895,153.57418537683495,0.274336541126185
3896,158.2760578046254,0.5299775003371904
3897,150.08119270190565,0.7495013687294464
3898,118.3957726530866,0.9179479574523657
3899,117.79935856009737,1.0
3900,106.57025781833642,1.0
3901,111.68295925682234,1.0
3902,133.27251708938175,0.9179479574523658
3903,101.93298670996327,0.7495013687294464
3904,264.7386581773608,0.5299775003371904
3905,241.49697483493782,0.27433654112618533
3906,261.2664979979835,1.2980704988161113e-16
3907,303.9753210945159,0.0
3908,327.88795162246214,0.0
3909,312.0158595771149,0.0
3910,379.36968342504,0.0
3911,398.9752982370616,0.0
3912,408.3201362405298,0.0
3913,386.06717751425623,0.0
3914,378.2182832518773,0.0
3915,395.1043376053587,0.0
3916,395.157250832052,0.0
3917,308.4514353610374,0.0
3918,313.2667346867572,0.0
3919,140.7893302452223,0.27434459284288154
3920,163.76835219802336,0.5299930550593966
3921,144.19312935491573,0.7495233664285494
3922,109.04473186431098,0.9179748990215245
3923,93.86304162715984,1.0
3924,110.04993569259976,1.0
3925,109.16520659146013,1.0
3926,124.72550749177141,0.9179748990215246
3927,118.75165342519603,0.7495233664285494
3928,231.11824540259508,0.5299930550593966
3929,247.33772749911896,0.2743445928428818
3930,253.32904892293513,1.2981085968976344e-16
3931,339.07495113243635,0.0
3932,331.38862242875103,0.0
3933,329.8687346715201,0.0
3934,396.92750671276013,0.0
3935,400.86621884245955,0.0
3936,411.0611691701298,0.0
3937,380.0737815919001,0.0
3938,391.87383843505245,0.0
3939,386.796285376581,0.0
3940,400.6169477863694,0.0
3941,316.528083526214,0.0
3942,294.60172597775164,0.0
3943,112.76888700524387,0.2743480440047138
3944,136.50589047458348,0.5299997221920856
3945,152.414224199086,0.7495327951780203
3946,119.61359036730026,0.9179864468340826
3947,118.30026650562861,1.0
3948,109.80211190940794,1.0
3949,97.81366269726426,1.0
3950,119.34556339139532,0.9179864468340827
3951,103.1506498114862,0.7495327951780203
3952,271.3935624530192,0.5299997221920856
3953,252.03048815270787,0.2743480440047141
3954,238.21662202180627,1.2981249266630482e-16
3955,313.28913303839124,0.0
3956,319.5104255276917,0.0
3957,317.7517329427938,0.0
3958,409.4691156680154,0.0
3959,398.30410439858446,0.0
3960,387.1552569107452,0.0
3961,418.6201259995169,0.0
3962,396.5265377558902,0.0
3963,405.1609138892743,0.0
3964,388.63611968831043,0.0
3965,306.02202583971336,0.0
3966,305.3979582004974,0.0
3967,118.72950770114885,0.2743468935890281
3968,165.58860053183037,0.529997499759642
3969,156.89303273737326,0.7495296521839172
3970,108.3578955712903,0.917982597468174
3971,99.8970024795719,1.0
3972,117.29497873068478,1.0
3973,114.16461175801491,1.0
3974,117.3922667478009,0.9179825974681741
3975,115.42316811937123,0.7495296521839172
3976,251.1774104959291,0.529997499759642
3977,262.4701870169597,0.2743468935890284
3978,251.91975708580176,1.2981194832734918e-16
3979,307.92281221403346,0.0
3980,336.8694324335022,0.0
3981,340.20605296281224,0.0
3982,433.7595185917926,0.0
3983,382.45290937877235,0.0
3984,327.4785350586743,0.0
3985,299.5787664626032,0.0
3986,331.20174077742155,0.0
3987,317.98554732286976,0.0
3988,347.64530043877045,0.0
3989,237.99144009377397,0.0
3990,227.01662327838983,0.0
3991,110.26053186188084,0.27434114193671744
3992,92.20984349570543,0.5299863884206206
3993,124.9288902043988,0.749513938377577
3994,67.95156084517302,0.9179633520644488
3995,93.07404837444678,1.0
3996,67.79881556197451,1.0
3997,88.88898374580916,1.0
3998,112.45309526990327,0.9179633520644489
3999,97.06033209747841,0.749513938377577
4000,190.5586177742933,0.5299863884206206
4001,200.5460991666035,0.2743411419367177
4002,201.13674349840588,1.298092268341958e-16
4003,268.41381011749263,0.0
4004,246.33994560800187,0.0
4005,269.85305325353977,0.0
4006,292.1112513216377,0.0
4007,317.0053362725053,0.0
4008,318.6079265640976,0.0
4009,332.067134586371,0.0
4010,324.7387829056386,0.0
4011,307.6004560272407,0.0
4012,312.647295163712,0.0
4013,249.59727453248593,0.0
4014,246.26430631554237,0.0
4015,108.93165806776966,0.27433079075212047
4016,110.11114190925485,0.5299663914675509
4017,124.23516334931008,0.7494856584153395
4018,86.49260703228832,0.9179287163257354
4019,91.64782297837002,1.0
4020,118.74415696368541,1.0
4021,75.62072626411181,1.0
4022,70.48280512782299,0.9179287163257355
4023,102.10799388430218,0.7494856584153395
4024,192.71693872902836,0.5299663914675509
4025,197.04180513164616,0.27433079075212075
4026,191.48677892698421,1.2980432899328189e-16
4027,259.5463323798267,0.0
4028,281.84639141419296,0.0
4029,272.2894755724543,0.0
4030,334.81389481615986,0.0
4031,307.4724880040044,0.0
4032,381.7671075531105,0.0
4033,361.51200847791984,0.0
4034,385.8683825387519,0.0
4035,407.06139062837286,0.0
4036,401.78431058072545,0.0
4037,298.7368521906659,0.0
4038,301.12740794147476,0.0
4039,133.01228505757547,0.27431584310251667
4040,143.73601815730174,0.5299375148259616
4041,150.46945092224772,0.7494448206771683
4042,93.6324878058586,0.9178787005153509
4043,116.61890150883245,1.0
4044,124.21234770624028,1.0
4045,108.04192578722385,1.0
4046,121.43153660023128,0.917878700515351
4047,146.79898258845492,0.7494448206771683
4048,243.63133320285658,0.5299375148259616
4049,249.60313131876316,0.274315843102517
4050,236.02676171476259,1.297972562559434e-16
4051,322.40721350644674,0.0
4052,325.75545905500974,0.0
4053,322.57030763846376,0.0
4054,383.34460855523866,0.0
4055,398.0572936476504,0.0
4056,413.0237691663334,0.0
4057,400.86104707589607,0.0
4058,407.02126417058383,0.0
4059,392.63327426157025,0.0
4060,404.4762207748063,0.0
4061,304.66734198371967,0.0
4062,289.90519916887456,0.0
4063,145.06418702248715,0.2742963034172172
4064,129.34157500361692,0.529899767052625
4065,133.64737166628314,0.7493914372641662
4066,115.265487659429,0.9178133194540592
4067,116.560479252482,1.0
4068,98.72275839099495,1.0
4069,125.64137722611503,1.0
4070,119.85762331152618,0.9178133194540593
4071,104.5368067445899,0.7493914372641662
4072,226.36833638177103,0.529899767052625
4073,243.08049899018394,0.2742963034172175
4074,239.4680293728272,1.2978801071798508e-16
4075,321.5060714050777,0.0
4076,315.79098598657464,0.0
4077,296.05890359150135,0.0
4078,390.81725464210786,0.0
4079,391.809988568902,0.0
4080,402.9850822793037,0.0
4081,387.0027538866824,0.0
4082,415.5252460624858,0.0
4083,372.4414633741939,0.0
4084,411.1151599556465,0.0
4085,298.5509532881408,0.0
4086,311.55779940680077,0.0
4087,142.16517137371017,0.2742721774862525
4088,154.88221999731098,0.5298531593330208
4089,136.5592099903716,0.7493255239949906
4090,99.78259774987055,0.9177325925156798
4091,130.01209429925706,1.0
4092,111.6042751014186,1.0
4093,115.62474453549481,1.0
4094,127.78306582054184,0.91773259251568
4095,100.58257994687108,0.7493255239949906
4096,251.90565028434705,0.5298531593330208
4097,237.6810224351213,0.27427217748625277
4098,243.1737272449435,1.297765951190593e-16
4099,320.93780233195696,0.0
4100,302.06779240998225,0.0
4101,310.72441023350024,0.0
4102,411.5940246909727,0.0
4103,406.01544424503254,0.0
4104,394.54050223096004,0.0
4105,398.2096586610416,0.0
4106,391.7612670912494,0.0
4107,411.5711777888227,0.0
4108,392.8879462253569,0.0
4109,303.9570972266749,0.0
4110,314.92735385076145,0.0
4111,131.84731973859445,0.27424347245865655
4112,159.88124777070806,0.5297977054780223
4113,122.8102406398248,0.7492471004011659
4114,132.49632761874983,0.9176365436213468
4115,108.46851503797257,1.0
4116,110.02823707149287,1.0
4117,90.26049999120093,1.0
4118,107.48308543686395,0.917636543621347
4119,100.46294367307364,0.7492471004011659
4120,237.41292495387688,0.5297977054780223
4121,243.056949508892,0.2742434724586569
4122,256.1981804720334,1.2976301284185446e-16
4123,322.48966934543023,0.0
4124,323.69054896943607,0.0
4125,306.85219646247594,0.0
4126,384.7231280836541,0.0
4127,416.8768773791026,0.0
4128,386.3881133797461,0.0
4129,415.0850248215926,0.0
4130,392.2937914103346,0.0
4131,395.23798103062705,0.0
4132,408.0549077196642,0.0
4133,316.37549062281056,0.0
4134,299.78303083619767,0.0
4135,136.48769971377902,0.27421019684034864
4136,140.47557097377094,0.5297334219198035
4137,145.20210669482293,0.7491561897212954
4138,123.61293732726708,0.9175252012324207
4139,112.96805139275983,1.0
4140,120.34392866110785,1.0
4141,132.5776098720813,1.0
4142,117.49300843200743,0.9175252012324208
4143,116.65712735688734,0.7491561897212954
4144,226.42720511605089,0.5297334219198035
4145,213.08537337518294,0.2742101968403489
4146,249.3146437678937,1.297472679110924e-16
4147,318.7944396316479,0.0
4148,313.75493830804146,0.0
4149,322.85469285725446,0.0
4150,394.48568104654214,0.0
4151,408.7438888045118,0.0
4152,325.04503089383456,0.0
4153,315.0486210538848,0.0
4154,335.8936953422383,0.0
4155,321.40612757537235,0.0
4156,330.3301406787945,0.0
4157,241.13712903024015,0.0
4158,239.0681348785845,0.0
4159,116.72848321748792,0.2741723604916125
4160,115.87240817778378,0.5296603277069701
4161,121.47638887966156,0.7490528188941754
4162,89.35102252449074,0.917398598342054
4163,70.53845415896288,1.0
4164,87.38148496114698,1.0
4165,102.10059316993343,1.0
4166,89.00625861329037,0.9173985983420541
4167,89.61817073403307,0.7490528188941754
4168,212.41518979332116,0.5296603277069701
4169,192.03499299534283,0.2741723604916128
4170,182.06503310353511,1.2972936499233585e-16
4171,260.36761266428243,0.0
4172,256.48509868360355,0.0
4173,250.70023026154934,0.0
4174,321.9071590039425,0.0
4175,329.9097682416882,0.0
4176,323.8453485503425,0.0
4177,327.64058416139113,0.0
4178,345.7177036713414,0.0
4179,319.8422649504655,0.0
4180,327.2969949048923,0.0
4181,240.7136768215009,0.0
4182,236.66792053404683,0.0
4183,108.67996933368543,0.2741299746241749
4184,109.95375831643841,0.5295784444989148
4185,120.01257074526418,0.7489370185508128
4186,120.74799838016804,0.9172567724654154
4187,83.96656770444886,1.0
4188,87.5595852723734,1.0
4189,91.80161278242397,1.0
4190,97.30867512427592,0.9172567724654155
4191,95.72169868321637,0.7489370185508128
4192,215.95384223018846,0.5295784444989148
4193,171.42798785638857,0.27412997462417515
4194,171.901534260463,1.2970930939060608e-16
4195,256.3002139318619,0.0
4196,275.4183542465082,0.0
4197,243.46297561671656,0.0
4198,287.8652232128312,0.0
4199,330.8109641637868,0.0
4200,397.93361822297044,0.0
4201,381.92723065694474,0.0
4202,383.1832563298867,0.0
4203,383.3728069029218,0.0
4204,396.3361553482252,0.0
4205,293.44401214373755,0.0
4206,306.88856248563985,0.0
4207,106.81938416605368,0.27408305179788306
4208,130.7926817393728,0.5294877965593994
4209,127.56225658997377,0.748808823005349
4210,109.78383515625521,0.9170997656285732
4211,106.40335019484345,1.0
4212,122.43404865547431,1.0
4213,90.54788203680442,1.0
4214,113.40582101269413,0.9170997656285733
4215,119.55996037526558,0.748808823005349
4216,266.80960304831456,0.5294877965593994
4217,238.74864215644936,0.2740830517978834
4218,248.42333706180128,1.296871070488107e-16
4219,298.12342916330607,0.0
4220,291.0663082222982,0.0
4221,329.90707518343487,0.0
4222,394.94300801476106,0.0
4223,409.151883816119,0.0
4224,378.47675150537134,0.0
4225,401.1964118473534,0.0
4226,417.3834002595346,0.0
4227,399.99405347329554,0.0
4228,398.2765642401009,0.0
4229,301.02273862551755,0.0
4230,282.0694881701144,0.0
4231,157.3231560045986,0.2740316059169832
4232,133.7259890984136,0.5293884107493646
4233,147.1100798526706,0.7486682702448904
4234,94.08861294200447,0.9169276243560416
4235,98.69150864676615,1.0
4236,130.06607341152636,1.0
4237,108.6773971533654,1.0
4238,130.28433033337006,0.9169276243560417
4239,111.9062567121573,0.7486682702448904
4240,222.39478006970134,0.5293884107493646
4241,255.20236454197627,0.2740316059169835
4242,237.41884553212833,1.2966276454598276e-16
4243,328.1118355213065,0.0
4244,320.03010016958297,0.0
4245,301.21015102378755,0.0
4246,396.9291233574552,0.0
4247,421.3122638788419,0.0
4248,400.8286989173288,0.0
4249,394.2226483790897,0.0
4250,407.81698223863805,0.0
4251,397.44088299759255,0.0
4252,397.4272721783088,0.0
4253,287.7864875837329,0.0
4254,303.6921659591173,0.0
4255,153.46562864527306,0.273975652226
4256,131.00756182306944,0.5292803165189709
4257,158.1342575032331,0.7485154019182534
4258,111.73177382887427,0.9167403996569946
4259,102.17901198015329,1.0
4260,124.80383104165873,1.0
4261,109.39071528975656,1.0
4262,121.94642476844908,0.9167403996569948
4263,109.33114253151334,0.7485154019182534
4264,243.75195286797535,0.5292803165189709
4265,250.3925890423457,0.2739756522260003
4266,247.96063128141427,1.2963628909533116e-16
4267,295.74498263732386,0.0
4268,306.236439121612,0.0
4269,330.84428382023447,0.0
4270,393.3272223483367,0.0
4271,388.62808578189816,0.0
4272,378.57268233479994,0.0
4273,381.9187346625794,0.0
4274,370.61398683834625,0.0
4275,393.66020189347125,0.0
4276,387.69431955091704,0.0
4277,289.2585228456159,0.0
4278,300.04009643542423,0.0
4279,145.39463704090772,0.27391520730521984
4280,166.1453646571942,0.5291635458988717
4281,122.88438843591629,0.7483502633236223
4282,126.73416409614615,0.9165381470101516
4283,124.49881030872075,1.0
4284,103.47247870401948,1.0
4285,115.26042303157226,1.0
4286,107.32999258448851,0.9165381470101517
4287,115.04985454156476,0.7483502633236223
4288,262.55635391002437,0.5291635458988717
4289,251.7140565407455,0.2739152073052201
4290,250.55008222797107,1.2960768854210337e-16
4291,314.497464294074,0.0
4292,301.8524961544377,0.0
4293,317.1595576070448,0.0
4294,409.3548683762566,0.0
4295,376.54955623881386,0.0
4296,382.1846521131888,0.0
4297,396.360937366118,0.0
4298,383.029867113142,0.0
4299,385.3354431659266,0.0
4300,389.76254155057103,0.0
4301,284.4474288878585,0.0
4302,289.1453755835439,0.0
4303,149.45746519120098,0.2738502890657771
4304,125.3278928029817,0.5290381334907218
4305,121.84186457581521,0.7481729033951269
4306,105.2527643973959,0.9163209263473364
4307,121.59653018192077,1.0
4308,110.45000245583995,1.0
4309,107.2380912144152,1.0
4310,113.34536972198991,0.9163209263473365
4311,91.8645749574868,0.7481729033951269
4312,250.3647735075394,0.5290381334907218
4313,249.02952603908275,0.2738502890657774
4314,239.51660397309035,1.2957697136126055e-16
4315,331.7081092383311,0.0
4316,306.1070619093376,0.0
4317,333.1719230158169,0.0
4318,396.69964851845214,0.0
4319,390.8070934527711,0.0
4320,323.51664886110774,0.0
4321,322.4679552957962,0.0
4322,338.3985272425401,0.0
4323,310.8349829558753,0.0
4324,314.6049016157683,0.0
4325,259.10621183670025,0.0
4326,239.52415790962417,0.0
4327,126.43322995852463,0.27378091674434724
4328,136.02006482665007,0.5289041164569244
4329,110.80529270724594,0.7479833746883415
4330,100.67781434334009,0.9160888020357195
4331,78.65715904835812,1.0
4332,101.55826600125013,1.0
4333,94.89455425627763,1.0
4334,98.17792581035901,0.9160888020357196
4335,84.7546015600117,0.7479833746883415
4336,180.4868429328062,0.5289041164569244
4337,206.45886869660634,0.2737809167443475
4338,175.65900608985882,1.295441466549663e-16
4339,258.2792822956595,0.0
4340,273.3816705996096,0.0
4341,264.3902610330464,0.0
4342,347.13524422300526,0.0
4343,336.05644231650876,0.0
4344,315.89610771527185,0.0
4345,324.07064893339606,0.0
4346,323.17443994464554,0.0
4347,304.75676721502526,0.0
4348,312.4581013773665,0.0
4349,239.93211740209216,0.0
4350,222.22660225157927,0.0
4351,116.19238175301213,0.27370711089744626
4352,112.63359799815593,0.5287615345096188
4353,95.54773331825353,0.7477817333647124
4354,97.34852249052193,0.9158418428587443
4355,101.08844104348546,1.0
4356,95.22238185357261,1.0
4357,88.6091500046863,1.0
4358,99.5952739282162,0.9158418428587444
4359,100.66061243291423,0.7477817333647124
4360,204.1011070688898,0.5287615345096188
4361,190.5169172270364,0.2737071108974466
4362,203.7314734183877,1.2950922414988952e-16
4363,276.4233441136219,0.0
4364,254.9180276003754,0.0
4365,287.25284837330537,0.0
4366,317.4353171673542,0.0
4367,324.13177253526044,0.0
4368,386.7311062781941,0.0
4369,397.48018346131323,0.0
4370,373.8942731186468,0.0
4371,388.24843184446945,0.0
4372,381.6954790260873,0.0
4373,302.4247713596752,0.0
4374,312.7340796910746,0.0
4375,148.75240761332824,0.27362889339533947
4376,112.54042103764692,0.5286104298989133
4377,165.5051692030882,0.7475680391749155
4378,116.3436259818133,0.9155801219957442
4379,103.48227700844689,1.0
4380,114.68580172225418,1.0
4381,114.9145445643952,1.0
4382,104.79808209094412,0.9155801219957443
4383,115.1752667024678,0.7475680391749155
4384,237.1109103863426,0.5286104298989133
4385,239.548233925506,0.2736288933953398
4386,236.16522820872527,1.2947221419432212e-16
4387,302.40870015715234,0.0
4388,321.3507932766128,0.0
4389,326.62434887222423,0.0
4390,400.9795365831866,0.0
4391,404.6400364618929,0.0
4392,398.6930159504485,0.0
4393,388.40822745166724,0.0
4394,404.87689980344436,0.0
4395,378.5107229521669,0.0
4396,383.99287684012035,0.0
4397,289.2303103278888,0.0
4398,313.76138389463944,0.0
4399,152.31379553763455,0.27354628741556086
4400,146.84799621249357,0.5284508474003651
4401,153.8634917504952,0.7473423554411514
4402,102.24887330541904,0.91530371700026
4403,116.98340813269465,1.0
4404,111.29817355376493,1.0
4405,122.96285194098186,1.0
4406,111.41757590373652,0.9153037170002601
4407,108.18095203344191,0.7473423554411514
4408,250.89148006051815,0.5284508474003651
4409,254.91460784408108,0.27354628741556114
4410,236.38043549962464,1.2943312775511273e-16
4411,318.8678475777997,0.0
4412,306.89946803032836,0.0
4413,289.6240234241129,0.0
4414,397.2064490072349,0.0
4415,402.1077977053257,0.0
4416,397.9532021665758,0.0
4417,371.4136598444827,0.0
4418,390.59820729661743,0.0
4419,368.1882273369222,0.0
4420,411.24481374938534,0.0
4421,287.77374536318115,0.0
4422,315.8712436621169,0.0
4423,152.35343588761515,0.2734593174360449
4424,130.19591593297267,0.5282828343017125
4425,127.40958074819247,0.7471047490383805
4426,117.00684272736038,0.9150127097770567
4427,102.67051168452747,1.0
4428,114.03221583662281,1.0
4429,107.00846904104131,1.0
4430,91.42849915713671,0.9150127097770568
4431,86.03678390123082,0.7471047490383805
4432,247.1254112651712,0.5282828343017125
4433,237.66650732726853,0.2734593174360452
4434,237.76812248026644,1.293919764144168e-16
4435,327.957166439511,0.0
4436,333.6881076899749,0.0
4437,316.33626371404387,0.0
4438,390.72121597461677,0.0
4439,400.8101168549017,0.0
4440,378.5401054630289,0.0
4441,397.5011689563962,0.0
4442,401.4459639612897,0.0
4443,402.9860948004354,0.0
4444,371.58229986939426,0.0
4445,291.6815137523299,0.0
4446,290.2786179561556,0.0
4447,142.20697641699047,0.2733680092278736
4448,146.77726792129573,0.5281064403888628
4449,158.9688578534317,0.7468552903745084
4450,106.86708060684707,0.9147071865578551
4451,106.83579639155337,1.0
4452,126.60273059780891,1.0
4453,116.36558963362761,1.0
4454,128.01848450551964,0.9147071865578552
4455,116.27140240738198,0.7468552903745084
4456,230.52904437984597,0.5281064403888628
4457,228.41690354707154,0.27336800922787385
4458,225.79629681569807,1.2934877236626468e-16
4459,327.56351006901616,0.0
4460,333.8820499289586,0.0
4461,341.81123374855105,0.0
4462,404.9405962873027,0.0
4463,408.77739522984365,0.0
4464,387.88552853946493,0.0
4465,380.96873473038283,0.0
4466,405.0466765203198,0.0
4467,399.85789355818196,0.0
4468,396.13505702339984,0.0
4469,305.4832955057362,0.0
4470,304.7130635276388,0.0
4471,156.422132507996,0.2732723898476396
4472,156.55615720755674,0.5279217179311393
4473,147.54697441783742,0.746594053369521
4474,122.96269862255775,0.914387237875779
4475,118.98181478089992,1.0
4476,107.27902736738719,1.0
4477,121.8918402507603,1.0
4478,96.07912332549148,0.9143872378757791
4479,125.45976277935321,0.746594053369521
4480,230.09403038504658,0.5279217179311393
4481,247.85794510377582,0.2732723898476399
4482,234.2864581611251,1.2930352841294834e-16
4483,326.2776828936672,0.0
4484,319.2299123856392,0.0
4485,300.49994359881407,0.0
4486,399.8941201035309,0.0
4487,387.9106752093166,0.0
4488,334.37172847442986,0.0
4489,323.81387608948233,0.0
4490,328.5430196493259,0.0
4491,312.30714036448694,0.0
4492,316.7259810475411,0.0
4493,241.1995499474875,0.0
4494,256.98364334361116,0.0
4495,135.77065641961926,0.27317248762942886
4496,105.98007034503885,0.5277287216657927
4497,128.56430910184554,0.7463211154335804
4498,66.47757608005426,0.9140529585385275
4499,78.18343227965522,1.0
4500,81.0083636185214,1.0
4501,76.28360081947403,1.0
4502,73.51064441531173,0.9140529585385277
4503,97.46969203841627,0.7463211154335804
4504,197.87754866158485,0.5277287216657927
4505,204.9992258055805,0.27317248762942914
4506,208.73203326777733,1.292562579612275e-16
4507,265.3095683475647,0.0
4508,270.0153225432988,0.0
4509,261.2877769945871,0.0
4510,309.5540471650005,0.0
4511,336.491737994519,0.0
4512,316.75920076705376,0.0
4513,312.60139077527816,0.0
4514,321.6935318507745,0.0
4515,312.8748153288691,0.0
4516,318.81938177655405,0.0
4517,250.85515857146808,0.0
4518,250.90661238366,0.0
4519,104.87909147447361,0.2730683321764248
4520,109.80058779619623,0.5275275087817817
4521,128.5450483288241,0.7460365574440878
4522,98.47924323007223,0.9137044476002831
4523,117.42322228944744,1.0
4524,106.68397990216326,1.0
4525,106.2539586399842,1.0
4526,75.86801921179531,0.9137044476002832
4527,101.688766036866,0.7460365574440878
4528,199.8280089837111,0.5275275087817817
4529,193.85350896161503,0.27306833217642507
4530,202.48147469046438,1.2920697501835727e-16
4531,273.48945689758847,0.0
4532,268.1568975743012,0.0
4533,251.60523286614594,0.0
4534,332.7380533235387,0.0
4535,316.1774958555157,0.0
4536,397.5577836005798,0.0
4537,391.3173853632827,0.0
4538,392.33119115218085,0.0
4539,404.15250187349443,0.0
4540,382.47526153521756,0.0
4541,324.26240654694857,0.0
4542,279.0670328240914,0.0
4543,133.88426857701612,0.27295995435213594
4544,145.4988234553753,0.5273181389028264
4545,148.06805077329813,0.7457404637217169
4546,111.63931597399906,0.913341808332358
4547,112.15633618484101,1.0
4548,117.77162564479092,1.0
4549,110.07219089136736,1.0
4550,129.5631997160784,0.9133418083323581
4551,122.91721399163875,0.7457404637217169
4552,254.97144555726325,0.5273181389028264
4553,232.90367266475062,0.2729599543521362
4554,243.5448922523272,1.291556941879372e-16
4555,316.12197837445353,0.0
4556,307.6603532508284,0.0
4557,324.04953996645116,0.0
4558,388.5058370796505,0.0
4559,402.8224321312112,0.0
4560,382.1674327838059,0.0
4561,415.63821889263977,0.0
4562,384.25373963543313,0.0
4563,397.64135958494313,0.0
4564,404.5120432631947,0.0
4565,294.11211029553226,0.0
4566,311.18941917912906,0.0
4567,126.32470094730138,0.27284738627125055
4568,158.5003165110971,0.5271006740697405
4569,141.2446953004955,0.7454329220054275
4570,105.70298640109856,0.9129651481925937
4571,109.2697420275959,1.0
4572,122.56695452943775,1.0
4573,105.84645979451986,1.0
4574,103.86763102365178,0.9129651481925939
4575,110.20148412572026,0.7454329220054275
4576,230.40628845633145,0.5271006740697405
4577,266.37636070487287,0.2728473862712508
4578,237.73309871499438,1.29102430665584e-16
4579,329.7491841082193,0.0
4580,322.2834236778277,0.0
4581,307.9553740682708,0.0
4582,394.9382750279851,0.0
4583,404.4177648902669,0.0
4584,392.8101460389111,0.0
4585,409.3866374101591,0.0
4586,407.32746677332915,0.0
4587,406.09626031584673,0.0
4588,389.5534007926708,0.0
4589,288.0470579103911,0.0
4590,293.6421160194154,0.0
4591,143.45106345226736,0.27273066129012047
4592,147.64561272665497,0.5268751787220471
4593,115.03731530714134,0.7451140234264676
4594,112.77957931207236,0.9125745787935184
4595,114.77400843529158,1.0
4596,109.54640665562674,1.0
4597,128.37222379960392,1.0
4598,117.93829862242382,0.9125745787935186
4599,128.59924062838414,0.7451140234264676
4600,241.9751721738595,0.5268751787220471
4601,255.81642832814538,0.27273066129012075
4602,264.1874951523925,1.2904720023442896e-16
4603,335.5583116302765,0.0
4604,306.7122911178597,0.0
4605,316.77387730849597,0.0
4606,390.92730559454924,0.0
4607,400.9403364808627,0.0
4608,403.3724627513047,0.0
4609,385.0695080028214,0.0
4610,395.95028225813354,0.0
4611,370.89709210525666,0.0
4612,412.43956016075293,0.0
4613,294.90767680035987,0.0
4614,301.7265349666141,0.0
4615,137.40428203611836,0.2726098139968768
4616,154.87240950413607,0.5266417196788847
4617,107.07000130720654,0.7447838624813687
4618,112.69673877526917,0.9121702158692747
4619,111.62623779320771,1.0
4620,107.45242623207989,1.0
4621,133.61078143080766,1.0
4622,102.24810937691083,0.9121702158692748
4623,122.15761701000801,0.7447838624813687
4624,248.88316971136317,0.5266417196788847
4625,259.7463672773163,0.27260981399687706
4626,236.6018672295601,1.289900192604408e-16
4627,311.07655137952514,0.0
4628,333.025017058739,0.0
4629,324.97603386897157,0.0
4630,376.5969719310092,0.0
4631,388.664559917571,0.0
4632,399.84711764308173,0.0
4633,405.26369645546407,0.0
4634,387.05975795858956,0.0
4635,360.2394539191017,0.0
4636,401.4892040257494,0.0
4637,286.468933280219,0.0
4638,276.9047159820778,0.0
4639,107.1587052562278,0.27248488020118045
4640,150.91438667841038,0.5264003661192059
4641,142.6900257608971,0.7444425370039439
4642,110.20941651628299,0.9117521792413235
4643,129.58558544038314,1.0
4644,120.56518928110688,1.0
4645,132.312893597493,1.0
4646,96.20446741882606,0.9117521792413236
4647,112.50268559738244,0.7444425370039439
4648,225.2535745177555,0.5264003661192059
4649,241.9015470348661,0.2724848802011807
4650,241.67074477193157,1.289309046875761e-16
4651,327.4516940541752,0.0
4652,320.4790969807211,0.0
4653,327.41321606637734,0.0
4654,403.65180739457173,0.0
4655,421.0696699255027,0.0
4656,320.35602540685375,0.0
4657,312.84731286229066,0.0
4658,327.0925886540841,0.0
4659,314.5122249446127,0.0
4660,341.92311449152567,0.0
4661,243.56487707192366,0.0
4662,240.17657712477856,0.0
4663,110.10834894271773,0.2723558969236115
4664,124.38514667819084,0.5261511895612795
4665,113.87117379775331,0.7440901481362989
4666,84.91130823566033,0.9113205927829398
4667,112.59553308870728,1.0
4668,82.33727198928392,1.0
4669,93.03810296562084,1.0
4670,100.43898389654768,0.9113205927829399
4671,73.03528875222003,0.7440901481362989
4672,206.42096451752508,0.5261511895612795
4673,187.99654639488858,0.27235589692361184
4674,210.531231870662,1.2886987403275867e-16
4675,250.8468997424429,0.0
4676,270.7119402676569,0.0
4677,275.66870868100716,0.0
4678,334.4768235778809,0.0
4679,327.15538504914446,0.0
4680,321.43693167009593,0.0
4681,317.2955080692342,0.0
4682,341.8649592750576,0.0
4683,315.8186003432406,0.0
4684,311.7677501024123,0.0
4685,255.00350759011,0.0
4686,237.4654387314781,0.0
4687,104.38943195371085,0.2722229023846989
4688,98.4669427772672,0.5258942638414972
4689,109.99527584977818,0.7437268002988603
4690,91.6395748518856,0.9108755843825056
4691,95.5492558705719,1.0
4692,104.04783007023731,1.0
4693,98.95493022263304,1.0
4694,90.34168850400536,0.9108755843825057
4695,90.25380702208687,0.7437268002988603
4696,206.82489242737648,0.5258942638414972
4697,215.9738447555371,0.27222290238469915
4698,202.21877319419266,1.2880694538068867e-16
4699,256.8282026422984,0.0
4700,250.54338087979676,0.0
4701,245.1153097198766,0.0
4702,332.20777904977456,0.0
4703,331.148285268927,0.0
4704,402.4057802030017,0.0
4705,393.9335045454971,0.0
4706,412.3606348524228,0.0
4707,389.6679959667039,0.0
4708,406.9406487482082,0.0
4709,300.8512131852468,0.0
4710,294.0159187489693,0.0
4711,148.35229865271378,0.27208593599359454
4712,146.15756838910858,0.5256296650924946
4713,145.52560807610377,0.7433526011594339
4714,113.96888903659489,0.910417285905614
4715,112.53883099131853,1.0
4716,141.65401188636577,1.0
4717,127.20462771427458,1.0
4718,121.66747071174666,0.9104172859056141
4719,114.33513787036117,0.7433526011594339
4720,256.90524034632114,0.5256296650924946
4721,251.03529125585854,0.2720859359935948
4722,245.13381097244954,1.287421373784838e-16
4723,316.5056140172505,0.0
4724,319.1773778684892,0.0
4725,282.1032770899048,0.0
4726,398.00462797329345,0.0
4727,389.61570494039745,0.0
4728,414.69299237113955,0.0
4729,395.81308124148603,0.0
4730,381.31339135732543,0.0
4731,394.98239054220755,0.0
4732,383.0274993709949,0.0
4733,307.075900334641,0.0
4734,304.88637971816524,0.0
4735,152.77298714177954,0.27194503833639627
4736,131.78833006814557,0.5253574717205918
4737,141.6870087232181,0.7429676616013008
4738,96.64286770966466,0.9099458331559948
4739,121.44106663788085,1.0
4740,119.24958342006575,1.0
4741,118.97278950711512,1.0
4742,113.04255763106757,0.9099458331559949
4743,118.00040394424977,0.7429676616013008
4744,264.1355160184024,0.5253574717205918
4745,241.4623156341951,0.27194503833639655
4746,246.5471889232203,1.286754692301538e-16
4747,307.1986839650452,0.0
4748,309.8130680160421,0.0
4749,321.4059590723418,0.0
4750,408.82815495216784,0.0
4751,392.5055825007261,0.0
4752,392.86072442083514,0.0
4753,390.80909983852814,0.0
4754,389.2746427224488,0.0
4755,399.2313802410865,0.0
4756,377.7246310304369,0.0
4757,316.8506827467288,0.0
4758,293.49434024917457,0.0
4759,149.9813142440365,0.27180025116412065
4760,126.0784892500523,0.525077764382559
4761,149.34455398533342,0.7425720956903596
4762,121.11811322879701,0.9094613658352722
4763,117.6652027990938,1.0
4764,101.12163567342553,1.0
4765,116.04935621019996,1.0
4766,98.85810371821037,0.9094613658352724
4767,110.02161887386882,0.7425720956903596
4768,257.3049760706805,0.525077764382559
4769,254.5124419840655,0.271800251164121
4770,245.13421416970178,1.2860696069090983e-16
4771,308.62419190482456,0.0
4772,328.068923361989,0.0
4773,320.554445668275,0.0
4774,367.8479355938156,0.0
4775,405.08328068837886,0.0
4776,395.5189022141381,0.0
4777,410.2391111963713,0.0
4778,382.6664499944608,0.0
4779,357.68925046222245,0.0
4780,399.15870252071664,0.0
4781,305.0680564787166,0.0
4782,281.28123282725545,0.0
4783,129.618611242663,0.2716516173803316
4784,174.4232187177011,0.5247906259617172
4785,137.69327842321664,0.7421660206413268
4786,121.85999235096443,0.908964027501569
4787,105.28056670602923,1.0
4788,88.00484984821196,1.0
4789,111.04538567289897,1.0
4790,109.90122991101659,0.9089640275015692
4791,108.28994577042938,0.7421660206413268
4792,243.64936001523128,0.5247906259617172
4793,248.19626930105562,0.2716516173803319
4794,243.2236466262623,1.285366320613106e-16
4795,305.24929911557285,0.0
4796,326.2515906296845,0.0
4797,297.02491206707214,0.0
4798,371.205406733164,0.0
4799,404.67986215699324,0.0
4800,402.01908104327185,0.0
4801,395.24609339675914,0.0
4802,379.1894557205867,0.0
4803,387.43990648955867,0.0
4804,392.7818768054095,0.0
4805,282.5139106838897,0.0
4806,292.79629441050025,0.0
4807,149.23326326442285,0.2714991810284271
4808,158.53296357777327,0.5244961415433774
4809,136.37208217440008,0.7417495567830031
4810,122.20209961683534,0.9084539655269672
4811,90.15551851799255,1.0
4812,121.0376542584055,1.0
4813,103.47685838831238,1.0
4814,116.8123867655378,0.9084539655269673
4815,110.15121034616564,0.7417495567830031
4816,260.947486741664,0.5244961415433774
4817,234.609290844179,0.27149918102842735
4818,252.63379419499998,1.2846450418124689e-16
4819,317.16458864139435,0.0
4820,318.61901246483677,0.0
4821,318.31243148304225,0.0
4822,385.7867605237182,0.0
4823,395.76565018676746,0.0
4824,324.023251831096,0.0
4825,327.6699134774386,0.0
4826,325.7890922448722,0.0
4827,334.3509650919047,0.0
4828,335.85713388912626,0.0
4829,234.84016242115806,0.0
4830,257.8729122901809,0.0
4831,101.75504519488098,0.27134298727858785
4832,123.04535297785205,0.5241943983896282
4833,123.42794773663366,0.7413228275226177
4834,69.85706315620934,0.9079313310538375
4835,93.9086168145123,1.0
4836,87.1709124958356,1.0
4837,83.68768276093488,1.0
4838,109.00309382454745,0.9079313310538376
4839,84.94871616851036,0.7413228275226177
4840,191.3746862055954,0.5241943983896282
4841,201.9595486350731,0.2713429872785882
4842,209.278286310593,1.2839059842376617e-16
4843,261.21333689366344,0.0
4844,276.90956647381597,0.0
4845,269.28482786935405,0.0
4846,298.6364946597807,0.0
4847,318.42142693447374,0.0
4848,318.14720412522973,0.0
4849,330.64164075860316,0.0
4850,293.39150464096076,0.0
4851,355.4774258220628,0.0
4852,331.26162245618065,0.0
4853,249.32123350792665,0.0
4854,261.7135244579441,0.0
4855,144.1557448185551,0.27118308241439315
4856,126.48085591986444,0.5238854859134784
4857,127.41765334246304,0.7408859593092604
4858,94.39379724141547,0.907396278950054
4859,91.12720790743951,1.0
4860,87.11597161978408,1.0
4861,82.91217304726838,1.0
4862,84.58134775144892,0.9073962789500541
4863,76.61884537572709,0.7408859593092604
4864,200.21149597877263,0.5238854859134784
4865,180.90594246027626,0.2711830824143935
4866,203.41295167671746,1.2831493668873945e-16
4867,262.5696640557134,0.0
4868,264.7688549328618,0.0
4869,256.7400525119816,0.0
4870,361.81163375961614,0.0
4871,341.2107001196139,0.0
4872,381.4183797271136,0.0
4873,399.14730677725305,0.0
4874,389.0568160128824,0.0
4875,384.1791330076413,0.0
4876,380.272024874643,0.0
4877,307.16975436768644,0.0
4878,293.80659125774054,0.0
4879,153.16851576263468,0.27101951381910516
4880,153.4799900486975,0.5235694956523613
4881,158.04157609686962,0.7404390815964108
4882,103.01504158657654,0.9068489677631024
4883,118.94807010776991,1.0
4884,120.83313337917339,1.0
4885,107.5535446782182,1.0
4886,103.98241929075128,0.9068489677631025
4887,132.55793076877745,0.7404390815964108
4888,248.09126319762717,0.5235694956523613
4889,252.99292569738338,0.27101951381910544
4890,235.4964005469074,1.282375413963717e-16
4891,306.22568761022006,0.0
4892,314.02370391458106,0.0
4893,319.3688445598064,0.0
4894,383.58224964632205,0.0
4895,396.23475202432564,0.0
4896,376.24424957118026,0.0
4897,383.0657427583638,0.0
4898,404.55724680732476,0.0
4899,403.75179807133696,0.0
4900,391.80379064335983,0.0
4901,289.8868753981259,0.0
4902,289.77120448873717,0.0
4903,137.1301781301336,0.2708523299616287
4904,149.34361898117285,0.5232465212410111
4905,152.74834537756126,0.7399823268035799
4906,107.32913683935988,0.9062895596730992
4907,99.4456085533261,1.0
4908,116.5016413195395,1.0
4909,103.4050980176333,1.0
4910,107.06848599880907,0.9062895596730993
4911,129.19083075038796,0.7399823268035799
4912,255.3816734172668,0.5232465212410111
4913,247.351980021495,0.270852329961629
4914,230.1932602611249,1.281584354805584e-16
4915,323.5180588608878,0.0
4916,333.7331875406902,0.0
4917,316.4736960620535,0.0
4918,412.7196809078428,0.0
4919,412.01925530222076,0.0
4920,416.6314896004366,0.0
4921,400.3296131330912,0.0
4922,403.7153960123871,0.0
4923,413.636943074688,0.0
4924,402.0354228595427,0.0
4925,296.20743498439555,0.0
4926,296.8397302395437,0.0
4927,144.5293364505402,0.27068158038214896
4928,126.17993994190071,0.5229166583837161
4929,139.94757002088502,0.7395158302770702
4930,126.49190702296733,0.9057182204447344
4931,87.03829539022091,1.0
4932,131.74712682573846,1.0
4933,126.8018322286422,1.0
4934,107.81616621423856,0.9057182204447345
4935,119.85403153866599,0.7395158302770702
4936,245.59334619865186,0.5229166583837161
4937,260.3154578970401,0.2706815803821493
4938,257.34777118901525,1.280776423820896e-16
4939,304.31028586704934,0.0
4940,328.1582835068156,0.0
4941,318.64360030152653,0.0
4942,397.66068646093214,0.0
4943,387.92863280307716,0.0
4944,417.81163839254106,0.0
4945,409.31473540192195,0.0
4946,387.95673959541546,0.0
4947,380.81866628016826,0.0
4948,392.2059219913569,0.0
4949,307.5637411344984,0.0
4950,305.2321795087574,0.0
4951,156.76402016975143,0.2705073156774514
4952,151.20546293870274,0.5225800048259601
4953,153.36125458156738,0.7390397302498705
4954,117.30340582535125,0.9051351193781522
4955,96.70955625549412,1.0
4956,111.03275864426318,1.0
4957,126.10221789692999,1.0
4958,112.76286587573024,0.9051351193781523
4959,119.41822544151096,0.7390397302498705
4960,241.8341590894361,0.5225800048259601
4961,233.30139668988755,0.2705073156774517
4962,244.17901010383636,1.2799518604170413e-16
4963,324.9551355341322,0.0
4964,313.378313584203,0.0
4965,318.4180312794603,0.0
4966,385.5604346592593,0.0
4967,410.26493257386016,0.0
4968,393.4746870080812,0.0
4969,414.44122264065186,0.0
4970,415.35313030562855,0.0
4971,396.0356045224767,0.0
4972,384.90677130856943,0.0
4973,277.451630114162,0.0
4974,284.8179597706405,0.0
4975,125.30260927947953,0.270329587485929
4976,158.33026270780152,0.5222366603254578
4977,143.1785222249868,0.7385541678006938
4978,118.1061560317146,0.9045404292587828
4979,86.78584963538924,1.0
4980,99.05530459200362,1.0
4981,124.0758590599662,1.0
4982,116.87219109120178,0.9045404292587829
4983,111.6644383983836,0.7385541678006938
4984,252.5450620788581,0.5222366603254578
4985,265.3965274492864,0.2703295874859293
4986,243.11444421321204,1.2791109089299512e-16
4987,322.219992569294,0.0
4988,323.69871796217285,0.0
4989,350.09287056068507,0.0
4990,371.81588092610934,0.0
4991,405.20683227660334,0.0
4992,324.3174609389754,0.0
4993,332.4963486382943,0.0
4994,317.80661727614745,0.0
4995,325.10750755378274,0.0
4996,334.23201487767005,0.0
4997,285.5035608308759,0.0
4998,257.84507269117466,0.0
4999,106.14288708223536,0.2701484484722805
5000,111.23455807432903,0.5218867266225945
5001,110.87870495799521,0.7380592868121731
5002,71.508021335321,0.9039343263061428
5003,89.09465710646394,1.0
5004,101.84968838874212,1.0
5005,77.76495397795965,1.0
5006,105.6375312194883,0.9039343263061429
5007,98.90903725989324,0.7380592868121731
5008,192.8099688512568,0.5218867266225945
5009,199.92241306685509,0.27014844847228076
5010,220.80063040660164,1.2782538185517005e-16
5011,272.4605020815671,0.0
5012,263.7633321782745,0.0
5013,260.8057285159649,0.0
5014,326.614396769504,0.0
5015,319.5539252287765,0.0
5016,300.5920364473804,0.0
5017,350.35516544242535,0.0
5018,327.7129305064014,0.0
5019,330.626797697479,0.0
5020,325.15413751748565,0.0
5021,239.44452640350195,0.0
5022,246.03483424081176,0.0
5023,97.18191660938561,0.26996395231190495
5024,143.699691732357,0.5215303074102787
5025,101.5605097746486,0.7375552339282259
5026,80.71612759840772,0.9033169901216183
5027,87.81661255193707,1.0
5028,108.5566317028024,1.0
5029,93.27383099572572,1.0
5030,78.26609345220832,0.9033169901216184
5031,108.15178333366195,0.7375552339282259
5032,210.48807403133583,0.5215303074102787
5033,208.1772859965075,0.26996395231190523
5034,210.30487740396015,1.2773808432566662e-16
5035,292.5148913199488,0.0
5036,290.0036872533927,0.0
5037,255.5419643969198,0.0
5038,345.3356504297424,0.0
5039,330.44704879311536,0.0
5040,403.5604548674991,0.0
5041,377.2640550941262,0.0
5042,395.5266758891878,0.0
5043,387.81742198980737,0.0
5044,407.50801085256586,0.0
5045,315.76443653728785,0.0
5046,278.0176343202585,0.0
5047,141.72533344403666,0.26977615367499647
5048,155.45208986961893,0.5211675083032152
5049,139.74960426432656,0.7370421585105998
5050,122.34056518969871,0.9026886036352436
5051,117.80578706119533,1.0
5052,117.69172423310184,1.0
5053,110.33602171285077,1.0
5054,98.99283180004181,0.9026886036352437
5055,100.13343968057,0.7370421585105998
5056,254.62779998108283,0.5211675083032152
5057,246.34906887384562,0.2697761536749968
5058,244.45342287233234,1.2764922417262686e-16
5059,316.7567569328644,0.0
5060,318.1811712949636,0.0
5061,334.40637897459027,0.0
5062,393.5483760914298,0.0
5063,381.4785285142273,0.0
5064,406.69621107759457,0.0
5065,395.3138698047359,0.0
5066,398.1491401575058,0.0
5067,417.06332944790665,0.0
5068,397.5256630829064,0.0
5069,306.5348819982723,0.0
5070,288.9175960252677,0.0
5071,139.4255343471858,0.2695851082103442
5072,149.37588031790054,0.5207984368066092
5073,123.39708296930242,0.7365202125946142
5074,116.05939533770638,0.9020493530514965
5075,114.85874709205554,1.0
5076,114.14470368736713,1.0
5077,126.09516100421678,1.0
5078,117.66251639850012,0.9020493530514966
5079,131.3861170005952,0.7365202125946142
5080,234.31697662356024,0.5207984368066092
5081,247.87114561730885,0.26958510821034454
5082,247.25365224736805,1.2755882772723184e-16
5083,309.1751663658396,0.0
5084,333.4817603159967,0.0
5085,349.90229996113436,0.0
5086,397.56831687730653,0.0
5087,403.83264283039773,0.0
5088,398.99428269878473,0.0
5089,389.41704495011464,0.0
5090,376.13093765537656,0.0
5091,389.5107791918564,0.0
5092,381.27656041758,0.0
5093,323.67212854737664,0.0
5094,301.84158728358835,0.0
5095,137.98470411893422,0.2693908725288425
5096,152.80558196495394,0.5204232022843104
5097,128.6747228332296,0.7359895508441087
5098,104.50622039794558,0.9013994277941211
5099,114.52545608498366,1.0
5100,126.05381675108198,1.0
5101,119.72880939602567,1.0
5102,116.6884905641908,0.9013994277941212
5103,114.64600167683241,0.7359895508441087
5104,251.17143944998844,0.5204232022843104
5105,248.7884440452182,0.26939087252884275
5106,234.0089418863439,1.2746692177589927e-16
5107,322.72728574593174,0.0
5108,309.29007117932093,0.0
5109,323.14732560114385,0.0
5110,392.21228569114186,0.0
5111,428.4526404623951,0.0
5112,397.7155245850267,0.0
5113,381.34338239490813,0.0
5114,396.5840946619241,0.0
5115,404.42656213770186,0.0
5116,418.2746245438775,0.0
5117,296.31267191696185,0.0
5118,284.39696502794277,0.0
5119,152.01427884790292,0.26919350418671556
5120,125.64505023993533,0.5200419159264059
5121,136.9783694126413,0.7354503305056123
5122,110.67834194245297,0.9007390204499977
5123,112.9341863289836,1.0
5124,122.03976125347694,1.0
5125,105.56617638114825,1.0
5126,110.48503674258377,0.9007390204499978
5127,113.59854353319224,0.7354503305056123
5128,248.29638232215945,0.5200419159264059
5129,247.67513292842906,0.26919350418671584
5130,251.73327613460495,1.27373533552346e-16
5131,332.47380612669144,0.0
5132,327.0593413988022,0.0
5133,327.7907582931012,0.0
5134,379.2075791890895,0.0
5135,398.79698958003536,0.0
5136,404.169005479314,0.0
5137,407.1622092381401,0.0
5138,390.10670561248924,0.0
5139,390.506443604631,0.0
5140,391.52570679989157,0.0
5141,309.99118767739685,0.0
5142,315.96079353779123,0.0
5143,137.40151974939178,0.2689930616684628
5144,153.18658880041556,0.5196546907162725
5145,143.77279874686613,0.7349027113617488
5146,112.34140350356354,0.900068326712075
5147,111.29622207169716,1.0
5148,122.79216920473867,1.0
5149,117.73976663095762,1.0
5150,141.14273796128444,0.9000683267120752
5151,103.60613711354489,0.7349027113617488
5152,252.85502488830406,0.5196546907162725
5153,240.2873923462062,0.2689930616684631
5154,236.20636062008063,1.272786907295182e-16
5155,322.39595403919986,0.0
5156,324.174589436504,0.0
5157,357.54444234434067,0.0
5158,396.2051651150963,0.0
5159,384.85277014947854,0.0
5160,330.16254297927514,0.0
5161,301.9907339187861,0.0
5162,325.7829329780913,0.0
5163,327.07871775688443,0.0
5164,336.421618964685,0.0
5165,260.7397827031094,0.0
5166,243.01348028308263,0.0
5167,114.9377798134917,0.26878960436952837
5168,107.55169802172284,0.5192616413970969
5169,103.20839733135857,0.7343468556838891
5170,97.11485574380833,0.8993875453213825
5171,78.11309180808152,1.0
5172,88.42059558437836,1.0
5173,81.45403087244986,1.0
5174,99.99231662672383,0.8993875453213827
5175,115.01327958243857,0.7343468556838891
5176,186.73920072071493,0.5192616413970969
5177,180.12203471958406,0.26878960436952865
5178,200.8596138901541,1.2718242141139112e-16
5179,264.81070899334185,0.0
5180,267.2462471229363,0.0
5181,259.26648925903663,0.0
5182,324.4787427834373,0.0
5183,331.29653929582975,0.0
5184,339.562958883118,0.0
5185,303.61720292756047,0.0
5186,322.6505149030024,0.0
5187,329.64349369867267,0.0
5188,316.0620749160511,0.0
5189,269.9761599022589,0.0
5190,241.5772057583065,0.0
5191,116.31798353140542,0.2685831925787008
5192,123.4857609376003,0.518862884437875
5193,109.71807830987008,0.7337829281840669
5194,71.29192004674125,0.8986968780081386
5195,88.30694229739586,1.0
5196,105.80408329151874,1.0
5197,89.4080550989726,1.0
5198,83.29358500288652,0.8986968780081387
5199,104.55886313442691,0.7337829281840669
5200,198.5074272585776,0.518862884437875
5201,196.35479624705164,0.2685831925787011
5202,204.27019908681396,1.2708475412464135e-16
5203,274.0262596065425,0.0
5204,293.35781947190765,0.0
5205,274.70409038300613,0.0
5206,340.99586776804,0.0
5207,321.00619378352565,0.0
5208,386.8045765315688,0.0
5209,399.86296999863197,0.0
5210,400.4010327863176,0.0
5211,386.17284090682733,0.0
5212,397.01145944435433,0.0
5213,308.87942554687913,0.0
5214,308.4123350664665,0.0
5215,148.59252345604074,0.26837388746024843
5216,146.0326459770788,0.5184585379988997
5217,136.4569653041888,0.7332110959661708
5218,107.86604785255746,0.8979965294319738
5219,99.64543859641707,1.0
5220,135.45015584256473,1.0
5221,114.19425974777509,1.0
5222,111.33461870280536,0.897996529431974
5223,102.88735039491407,0.7332110959661708
5224,282.2990814680111,0.5184585379988997
5225,234.19125025340298,0.2683738874602487
5226,241.92501153280486,1.2698571781019381e-16
5227,328.08313225707286,0.0
5228,330.29564581057144,0.0
5229,334.5882748842283,0.0
5230,420.80629589643365,0.0
5231,405.188885668731,0.0
5232,386.68845525636436,0.0
5233,396.277483354503,0.0
5234,403.054813326131,0.0
5235,424.17953735403427,0.0
5236,382.5871591148728,0.0
5237,318.7058322386756,0.0
5238,306.4338866105299,0.0
5239,152.68283244274105,0.2681617510357951
5240,141.4049294203561,0.5180487218967476
5241,132.51967445847134,0.7326315284764284
5242,123.11356616880579,0.8972867071212864
5243,121.95626514125726,1.0
5244,125.76777640486648,1.0
5245,113.9434371914462,1.0
5246,106.90522853615161,0.8972867071212866
5247,95.39764887570371,0.7326315284764284
5248,257.0558469856508,0.5180487218967476
5249,252.3100415573058,0.2681617510357954
5250,235.63397617361045,1.2688534181464588e-16
5251,316.82921223241163,0.0
5252,317.69099056855384,0.0
5253,305.49628312818214,0.0
5254,389.54863609670275,0.0
5255,385.75486057428816,0.0
5256,394.66302359909605,0.0
5257,390.7484017617966,0.0
5258,380.08871269135034,0.0
5259,423.8838545085851,0.0
5260,414.6432605141021,0.0
5261,295.1186406497612,0.0
5262,307.7359304678443,0.0
5263,147.728428128481,0.26794684616594167
5264,157.01187730790718,0.517633557568774
5265,132.89558673070454,0.7320443974531947
5266,127.28035904828951,0.8965676214117462
5267,107.60021399001717,0.9999912436191364
5268,98.14472879047703,1.0
5269,122.86471635227436,0.9999912436191364
5270,129.66417872996954,0.8965676214117463
5271,145.2299853228686,0.7320443974531947
5272,232.9826317066683,0.517633557568774
5273,255.7663711087203,0.26794684616594194
5274,242.46171996222844,1.2678365588157128e-16
5275,332.89635784103945,0.0
5276,305.8501786999761,0.0
5277,308.3428160063683,0.0
5278,390.3022738637535,0.0
5279,400.5603402897683,0.0
5280,392.1777846048034,0.0
5281,407.7794119302247,0.0
5282,412.1934952223586,0.0
5283,407.0656902982079,0.0
5284,419.2962114791941,0.0
5285,309.65335559404593,0.0
5286,290.0606755164998,0.0
5287,159.1715038064828,0.267729236531639
5288,135.54911081675075,0.5172131680371296
5289,153.73600764024957,0.7314498768760634
5290,133.13359911387946,0.8958394853839678
5291,119.72904464398297,0.9991791134077025
5292,96.29488275724239,1.0
5293,103.23024251710068,0.9991791134077025
5294,130.1217221178398,0.895839485383968
5295,112.21931628750438,0.7314498768760634
5296,248.49392420227872,0.5172131680371296
5297,256.64493477693605,0.2677292365316393
5298,255.89491612793663,1.266806901427066e-16
5299,327.0504985417437,0.0
5300,321.2008803384726,0.0
5301,319.9528794443299,0.0
5302,410.16554570675976,0.0
5303,406.51359417607716,0.0
5304,397.04711258565726,0.0
5305,413.12006034898843,0.0
5306,398.5863032115133,0.0
5307,389.914766501058,0.0
5308,391.0270642062306,0.0
5309,293.11965289233666,0.0
5310,301.59562272880964,0.0
5311,157.7099458375596,0.2675089866153183
5312,133.24411232515916,0.5167876778723052
5313,145.16696362974253,0.7308481429143124
5314,106.44393145049126,0.8951025148003712
5315,111.20049510276297,0.9983571295296307
5316,96.20370905419719,1.0
5317,111.67774484814177,0.9983571295296307
5318,111.99973904036068,0.8951025148003713
5319,120.80765892644857,0.7308481429143124
5320,250.38181208810823,0.5167876778723052
5321,233.32173562961924,0.2675089866153186
5322,260.7128200575663,1.2657647510902242e-16
5323,326.4422133437212,0.0
5324,326.2992990671871,0.0
5325,323.8083886204356,0.0
5326,393.9216232264041,0.0
5327,402.7483406700554,0.0
5328,334.03879378607996,0.0
5329,307.3689842587903,0.0
5330,321.86660250678386,0.0
5331,325.2723689100939,0.0
5332,331.40577982326835,0.0
5333,264.4772425891727,0.0
5334,240.89662074288583,0.0
5335,111.28579089352053,0.267286161681783
5336,111.11092372757604,0.5163572131562194
5337,107.64300197408014,0.7302393738747008
5338,89.64282850292055,0.8943569280412449
5339,103.05869308412335,0.9975255355564838
5340,81.16304049989554,1.0
5341,98.94283918610253,0.9975255355564838
5342,73.38623968404767,0.894356928041245
5343,87.07301048696122,0.7302393738747008
5344,199.29910569329752,0.5163572131562194
5345,223.35129337088213,0.26728616168178326
5346,199.9553496388811,1.2647104166168237e-16
5347,239.37743324401416,0.0
5348,241.80568804309019,0.0
5349,266.20070996158535,0.0
5350,335.6969828244159,0.0
5351,332.83720284646404,0.0
5352,330.56860342759336,0.0
5353,342.5048773280495,0.0
5354,322.0826675091359,0.0
5355,339.29668883030337,0.0
5356,308.97358353766447,0.0
5357,239.4703495536815,0.0
5358,228.64522680975648,0.0
5359,114.04391430552731,0.2670608277588699
5360,116.7869233063687,0.5159219014448578
5361,118.71127582028305,0.7296237501486335
5362,94.61624656549748,0.8936029460400369
5363,82.74300636111111,0.9966845779075033
5364,91.59075619789327,1.0
5365,75.90428630758288,0.9966845779075033
5366,110.23239403243886,0.893602946040037
5367,90.23013345607585,0.7296237501486335
5368,197.52626695498807,0.5159219014448578
5369,222.46018432484135,0.2670608277588702
5370,188.4859419809216,1.263644210428923e-16
5371,252.46828590236333,0.0
5372,252.82068737232416,0.0
5373,265.1608746903532,0.0
5374,333.73734171363265,0.0
5375,337.43386777539547,0.0
5376,431.82551229530804,0.0
5377,373.9683790349593,0.0
5378,408.26639555486145,0.0
5379,394.2760016145017,0.0
5380,393.92458669870314,0.0
5381,298.057262830758,0.0
5382,294.5892923201088,0.0
5383,163.4148581885873,0.2668330516178835
5384,153.3081280975127,0.5154818717304754
5385,143.47891191603438,0.7290014541587068
5386,130.7726371685207,0.8928407922178866
5387,96.4101005550902,0.9958345057765903
5388,98.59198656270559,1.0
5389,88.42483535234045,0.9958345057765903
5390,106.16747365719725,0.8928407922178867
5391,116.50083045913374,0.7290014541587068
5392,249.44860723565418,0.5154818717304754
5393,250.00640723318475,0.2668330516178838
5394,231.2816223276732,1.2625664484664267e-16
5395,334.22579330428556,0.0
5396,327.4634666117853,0.0
5397,333.38458777050926,0.0
5398,378.2484223542878,0.0
5399,404.69945879094195,0.0
5400,386.9953978362314,0.0
5401,396.4807016846254,0.0
5402,407.6609594988783,0.0
5403,402.3417039903127,0.0
5404,391.0301009578899,0.0
5405,305.78848222868294,0.0
5406,287.33478057154616,0.0
5407,157.10627329193733,0.2666029007538102
5408,140.83965630720274,0.5150372544033731
5409,156.72566387222167,0.7283726703046526
5410,108.3240713877737,0.8920706924174199
5411,108.35953977204721,0.9949755710584627
5412,105.47221019327205,1.0
5413,125.15653881324312,0.9949755710584627
5414,106.1292777449845,0.89207069241742
5415,122.37759682190833,0.7283726703046526
5416,243.8025497659753,0.5150372544033731
5417,224.68041893930734,0.2666029007538105
5418,241.54820972456918,1.2614774500934642e-16
5419,310.6709810542701,0.0
5420,325.2271123108123,0.0
5421,310.5353867985304,0.0
5422,412.3602819238171,0.0
5423,400.1556703910054,0.0
5424,399.4099974582329,0.0
5425,409.41185504878877,0.0
5426,413.1080326042481,0.0
5427,401.29996437410193,0.0
5428,392.28674580074625,0.0
5429,284.6484784316737,0.0
5430,297.70351674059714,0.0
5431,136.00100639570223,0.26637044336531807
5432,144.69224279138533,0.5145881812132606
5433,139.26579078182144,0.7277375849086972
5434,122.98123834899936,0.8912928748358279
5435,107.37024342913395,0.9941080282740152
5436,114.04154868214692,1.0
5437,128.9338920027449,0.9941080282740152
5438,118.82794525184183,0.891292874835828
5439,114.00559218411945,0.7277375849086972
5440,241.34975917960602,0.5145881812132606
5441,240.97431572224843,0.26637044336531834
5442,238.36573344740478,1.2603775380037556e-16
5443,318.56503854968815,0.0
5444,334.12511100401474,0.0
5445,322.39446168357574,0.0
5446,385.34387256276295,0.0
5447,422.75918091205517,0.0
5448,405.6787701249847,0.0
5449,384.9558670250847,0.0
5450,396.53700070435286,0.0
5451,403.1698244251837,0.0
5452,422.29429295081127,0.0
5453,292.8658412294595,0.0
5454,317.87567936083724,0.0
5455,160.30783277768336,0.2661357483345482
5456,135.97014399312042,0.5141347852302158
5457,140.18383222769245,0.7270963861603499
5458,102.37548555472696,0.8905075699572468
5459,112.36966283024854,0.993232134494898
5460,114.37211683109703,1.0
5461,122.72699650020064,0.993232134494898
5462,127.89339817545756,0.8905075699572469
5463,105.83404374775243,0.7270963861603499
5464,225.14969169624783,0.5141347852302158
5465,248.50265511564487,0.26613574833454845
5466,252.28004282658347,1.2592670381249917e-16
5467,328.29140240132176,0.0
5468,321.3783111789927,0.0
5469,326.7954153450685,0.0
5470,420.0245255314697,0.0
5471,406.41999785879284,0.0
5472,397.6621866076986,0.0
5473,396.14023390258365,0.0
5474,400.1043794156028,0.0
5475,421.7834872497033,0.0
5476,399.9429991934212,0.0
5477,306.15683564307386,0.0
5478,300.60660492608673,0.0
5479,156.81016018492343,0.2658988852067032
5480,167.14040695255596,0.5136772008052537
5481,149.02971648879654,0.7264492640606377
5482,115.891162761921,0.8897150104844601
5483,115.3392819145867,0.9923481492673409
5484,86.28620645106695,1.0
5485,123.8396982879137,0.9923481492673409
5486,116.50788490844602,0.8897150104844602
5487,120.0379925244246,0.7264492640606377
5488,240.40787749006995,0.5136772008052537
5489,244.3319412713493,0.26589888520670346
5490,244.01312458103635,1.2581462795222526e-16
5491,337.8034915722815,0.0
5492,320.9988977241679,0.0
5493,350.5359396287226,0.0
5494,407.31295673591603,0.0
5495,386.8344157877868,0.0
5496,328.4675261552427,0.0
5497,322.1899802083892,0.0
5498,303.6774920364259,0.0
5499,349.20373295563166,0.0
5500,338.4477921809062,0.0
5501,257.8347405189946,0.0
5502,253.42109662779927,0.0
5503,101.27653263078581,0.26565992416943984
5504,112.05733778042982,0.5132155635305148
5505,127.96211275250322,0.725796410365805
5506,81.67395440668602,0.8889154312699448
5507,63.907362969066284,0.9914563345352448
5508,91.56332267070493,1.0
5509,92.58750411574559,0.9914563345352448
5510,95.91535576105257,0.8889154312699449
5511,103.03081848625048,0.725796410365805
5512,211.94322506893928,0.5132155635305148
5513,207.39719298509186,0.2656599241694402
5514,218.6383319792053,1.2570155943005003e-16
5515,248.92338112845576,0.0
5516,273.2060002719442,0.0
5517,274.66947885825886,0.0
5518,315.1353342413033,0.0
5519,311.9756343700775,0.0
5520,321.3161835538418,0.0
5521,322.32899176136556,0.0
5522,339.3085226335782,0.0
5523,322.89302366725593,0.0
5524,319.9913068521746,0.0
5525,244.2927677856074,0.0
5526,265.05596063579264,0.0
5527,118.10919516093378,0.26541893603207073
5528,115.80166236412741,0.5127500101990865
5529,116.63260868399773,0.7251380185304912
5530,109.86686374664656,0.888109069246278
5531,85.37207901548939,0.9905569545625619
5532,110.14823922600954,1.0
5533,96.88809532178634,0.9905569545625619
5534,92.43710715102412,0.8881090692462781
5535,124.37294570993967,0.7251380185304912
5536,191.78362888099483,0.5127500101990865
5537,200.2070736437739,0.265418936032071
5538,189.66212788860997,1.2558753175061684e-16
5539,278.78893956149756,0.0
5540,287.6296631188837,0.0
5541,287.39846929191924,0.0
5542,344.9548741093011,0.0
5543,327.89604345799745,0.0
5544,398.70135733942004,0.0
5545,383.03021179936945,0.0
5546,427.5147314914797,0.0
5547,408.7119860070798,0.0
5548,397.1807662108644,0.0
5549,323.04849148254704,0.0
5550,295.4386346135834,0.0
5551,148.83812479256432,0.26517599220458193
5552,141.88711077040222,0.5122806787644686
5553,151.62278606045584,0.7244742836504064
5554,114.40404583528031,0.8872961633559305
5555,97.75579361217909,0.9896502758549884
5556,116.07384477755423,1.0
5557,127.75329800801812,0.9896502758549884
5558,114.81633143526595,0.8872961633559306
5559,124.46830976458281,0.7244742836504064
5560,236.98199083385788,0.5122806787644686
5561,249.2132151427083,0.2651759922045822
5562,242.03421920088357,1.25472578702788e-16
5563,335.2700669468789,0.0
5564,326.6841956127663,0.0
5565,334.58718098166173,0.0
5566,416.1367741831926,0.0
5567,411.38367197075485,0.0
5568,406.6857012771329,0.0
5569,391.4297329634723,0.0
5570,403.37484673760633,0.0
5571,397.01119524141916,0.0
5572,399.27951258515844,0.0
5573,302.86427976479445,0.0
5574,295.59958267641053,0.0
5575,120.58632266810969,0.2649311646764726
5576,136.05666915778437,0.5118077082996939
5577,146.39493916080747,0.7238054024045202
5578,99.08138404504416,0.8864769544804614
5579,115.44769542783354,0.9887365670809928
5580,138.06272968190564,1.0
5581,127.53618725320092,0.9887365670809928
5582,134.9820066996204,0.8864769544804615
5583,119.95304311336676,0.7238054024045202
5584,263.73905315454783,0.5118077082996939
5585,241.041358513097,0.2649311646764729
5586,241.99685207444665,1.253567343496325e-16
5587,293.69892519851015,0.0
5588,340.80235336066744,0.0
5589,345.05249542999843,0.0
5590,396.7701531214419,0.0
5591,400.36085958884235,0.0
5592,394.69088218232383,0.0
5593,408.3290701643453,0.0
5594,417.23641809025423,0.0
5595,382.8239638600429,0.0
5596,408.6504899143224,0.0
5597,304.2892549653629,0.0
5598,308.9700489295929,0.0
5599,149.69979500102556,0.26468452599542314
5600,141.9334377156602,0.5113312389561189
5601,142.9488247400647,0.7231315729967814
5602,112.78699157409157,0.8856516853691404
5603,126.99728800620662,0.9878160989922046
5604,120.3786131062772,1.0
5605,118.00049603759557,0.9878160989922046
5606,100.10207293163985,0.8856516853691405
5607,110.81053666618939,0.7231315729967814
5608,260.7165993576891,0.5113312389561189
5609,250.3849283111061,0.2646845259954234
5610,257.8469470686887,1.252400330183323e-16
5611,348.03304009404883,0.0
5612,339.298171320623,0.0
5613,327.95279854251413,0.0
5614,397.60535750426664,0.0
5615,373.0946323939446,0.0
5616,402.0503749684045,0.0
5617,400.15884408827657,0.0
5618,408.75538837082325,0.0
5619,402.22413131438253,0.0
5620,400.22637332483725,0.0
5621,286.51082733911625,0.0
5622,296.5840005554021,0.0
5623,150.03088178892054,0.26443614924579767
5624,164.9019608729062,0.5108514119218929
5625,143.14076469436637,0.7224529950973857
5626,119.38258832234055,0.8848206005670158
5627,126.87859332288474,0.9868891443431834
5628,105.71812820504809,1.0
5629,119.85062395887638,0.9868891443431834
5630,106.56297416346519,0.884820600567016
5631,125.82674870134322,0.7224529950973857
5632,251.95602336089812,0.5108514119218929
5633,253.7206085532546,0.26443614924579795
5634,240.74800361645427,1.2512250929001046e-16
5635,335.58947872710746,0.0
5636,352.12164546655026,0.0
5637,315.0101500666396,0.0
5638,399.99388594630847,0.0
5639,406.85028372809586,0.0
5640,413.8463551817347,0.0
5641,397.6949252143113,0.0
5642,370.413117156072,0.0
5643,420.71975456775317,0.0
5644,413.5355540727946,0.0
5645,287.20613869152,0.0
5646,300.8306835560053,0.0
5647,163.25014652496537,0.2641861080269875
5648,161.80551439213184,0.5103683693801219
5649,155.6956376427848,0.72176986978361
5650,113.43221668899162,0.8839839463424513
5651,116.54141492226009,0.9859559778105975
5652,113.97445623499645,1.0
5653,129.084443295736,0.9859559778105975
5654,105.03545701856865,0.8839839463424514
5655,105.87597003789952,0.72176986978361
5656,262.47202115113714,0.5103683693801219
5657,249.81638864296622,0.2641861080269878
5658,266.89033437455066,1.250041979894841e-16
5659,319.32095688967837,0.0
5660,326.72176304937904,0.0
5661,316.3101475553175,0.0
5662,404.4978328148677,0.0
5663,386.6669173937993,0.0
5664,326.0455203253166,0.0
5665,314.66207499763874,0.0
5666,340.22420017507125,0.0
5667,340.496193453892,0.0
5668,311.133968610964,0.0
5669,268.88062618545536,0.0
5670,282.84297875648673,0.0
5671,119.08676284682757,0.26393447643160217
5672,110.84131508329574,0.5098822544667359
5673,152.42665329802804,0.7210823994802277
5674,79.00012698516306,0.8831419706141498
5675,95.06902656722237,0.9850168759118298
5676,96.98321623637626,1.0
5677,110.96952041022216,0.9850168759118298
5678,99.14461666631465,0.8831419706141499
5679,88.84414221533177,0.7210823994802277
5680,194.04591031239642,0.5098822544667359
5681,201.35826091409825,0.26393447643160245
5682,193.37699442571017,1.2488513417494488e-16
5683,269.25252590433024,0.0
5684,261.9082679085882,0.0
5685,250.75016854743703,0.0
5686,346.958870837275,0.0
5687,325.9250510956277,0.0
5688,316.96453184363526,0.0
5689,330.1630638894885,0.0
5690,333.0026322949509,0.0
5691,311.2245727963906,0.0
5692,336.1619455088482,0.0
5693,240.52528898778465,0.0
5694,273.6235255223573,0.0
5695,124.9240166818276,0.26368132902351393
5696,113.83769065559498,0.5093932112280747
5697,109.69447729309857,0.7203907878995262
5698,93.64957993876195,0.8822949228776906
5699,102.2626813285249,0.9840721169230401
5700,94.60326288650303,1.0
5701,92.30328674388315,0.9840721169230401
5702,95.60963591934018,0.8822949228776907
5703,87.66288525468198,0.7203907878995262
5704,201.51811247518864,0.5093932112280747
5705,180.60707433044507,0.2636813290235142
5706,217.32129836753353,1.2476535312757068e-16
5707,272.4949519141832,0.0
5708,259.6279084219209,0.0
5709,291.6941983265849,0.0
5710,333.22637126804767,0.0
5711,319.74845063963664,0.0
5712,415.73310032054195,0.0
5713,410.22882986100757,0.0
5714,410.18721108870704,0.0
5715,400.34318400707735,0.0
5716,410.8581999482328,0.0
5717,305.77490147955365,0.0
5718,315.5872983819569,0.0
5719,121.94504200290677,0.2634267408157632
5720,139.5978938952842,0.5089013845782046
5721,165.4702366247328,0.7196952399809433
5722,106.63869089602396,0.8814430541315992
5723,108.59744079090932,0.9831219807967065
5724,110.46796429942786,1.0
5725,101.26582673016384,0.9831219807967065
5726,89.34413104608853,0.8814430541315993
5727,113.0764635785442,0.7196952399809433
5728,252.6245638707729,0.5089013845782046
5729,250.3641899593292,0.2634267408157635
5730,249.2557080384184,1.246448903410709e-16
5731,328.7397414725494,0.0
5732,340.4973486809539,0.0
5733,325.93789679119413,0.0
5734,398.5632603378492,0.0
5735,402.0787454442394,0.0
5736,412.76076286535334,0.0
5737,422.75292429079104,0.0
5738,398.2708768782419,0.0
5739,406.99580719261866,0.0
5740,409.86889105150357,0.0
5741,297.2765700131757,0.0
5742,309.4325121004766,0.0
5743,127.34355719342058,0.2631707872483305
5744,123.70303983665295,0.5084069202559763
5745,149.33260037623282,0.7189959618303385
5746,111.33881788925119,0.8805866168029698
5747,118.37267967667522,0.9821667490786691
5748,115.73057506112039,1.0
5749,104.22851420125502,0.9821667490786691
5750,115.40226316164855,0.8805866168029699
5751,101.14809912504232,0.7189959618303385
5752,267.9065169973281,0.5084069202559763
5753,234.9432045629917,0.26317078724833076
5754,248.8654254496883,1.2452378151116905e-16
5755,316.00446616822467,0.0
5756,335.35677930512117,0.0
5757,324.5345487694136,0.0
5758,399.58460111281755,0.0
5759,416.04702028889074,0.0
5760,406.5223245513557,0.0
5761,412.3688908024567,0.0
5762,394.3932462130155,0.0
5763,389.31135412409503,0.0
5764,407.4556529957067,0.0
5765,305.6360589349966,0.0
5766,316.9794312703807,0.0
5767,144.1015119434869,0.26291354416578167
5768,147.52131744625308,0.5079099647818401
5769,125.5798230161426,0.7182931606589196
5770,138.7095739757211,0.8797258646726663
5771,114.07742687996564,0.9812067048247013
5772,124.4193743444204,1.0
5773,106.01523065771451,0.9812067048247013
5774,119.7444495269581,0.8797258646726664
5775,100.41419353805307,0.7182931606589196
5776,256.8628639098744,0.5079099647818401
5777,247.16636083812838,0.26291354416578194
5778,251.78833589798518,1.2440206252502512e-16
5779,337.1792920125529,0.0
5780,314.01311991634833,0.0
5781,320.58970288363815,0.0
5782,411.65704882426627,0.0
5783,431.34781514578606,0.0
5784,404.87682351538155,0.0
5785,413.6274449464065,0.0
5786,405.25015389301757,0.0
5787,429.8407586683949,0.0
5788,385.56715152773626,0.0
5789,310.87549941703753,0.0
5790,290.2335184782605,0.0
5791,115.1117881290306,0.2626550877947938
5792,148.760191612885,0.5074106654144279
5793,146.8646205292407,0.7175870447218409
5794,112.73447432747054,0.8788610528001214
5795,114.87818849989992,0.9802421325166347
5796,153.33211078923205,1.0
5797,113.05441592399974,0.9802421325166347
5798,122.27400991537785,0.8788610528001215
5799,108.36013974501039,0.7175870447218409
5800,255.20657899130396,0.5074106654144279
5801,248.8049839901493,0.2626550877947941
5802,246.73756629805996,1.2427976945060158e-16
5803,350.92558219747195,0.0
5804,343.2250193692801,0.0
5805,330.7397595798588,0.0
5806,378.8832682999917,0.0
5807,402.20170085228847,0.0
5808,439.33878670654207,0.0
5809,404.1345159340045,0.0
5810,420.1410667983249,0.0
5811,424.20576475711226,0.0
5812,409.53002292395274,0.0
5813,299.91905922419625,0.0
5814,280.79717082521944,0.0
5815,153.53226419390782,0.26239549472156776
5816,135.54523365671778,0.5069091701069183
5817,147.43611111325265,0.7168778232564943
5818,101.26000047740793,0.8779924374477573
5819,113.07499406683786,0.979273317978062
5820,116.66247321129293,1.0
5821,119.48096752501186,0.979273317978062
5822,102.87997830425132,0.8779924374477575
5823,130.62077593761651,0.7168778232564943
5824,244.72925911359033,0.5069091701069183
5825,231.79836300493503,0.26239549472156803
5826,250.5837154908124,1.2415693852597574e-16
5827,329.809729940345,0.0
5828,331.3242994300886,0.0
5829,345.74281507624846,0.0
5830,404.0650698928507,0.0
5831,405.4670204412558,0.0
5832,320.72727219043736,0.0
5833,343.81212679988926,0.0
5834,336.1771935341717,0.0
5835,328.9251520377045,0.0
5836,311.1093884436489,0.0
5837,271.7828394951254,0.0
5838,239.7177335809917,0.0
5839,112.1780513037187,0.2621348418691334
5840,123.57352154906721,0.5064056274631937
5841,104.91469227275493,0.7161657064205059
5842,77.49659259388642,0.8771202760050488
5843,69.93133894051617,0.9783005482896392
5844,104.07067336779177,1.0
5845,88.87647499620829,0.9783005482896392
5846,130.5459510426041,0.8771202760050489
5847,83.48644914535366,0.7161657064205059
5848,195.68312590685525,0.5064056274631937
5849,199.9558225445775,0.26213484186913366
5850,209.65815404966418,1.2403360614860145e-16
5851,264.7105714111947,0.0
5852,277.70099804464854,0.0
5853,258.60995079675456,0.0
5854,317.3863841436715,0.0
5855,312.38690789232515,0.0
5856,307.5911576216635,0.0
5857,328.05721940320916,0.0
5858,330.6622838881912,0.0
5859,326.6968033071117,0.0
5860,349.1949172031558,0.0
5861,269.42135119103847,0.0
5862,250.66735282640684,0.0
5863,97.85653508344998,0.26187320647455636
5864,112.5831271450929,0.5059001866938072
5865,112.1857317147488,0.7154509052294632
5866,87.62125120606612,0.8762448269122547
5867,87.13424390662388,0.9773241117040196
5868,87.66531600470513,1.0
5869,90.8683713626297,0.9773241117040196
5870,87.88037756761614,0.8762448269122548
5871,98.00674085690993,0.7154509052294632
5872,211.2559778898978,0.5059001866938072
5873,196.00381225284957,0.26187320647455664
5874,222.18433721112385,1.239098088645239e-16
5875,258.84205284588734,0.0
5876,251.18919310219064,0.0
5877,275.17213732435533,0.0
5878,324.4651500239378,0.0
5879,338.1295452859985,0.0
5880,379.187209770704,0.0
5881,424.74070428170717,0.0
5882,416.0987538803952,0.0
5883,390.0255143939543,0.0
5884,390.2859074977549,0.0
5885,330.948130265483,0.0
5886,302.03238057433714,0.0
5887,135.71522216660506,0.2616106660660506
5888,118.53281522160515,0.5053929975717668
5889,141.51610188417789,0.7147336314943855
5890,113.84771690308821,0.8753663495838345
5891,125.16626944235107,0.9763442975604362
5892,99.79141114290354,1.0
5893,98.33691077422992,0.9763442975604362
5894,121.99190389843497,0.8753663495838346
5895,128.66111313584202,0.7147336314943855
5896,233.73693506233943,0.5053929975717668
5897,265.5689323113509,0.2616106660660509
5898,253.04126537359588,1.2378558335755007e-16
5899,343.4126621987279,0.0
5900,329.46835379162076,0.0
5901,300.04366311997677,0.0
5902,406.20762439611786,0.0
5903,420.75295880796557,0.0
5904,397.6897827368024,0.0
5905,403.75915533891754,0.0
5906,406.30113292319527,0.0
5907,373.62056840738524,0.0
5908,428.4709058710567,0.0
5909,300.35662324375346,0.0
5910,317.24195659219316,0.0
5911,144.82199171115255,0.2613472984400052
5912,160.95383402124338,0.5048842103881555
5913,150.73507881406803,0.7140140977589607
5914,113.87083301769316,0.8744851043315798
5915,105.96774316571349,0.9753613961989659
5916,126.26413269253051,1.0
5917,94.20862862848945,0.9753613961989659
5918,124.44060931925556,0.8744851043315799
5919,103.50138725728638,0.7140140977589607
5920,267.85557320802684,0.5048842103881555
5921,254.7637637764995,0.2613472984400055
5922,260.5576544787485,1.2366096643837872e-16
5923,331.6053178810737,0.0
5924,309.59292697348513,0.0
5925,320.292702154433,0.0
5926,416.4834070171436,0.0
5927,410.4146047741251,0.0
5928,422.97354877543177,0.0
5929,413.6409646682098,0.0
5930,397.2012472233318,0.0
5931,399.2489002591161,0.0
5932,410.03667859804256,0.0
5933,283.6994101883902,0.0
5934,331.5492416078672,0.0
5935,151.30155723358916,0.2610831816379317
5936,160.72501156164495,0.5043739759075961
5937,127.03334910734844,0.7132925172365634
5938,131.73525904190984,0.8736013522874775
5939,143.57846404997977,0.974375698874495
5940,100.94993685311897,1.0
5941,126.05729865649198,0.974375698874495
5942,116.8137964538943,0.8736013522874776
5943,98.26727093866785,0.7132925172365634
5944,258.9823080837905,0.5043739759075961
5945,263.0709388796162,0.261083181637932
5946,245.85418178954185,1.235359950336924e-16
5947,344.92568340972855,0.0
5948,310.9335242851955,0.0
5949,312.9976114092701,0.0
5950,410.44083865882874,0.0
5951,409.106293247431,0.0
5952,400.59304130351615,0.0
5953,418.907056396268,0.0
5954,415.5626549351968,0.0
5955,419.48959201581357,0.0
5956,407.71428594037815,0.0
5957,318.99623800782035,0.0
5958,306.41747115572036,0.0
5959,170.7857968398268,0.2608183939233387
5960,136.3894233173238,0.5038624453235773
5961,171.4035417122874,0.7125691037470753
5962,117.33063341210303,0.8727153553263314
5963,100.4058473722052,0.973387497670414
5964,133.32893025289331,1.0
5965,118.42279470776963,0.973387497670414
5966,127.12546722759298,0.8727153553263315
5967,131.59824906954123,0.7125691037470753
5968,257.36475241830556,0.5038624453235773
5969,246.20239563081148,0.260818393923339
5970,265.01784630059626,1.2341070617521546e-16
5971,331.2596705560405,0.0
5972,339.4808982898864,0.0
5973,305.4058375810878,0.0
5974,414.5557037687236,0.0
5975,401.52889326286504,0.0
5976,429.42509473001314,0.0
5977,417.06242725853997,0.0
5978,412.46367203406237,0.0
5979,415.4210990040735,0.0
5980,397.6040888493502,0.0
5981,331.5441310169049,0.0
5982,335.96149575157114,0.0
5983,150.99545465653247,0.2605530137585407
5984,165.36533535283755,0.5033497702136507
5985,139.45071414588347,0.7118440716535259
5986,107.45903122926333,0.8718273759881626
5987,117.51549100871017,0.9723970854120666
5988,122.24368648437787,1.0
5989,112.29655384904565,0.9723970854120666
5990,123.4776123083849,0.8718273759881627
5991,120.70106780884407,0.7118440716535259
5992,241.57317241509404,0.5033497702136507
5993,259.77836992800735,0.26055301375854095
5994,263.915192628845,1.2328513698874064e-16
5995,333.6267482123135,0.0
5996,345.4008936403691,0.0
5997,316.96027087926535,0.0
5998,415.200784149453,0.0
5999,395.5420106071095,0.0
6000,322.81619898686813,0.0
6001,328.61400528081174,0.0
6002,324.88045308277424,0.0
6003,329.60922546077154,0.0
6004,333.6153715571309,0.0
6005,266.186939767912,0.0
6006,252.28717746746696,0.0
6007,101.0386255493596,0.2602871197814077
6008,133.74694818853663,0.5028361024945158
6009,110.02105242721424,0.7111176357985721
6010,95.34826209922024,0.8709376774004131
6011,101.41134530776431,0.9714047555799799
6012,98.44823224530917,1.0
6013,109.18306179473348,0.9714047555799799
6014,101.80094494518889,0.8709376774004132
6015,85.71719226811048,0.7111176357985721
6016,234.25737840759749,0.5028361024945158
6017,210.44663387975632,0.260287119781408
6018,206.34654960023946,1.2315932468312787e-16
6019,283.71700887934827,0.0
6020,275.1433151538423,0.0
6021,276.94064211795336,0.0
6022,366.0913832688734,0.0
6023,332.8837181466046,0.0
6024,332.699643224201,0.0
6025,337.9117160965593,0.0
6026,349.3709651793822,0.0
6027,318.43436559012497,0.0
6028,312.9261032546917,0.0
6029,249.34530166867992,0.0
6030,236.78360940741027,0.0
6031,115.08515738412439,0.2600207907820638
6032,126.21312990798353,0.5023215943770037
6033,109.49414719180488,0.7103900114408356
6034,79.02458792216953,0.8700465231999754
6035,96.97855278412982,0.9704108022228993
6036,106.49702865892768,1.0
6037,75.80682558134629,0.9704108022228993
6038,105.98929562321744,0.8700465231999756
6039,105.95418128840555,0.7103900114408356
6040,219.76645272022841,0.5023215943770037
6041,222.93919407280913,0.2600207907820641
6042,234.7415985902643,1.2303330653927857e-16
6043,268.14199813995066,0.0
6044,273.72996168431365,0.0
6045,267.417841524403,0.0
6046,336.5364960894795,0.0
6047,354.9072542200455,0.0
6048,394.6436186007008,0.0
6049,400.4511963418819,0.0
6050,427.3099636459236,0.0
6051,423.02423049069387,0.0
6052,406.4262126460639,0.0
6053,323.230951562301,0.0
6054,317.0727176587568,0.0
6055,164.71179259653644,0.2597541056795392
6056,147.60261241444584,0.5018063983209737
6057,159.01608265499556,0.7096614141911167
6058,149.0709407567311,0.8691541774550724
6059,124.54398769138926,0.969415519870656
6060,117.95873582035779,1.0
6061,126.03616165347142,0.969415519870656
6062,112.98342753237304,0.8691541774550725
6063,146.02241029711644,0.7096614141911167
6064,256.4555810857944,0.5018063983209737
6065,251.01952879073644,0.2597541056795395
6066,244.26646057320215,1.2290711989908848e-16
6067,345.705902819933,0.0
6068,342.94550947458856,0.0
6069,326.5710080636866,0.0
6070,417.7012085493379,0.0
6071,392.68112078931455,0.0
6072,413.4085310285469,0.0
6073,416.6219603525894,0.0
6074,431.6768418423797,0.0
6075,401.9390584949248,0.0
6076,395.84865258204115,0.0
6077,302.5416333280759,0.0
6078,297.24794685539734,0.0
6079,162.89306119584674,0.25948714349838536
6080,165.43684444302738,0.5012906669901358
6081,150.6957718381249,0.7089320599485051
6082,132.13807767041294,0.868260904587006
6083,119.09003888915399,0.9684192034468905
6084,116.34119854978196,1.0
6085,113.48608689354602,0.9684192034468905
6086,113.75784642566038,0.8682609045870061
6087,98.90891964648279,0.7089320599485051
6088,257.71655686136893,0.5012906669901358
6089,254.06149277551233,0.25948714349838564
6090,263.48982838701534,1.2278080215438234e-16
6091,333.9894738701383,0.0
6092,330.91474749404586,0.0
6093,322.41287555278336,0.0
6094,412.0547229695302,0.0
6095,420.047730897463,0.0
6096,397.87651887825535,0.0
6097,412.64627181543057,0.0
6098,414.3931021896155,0.0
6099,402.9798093678425,0.0
6100,404.54231111236567,0.0
6101,316.3647296299654,0.0
6102,299.99634722525934,0.0
6103,151.197865572729,0.2592199833452581
6104,136.2545285058259,0.5007745532068139
6105,159.7530253061349,0.7082021648364034
6106,145.65295773644866,0.8673669692918058
6107,107.26994317136722,0.9674221481816616
6108,124.00951914028515,1.0
6109,108.87812193320482,0.9674221481816616
6110,130.0904748773625,0.8673669692918059
6111,102.41592388276646,0.7082021648364034
6112,260.5649281500088,0.5007745532068139
6113,244.32201944620405,0.25921998334525836
6114,252.31407197969585,1.2265439073583412e-16
6115,320.8249336083013,0.0
6116,343.065442560818,0.0
6117,323.15347265679395,0.0
6118,418.2201578832436,0.0
6119,407.4674104321137,0.0
6120,410.63311106596814,0.0
6121,413.77985041635606,0.0
6122,402.8648834676483,0.0
6123,414.53118489004515,0.0
6124,430.3707942998074,0.0
6125,304.57278982909656,0.0
6126,327.9716489783753,0.0
6127,165.12245000455144,0.25895270438547663
6128,137.3514185343615,0.5002582099066606
6129,129.6846231416114,0.7074719451384862
6130,121.33975352421962,0.8664726364617925
6131,111.14733244895596,0.9664246495239628
6132,140.13946135211447,1.0
6133,118.13391320815641,0.9664246495239628
6134,108.08982982573629,0.8664726364617926
6135,103.9503085900179,0.7074719451384862
6136,268.1306754070999,0.5002582099066606
6137,248.19760820899972,0.2589527043854769
6138,255.57776149153509,1.2252792310187535e-16
6139,344.998930654132,0.0
6140,327.7181974896123,0.0
6141,332.97815176790033,0.0
6142,411.80795860968425,0.0
6143,420.2066736657476,0.0
6144,419.5082728737051,0.0
6145,409.77797607252324,0.0
6146,413.1831295855394,0.0
6147,407.95799270929933,0.0
6148,394.68799196454785,0.0
6149,317.3154699821728,0.0
6150,336.930560823392,0.0
6151,136.68799204298622,0.2586853858195649
6152,138.01626521604655,0.4997417900933393
6153,136.8438884715541,0.706741617234609
6154,126.52919872970065,0.8655781711070848
6155,123.21592283538047,0.965427003054174
6156,115.9316450760257,0.9994835801866787
6157,106.8178686453556,0.965427003054174
6158,118.94261888470227,0.8655781711070849
6159,99.05863185699353,0.706741617234609
6160,257.0283298031735,0.4997417900933393
6161,265.7655036339388,0.2586853858195652
6162,240.29282136127944,1.224014367275953e-16
6163,315.4730566022764,0.0
6164,352.8165306245707,0.0
6165,326.52216025017736,0.0
6166,426.05071499890704,0.0
6167,410.5713688652072,0.0
6168,336.58054395072935,0.0
6169,343.78495414798505,0.0
6170,327.916015473068,0.0
6171,340.113967475973,0.0
6172,333.94612877613616,0.0
6173,242.07712763458744,0.0
6174,261.9728338521646,0.0
6175,117.74173551533119,0.2584181068597834
6176,119.01713125652968,0.499225446793186
6177,106.37949787689628,0.7060113975366917
6178,115.8179477714466,0.8646838382770714
6179,107.24171359492634,0.964429504396475
6180,108.2910139683567,0.9984508935863721
6181,93.05580692899277,0.964429504396475
6182,75.97094868425191,0.8646838382770715
6183,120.15615194816708,0.7060113975366917
6184,208.82930718023098,0.499225446793186
6185,200.57687972406075,0.25841810685978367
6186,214.56409617009876,1.2227496909363652e-16
6187,288.0486889712029,0.0
6188,273.76663284213777,0.0
6189,289.38614153043585,0.0
6190,351.5200010162277,0.0
6191,325.6074275052006,0.0
6192,330.7804039302151,0.0
6193,350.356331157486,0.0
6194,306.31453443240355,0.0
6195,337.0724168801489,0.0
6196,321.69591077863276,0.0
6197,252.4648859623244,0.0
6198,254.59769051117624,0.0
6199,116.72459789301304,0.2581509467066561
6200,114.39639540255183,0.49870933300986403
6201,107.85780663235737,0.7052815024245901
6202,124.32175954414674,0.8637899029818712
6203,119.22836839225872,0.9634324491312461
6204,82.87403449924712,0.9974186660197282
6205,115.80422535796532,0.9634324491312461
6206,92.02523845664828,0.8637899029818713
6207,98.36907402230304,0.7052815024245901
6208,209.01483188960245,0.49870933300986403
6209,201.85713571331786,0.2581509467066564
6210,221.5803475316392,1.221485576750883e-16
6211,275.8306406701671,0.0
6212,268.6013852246163,0.0
6213,258.6649289776415,0.0
6214,328.14274503349935,0.0
6215,319.1693238109036,0.0
6216,413.8166929710846,0.0
6217,399.3100232826898,0.0
6218,410.48328423988005,0.0
6219,430.111232633427,0.0
6220,428.0616052651616,0.0
6221,314.78982804418007,0.0
6222,314.13213405969367,0.0
6223,170.29778401808872,0.25788398452550226
6224,153.98836286934116,0.49819360167902615
6225,143.80561190651835,0.7045521481819784
6226,101.07921413458388,0.8628966301138049
6227,122.91791015800622,0.9624361327074807
6228,128.14331681102365,0.9963872033580524
6229,110.61161324586557,0.9624361327074807
6230,121.6858646016857,0.862896630113805
6231,113.82855200104895,0.7045521481819784
6232,253.87304621300882,0.49819360167902615
6233,226.22757031264888,0.25788398452550254
6234,253.42005815880322,1.2202223993038219e-16
6235,346.50815432564633,0.0
6236,327.298892029951,0.0
6237,335.50603911533346,0.0
6238,404.5986019097995,0.0
6239,417.99531050561586,0.0
6240,411.49253861239157,0.0
6241,402.81991849464157,0.0
6242,430.08143459480715,0.0
6243,425.2380011452122,0.0
6244,406.83193581568753,0.0
6245,321.4712250332614,0.0
6246,321.94670935409266,0.0
6247,155.59719231400044,0.2576172994229777
6248,127.55850674192538,0.49767840562299603
6249,159.96885598625784,0.7038235509322596
6250,111.47527443998428,0.8620042843689016
6251,114.01772679379785,0.9614408503552372
6252,149.96624302221545,0.9953568112459922
6253,121.93414256374518,0.9614408503552372
6254,113.67579228972694,0.8620042843689018
6255,91.84812952202218,0.7038235509322596
6256,273.0191039300579,0.49767840562299603
6257,240.19941827299837,0.25761729942297795
6258,244.30066748070757,1.2189605329019205e-16
6259,331.24014806370946,0.0
6260,352.21331715316717,0.0
6261,344.49525549275273,0.0
6262,412.19676686474253,0.0
6263,417.7903217464915,0.0
6264,407.3087462795541,0.0
6265,416.18921886879156,0.0
6266,415.393415531345,0.0
6267,426.1386133421836,0.0
6268,426.1195120632748,0.0
6269,321.74744256285436,0.0
6270,311.4715432858334,0.0
6271,156.9423584591127,0.25735097042363375
6272,146.93686933199464,0.497163897505484
6273,135.0575185018736,0.703095926574523
6274,113.5929392382137,0.8611131301684641
6275,119.44671654655686,0.9604468969981568
6276,129.3549821451219,0.9943277950109681
6277,116.23005467525913,0.9604468969981568
6278,103.9220082062697,0.8611131301684642
6279,119.1132929407068,0.703095926574523
6280,257.9649900864927,0.497163897505484
6281,258.8335691526471,0.25735097042363403
6282,267.64197579726726,1.2177003514634277e-16
6283,347.7855249809895,0.0
6284,328.42791563133073,0.0
6285,328.1647246033234,0.0
6286,402.03099006254166,0.0
6287,422.8991626373731,0.0
6288,432.3233993107605,0.0
6289,411.15657487580086,0.0
6290,412.04039123400804,0.0
6291,432.5389486934957,0.0
6292,421.0042522492881,0.0
6293,321.37772979910443,0.0
6294,301.85190326980705,0.0
6295,156.3367218351773,0.2570850764465008
6296,137.04234891770716,0.4966502297863491
6297,134.58374277260478,0.7023694907195691
6298,114.39232908185888,0.8602234315807145
6299,111.52407532167514,0.9594545671660699
6300,115.89439167043895,0.9933004595726983
6301,101.26180838876039,0.9594545671660699
6302,130.0593836806715,0.8602234315807146
6303,132.08582353725657,0.7023694907195691
6304,233.4979976502723,0.4966502297863491
6305,268.6076010079607,0.2570850764465011
6306,247.13976378210256,1.2164422284073e-16
6307,346.18553911912846,0.0
6308,335.08047476333803,0.0
6309,336.247139444307,0.0
6310,412.71638621765334,0.0
6311,429.4831084615098,0.0
6312,400.4881853879261,0.0
6313,422.6573256030465,0.0
6314,428.57920351690103,0.0
6315,423.95932250471134,0.0
6316,443.2596285101074,0.0
6317,310.1198704954761,0.0
6318,327.9548895192949,0.0
6319,147.07092721098385,0.2568196962817027
6320,163.14488775131292,0.4961375546764225
6321,148.25174688642446,0.7016444586260199
6322,114.02070248571506,0.8593354522425457
6323,134.34807831452423,0.9584641549077225
6324,112.77646859983753,0.9922751093528451
6325,101.72250276125803,0.9584641549077225
6326,112.47304926997874,0.8593354522425458
6327,126.10360722712709,0.7016444586260199
6328,273.83409073318523,0.4961375546764225
6329,258.4631782176983,0.256819696281703
6330,272.94799052094845,1.2151865365425516e-16
6331,319.9483345684522,0.0
6332,330.9272720483685,0.0
6333,332.7835322203341,0.0
6334,413.9885284085562,0.0
6335,416.3723741972288,0.0
6336,349.23897669933046,0.0
6337,335.6103631525783,0.0
6338,342.6163894540617,0.0
6339,340.40657052673555,0.0
6340,329.83736636393036,0.0
6341,258.4059389391174,0.0
6342,258.0460248493292,0.0
6343,119.78619222375778,0.2565549085671098
6344,122.14827248277174,0.4956260240924037
6345,122.67524149115496,0.7009210451365318
6346,92.22618505374751,0.8584494552813997
6347,112.68630401069066,0.9574759537036416
6348,83.37995965259928,0.9912520481848075
6349,88.76208590139672,0.9574759537036416
6350,130.77329069371814,0.8584494552813998
6351,84.95783094316472,0.7009210451365318
6352,194.81801951005974,0.4956260240924037
6353,219.87679654659146,0.25655490856711005
6354,186.1376373612904,1.2139336479577823e-16
6355,273.1822734889313,0.0
6356,301.7554595095184,0.0
6357,257.46632934275976,0.0
6358,317.1644713817596,0.0
6359,322.9578707871318,0.0
6360,352.0795700687699,0.0
6361,354.7965758884358,0.0
6362,335.14818968486395,0.0
6363,349.4978040966189,0.0
6364,357.98231917874995,0.0
6365,281.4856847816197,0.0
6366,257.0815044343036,0.0
6367,94.27493054817661,0.2562907917650363
6368,112.04204409130021,0.49511578961184444
6369,116.77094082099336,0.7001994646141345
6370,94.40680736923248,0.8575657032372975
6371,95.25976011606853,0.9564902563791708
6372,110.9408081033412,0.990231579223689
6373,112.80721404842414,0.9564902563791708
6374,95.45398908107576,0.8575657032372976
6375,110.69589144079498,0.7001994646141345
6376,215.57242774394828,0.49511578961184444
6377,212.05456301872607,0.25629079176503655
6378,222.15902122969476,1.2126839339109194e-16
6379,277.15689787534563,0.0
6380,300.9836074216638,0.0
6381,259.02893929495593,0.0
6382,335.11720445950186,0.0
6383,339.7810284851587,0.0
6384,421.92146168083417,0.0
6385,431.86355524057535,0.0
6386,416.3552465885044,0.0
6387,399.5812736012638,0.0
6388,426.7581961527983,0.0
6389,326.505622828247,0.0
6390,294.14381372199057,0.0
6391,148.75721803714265,0.25602742413899093
6392,129.72116567302868,0.4946070024282331
6393,140.82705447116751,0.6994799308787097
6394,108.20858698940019,0.8566844579850428
6395,128.75347049185763,0.9555073550177006
6396,120.44425620301999,0.9892140048564663
6397,103.61520210388144,0.9555073550177006
6398,129.60308566844188,0.8566844579850429
6399,101.83662422581281,0.6994799308787097
6400,261.88633606371786,0.4946070024282331
6401,248.1568425465679,0.2560274241389912
6402,253.53684558770033,1.2114377647192057e-16
6403,343.337748963163,0.0
6404,343.54389277541674,0.0
6405,353.3301288693739,0.0
6406,415.6609849992808,0.0
6407,420.32543975089834,0.0
6408,411.82560022134146,0.0
6409,419.26232668166693,0.0
6410,422.35228066629554,0.0
6411,415.8987299207409,0.0
6412,395.43344228108344,0.0
6413,321.75170644373713,0.0
6414,322.1487934160319,0.0
6415,140.7945068874651,0.25576488373048517
6416,133.54394417077035,0.4940998133061927
6417,166.6671384096881,0.6987626571436321
6418,125.06261701364522,0.8558059806566226
6419,116.41629851185188,0.9545275408741172
6420,105.52087628514255,0.9881996266123855
6421,109.30349294185625,0.9545275408741172
6422,134.79635564434716,0.8558059806566227
6423,120.81721417332895,0.6987626571436321
6424,251.58437544230173,0.4940998133061927
6425,264.30769102100606,0.25576488373048545
6426,248.4186419969543,1.2101955096494674e-16
6427,355.64505053161633,0.0
6428,353.8685405870125,0.0
6429,332.0360453138185,0.0
6430,409.53440512582307,0.0
6431,385.660849705886,0.0
6432,399.7307632453152,0.0
6433,401.4360952044385,0.0
6434,419.13201659578027,0.0
6435,413.5949280506353,0.0
6436,401.3657066549487,0.0
6437,314.72868482675415,0.0
6438,324.166699108097,0.0
6439,155.4446909503912,0.2555032483359081
6440,126.31457538109755,0.4935943725368061
6441,147.57145698559816,0.6980478559525892
6442,102.688405677464,0.8549305315638284
6443,130.1092393668066,0.9535511042884974
6444,128.6982519973653,0.9871887450736123
6445,108.51216828522982,0.9535511042884974
6446,110.09595257231852,0.8549305315638285
6447,113.75329039514364,0.6980478559525892
6448,231.4248850989911,0.4935943725368061
6449,262.4900239170541,0.2555032483359084
6450,255.1842712796856,1.208957536808692e-16
6451,349.6261701606637,0.0
6452,324.80315855429876,0.0
6453,330.5545937908502,0.0
6454,399.43142940746225,0.0
6455,405.4582457420006,0.0
6456,403.7579708848547,0.0
6457,429.89343898383066,0.0
6458,409.56261265265664,0.0
6459,419.4318630546087,0.0
6460,413.37259399133166,0.0
6461,303.19823001750217,0.0
6462,316.4122081315962,0.0
6463,156.45415242438935,0.2552425954834737
6464,134.77179973150598,0.49309082989308156
6465,158.97426593080274,0.6973357391166009
6466,109.2152788958886,0.8540583701211198
6467,113.61612284074687,0.9525783346000746
6468,125.78012742974153,0.9861816597861632
6469,111.45069606698709,0.9525783346000746
6470,119.86282826565134,0.85405837012112
6471,115.63564000816385,0.6973357391166009
6472,260.27826431329123,0.49309082989308156
6473,230.15697896656343,0.255242595483474
6474,236.7696664503484,1.207724213034949e-16
6475,345.7254056078215,0.0
6476,350.779978403048,0.0
6477,327.4079610928811,0.0
6478,415.01341461161974,0.0
6479,421.47838587250095,0.0
6480,426.69299829378167,0.0
6481,394.04225981382706,0.0
6482,407.7419041101367,0.0
6483,414.38343451567874,0.0
6484,426.8120694407098,0.0
6485,348.7426035752311,0.0
6486,316.02536904885653,0.0
6487,132.5356944097083,0.2549830024102477
6488,154.24664088137175,0.4925893345855719
6489,165.27137342944468,0.6966265176512543
6490,120.83170861571892,0.8531897547687558
6491,108.6557566221134,0.9516095200615019
6492,131.03146646172513,0.9851786691711439
6493,127.49808658594613,0.9516095200615019
6494,107.22256903361742,0.8531897547687559
6495,124.11264657437701,0.6966265176512543
6496,270.96085500049713,0.4925893345855719
6497,273.1763486992974,0.25498300241024796
6498,258.1962804848772,1.2064959037886906e-16
6499,334.38707427708215,0.0
6500,353.4113134962091,0.0
6501,324.16210159546335,0.0
6502,423.63733856492934,0.0
6503,401.9340675455041,0.0
6504,356.2066660988205,0.0
6505,340.3256046443713,0.0
6506,358.6451496594749,0.0
6507,349.31910390797157,0.0
6508,328.7435080709621,0.0
6509,278.75050484717855,0.0
6510,280.26991525938433,0.0
6511,133.23820606537103,0.25472454603925987
6512,113.5117137737458,0.49209003521815975
6513,118.97860070189154,0.6959204017141756
6514,99.86574113221347,0.8523249428962109
6515,89.67608973136716,0.9506449477534354
6516,118.42877339290281,0.9841800704363196
6517,99.8525321840568,0.9506449477534354
6518,65.68043795805607,0.852324942896211
6519,102.19288427641901,0.6959204017141756
6520,208.41677603877167,0.49209003521815975
6521,211.69554612715805,0.2547245460392601
6522,208.17123241115104,1.2052729730444555e-16
6523,287.6929648154226,0.0
6524,291.44466115878294,0.0
6525,281.4050457632462,0.0
6526,339.35041658604734,0.0
6527,342.9261043739952,0.0
6528,344.012789419575,0.0
6529,334.1484335422654,0.0
6530,350.7247378034983,0.0
6531,349.29810190696907,0.0
6532,362.26288889796353,0.0
6533,276.9899832839519,0.0
6534,253.69768690940867,0.0
6535,132.6212926443374,0.254467302956711
6536,111.36627155309614,0.49159307974402344
6537,131.12889736152,0.6952176005427565
6538,92.02279933506254,0.8514641907659073
6539,85.94313103967683,0.9496849034994675
6540,101.5827138325527,0.983186159488047
6541,66.12736418233416,0.9496849034994675
6542,77.21046282732111,0.8514641907659074
6543,96.09226711489245,0.6952176005427565
6544,213.80400226001643,0.49159307974402344
6545,208.38287581850005,0.25446730295671127
6546,193.86146547578716,1.204055783183016e-16
6547,268.4814454348588,0.0
6548,282.99065946736965,0.0
6549,285.27752878806126,0.0
6550,343.58291660949214,0.0
6551,357.6595993930873,0.0
6552,424.4434248204206,0.0
6553,410.70519269141124,0.0
6554,416.30863589797036,0.0
6555,402.84026665241555,0.0
6556,418.3769926542128,0.0
6557,333.0973297460159,0.0
6558,327.9756033318914,0.0
6559,166.70791924635438,0.25421134938927825
6560,146.249184409737,0.4910986154217952
6561,166.037004869496,0.6945183223921517
6562,117.5873951508843,0.850607753437278
6563,137.56606685909867,0.94872967178143
6564,119.64476489895446,0.9821972308435906
6565,128.39382235391128,0.94872967178143
6566,137.60839423997822,0.8506077534372781
6567,117.58591432528547,0.6945183223921517
6568,262.41926723175993,0.4910986154217952
6569,275.26496048370547,0.25421134938927853
6570,258.20256141406907,1.202844694883997e-16
6571,323.8859225699959,0.0
6572,365.4527146150887,0.0
6573,334.0994563880242,0.0
6574,421.5797331501603,0.0
6575,433.5467405723233,0.0
6576,412.8065223202909,0.0
6577,408.0140342063998,0.0
6578,423.15329672636335,0.0
6579,398.59153239011664,0.0
6580,416.6535762426503,0.0
6581,323.02309190707274,0.0
6582,316.8432051733859,0.0
6583,131.51732052643723,0.25395676118152755
6584,169.16886731911433,0.49060678877192515
6585,151.2811896920563,0.693822774473569
6586,137.20481088887385,0.8497558846911866
6587,116.91055047356761,0.9477795356550965
6588,109.47084169544378,0.9812135775438504
6589,123.26115651879486,0.9477795356550965
6590,117.44153995979431,0.8497558846911867
6591,105.89784797983665,0.693822774473569
6592,277.70454630287134,0.49060678877192515
6593,252.59989252269347,0.2539567611815278
6594,237.98393857987458,1.2016400670189996e-16
6595,356.02578482873133,0.0
6596,334.0362159914919,0.0
6597,332.7939054698559,0.0
6598,398.92379812070567,0.0
6599,440.9997470042292,0.0
6600,405.06843860887653,0.0
6601,421.2435994238606,0.0
6602,431.493649525878,0.0
6603,425.6028088514299,0.0
6604,419.8263539114865,0.0
6605,299.99311877132646,0.0
6606,310.69641104156807,0.0
6607,152.44724893343624,0.2537036137734393
6608,140.74755603708203,0.49011774553326404
6609,152.6339583969112,0.6931311628928676
6610,128.3358368073225,0.8489088369547275
6611,131.704950531142,0.9468347766663069
6612,105.4407636077886,0.9802354910665282
6613,146.51466856128823,0.9468347766663069
6614,129.36466803619035,0.8489088369547276
6615,120.13434605751202,0.6931311628928676
6616,273.4100901169247,0.49011774553326404
6617,288.7205443840047,0.2537036137734396
6618,243.0710099073226,1.2004422565452576e-16
6619,337.7357766778027,0.0
6620,311.897748469219,0.0
6621,342.7507467794752,0.0
6622,424.92693655849445,0.0
6623,420.07226027007965,0.0
6624,413.1213986265031,0.0
6625,396.38162728422293,0.0
6626,425.45820567942405,0.0
6627,438.44101528546673,0.0
6628,413.8835800096816,0.0
6629,326.0241869414075,0.0
6630,301.92573603208916,0.0
6631,155.83505729233974,0.253451982178054
6632,145.62791295509368,0.48963163061987797
6633,141.1994851207946,0.6924436925894851
6634,111.15443672783009,0.8480668612264259
6635,115.55546143802754,0.9458956747675391
6636,124.86800021073408,0.979263261239756
6637,104.53284200807744,0.9458956747675391
6638,115.51341644360943,0.848066861226426
6639,119.78113908643388,0.6924436925894851
6640,247.41559688753563,0.48963163061987797
6641,282.16405000201814,0.25345198217805426
6642,250.36212182118186,1.1992516183998655e-16
6643,332.7566915665985,0.0
6644,329.0502391323304,0.0
6645,362.37169557585776,0.0
6646,427.6106642216766,0.0
6647,409.7366974035591,0.0
6648,434.6838868568548,0.0
6649,423.81749248200174,0.0
6650,424.4961492038732,0.0
6651,417.2753816455058,0.0
6652,412.41611630705154,0.0
6653,325.12679939858674,0.0
6654,314.53255944998443,0.0
6655,172.30432046580668,0.2532019409592438
6656,135.27175964798818,0.48914858807810696
6657,168.93713418516475,0.6917605672757094
6658,119.06677614315072,0.8472302070018614
6659,123.9916311369776,0.9449625082349532
6660,130.40049552827753,0.978297176156214
6661,112.8396107886711,0.9449625082349532
6662,130.77358294510796,0.8472302070018615
6663,87.9120760641502,0.6917605672757094
6664,252.2324306469061,0.48914858807810696
6665,249.78355135747657,0.2532019409592441
6666,245.83023289710823,1.1980685053946018e-16
6667,338.5612485411049,0.0
6668,345.76970621623263,0.0
6669,349.57262658004396,0.0
6670,424.29962923694006,0.0
6671,413.42078657181264,0.0
6672,350.33863501811584,0.0
6673,347.40186610242404,0.0
6674,357.14311177944603,0.0
6675,355.23367819939205,0.0
6676,346.2761547312614,0.0
6677,252.7837736511802,0.0
6678,255.71540785513034,0.0
6679,116.9419697429914,0.25295356420961834
6680,119.75624605165274,0.488668761043881
6681,126.75604718972485,0.6910819893763138
6682,107.41364632845494,0.8463991221997369
6683,98.21812933073372,0.9440355535859322
6684,99.02505110172392,0.9773375220877621
6685,100.5512293069183,0.9440355535859322
6686,92.64068988933018,0.846399122199737
6687,87.72684655520278,0.6910819893763138
6688,193.06977813392768,0.488668761043881
6689,205.79324060473374,0.2529535642096186
6690,219.81277834086967,1.1968932681113836e-16
6691,271.5877980764602,0.0
6692,277.1690508838238,0.0
6693,285.6199107818828,0.0
6694,352.15871172128584,0.0
6695,332.95604353822137,0.0
6696,358.2296715471251,0.0
6697,359.7931603419472,0.0
6698,332.7067609830587,0.0
6699,336.37891683398755,0.0
6700,360.5580474674357,0.0
6701,262.0586790932651,0.0
6702,237.18358597890648,0.0
6703,106.86987882523684,0.25270692552856894
6704,120.67362137995929,0.488192291700306
6705,109.70954507861384,0.690408159968575
6706,93.97176025798596,0.8455738530884159
6707,99.3216000698262,0.943115085497144
6708,116.47990075404002,0.9763845834006121
6709,95.4473985108898,0.943115085497144
6710,111.80334710049637,0.845573853088416
6711,116.0779674500645,0.690408159968575
6712,231.566214627742,0.488192291700306
6713,217.7715537161439,0.2527069255285692
6714,190.7950288214494,1.1957262547983814e-16
6715,285.83962731744566,0.0
6716,292.89052758636177,0.0
6717,279.33692366737426,0.0
6718,367.19996571058437,0.0
6719,356.5829620072909,0.0
6720,429.5252904617703,0.0
6721,435.74257847040695,0.0
6722,426.70644815106743,0.0
6723,392.7922839431927,0.0
6724,416.7163425182925,0.0
6725,336.4277381829262,0.0
6726,312.3706257747724,0.0
6727,148.2847620571342,0.2524620980004596
6728,138.4283963531406,0.4877193212355313
6729,172.37350326239869,0.6897392787226887
6730,140.95105518499815,0.8447546442129468
6731,110.16671895429323,0.9422013767231483
6732,122.54072170065099,0.9754386424710627
6733,112.60721712281341,0.9422013767231483
6734,128.15248136435852,0.8447546442129469
6735,126.88934262288993,0.6897392787226887
6736,271.4156158673201,0.4877193212355313
6737,265.6581703804556,0.2524620980004599
6738,296.9000234846226,1.1945678112668264e-16
6739,329.85549429182004,0.0
6740,321.66333921871075,0.0
6741,337.4734970635314,0.0
6742,403.89015074921366,0.0
6743,404.796462695865,0.0
6744,411.1211015995715,0.0
6745,412.07061058476756,0.0
6746,411.6814602265464,0.0
6747,429.35550485529205,0.0
6748,417.0626087169231,0.0
6749,320.2358269681566,0.0
6750,333.12079516063756,0.0
6751,141.92444307760397,0.25221915417297075
6752,147.94576259052442,0.48724998980091333
6753,155.50943320809608,0.6890755438426039
6754,97.59743709254224,0.8439417383225992
6755,92.2773845925779,0.9412946980155747
6756,125.04965864555756,0.9744999796018268
6757,126.80042206678768,0.9412946980155747
6758,145.66689231821383,0.8439417383225993
6759,122.79338921038661,0.6890755438426039
6760,271.778753123731,0.48724998980091333
6761,259.5962047936022,0.252219154172971
6762,265.5086031756549,1.193418280788538e-16
6763,362.54645908428495,0.0
6764,317.05146316578293,0.0
6765,347.5027720741507,0.0
6766,448.76391821087554,0.0
6767,426.5212880804592,0.0
6768,443.3736909982636,0.0
6769,416.01626964511615,0.0
6770,423.18224550950487,0.0
6771,423.96911186813253,0.0
6772,396.9557224871642,0.0
6773,308.6994397339648,0.0
6774,309.5550727155594,0.0
6775,161.1386555933437,0.25197816603560164
6776,161.73969992516203,0.4867844364694851
6777,155.16229996943179,0.6884171520072903
6778,130.90832488783118,0.8431353762989325
6779,119.04929717290142,0.9403953180428919
6780,135.44227016003722,0.9735688729389703
6781,121.12455143714757,0.9403953180428919
6782,121.7134586946838,0.8431353762989326
6783,117.83197852641378,0.6884171520072903
6784,270.421434337023,0.4867844364694851
6785,257.1536428060309,0.2519781660356019
6786,273.9252051317627,1.1922780039942063e-16
6787,329.3016323338356,0.0
6788,329.7004269656893,0.0
6789,351.1365430839457,0.0
6790,422.5042848644733,0.0
6791,418.12011844563193,0.0
6792,434.6763892943045,0.0
6793,416.708559535566,0.0
6794,421.5932814529945,0.0
6795,440.7864319054529,0.0
6796,442.4654046543268,0.0
6797,341.91311871722405,0.0
6798,319.6588308707732,0.0
6799,166.19546932574184,0.25173920499833835
6800,140.03960053270404,0.4863227991947462
6801,140.54419996926345,0.6877642983124574
6802,92.93615734125024,0.8423357970844171
6803,141.21604599552492,0.9395035033107958
6804,110.77386938382962,0.9726455983894925
6805,119.62323661577784,0.9395035033107958
6806,110.21773546960316,0.8423357970844172
6807,129.48361055270425,0.6877642983124574
6808,257.96592247900077,0.4863227991947462
6809,246.81572372241345,0.25173920499833863
6810,267.7734771778416,1.191147318772454e-16
6811,326.02985115838123,0.0
6812,333.18574275231805,0.0
6813,317.951942080591,0.0
6814,406.9081991582277,0.0
6815,426.1380465412447,0.0
6816,400.8489611013849,0.0
6817,406.6496448631594,0.0
6818,424.39496656502627,0.0
6819,417.90011080550335,0.0
6820,448.3278331901317,0.0
6821,345.37696316838395,0.0
6822,312.9551350630776,0.0
6823,158.26543483463465,0.25150234187049336
6824,160.57117409634628,0.48586521476978406
6825,144.41003711750002,0.6871171762127454
6826,103.31732829305584,0.8415432376116305
6827,121.1162453393376,0.9386195180832387
6828,119.18967863326496,0.9717304295395682
6829,116.03465276738686,0.9386195180832387
6830,126.5716291490081,0.8415432376116306
6831,112.2550714469671,0.6871171762127454
6832,248.91432067962455,0.48586521476978406
6833,264.04728689477224,0.25150234187049364
6834,267.3699323614008,1.1900265601697148e-16
6835,329.4611030777965,0.0
6836,354.71792973649013,0.0
6837,322.3350687512842,0.0
6838,417.48603205403225,0.0
6839,421.3272911242487,0.0
6840,340.74213493802205,0.0
6841,341.5960938072309,0.0
6842,370.82971327754257,0.0
6843,338.1662104213784,0.0
6844,377.6714801595082,0.0
6845,270.67547906332135,0.0
6846,266.53461935429266,0.0
6847,130.1351769155967,0.2512676468397234
6848,154.77942566596815,0.4854118187867392
6849,112.49717662776735,0.6864759774643978
6850,86.0912191127191,0.8407579327330492
6851,90.47783978109273,0.9377436243041213
6852,99.92195190353051,0.9708236375734786
6853,78.8269806422049,0.9377436243041213
6854,99.80430501177908,0.8407579327330493
6855,119.85879974091985,0.6864759774643978
6856,217.4787293240682,0.4854118187867392
6857,212.14961512886754,0.2512676468397237
6858,208.24391525236734,1.1889160602909506e-16
6859,292.8014705178269,0.0
6860,272.1093367843515,0.0
6861,304.1760811103991,0.0
6862,371.5771364624175,0.0
6863,351.4578290737867,0.0
6864,348.58709678726063,0.0
6865,361.0931955430791,0.0
6866,361.86285987090827,0.0
6867,339.05337707146737,0.0
6868,342.40661624653995,0.0
6869,249.82728056984269,0.0
6870,270.60422904605093,0.0
6871,132.54427668868996,0.25103518945123127
6872,108.34563443287199,0.48496274559662667
6873,119.08235522941337,0.6858408920684426
6874,83.46874665878963,0.8399801151514572
6875,88.85019594683976,0.9368760815196738
6876,106.2479983924814,0.9699254911932534
6877,90.83400886962646,0.9368760815196738
6878,96.02588219737824,0.8399801151514573
6879,80.10805293439803,0.6858408920684426
6880,218.12143546785526,0.48496274559662667
6881,215.3462731130235,0.2510351894512315
6882,207.13004195076135,1.1878161482012422e-16
6883,280.03324382548016,0.0
6884,284.4649539637112,0.0
6885,272.5229976107577,0.0
6886,331.010127316159,0.0
6887,370.39217103642216,0.0
6888,418.09884281828556,0.0
6889,424.53699403656617,0.0
6890,437.8281920950526,0.0
6891,468.04677752565465,0.0
6892,410.76427787614244,0.0
6893,329.73934772647726,0.0
6894,315.85079373822987,0.0
6895,145.56955751465406,0.25080503858715797
6896,143.3924969174931,0.4845181282695244
6897,138.52718155596756,0.6852121082143884
6898,121.13253659424373,0.8392100153509906
6899,103.93400069108085,0.9360171468015464
6900,132.98972373380212,0.9690362565390489
6901,122.28806816806016,0.9360171468015464
6902,126.69725261047695,0.8392100153509907
6903,116.033769592305,0.6852121082143884
6904,259.1209574833883,0.4845181282695244
6905,266.9781715559372,0.25080503858715825
6906,249.55879710505937,1.1867271498282797e-16
6907,340.31687477140906,0.0
6908,334.29739781782763,0.0
6909,333.9259342572769,0.0
6910,400.3800563873012,0.0
6911,441.77003434856886,0.0
6912,417.88134795897236,0.0
6913,440.08032565878017,0.0
6914,438.9453208535491,0.0
6915,410.6878165186197,0.0
6916,413.05887816874343,0.0
6917,355.38875017651014,0.0
6918,345.6738259673677,0.0
6919,151.80742533892618,0.25057726244617157
6920,155.27412477587163,0.48407809855514194
6921,144.61549066349716,0.6845898122244616
6922,126.93675056949482,0.8384478615288402
6923,113.14233519042108,0.9351670746706332
6924,97.36027282751013,0.968156197110284
6925,105.88984856095813,0.9351670746706332
6926,122.00163097329778,0.8384478615288403
6927,108.17571117305968,0.6845898122244616
6928,262.98112608573416,0.48407809855514194
6929,250.89252319150222,0.25057726244617184
6930,254.40020859467268,1.1856493878657832e-16
6931,355.1921180077154,0.0
6932,347.92390090243833,0.0
6933,344.83816127499693,0.0
6934,436.6673806736654,0.0
6935,431.88711611698574,0.0
6936,443.89845678117535,0.0
6937,421.0213861383773,0.0
6938,421.3840775438289,0.0
6939,410.9263860894628,0.0
6940,421.3919286776899,0.0
6941,336.5598652353695,0.0
6942,340.58247497088576,0.0
6943,163.85926819066822,0.2503519285232585
6944,130.805303775035,0.4836427868437804
6945,165.33334872555702,0.6839741884983943
6946,99.80626145963771,0.8376938795276323
6947,132.64589282837073,0.9343261170216528
6948,117.4550706200499,0.967285573687561
6949,130.29888470610882,0.9343261170216528
6950,105.87910476416776,0.8376938795276324
6951,135.9224965313763,0.6839741884983943
6952,246.4686870810302,0.4836427868437804
6953,256.02692510405075,0.25035192852325877
6954,252.07124850106044,1.1845831816778827e-16
6955,324.24262242635393,0.0
6956,346.4283714712855,0.0
6957,366.96711007426745,0.0
6958,458.5425599539991,0.0
6959,427.7055667311939,0.0
6960,440.35781902286647,0.0
6961,429.74277937719864,0.0
6962,432.94424205927476,0.0
6963,422.8518599085294,0.0
6964,429.29856682712744,0.0
6965,331.75080633874853,0.0
6966,318.35954513695543,0.0
6967,151.55494115916136,0.2501291035897232
6968,151.78371132990736,0.48321232212769466
6969,162.4017125658435,0.6833654194587827
6970,109.19551214676962,0.836948292768506
6971,121.36939170300997,0.9334945230485059
6972,144.93196383493415,0.9664246442553894
6973,135.95662003733304,0.9334945230485059
6974,138.17804679296626,0.8369482927685061
6975,122.28108028843819,0.6833654194587827
6976,268.1590835445528,0.48321232212769466
6977,276.3339467807556,0.25012910358972346
6978,283.03017913469165,1.1835288472044822e-16
6979,322.2131432965937,0.0
6980,329.8470825665902,0.0
6981,361.3457074680201,0.0
6982,423.6349714528306,0.0
6983,418.89699425095927,0.0
6984,412.3235966140131,0.0
6985,420.7133280394311,0.0
6986,410.5450970568745,0.0
6987,452.4666597307501,0.0
6988,427.1042958341935,0.0
6989,324.92251994300767,0.0
6990,332.67484654617425,0.0
6991,164.18154505189898,0.24990885367340243
6992,163.98406089935582,0.4827868319628702
6993,165.516866347591,0.6827636854970316
6994,114.53657580706984,0.8362113221849092
6995,118.53232075707778,0.932672539170434
6996,131.33510228186742,0.9655736639257405
6997,115.77805367688468,0.932672539170434
6998,122.04544283223342,0.8362113221849093
6999,126.89188758965788,0.6827636854970316
7000,273.9867862236048,0.4827868319628702
7001,243.23239368743785,0.2499088536734027
7002,273.1415130345476,1.1824866968676403e-16
7003,343.1643581526996,0.0
7004,354.4585393772929,0.0
7005,355.29222715517824,0.0
7006,446.6685091913903,0.0
7007,443.61497222941483,0.0
7008,366.9443871230875,0.0
7009,368.1095710017588,0.0
7010,354.28207498955527,0.0
7011,351.171748216206,0.0
7012,361.2593321699039,0.0
7013,276.05013497663543,0.0
7014,263.55636871858,0.0
7015,130.13842632418633,0.2496912440390998
7016,124.85938781707198,0.48236644243122573
7017,115.03335051696644,0.6821691649199003
7018,115.70996523130589,0.8354831861571309
7019,100.88682724515076,0.9318604089590001
7020,124.8089354271759,0.9647328848624516
7021,80.71852909239169,0.9318604089590001
7022,93.5430910606693,0.835483186157131
7023,100.61610237508015,0.6821691649199003
7024,230.8015185635913,0.48236644243122573
7025,221.94657786327056,0.24969124403910006
7026,220.87861844221334,1.1814570394789933e-16
7027,270.4420707712544,0.0
7028,270.0859395151505,0.0
7029,287.839292205383,0.0
7030,334.4162552459436,0.0
7031,344.40299416829197,0.0
7032,357.1338767875186,0.0
7033,339.33497757116703,0.0
7034,370.38714038683,0.0
7035,365.810104969343,0.0
7036,332.26582885842873,0.0
7037,256.33373086352157,0.0
7038,240.092858847766,0.0
7039,116.0099282345968,0.24947633916924636
7040,134.59768630404318,0.4819512781032523
7041,120.43428527787611,0.6815820338966667
7042,105.85038659153113,0.8347641004475908
7043,82.05280784875859,0.9310583730659131
7044,109.89652272312239,0.9639025562065047
7045,93.65950893299933,0.9310583730659131
7046,100.46685585553438,0.8347641004475909
7047,99.20632565142289,0.6815820338966667
7048,202.10319369692823,0.4819512781032523
7049,203.52476396675826,0.24947633916924664
7050,228.97530957567676,1.1804401801482476e-16
7051,289.03022828308235,0.0
7052,296.8429108917031,0.0
7053,288.13822121909226,0.0
7054,352.83875645619895,0.0
7055,330.4107414144871,0.0
7056,425.363183021896,0.0
7057,428.2789715381851,0.0
7058,452.0448697623009,0.0
7059,436.85106296821414,0.0
7060,447.04031756354436,0.0
7061,333.7286112387596,0.0
7062,318.0225200446291,0.0
7063,154.47962751630894,0.24926420274479302
7064,155.90882067768152,0.4815414620011001
7065,141.80427008526254,0.6810024664069243
7066,117.84666101889351,0.8340542781369034
7067,119.9901056138825,0.9302666691517173
7068,141.72674752878999,0.9630829240022003
7069,97.49042323331683,0.9302666691517173
7070,136.92913058660108,0.8340542781369034
7071,111.21776671849598,0.6810024664069243
7072,248.86355375178317,0.4815414620011001
7073,279.4878095594801,0.2492642027447933
7074,274.1112808298311,1.1794364201927683e-16
7075,362.0222681195986,0.0
7076,356.57646706157124,0.0
7077,371.6861837118731,0.0
7078,435.31226942636386,0.0
7079,426.7298548695521,0.0
7080,433.1291121464509,0.0
7081,443.93562515874635,0.0
7082,419.66149171547335,0.0
7083,421.1913326282182,0.0
7084,425.3064754434199,0.0
7085,301.61281260041204,0.0
7086,328.52474708660657,0.0
7087,130.58573970208582,0.2490548976263407
7088,153.85599590468956,0.4811371155621249
7089,163.60276122312112,0.6804306341890283
7090,116.85290979187248,0.8333539295607387
7091,142.70081776184097,0.929485531815369
7092,105.04941652657665,0.9622742311242499
7093,136.87055549918048,0.929485531815369
7094,130.67707199648154,0.8333539295607388
7095,101.98302833987023,0.6804306341890283
7096,298.1096241142832,0.4811371155621249
7097,264.8151490997492,0.24905489762634098
7098,255.05028425992919,1.1784460570482931e-16
7099,330.4119977347876,0.0
7100,344.6568277402797,0.0
7101,345.76816160351626,0.0
7102,430.24574196107073,0.0
7103,425.44044174390723,0.0
7104,437.016440534101,0.0
7105,424.7661788207609,0.0
7106,406.19816740583417,0.0
7107,427.62539886492414,0.0
7108,401.00800497224054,0.0
7109,331.42066609467366,0.0
7110,315.42381576058534,0.0
7111,155.3238016921038,0.24884848583551314
7112,169.13237721140945,0.48073835860290304
7113,141.97849308989822,0.6798667066892061
7114,135.4258570486368,0.8326632622474948
7115,117.49010714625754,0.9287151925247192
7116,143.7291195712784,0.9614767172058062
7117,118.30895058811282,0.9287151925247192
7118,112.60486612041109,0.8326632622474949
7119,130.93764335123484,0.6798667066892061
7120,260.60055079524767,0.48073835860290304
7121,255.7326333811832,0.2488484858355134
7122,260.0959493422858,1.1774693841807955e-16
7123,347.0886037955296,0.0
7124,363.73004375666386,0.0
7125,324.41482923621066,0.0
7126,429.6947047201249,0.0
7127,436.91657994856837,0.0
7128,432.1400702280774,0.0
7129,445.53706936137826,0.0
7130,428.92654337107354,0.0
7131,427.6040700219445,0.0
7132,436.92664189233597,0.0
7133,328.6726704104073,0.0
7134,322.7959997716255,0.0
7135,159.70040252081364,0.2486450285365787
7136,145.67633452717735,0.48034530928372743
7137,146.17254822154516,0.6793108510113464
7138,116.4694109754343,0.8319824808568023
7139,139.04216915861855,0.9279558795479251
7140,84.1531429647931,0.960690618567455
7141,127.55252525377696,0.9279558795479251
7142,123.21660100702432,0.8319824808568024
7143,102.63489372576421,0.6793108510113464
7144,269.79495636231235,0.48034530928372743
7145,271.78725891465865,0.24864502853657894
7146,273.1539057889691,1.1765066909995245e-16
7147,316.12652441388866,0.0
7148,364.3451341126813,0.0
7149,339.09562071421,0.0
7150,438.0575002892139,0.0
7151,438.71157269636325,0.0
7152,419.6963633272404,0.0
7153,438.14224778289054,0.0
7154,425.59080946372364,0.0
7155,405.36020220261406,0.0
7156,444.2296314610053,0.0
7157,318.48363442831715,0.0
7158,317.53025243165536,0.0
7159,148.81204113879932,0.24844458601832592
7160,156.91567225916864,0.4799580840735939
7161,152.96158662537476,0.6787632318674829
7162,129.49586834067804,0.8313117871188795
7163,106.84519284584808,0.9272078178858087
7164,114.01042879902317,0.9599161681471879
7165,121.52710037633358,0.9272078178858087
7166,145.69371275609646,0.8313117871188797
7167,121.55331478322688,0.6787632318674829
7168,279.3473085263555,0.4799580840735939
7169,266.78730338782776,0.2484445860183262
7170,260.52073771316515,1.1755582627712463e-16
7171,345.30999176917067,0.0
7172,346.2496483141974,0.0
7173,355.5144337260728,0.0
7174,446.7120635655906,0.0
7175,434.5328985269078,0.0
7176,367.34656053903143,0.0
7177,341.52415154257415,0.0
7178,348.126062288362,0.0
7179,344.4099979836384,0.0
7180,356.8749634846286,0.0
7181,264.72231148766065,0.0
7182,277.78708735422396,0.0
7183,114.93570388688583,0.248247217676199
7184,126.62409610633051,0.47957679771568945
7185,134.3500193586222,0.6782240115289865
7186,76.10254624069279,0.8306513797747561
7187,126.34575522914255,0.9264712292051855
7188,97.4883569226216,0.959153595431379
7189,76.58570057706604,0.9264712292051855
7190,102.78330632410155,0.8306513797747562
7191,101.28750115685793,0.6782240115289865
7192,217.60398978435364,0.47957679771568945
7193,230.48101569434357,0.24824721767619928
7194,227.55606199634823,1.1746243805357138e-16
7195,289.41868965896316,0.0
7196,291.24604297403675,0.0
7197,284.59187397342,0.0
7198,374.40751858501096,0.0
7199,335.35127617383716,0.0
7200,355.09878114773085,0.0
7201,354.20325663140545,0.0
7202,363.1823259299152,0.0
7203,343.29671452804126,0.0
7204,332.49888982838166,0.0
7205,271.15651318909454,0.0
7206,272.64940290253946,0.0
7207,144.09767900520754,0.24805298199469725
7208,110.97814153593471,0.47920156319339063
7209,140.0788112924364,0.677693349778481
7210,129.38696124179404,0.8300014545173807
7211,96.44481022319886,0.9257463317731782
7212,85.4866822395499,0.9584031263867814
7213,96.09429647698813,0.9257463317731782
7214,101.14604848192516,0.8300014545173808
7215,107.74344337355157,0.677693349778481
7216,211.68890580112537,0.47920156319339063
7217,237.44802496895005,0.24805298199469752
7218,205.4112547790852,1.173705321022388e-16
7219,265.23383998208743,0.0
7220,299.38482689960887,0.0
7221,258.80884943368665,0.0
7222,350.97340383066745,0.0
7223,390.83513460763663,0.0
7224,431.2476969035749,0.0
7225,417.94300773073905,0.0
7226,430.70344997365254,0.0
7227,430.78261007565965,0.0
7228,433.32001882333145,0.0
7229,336.62694210141564,0.0
7230,316.21045229508735,0.0
7231,174.31922649823227,0.24786193653004499
7232,157.01002124786217,0.4788324916967846
7233,162.7901783922124,0.6771714038624953
7234,115.71712707124487,0.8293622039336336
7235,138.69150551225897,0.9250333403925404
7236,120.17029096255581,0.9576649833935693
7237,126.58555003023497,0.9250333403925404
7238,112.05764694206727,0.8293622039336337
7239,111.29174035148706,0.6771714038624953
7240,275.31079005877854,0.4788324916967846
7241,261.7290444188553,0.24786193653004526
7242,256.80644933129145,1.1728013565684378e-16
7243,341.50407285589466,0.0
7244,357.6097098208281,0.0
7245,341.6738186257757,0.0
7246,429.9803603598681,0.0
7247,431.57255254253926,0.0
7248,408.76926564025814,0.0
7249,414.12393540789947,0.0
7250,435.8127869433525,0.0
7251,422.93309993854933,0.0
7252,444.4581512077467,0.0
7253,340.5749822204402,0.0
7254,337.6033209656989,0.0
7255,176.0434944021732,0.24767413789313655
7256,153.20916102150383,0.4784696925897211
7257,161.9928160652681,0.6766583284448693
7258,116.35217464438526,0.8287338174472589
7259,152.79342531796232,0.9243324663380058
7260,147.16859019276987,0.9569393851794423
7261,123.50755157775113,0.9243324663380058
7262,128.00402112239993,0.828733817447259
7263,139.67655755591528,0.6766583284448693
7264,265.5251297298956,0.4784696925897211
7265,259.4113149380684,0.2476741378931368
7266,277.77868079974746,1.1719127550380402e-16
7267,350.47539898302733,0.0
7268,351.7300614257664,0.0
7269,339.5228719132077,0.0
7270,411.16538649202096,0.0
7271,434.61116119093094,0.0
7272,443.0187395903131,0.0
7273,429.44951410347016,0.0
7274,449.39634932708907,0.0
7275,423.71219918739615,0.0
7276,419.50274163279164,0.0
7277,328.4573849554618,0.0
7278,328.2730377375999,0.0
7279,163.58219445187365,0.24748964173276103
7280,145.04301578708316,0.47811327337740533
7281,170.75970051762974,0.676154275560922
7282,147.0770592907798,0.8281164812627344
7283,123.00432741706067,0.923643917293683
7284,138.4705807828926,0.9562265467548108
7285,110.79609089317765,0.923643917293683
7286,136.37671423486375,0.8281164812627345
7287,136.0413726433943,0.676154275560922
7288,277.88836813375354,0.47811327337740533
7289,267.34036370503145,0.2474896417327613
7290,232.07613347657062,1.171039779743006e-16
7291,342.1424322081033,0.0
7292,342.3321657197136,0.0
7293,338.1040986752031,0.0
7294,433.6261111469475,0.0
7295,427.1316337461279,0.0
7296,422.64199076328066,0.0
7297,419.8317331014871,0.0
7298,423.9511790546382,0.0
7299,445.9953254226601,0.0
7300,424.605034224931,0.0
7301,323.3729906698186,0.0
7302,324.07188376673895,0.0
7303,158.54554176587766,0.24730850271911253
7304,159.952613462507,0.4777633396745421
7305,117.94174112924668,0.6756593945724013
7306,135.841718246063,0.8275103783100946
7307,140.81851209105673,0.9229678972915139
7308,110.97985723179167,0.9555266793490843
7309,111.91451674331368,0.9229678972915139
7310,118.17905502679244,0.8275103783100947
7311,114.51004744665244,0.6756593945724013
7312,270.4483297943113,0.4777633396745421
7313,244.40290387064567,0.24730850271911278
7314,254.34607601051115,1.1701826893647554e-16
7315,368.61963749580536,0.0
7316,339.01063148553027,0.0
7317,365.0704104309416,0.0
7318,436.8013932275426,0.0
7319,410.82612230540184,0.0
7320,440.53570992823074,0.0
7321,431.49975195932205,0.0
7322,427.4461549106394,0.0
7323,435.85124470370033,0.0
7324,438.6073614124378,0.0
7325,338.32863297656115,0.0
7326,343.9765652834418,0.0
7327,159.5089736624961,0.24713077452759005
7328,138.10373364371947,0.4774199951740397
7329,148.92759721734154,0.6751738321232247
7330,159.0056541905481,0.826915688190725
7331,132.3829668919054,0.9223046066508147
7332,152.12052177706263,0.9548399903480795
7333,140.4342831537149,0.9223046066508147
7334,126.59069902599364,0.8269156881907251
7335,127.30595900469807,0.6751738321232247
7336,267.55403355068125,0.4774199951740397
7337,247.13933863904543,0.24713077452759033
7338,268.20956105882215,1.1693417378776652e-16
7339,364.9804714379262,0.0
7340,343.2566968695654,0.0
7341,355.3958127961616,0.0
7342,443.13085213635463,0.0
7343,421.99559431388656,0.0
7344,349.875899399262,0.0
7345,343.07659588566,0.0
7346,345.4255464911131,0.0
7347,339.84027036754924,0.0
7348,344.4861522348496,0.0
7349,287.7317796144396,0.0
7350,259.712587095782,0.0
7351,128.40734411850897,0.2469565098228925
7352,120.85540844572922,0.4770833416162837
7353,141.03622473422396,0.6746977320960249
7354,117.24581435106796,0.8263325871241428
7355,111.88070657749192,0.9216542419189174
7356,105.18548142905762,0.9541666832325675
7357,98.73915234973377,0.9216542419189174
7358,87.20937034152956,0.8263325871241429
7359,124.83421336529092,0.6746977320960249
7360,210.82630183592258,0.4770833416162837
7361,227.90613421334731,0.24695650982289277
7362,232.65716492043398,1.1685171744738103e-16
7363,280.95358994730566,0.0
7364,300.07310623796116,0.0
7365,296.7875143502359,0.0
7366,376.02709979596716,0.0
7367,349.65937617426545,0.0
7368,340.1618290786786,0.0
7369,349.52632022070105,0.0
7370,358.09843979644717,0.0
7371,356.2907500110559,0.0
7372,350.8709425307406,0.0
7373,248.01701890068082,0.0
7374,276.57318436195703,0.0
7375,150.6653470654275,0.24678576024341276
7376,132.56822817391716,0.4767534787589887
7377,134.30683954508328,0.6742312355695153
7378,108.46711432701412,0.825761247895778
7379,106.36233069174169,0.9210169958129281
7380,112.77776225557002,0.9535069575179775
7381,106.34225482738088,0.9210169958129281
7382,97.84564461731358,0.8257612478957781
7383,92.04590373304785,0.6742312355695153
7384,217.1408192184632,0.4767534787589887
7385,223.8980570392393,0.24678576024341303
7386,216.33550754835562,1.1677092434891225e-16
7387,291.6324143815104,0.0
7388,293.13015178833825,0.0
7389,297.8585033591754,0.0
7390,370.98573691210294,0.0
7391,356.52828630778146,0.0
7392,418.3183206219856,0.0
7393,429.8703902419273,0.0
7394,434.54039021263674,0.0
7395,411.9824143296325,0.0
7396,450.6756136449873,0.0
7397,332.3840697339408,0.0
7398,335.25176879877864,0.0
7399,171.3904744802286,0.24661857638593634
7400,147.44244296820523,0.4764305043476385
7401,161.89266010052177,0.6737744807766843
7402,122.6849560667075,0.8252018398057748
7403,121.79428313973969,0.9203930571626207
7404,114.73701689027817,0.9528610086952771
7405,143.99056410816905,0.9203930571626207
7406,119.49732506302388,0.8252018398057749
7407,132.39689650667916,0.6737744807766843
7408,246.17378336218664,0.4764305043476385
7409,282.8337343681273,0.2466185763859366
7410,281.3004058833346,1.1669181843309894e-16
7411,352.5119650313714,0.0
7412,348.6194461141487,0.0
7413,356.14275577516656,0.0
7414,461.47712733432104,0.0
7415,412.85279901691575,0.0
7416,443.7544344267226,0.0
7417,423.4306981499862,0.0
7418,434.1310850202363,0.0
7419,431.3955443468891,0.0
7420,429.23028668226,0.0
7421,330.82307047104956,0.0
7422,317.3385982763488,0.0
7423,167.4823458677617,0.24645500779064833
7424,133.6024584998429,0.4761145140865215
7425,161.6093547881662,0.6733276030638349
7426,120.18731427696602,0.8246545286188233
7427,110.05464578169143,0.9197826108544832
7428,126.53434495456521,0.9522290281730431
7429,105.42233146690315,0.9197826108544832
7430,124.5823103680165,0.8246545286188233
7431,107.03122161364223,0.6733276030638349
7432,274.4310447778059,0.4761145140865215
7433,257.80349176242737,0.2464550077906486
7434,263.48385156164017,1.166144231407312e-16
7435,355.1603354262304,0.0
7436,342.3624374288056,0.0
7437,350.9373747748928,0.0
7438,416.2041397608948,0.0
7439,441.94061301898694,0.0
7440,455.90327964204414,0.0
7441,468.23082039035444,0.0
7442,435.81833173543214,0.0
7443,444.1827636650011,0.0
7444,413.356805900545,0.0
7445,349.2513368493318,0.0
7446,340.533266990354,0.0
7447,149.4514822232405,0.2462951029264536
7448,170.1048531661234,0.4758056016103716
7449,152.2049706429112,0.6728907348504775
7450,118.71064465394957,0.8241194765150397
7451,129.91096595525414,0.919185837776931
7452,111.44669285216042,0.9516112032207433
7453,136.46644402292364,0.919185837776931
7454,111.53506910700213,0.8241194765150398
7455,111.60628937224602,0.6728907348504775
7456,258.19877404770256,0.4758056016103716
7457,278.22905195879605,0.24629510292645387
7458,261.71374717036605,1.1653876140570447e-16
7459,335.7437333296127,0.0
7460,344.65152274278915,0.0
7461,351.5351742938529,0.0
7462,420.55264417146225,0.0
7463,420.9041406670228,0.0
7464,460.4097150522241,0.0
7465,424.74737419726245,0.0
7466,431.197650617753,0.0
7467,430.66731503343766,0.0
7468,430.0178773497838,0.0
7469,338.9412344362229,0.0
7470,342.86278896225826,0.0
7471,151.71217505127416,0.24613890917661443
7472,140.54588879054506,0.47550385845662246
7473,170.6769109638401,0.6724640055900921
7474,123.16280948936242,0.8235968420419101
7475,145.07076436200862,0.9186029147667065
7476,97.35987181294065,0.951007716913245
7477,126.65174123912244,0.9186029147667065
7478,147.3301785902371,0.8235968420419102
7479,120.0677329584647,0.6724640055900921
7480,266.62570118471666,0.47550385845662246
7481,272.87776256381636,0.2461389091766147
7482,262.62607243811283,1.1646485564822378e-16
7483,348.45802746924795,0.0
7484,348.1491095235839,0.0
7485,344.6738418407642,0.0
7486,449.82043764543585,0.0
7487,440.60709543058636,0.0
7488,438.42707609721145,0.0
7489,445.1223893946532,0.0
7490,432.24726731353024,0.0
7491,426.12909149173703,0.0
7492,428.1880456565972,0.0
7493,331.7696153976148,0.0
7494,319.0376784038847,0.0
7495,149.5038454123784,0.2459864728247099
7496,149.3135779089613,0.4752093740382827
7497,181.00165236936667,0.6720475417317685
7498,91.11980280992782,0.8230867800673082
7499,122.25014543226722,0.9180340145564784
7500,145.11390760291206,0.9504187480765655
7501,125.86771565872426,0.9180340145564784
7502,133.44659177018792,0.8230867800673083
7503,125.60349787033202,0.6720475417317685
7504,261.5374272851943,0.4752093740382827
7505,242.64243664568514,0.24598647282471015
7506,272.0108961042277,1.1639272776816006e-16
7507,343.1752033306533,0.0
7508,342.87845771189836,0.0
7509,346.49463551413265,0.0
7510,456.3578741914538,0.0
7511,464.2775878190195,0.0
7512,359.9299793305079,0.0
7513,351.74627739322636,0.0
7514,343.19676707075257,0.0
7515,362.9459660187199,0.0
7516,378.7183512809488,0.0
7517,269.2783794167778,0.0
7518,243.69851157204099,0.0
7519,135.65612609041736,0.24583783904092082
7520,139.44032656603167,0.47492223561744085
7521,108.58538234400092,0.6716414666827355
7522,104.21023422686031,0.822589441733605
7523,107.50713621653807,0.9174793057236564
7524,101.21513639879761,0.9498444712348818
7525,92.60317299388063,0.9174793057236564
7526,114.28367070566756,0.8225894417336052
7527,97.25186707128069,0.6716414666827355
7528,203.37801809722805,0.47492223561744085
7529,196.60655822159106,0.2458378390409211
7530,236.33044628961895,1.1632239913856083e-16
7531,296.66183578255055,0.0
7532,290.31755063044716,0.0
7533,283.97857242268753,0.0
7534,350.9755031097296,0.0
7535,344.41464429886776,0.0
7536,352.4216503225541,0.0
7537,332.15807147583064,0.0
7538,348.76635421565055,0.0
7539,353.8678678610596,0.0
7540,364.9176786235578,0.0
7541,271.9773533402989,0.0
7542,281.995548267286,0.0
7543,143.90359199610143,0.2456930518686452
7544,140.4120118606295,0.47464252827940806
7545,133.36008890328296,0.6712459007717944
7546,102.31352873796163,0.8221049744128824
7547,90.4017204868295,0.9169389526404396
7548,111.050505204344,0.9492850565588162
7549,122.32814517445057,0.9169389526404396
7550,106.27644906359724,0.8221049744128825
7551,125.1782863689057,0.6712459007717944
7552,203.06402211015012,0.47464252827940806
7553,207.52092198952863,0.24569305186864548
7554,231.63330069986227,1.1625389059931684e-16
7555,292.656482853917,0.0
7556,305.25038645093963,0.0
7557,289.2993406433571,0.0
7558,347.18341298693275,0.0
7559,355.03599915081224,0.0
7560,418.03564704505874,0.0
7561,422.8847666189791,0.0
7562,448.09718267115966,0.0
7563,446.9013036697788,0.0
7564,440.78390611381644,0.0
7565,311.8635304693456,0.0
7566,328.21561781471655,0.0
7567,141.1670922989878,0.2455521542114469
7568,169.98549000836158,0.47437033490750513
7569,148.8624253601572,0.6708609612136611
7570,111.66470024094814,0.8216335216632631
7571,125.05122675178382,0.9164131154251081
7572,117.01181928831139,0.9487406698150104
7573,142.49859969277122,0.9164131154251081
7574,115.87594199991644,0.8216335216632632
7575,107.90293365963115,0.6708609612136611
7576,244.33466214661772,0.47437033490750513
7577,269.8001863067469,0.24555215421144716
7578,263.4264629694128,1.1618722245098684e-16
7579,336.151884237785,0.0
7580,367.56945705099514,0.0
7581,361.3056812850766,0.0
7582,436.08924014889675,0.0
7583,452.79976962619395,0.0
7584,444.70478842948336,0.0
7585,426.8800852104788,0.0
7586,424.2837140608108,0.0
7587,446.57013456214634,0.0
7588,441.5107595063082,0.0
7589,334.8021968565622,0.0
7590,322.6072500064874,0.0
7591,163.27906938574762,0.2454151878203426
7592,146.9177119840712,0.4741057361585026
7593,154.75985872655443,0.6704867620742347
7594,142.15028862198662,0.8211752231863716
7595,116.8569480356211,0.9159019498945774
7596,105.91108778046852,0.9482114723170053
7597,112.15639256290153,0.9159019498945774
7598,136.71854478559433,0.8211752231863716
7599,127.84373251390537,0.6704867620742347
7600,268.8252156639778,0.4741057361585026
7601,264.262618544504,0.24541518782034286
7602,276.1960630988811,1.1612241444878197e-16
7603,343.37379190658874,0.0
7604,357.2310369421826,0.0
7605,344.78799529271595,0.0
7606,425.98244340539935,0.0
7607,429.1045068107999,0.0
7608,432.571003326169,0.0
7609,436.4899346527721,0.0
7610,439.90136222530987,0.0
7611,392.8155091868352,0.0
7612,427.38408599101535,0.0
7613,328.31136422142396,0.0
7614,351.07094841299636,0.0
7615,143.1385018008346,0.24528219328142992
7616,158.05209251861916,0.4738488104387203
7617,174.03889681825024,0.6701234142367962
7618,109.12320412176886,0.8207302147859373
7619,129.60652919150897,0.9154056075182261
7620,115.2515644739219,0.9476976208774407
7621,118.82322157366534,0.9154056075182261
7622,115.24149647369637,0.8207302147859374
7623,116.09653878014551,0.6701234142367962
7624,303.2337364840063,0.4738488104387203
7625,280.70426117398836,0.2452821932814302
7626,283.79164505056286,1.1605948579671197e-16
7627,359.72726353859036,0.0
7628,334.5482602357289,0.0
7629,358.5628373404321,0.0
7630,449.95104805806466,0.0
7631,426.83509899550717,0.0
7632,448.9762893896564,0.0
7633,445.8444039019718,0.0
7634,459.61684992148696,0.0
7635,432.37897323355946,0.0
7636,424.2210375964142,0.0
7637,328.9117917417945,0.0
7638,350.47818097222853,0.0
7639,134.2706899240832,0.24515321000386103
7640,131.39105190901438,0.4735996338807939
7641,157.28430384136612,0.6697710253691512
7642,119.65817688205952,0.8202986283275537
7643,125.06198311345761,0.9149242353730123
7644,136.3129896501798,0.9471992677615879
7645,118.33841624192317,0.9149242353730123
7646,102.49317842418195,0.8202986283275538
7647,149.5030270817487,0.6697710253691512
7648,258.79996540732503,0.4735996338807939
7649,258.05825939244517,0.2451532100038613
7650,284.01134502126155,1.1599845514189455e-16
7651,349.46566766765847,0.0
7652,353.3188588957389,0.0
7653,359.8730186088805,0.0
7654,450.39536662104285,0.0
7655,433.3908410655416,0.0
7656,455.94311642003436,0.0
7657,412.0740941642451,0.0
7658,446.8211391924997,0.0
7659,427.6293616528509,0.0
7660,454.17094814835866,0.0
7661,335.19306125001435,0.0
7662,325.41366351993497,0.0
7663,164.276840383782,0.24502827620816475
7664,167.04100743400943,0.47335828032111515
7665,164.02547674182605,0.6694296998917265
7666,112.70184293842121,0.8198805916996026
7667,119.24999233055291,0.9144579760998912
7668,125.0093237685607,0.9467165606422304
7669,124.5630819822172,0.9144579760998912
7670,134.0551435192781,0.8198805916996027
7671,100.87938302393863,0.6694296998917265
7672,274.97135325168085,0.47335828032111515
7673,267.47965234379916,0.245028276208165
7674,260.8974212004314,1.1593934056902986e-16
7675,345.4217191398156,0.0
7676,351.75710849883524,0.0
7677,311.11853921953656,0.0
7678,429.28821749956415,0.0
7679,427.19391445330723,0.0
7680,365.5614093610632,0.0
7681,349.50169065906545,0.0
7682,356.58664524714584,0.0
7683,377.67533038112737,0.0
7684,371.1002290869768,0.0
7685,284.4790745891818,0.0
7686,267.6533486249301,0.0
7687,134.79067694047285,0.24490742891492104
7688,125.4675159835539,0.4731248212779527
7689,125.92117106087376,0.6690995389466275
7690,107.53565579615622,0.8194762287753588
7691,95.45550861014644,0.9140069678615486
7692,120.53546892451607,0.9462496425559055
7693,100.69786999602239,0.9140069678615486
7694,110.03975846631361,0.8194762287753589
7695,120.08663742228521,0.6690995389466275
7696,234.72194724916363,0.4731248212779527
7697,205.43507272197522,0.2449074289149213
7698,227.68085269438012,1.1588215959504168e-16
7699,300.96368913525436,0.0
7700,301.4574126676556,0.0
7701,277.39551839235105,0.0
7702,351.2835880049838,0.0
7703,371.1027096780912,0.0
7704,350.2734934436258,0.0
7705,355.8182652118458,0.0
7706,378.3251276058412,0.0
7707,358.8410268872001,0.0
7708,350.69332823781144,0.0
7709,263.30830058760137,0.0
7710,277.8323408249785,0.0
7711,112.36458743106547,0.24479070393379096
7712,125.39433196603497,0.4728993259302594
7713,132.36112995267226,0.6687806403676676
7714,118.2796886728056,0.8190856593762835
7715,110.70046779067354,0.9135713443014586
7716,94.12110941044745,0.9457986518605189
7717,116.83092263699824,0.9135713443014586
7718,99.09571037566386,0.8190856593762836
7719,87.86145456164068,0.6687806403676676
7720,220.43026714565377,0.4728993259302594
7721,239.75279387058788,0.2447907039337912
7722,224.47764405761856,1.1582692916388663e-16
7723,291.10495304628597,0.0
7724,310.6012304107628,0.0
7725,273.77843250967544,0.0
7726,343.9874285231843,0.0
7727,340.02446024021555,0.0
7728,443.0776023586389,0.0
7729,440.6037416462597,0.0
7730,457.1186605282356,0.0
7731,441.5275250465195,0.0
7732,433.75593820712663,0.0
7733,334.1974044713969,0.0
7734,335.5883550183911,0.0
7735,136.58380190608992,0.2446781358529056
7736,189.16891691804665,0.4726818610971735
7737,162.88338940325087,0.6684730986513783
7738,127.83604944509344,0.8187089992365193
7739,132.69791756016534,0.9131512345042839
7740,133.8288815158616,0.9453637221943471
7741,123.62930792279319,0.9131512345042839
7742,117.74105611393395,0.8187089992365193
7743,132.50935798468282,0.6684730986513783
7744,276.14642120882587,0.4726818610971735
7745,261.7992099333755,0.24467813585290585
7746,288.5463184588556,1.1577366564153348e-16
7747,358.58208205753914,0.0
7748,363.8196899688749,0.0
7749,371.7649082738224,0.0
7750,438.8684899748563,0.0
7751,442.40924820468763,0.0
7752,448.61595217242854,0.0
7753,430.1972923047545,0.0
7754,439.54424526450714,0.0
7755,440.4022083501689,0.0
7756,427.4229226901544,0.0
7757,362.2083083672143,0.0
7758,317.5091455812189,0.0
7759,141.1711907665952,0.24456975802861672
7760,172.51915651928405,0.47247249121821816
7761,165.3076326203996,0.6681770049290073
7762,113.08717227890355,0.8183463599685941
7763,132.6862182698932,0.912746762957624
7764,143.0129554286406,0.9449449824364364
7765,125.03559339750906,0.912746762957624
7766,156.58462488956786,0.8183463599685942
7767,104.71000835825646,0.6681770049290073
7768,280.02317330510044,0.47247249121821816
7769,285.69563189344325,0.24456975802861697
7770,282.3934186780542,1.1572238481111337e-16
7771,352.8441898648254,0.0
7772,351.8111608004394,0.0
7773,360.6262006376203,0.0
7774,448.68467915017993,0.0
7775,446.12530654574346,0.0
7776,451.6605220077722,0.0
7777,426.95338783345073,0.0
7778,436.44657556876797,0.0
7779,427.89963613276655,0.0
7780,434.5464740052179,0.0
7781,346.79585246805857,0.0
7782,335.90900881498965,0.0
7783,188.1322482857442,0.24446560257561262
7784,159.17081473422357,0.4722712783342072
7785,157.5662408949038,0.6678924469395148
7786,126.75414569564018,0.8179978490303497
7787,117.82624634803835,0.9123580495151273
7788,124.78591131382646,0.9445425566684145
7789,139.01340698769732,0.9123580495151273
7790,126.84759867989085,0.8179978490303497
7791,115.95843390375592,0.6678924469395148
7792,260.7722109893645,0.4722712783342072
7793,266.470803735118,0.24446560257561287
7794,272.7595876480387,1.1567310186824313e-16
7795,369.849565302395,0.0
7796,339.4406631802826,0.0
7797,351.68861154201477,0.0
7798,440.9115475514725,0.0
7799,417.17535810669835,0.0
7800,429.4551665337821,0.0
7801,431.29968345254474,0.0
7802,429.906701443173,0.0
7803,441.76102046963877,0.0
7804,437.5316306153574,0.0
7805,328.16197319117157,0.0
7806,339.96095794101564,0.0
7807,177.62630587224749,0.24436570035740188
7808,176.62048746139354,0.47207828206886054
7809,133.87614799574447,0.6676195090035741
7810,132.48439361441567,0.8176635696930982
7811,123.42324792762793,0.911985209360976
7812,127.42139152277826,0.9441565641377212
7813,120.7801310058834,0.911985209360976
7814,126.97059096704042,0.8176635696930983
7815,127.37641616125822,0.6676195090035741
7816,265.0982216299999,0.47207828206886054
7817,261.2892321442848,0.24436570035740213
7818,266.6612945267532,1.156258314165223e-16
7819,358.5631054972642,0.0
7820,362.93995042399416,0.0
7821,365.99218205186475,0.0
7822,433.52806565257606,0.0
7823,442.86448073701183,0.0
7824,451.2811297161016,0.0
7825,453.71823735439153,0.0
7826,439.0251043630837,0.0
7827,437.0799179133866,0.0
7828,442.02458941869867,0.0
7829,321.23672831583076,0.0
7830,332.7099038581735,0.0
7831,165.9818577147711,0.24427008097716787
7832,164.75018648641796,0.471893559611137
7833,153.80360968072688,0.6673582719985867
7834,128.25007515952086,0.817343621011022
7835,115.74165266298661,0.9116283529757545
7836,134.07936252517516,0.9437871192222741
7837,124.70359951283717,0.9116283529757545
7838,122.32603932612119,0.8173436210110221
7839,121.29677071335422,0.6673582719985867
7840,271.45976321456385,0.471893559611137
7841,266.83995787817867,0.24427008097716815
7842,280.1122060493929,1.1558058746320594e-16
7843,351.22939153881794,0.0
7844,375.0883632673407,0.0
7845,373.5553201567887,0.0
7846,429.03257673440794,0.0
7847,440.56754984581335,0.0
7848,352.9904842713528,0.0
7849,356.8785929691238,0.0
7850,384.8274933391247,0.0
7851,357.10750672199754,0.0
7852,365.1210761723163,0.0
7853,281.38984693944195,0.0
7854,262.8864389415437,0.0
7855,118.59541278115638,0.24417877276899658
7856,114.38429001716942,0.4717171656982873
7857,118.22490966729352,0.6671088133347146
7858,68.88488546744729,0.8170380977918205
7859,109.62023558877702,0.9112875861037112
7860,127.73557287432632,0.9434343313965747
7861,104.8590956476918,0.9112875861037112
7862,86.0900204671662,0.8170380977918206
7863,95.3719301844541,0.6671088133347146
7864,217.84484588141592,0.4717171656982873
7865,211.14035069515535,0.24417877276899683
7866,233.67355968245775,1.1553738341505385e-16
7867,301.7979864070556,0.0
7868,278.2094443487396,0.0
7869,300.77583840792164,0.0
7870,379.1201156903143,0.0
7871,383.62906219014184,0.0
7872,395.394911680345,0.0
7873,350.18845560999506,0.0
7874,394.9030125200559,0.0
7875,356.76189074120794,0.0
7876,353.90278193874724,0.0
7877,278.98191032963007,0.0
7878,268.0723058219798,0.0
7879,133.72151804608453,0.24409180278948067
7880,113.09206210547859,0.4715491525996348
7881,126.067957133565,0.6668712069319439
7882,118.57337749900111,0.8167470905686173
7883,102.46165518948709,0.9109630097214245
7884,104.84554012753956,0.9430983051992697
7885,108.8494939432687,0.9109630097214245
7886,117.19433023847289,0.8167470905686174
7887,83.28369414038777,0.6668712069319439
7888,230.49813510981465,0.4715491525996348
7889,220.2661768168643,0.24409180278948092
7890,225.48350123150752,1.1549623207435794e-16
7891,304.967508982688,0.0
7892,277.9178671285973,0.0
7893,280.09637364822237,0.0
7894,337.78720788674775,0.0
7895,354.4224601021481,0.0
7896,456.4791496889529,0.0
7897,439.06691529472545,0.0
7898,424.43246280854964,0.0
7899,434.68581662150655,0.0
7900,422.6596211145196,0.0
7901,322.12745177458385,0.0
7902,340.2955119185223,0.0
7903,143.2399349259016,0.244009196809702
7904,170.6780265040136,0.47138957010108656
7905,156.4729713516099,0.6666455231981796
7906,126.88826832059347,0.816470685573133
7907,122.52065626196443,0.9106547200078816
7908,135.13530593578383,0.9427791402021732
7909,135.2590505265833,0.9106547200078816
7910,129.88178409620522,0.8164706855731331
7911,132.63860114415095,0.6666455231981796
7912,270.15404301968306,0.47138957010108656
7913,279.20555514163675,0.24400919680970226
7914,268.64458575304246,1.1545714563514853e-16
7915,356.63331977351646,0.0
7916,353.3108153151721,0.0
7917,351.1199178357373,0.0
7918,432.2446199837456,0.0
7919,446.1262428027137,0.0
7920,456.4901306988519,0.0
7921,454.816083405125,0.0
7922,425.68407571374513,0.0
7923,456.2332963619728,0.0
7924,436.9449577256752,0.0
7925,343.0281178922922,0.0
7926,324.94473772597854,0.0
7927,159.11906601830606,0.24393097930759522
7928,161.17998524658088,0.47123846549038106
7929,139.60004954878215,0.6664318290083827
7930,133.23145163758466,0.816208964710133
7931,142.08346573551415,0.9103628083159779
7932,123.83647029327486,0.9424769309807622
7933,142.25426321139054,0.9103628083159779
7934,123.6559237200255,0.8162089647101332
7935,136.12726001401379,0.6664318290083827
7936,246.23035929840466,0.47123846549038106
7937,301.8785322415794,0.2439309793075955
7938,290.79869783273335,1.1542013567958115e-16
7939,353.39252326640997,0.0
7940,333.14296099772827,0.0
7941,360.26436973712,0.0
7942,423.43575318020527,0.0
7943,446.1011021957802,0.0
7944,445.9443940803033,0.0
7945,429.70876742230763,0.0
7946,454.4572097337045,0.0
7947,450.672501884006,0.0
7948,452.7154854977947,0.0
7949,336.1105632633272,0.0
7950,319.01798201633596,0.0
7951,169.23646921308074,0.24385717346069424
7952,154.25754515691762,0.47109588354307547
7953,140.82464022823507,0.6662301876847536
7954,142.2260739489296,0.8159620055331577
7955,151.1944918032678,0.9100873611454479
7956,125.50662400948725,0.942191767086151
7957,151.9110554124772,0.9100873611454479
7958,127.0973783005739,0.8159620055331578
7959,121.43613070724147,0.6662301876847536
7960,265.4379685904559,0.47109588354307547
7961,292.6484589365945,0.2438571734606945
7962,263.64174346402837,1.1538521317450434e-16
7963,365.82776946520664,0.0
7964,350.2945717247963,0.0
7965,351.48085659461447,0.0
7966,453.3686017779667,0.0
7967,436.4451632948597,0.0
7968,436.38458218829703,0.0
7969,454.8357831074382,0.0
7970,460.41089426,0.0
7971,448.97840438075133,0.0
7972,433.3848894338532,0.0
7973,330.0571755256409,0.0
7974,337.1434606820923,0.0
7975,161.43763457930095,0.24378780113926438
7976,145.7320829145158,0.470961866509278
7977,166.2629291111514,0.6660406589779683
7978,127.09533902462962,0.8157298812215408
7979,105.48067924529688,0.9098284601172326
7980,114.92206127942568,0.9419237330185561
7981,120.01963498513447,0.9098284601172326
7982,125.19488680286177,0.8157298812215409
7983,148.74052461500239,0.6660406589779683
7984,276.0079436564102,0.470961866509278
7985,263.06062530395116,0.24378780113926465
7986,275.7974576344206,1.153523884682101e-16
7987,352.970954392591,0.0
7988,361.09310623644006,0.0
7989,364.16281960646495,0.0
7990,455.7528945080278,0.0
7991,440.95068879330023,0.0
7992,461.13987986295103,0.0
7993,452.3686254821873,0.0
7994,432.98307899400675,0.0
7995,467.9906215207346,0.0
7996,445.3962876909942,0.0
7997,326.33839435747836,0.0
7998,356.19484501991025,0.0
7999,182.60202871229313,0.24372288289982166
8000,157.27239452527706,0.4708364541011281
8001,151.62489456540465,0.6658632990494728
8002,124.06645866248549,0.8155126605587256
8003,134.71173888214182,0.9095861819492944
8004,141.4692380122956,0.9416729082022564
8005,132.9808061222923,0.9095861819492944
8006,127.35563665359066,0.8155126605587257
8007,144.11109939558256,0.6658632990494728
8008,269.53837165256215,0.4708364541011281
8009,285.66344138958334,0.2437228828998219
8010,269.8356557489651,1.1532167128736727e-16
8011,362.55465692659743,0.0
8012,356.0196306529813,0.0
8013,356.712155238633,0.0
8014,436.9437153222065,0.0
8015,457.6106019059213,0.0
8016,353.39578597502776,0.0
8017,353.3081114017457,0.0
8018,387.6428212224715,0.0
8019,373.92506920818215,0.0
8020,333.56953404801374,0.0
8021,269.17186536363147,0.0
8022,254.21109818341165,0.0
8023,117.9456039762777,0.24366243797904144
8024,91.69171630245228,0.4707196834810289
8025,127.71001736493345,0.6656981604548418
8026,89.77981200787288,0.8153104079118825
8027,104.20197691936588,0.9093605984338832
8028,83.98165873121832,0.9414393669620579
8029,104.4780560758731,0.9093605984338832
8030,98.50411850036468,0.8153104079118826
8031,121.50654942007176,0.6656981604548418
8032,241.14969565619953,0.4707196834810289
8033,233.6375605513754,0.2436624379790417
8034,220.29404794731747,1.1529307073413946e-16
8035,317.02672061691464,0.0
8036,274.5657325397133,0.0
8037,276.3594523190272,0.0
8038,361.1855012336614,0.0
8039,389.2393557393836,0.0
8040,359.9411282590173,0.0
8041,360.170252222947,0.0
8042,345.06627086811665,0.0
8043,373.7203501647029,0.0
8044,373.8073101934106,0.0
8045,285.55971776267194,0.0
8046,268.54016727170466,0.0
8047,120.9370884729019,0.24360648428805828
8048,113.90010268851833,0.47061158925063523
8049,130.42403971450918,0.6655452921282048
8050,90.56916780336036,0.8151231832128356
8051,89.40505769171091,0.909151776416263
8052,98.44976715177427,0.9412231785012706
8053,97.66418165249179,0.909151776416263
8054,97.07831340883892,0.8151231832128357
8055,109.13139091678552,0.6655452921282048
8056,225.2723610943252,0.47061158925063523
8057,220.8659151023884,0.24360648428805853
8058,226.5199426082596,1.1526659528348788e-16
8059,281.44816681173455,0.0
8060,294.6098347919063,0.0
8061,295.15372121912577,0.0
8062,344.3326328291686,0.0
8063,374.3175201939027,0.0
8064,431.5473896717384,0.0
8065,443.20831172493956,0.0
8066,456.09753502088563,0.0
8067,453.2327152270288,0.0
8068,442.5365947972884,0.0
8069,332.5068455916722,0.0
8070,348.22697652916384,0.0
8071,165.99798049601142,0.2435550384071584
8072,150.4812605217784,0.47051220344060046
8073,148.3629169982877,0.6654047393677461
8074,101.45305042949441,0.814951041940304
8075,128.16969471004944,0.9089597777749046
8076,125.3289396696256,0.941024406881201
8077,139.9556091055569,0.9089597777749046
8078,130.6299737316108,0.8149510419403041
8079,142.33206293991867,0.6654047393677461
8080,265.32780658633976,0.47051220344060046
8081,287.35398129294526,0.24355503840715867
8082,267.349180772078,1.1524225278065994e-16
8083,367.2415384694053,0.0
8084,340.40528501752976,0.0
8085,360.7320093202923,0.0
8086,418.3083388371115,0.0
8087,438.9189443031613,0.0
8088,447.6132275891952,0.0
8089,436.07735704788706,0.0
8090,429.7237281175886,0.0
8091,452.48240129421146,0.0
8092,441.08742618449713,0.0
8093,331.1377081690874,0.0
8094,337.51530698730676,0.0
8095,189.6146652971543,0.24350811558086663
8096,171.81666979118575,0.47042155550108505
8097,171.9255196120613,0.6652765438222823
8098,131.60626430295414,0.8147940351034618
8099,128.37753174597157,0.9087846594031489
8100,97.62672101508079,0.9408431110021702
8101,118.2319443174882,0.9087846594031489
8102,120.6128155166161,0.8147940351034619
8103,103.88100370647538,0.6652765438222823
8104,259.93371221334735,0.47042155550108505
8105,250.05266404486093,0.24350811558086688
8106,273.36281566756406,1.1522005043886456e-16
8107,367.9010323294822,0.0
8108,371.35713490278835,0.0
8109,363.05325422424727,0.0
8110,430.7682235682774,0.0
8111,419.1441977604207,0.0
8112,421.4443242394672,0.0
8113,427.29895770523126,0.0
8114,431.8604322558572,0.0
8115,440.6097666563862,0.0
8116,430.35677801476163,0.0
8117,341.2309477771889,0.0
8118,334.37595501957605,0.0
8119,158.17181590956562,0.243465729713429
8120,171.72827400072777,0.47033967229302975
8121,143.88248655826885,0.6651607434789198
8122,131.46066883444706,0.8146522092268234
8123,126.26853515322577,0.9086264731923489
8124,122.4343785233023,0.9406793445860596
8125,137.05928974533018,0.9086264731923489
8126,136.98438374962274,0.8146522092268235
8127,115.07832434307751,0.6651607434789198
8128,271.7592030994053,0.47033967229302975
8129,277.3196702967092,0.24346572971342928
8130,270.66904912942937,1.151999948371348e-16
8131,365.2561953564464,0.0
8132,361.61024358391614,0.0
8133,380.226674253265,0.0
8134,424.1633990011278,0.0
8135,441.0575167553165,0.0
8136,431.8158123019772,0.0
8137,449.967131905392,0.0
8138,423.31177975957695,0.0
8139,446.87359496282215,0.0
8140,435.1572612639434,0.0
8141,328.49888994188007,0.0
8142,319.95085389284395,0.0
8143,152.5326038027749,0.24342789336469287
8144,171.1275215206781,0.4702665780801963
8145,157.81125095483324,0.6650573726517998
8146,134.02297714024326,0.8145256063364565
8147,146.46651398934486,0.9084852660164926
8148,129.65587914362047,0.9405331561603927
8149,119.78521726100148,0.9084852660164926
8150,132.09783870794305,0.8145256063364567
8151,119.95925836997807,0.6650573726517998
8152,268.0103540728914,0.4702665780801963
8153,255.82471267702962,0.24342789336469312
8154,285.1785161654701,1.1518209191837825e-16
8155,353.7586034484972,0.0
8156,360.57581330608076,0.0
8157,345.95909121301077,0.0
8158,447.94921399670915,0.0
8159,433.5745475825025,0.0
8160,441.20169980053356,0.0
8161,453.4361168358249,0.0
8162,452.3913162077458,0.0
8163,442.63784359075214,0.0
8164,421.6846320684748,0.0
8165,373.36302547764615,0.0
8166,358.3996062801961,0.0
8167,166.8514566347151,0.2433946177463849
8168,149.14091335696386,0.47020229452197754
8169,156.81625279563195,0.6649664619719292
8170,120.02244183152622,0.8144142639475304
8171,141.70975825800107,0.9083610797183141
8172,129.69352167906644,0.9404045890439552
8173,117.13352068852643,0.9083610797183141
8174,120.89442579934703,0.8144142639475305
8175,139.99774469968327,0.6649664619719292
8176,293.378729304342,0.47020229452197754
8177,292.51753390433123,0.24339461774638518
8178,283.261939923144,1.1516634698761618e-16
8179,355.5083813760942,0.0
8180,319.64171389777636,0.0
8181,362.1058000874245,0.0
8182,442.88025935482625,0.0
8183,444.58198961681165,0.0
8184,363.97218781715367,0.0
8185,347.41027370936536,0.0
8186,370.01432233496945,0.0
8187,370.9120154211374,0.0
8188,371.5134850374711,0.0
8189,288.1782913973608,0.0
8190,284.0679870935396,0.0
8191,124.83872550894564,0.243365912718789
8192,128.90903627241948,0.47014684066697904
8193,130.8525768544531,0.6648880383781045
8194,105.09965614720949,0.8143182150531973
8195,115.78587462959082,0.9082539510968934
8196,111.53128779419995,0.9402936813339582
8197,128.7353840327695,0.9082539510968934
8198,130.2848905165461,0.8143182150531975
8199,104.76305774929716,0.6648880383781045
8200,178.8758693940027,0.47014684066697904
8201,239.75772556904232,0.24336591271878924
8202,218.43121990767048,1.1515276471041133e-16
8203,284.5027707521631,0.0
8204,289.3392345142628,0.0
8205,288.7608612523599,0.0
8206,370.67265737401993,0.0
8207,344.6121903032405,0.0
8208,350.5327746877406,0.0
8209,367.58332628760877,0.0
8210,370.9407520021995,0.0
8211,371.1639233764719,0.0
8212,354.0209882900402,0.0
8213,265.18684926574974,0.0
8214,270.8464190514896,0.0
8215,132.6875528978595,0.24334178678782425
8216,147.63480830171338,0.47010023294737485
8217,105.23983364119378,0.6648221251089289
8218,101.19851881285382,0.814237488114818
8219,87.85512260405177,0.9081639118967532
8220,84.02035176811235,0.9402004658947498
8221,115.45074364049202,0.9081639118967532
8222,110.38275879034629,0.8142374881148181
8223,109.24046608772137,0.6648221251089289
8224,236.05471518553944,0.47010023294737485
8225,219.24577834757386,0.24334178678782453
8226,219.81075491276516,1.1514134911148556e-16
8227,320.4626817736746,0.0
8228,291.2750617218888,0.0
8229,303.0554997296528,0.0
8230,363.54200212879954,0.0
8231,341.2863212762988,0.0
8232,418.8788155217448,0.0
8233,436.4665529280811,0.0
8234,456.0875785873999,0.0
8235,452.87386344699206,0.0
8236,454.3832895380484,0.0
8237,325.9949609517052,0.0
8238,357.22998498040874,0.0
8239,146.78355310039194,0.24332224710252479
8240,160.91616548666818,0.4700624851740382
8241,158.23804522373572,0.6647687416959268
8242,124.60333231832782,0.8141721070535263
8243,142.75292382165014,0.9080909887984516
8244,118.22849192011132,0.9401249703480765
8245,110.49455509355971,0.9080909887984516
8246,126.92976399657988,0.8141721070535264
8247,121.89189735066454,0.6647687416959268
8248,315.02320104688124,0.4700624851740382
8249,282.6126957351692,0.24332224710252506
8250,269.582519115266,1.1513210357352723e-16
8251,346.28114596237975,0.0
8252,336.39102386579935,0.0
8253,346.6518557637756,0.0
8254,444.79366482846956,0.0
8255,460.5423073864972,0.0
8256,457.03154203134636,0.0
8257,446.3204103024479,0.0
8258,439.69326033426154,0.0
8259,446.7970205996372,0.0
8260,437.34761635287646,0.0
8261,358.57943257597896,0.0
8262,335.6887824515115,0.0
8263,157.3822572448576,0.243307299452921
8264,131.8284424435703,0.47003360853244897
8265,156.07309338554518,0.6647279039577556
8266,136.77245889063394,0.8141220912431418
8267,113.92197831059212,0.9080352034106766
8268,117.72600522114091,0.940067217064898
8269,136.24718144785862,0.9080352034106766
8270,109.01476255283802,0.8141220912431419
8271,139.42826132555768,0.6647279039577556
8272,268.20601332720787,0.47003360853244897
8273,269.92892136339066,0.24330729945292126
8274,261.10519914777797,1.1512503083618875e-16
8275,363.61806129112284,0.0
8276,388.5999699863408,0.0
8277,368.45947303951584,0.0
8278,433.1998491794049,0.0
8279,457.19871934858907,0.0
8280,439.9210418501127,0.0
8281,460.21501617845445,0.0
8282,453.40131322729604,0.0
8283,408.4034976156629,0.0
8284,431.6722408058634,0.0
8285,349.4059151702713,0.0
8286,339.89317976198686,0.0
8287,146.18678448512142,0.24329694826832404
8288,150.86878167168987,0.4700136115793792
8289,135.59701641654306,0.6646996239955182
8290,125.71700523577574,0.8140874555044284
8291,153.30576139828167,0.9079965722638422
8292,136.4366853748804,0.9400272231587585
8293,153.06248870035358,0.9079965722638422
8294,137.36624976357226,0.8140874555044285
8295,139.1072368063248,0.6646996239955182
8296,298.3734944061407,0.4700136115793792
8297,279.21170926530715,0.24329694826832432
8298,272.4378222951178,1.1512013299527484e-16
8299,371.59476347672626,0.0
8300,376.6489561227247,0.0
8301,353.4432975647156,0.0
8302,435.06236741324335,0.0
8303,445.38746879049427,0.0
8304,453.842077780697,0.0
8305,453.4411839614558,0.0
8306,426.7740801752659,0.0
8307,466.80336418227694,0.0
8308,436.17011222475486,0.0
8309,335.0013848963977,0.0
8310,327.3503125392068,0.0
8311,190.90283580892972,0.2432911966160134
8312,161.42773782114028,0.47000250024035783
8313,148.3111888095059,0.664683910189178
8314,137.18539442169708,0.8140682101007033
8315,136.04794117386814,0.9079751068051914
8316,124.56558753918912,0.9400050004807158
8317,136.90559237554834,0.9079751068051914
8318,116.91480829217736,0.8140682101007034
8319,120.9032925227567,0.664683910189178
8320,250.65040909319399,0.47000250024035783
8321,258.885595937352,0.24329119661601367
8322,296.46457861603494,1.1511741150212148e-16
8323,379.0156936954197,0.0
8324,360.1080139465395,0.0
8325,379.27372752903,0.0
8326,441.9431975382174,0.0
8327,440.94316774670216,0.0
8328,444.6780426899927,0.0
8329,442.50085576452324,0.0
8330,441.4175590256839,0.0
8331,457.72069219420064,0.0
8332,445.80154275588046,0.0
8333,346.8354306272293,0.0
8334,350.66221575735165,0.0
8335,163.22962772943038,0.2432900462003277
8336,146.92814227067473,0.47000027780791426
8337,142.3370075140051,0.6646807671950749
8338,128.6424861629465,0.8140643607347946
8339,124.80204288735965,0.9079708133954025
8340,127.90581569230032,0.9400005556158286
8341,126.66447007427583,0.9079708133954025
8342,157.86000246725766,0.8140643607347947
8343,110.8944034775628,0.6646807671950749
8344,250.9777349435407,0.47000027780791426
8345,278.8456121836295,0.24329004620032796
8346,270.3400195263359,1.1511686716316582e-16
8347,363.22131698165947,0.0
8348,366.43509881230807,0.0
8349,374.83775888704685,0.0
8350,425.9132050637988,0.0
8351,437.31930013412006,0.0
8352,369.33060903873763,0.0
8353,373.4310370804152,0.0
8354,390.5068685356291,0.0
8355,375.6539215855349,0.0
8356,363.5040107815331,0.0
8357,266.7894177701498,0.0
8358,270.7031685728335,0.0
8359,122.95380681457489,0.24329349736215997
8360,137.9290442322253,0.47000694494060324
8361,133.15021003709015,0.6646901959445458
8362,88.169197701942,0.8140759085473528
8363,98.82217492296294,0.9079836933067058
8364,114.58356319346518,0.9400138898812066
8365,108.27294081173685,0.9079836933067058
8366,110.87672794420138,0.8140759085473529
8367,108.6480530727353,0.6646901959445458
8368,244.96531934474396,0.47000694494060324
8369,228.2806672953301,0.24329349736216024
8370,220.81587695498928,1.1511850013970723e-16
8371,283.82775173720034,0.0
8372,297.81212572931963,0.0
8373,265.52836405350206,0.0
8374,361.97400591017595,0.0
8375,361.7153956131123,0.0
8376,347.91150453310513,0.0
8377,353.14596471264053,0.0
8378,374.00104513829143,0.0
8379,367.05369576541204,0.0
8380,365.50661478100045,0.0
8381,281.2267645226224,0.0
8382,278.6621251708252,0.0
8383,145.01619174591139,0.24330154907885645
8384,131.5829911720554,0.47002249966280946
8385,112.60328362578659,0.6647121936436488
8386,123.6430323717822,0.8141028501165115
8387,108.52555600123543,0.9080137427225052
8388,97.01042802374846,0.940044999325619
8389,89.04065217374905,0.9080137427225052
8390,108.83244344478582,0.8141028501165116
8391,102.67540873359677,0.6647121936436488
8392,244.39961915118235,0.47002249966280946
8393,221.3589703507915,0.24330154907885673
8394,215.46128824260384,1.151223099478595e-16
8395,305.64706086648414,0.0
8396,306.00088896025494,0.0
8397,296.9213226589753,0.0
8398,372.4014393486114,0.0
8399,363.83290932760565,0.0
8400,447.17094611496395,0.0
8401,458.34445549362005,0.0
8402,451.86838491111104,0.0
8403,442.33327164286146,0.0
8404,460.5929154539668,0.0
8405,310.18521354772315,0.0
8406,363.1883577582845,0.0
8407,138.23012118375865,0.24331419896451978
8408,151.17651642517993,0.47004693736533304
8409,158.21061990010665,0.6647467537739908
8410,125.20353620922006,0.8141451774589026
8411,139.03823673827665,0.9080609527385106
8412,114.26726483463517,0.9400938747306662
8413,130.09050606775475,0.9080609527385106
8414,120.02275907932095,0.8141451774589027
8415,130.502996010007,0.6647467537739908
8416,274.30555877466776,0.47004693736533304
8417,276.198053724438,0.24331419896452003
8418,268.4837279026701,1.151282954586943e-16
8419,353.60292799639467,0.0
8420,363.17096556587677,0.0
8421,371.0482814666202,0.0
8422,437.18521289247883,0.0
8423,433.93935436797807,0.0
8424,451.8332432955125,0.0
8425,444.08167459075815,0.0
8426,454.4376989152818,0.0
8427,433.60215474699663,0.0
8428,423.11845420236926,0.0
8429,332.2490720142367,0.0
8430,329.44888968497247,0.0
8431,157.794439665983,0.24333144327071574
8432,151.0977578957019,0.47008025080675525
8433,167.63210388298398,0.6647938660946594
8434,123.53411722448706,0.8142028780320208
8435,128.79761435884407,0.9081253093653752
8436,128.8835350748486,0.9401605016135106
8437,129.3313814825035,0.9081253093653752
8438,126.70237104809759,0.814202878032021
8439,133.11912865848103,0.6647938660946594
8440,265.60129920346435,0.47008025080675525
8441,291.94217592922064,0.24333144327071599
8442,272.31071220895166,1.1513645489857557e-16
8443,344.07185140362805,0.0
8444,362.0673213423135,0.0
8445,349.5962752690424,0.0
8446,452.45573572155695,0.0
8447,470.98698821995896,0.0
8448,435.1327611141871,0.0
8449,448.5600942115691,0.0
8450,423.50555914842573,0.0
8451,450.0184889661774,0.0
8452,433.943060615285,0.0
8453,331.2232235981243,0.0
8454,325.5058011412602,0.0
8455,167.56139550297155,0.24335327688758432
8456,170.86323307999388,0.4701224301155846
8457,159.05620336621683,0.6648535166452574
8458,116.64734416822316,0.8142759347379414
8459,146.09474106549814,0.9082067935328417
8460,118.01554309919591,0.9402448602311693
8461,101.07607703312252,0.9082067935328417
8462,132.52113275173662,0.8142759347379415
8463,113.76316854855358,0.6648535166452574
8464,287.0743122252023,0.4701224301155846
8465,270.63735434313116,0.24335327688758457
8466,282.45556558974255,1.1514678584968518e-16
8467,376.70932061667264,0.0
8468,345.38501008259806,0.0
8469,353.1000708873379,0.0
8470,443.6635733409965,0.0
8471,463.0222420412934,0.0
8472,436.7636573998809,0.0
8473,437.5302056637782,0.0
8474,450.40193692183595,0.0
8475,437.73750530663943,0.0
8476,446.49456060993765,0.0
8477,320.1733604837473,0.0
8478,365.36376884604397,0.0
8479,142.6361499559894,0.2433796933453536
8480,154.94762827181972,0.4701734627931814
8481,158.4188882895971,0.664925687750039
8482,149.99918618804332,0.8143643259283854
8483,111.1487792045689,0.9083053810953926
8484,150.8513782015068,0.9403469255863629
8485,136.13305042898605,0.9083053810953926
8486,132.05207246884075,0.8143643259283855
8487,115.23132433154632,0.664925687750039
8488,282.1220401519407,0.4701734627931814
8489,266.5865057784463,0.24337969334535384
8490,290.4682802858648,1.1515928525073938e-16
8491,348.3135532820323,0.0
8492,358.6083956978521,0.0
8493,353.303020575167,0.0
8494,432.81397446604234,0.0
8495,453.5600878180612,0.0
8496,451.1750702367892,0.0
8497,459.2576876546856,0.0
8498,423.3910639693756,0.0
8499,457.51961369596614,0.0
8500,474.81495213215635,0.0
8501,333.43711856254225,0.0
8502,361.5985949779732,0.0
8503,155.6811951880941,0.24341068481625697
8504,142.37021360207632,0.47023333371746195
8505,155.17154114393045,0.6650103580231485
8506,139.6497519743529,0.8144680254111354
8507,117.01318657427123,0.9084210428394054
8508,119.86724045417176,0.940466667434924
8509,134.1937775497679,0.9084210428394054
8510,127.10802576311248,0.8144680254111355
8511,134.08677979209048,0.6650103580231485
8512,278.17511394064087,0.47023333371746195
8513,281.0766632861597,0.24341068481625724
8514,270.13354522182635,1.151739493978958e-16
8515,362.8161336640719,0.0
8516,348.90688629135605,0.0
8517,375.4965658297479,0.0
8518,437.13826866606587,0.0
8519,458.29573511846627,0.0
8520,361.9553047542129,0.0
8521,367.18257641509507,0.0
8522,358.81901367531884,0.0
8523,352.5666431119909,0.0
8524,343.8214636347436,0.0
8525,265.2474154576579,0.0
8526,274.02439912217636,0.0
8527,132.81347453380633,0.24344624211685287
8528,142.39547614725888,0.47030202514737934
8529,124.92183487029752,0.6651075023749564
8530,93.6332103390817,0.8145870024577969
8531,86.90416207825523,0.9085537444918093
8532,109.97750292513703,0.9406040502947588
8533,120.8150736942399,0.9085537444918093
8534,119.41270272576324,0.814587002457797
8535,112.73593248805463,0.6651075023749564
8536,233.46545541283473,0.47030202514737934
8537,246.17442096213563,0.24344624211685312
8538,229.78791314262526,1.1519077394585125e-16
8539,303.0343180581055,0.0
8540,291.43135560359144,0.0
8541,278.9362414955583,0.0
8542,356.55240148001235,0.0
8543,364.64867982359135,0.0
8544,365.54592483329026,0.0
8545,387.9319306215393,0.0
8546,365.7918263743674,0.0
8547,378.96262169158234,0.0
8548,359.5955734643588,0.0
8549,274.2153182190264,0.0
8550,262.00733720152783,0.0
8551,121.3836711180792,0.24348635471074567
8552,136.6153839689631,0.47037951672818035
8553,130.38232943732768,0.6652170920194949
8554,115.54854925684526,0.8147212218129031
8555,106.40833319821905,0.9087034467302406
8556,100.00384103842555,0.9407590334563608
8557,130.01284818352195,0.9087034467302406
8558,103.1064429935219,0.8147212218129032
8559,118.1892974545421,0.6652170920194949
8560,221.02427546063387,0.47037951672818035
8561,234.3539796917728,0.24348635471074592
8562,236.97497384899026,1.15209753909129e-16
8563,297.8295467981293,0.0
8564,267.0738480788631,0.0
8565,295.5466726814957,0.0
8566,379.5820209363943,0.0
8567,371.14627035960734,0.0
8568,450.311484296483,0.0
8569,424.2943345862418,0.0
8570,436.31595694563134,0.0
8571,449.8977093675493,0.0
8572,449.88601711517475,0.0
8573,353.5942244425335,0.0
8574,337.2798220191856,0.0
8575,163.7846811092758,0.2435310107117081
8576,159.11128297236553,0.47046578549743717
8577,147.07147923117134,0.6653390944829871
8578,100.06233768221504,0.8148706437043624
8579,132.30394996091292,0.9088701051946952
8580,129.21920015630576,0.9409315709948745
8581,119.71373315014998,0.9088701051946952
8582,107.70175697716164,0.8148706437043624
8583,134.68870782825687,0.6653390944829871
8584,272.26126536291605,0.47046578549743717
8585,282.13480292168043,0.24353101071170838
8586,297.8208886182038,1.1523088366355637e-16
8587,334.5096914596609,0.0
8588,351.811652319069,0.0
8589,357.6943546637544,0.0
8590,462.41933188349185,0.0
8591,425.32458156325424,0.0
8592,468.24760011410234,0.0
8593,446.6475386247306,0.0
8594,443.8652598651288,0.0
8595,442.6405506473082,0.0
8596,439.78211141977476,0.0
8597,351.63817658241845,0.0
8598,326.23852642219936,0.0
8599,163.07970868184591,0.24358019688720337
8600,154.32455851363596,0.4705608058918517
8601,149.7891371199505,0.6654734736134702
8602,158.17949290990248,0.8150352238552434
8603,132.17639961873726,0.9090536705006735
8604,134.50697733762945,0.9411216117837035
8605,140.8011121697197,0.9090536705006735
8606,110.09159145787316,0.8150352238552435
8607,148.17529371116012,0.6654734736134702
8608,245.37939392839985,0.4705608058918517
8609,266.26168314987854,0.24358019688720361
8610,269.978499992194,1.1525415694793104e-16
8611,367.232754317784,0.0
8612,362.8766931318358,0.0
8613,358.2502970497572,0.0
8614,444.8732996704024,0.0
8615,433.2809915236643,0.0
8616,427.09891592796026,0.0
8617,453.7838441298031,0.0
8618,453.39017801220456,0.0
8619,464.07963716365504,0.0
8620,435.5854994999878,0.0
8621,347.4114622659123,0.0
8622,335.6931990019245,0.0
8623,173.23773720152548,0.2436338986623061
8624,171.2155906993414,0.47066454975483024
8625,161.48655016989716,0.6656201895915075
8626,123.08726802337111,0.8152149134968958
8627,138.69281604666207,0.9092540882538135
8628,134.92448418244174,0.9413290995096606
8629,118.94834507832876,0.9092540882538135
8630,111.22804582160978,0.8152149134968959
8631,123.6992350951814,0.6656201895915075
8632,293.70183057479824,0.47066454975483024
8633,289.27471069541616,0.24363389866230634
8634,262.16893515457275,1.1527956686587663e-16
8635,346.27819573539597,0.0
8636,375.5874909223489,0.0
8637,346.6636538691011,0.0
8638,451.1772485454744,0.0
8639,437.67285007773444,0.0
8640,464.5112531026123,0.0
8641,435.8616164186975,0.0
8642,458.827052370822,0.0
8643,447.32501785707643,0.0
8644,448.1330522591635,0.0
8645,315.48522198252766,0.0
8646,312.6939647202758,0.0
8647,156.3198922912037,0.24369210012402134
8648,161.9295563354108,0.47077698634482734
8649,145.46430964155877,0.6657791989419883
8650,114.10902593381307,0.8154096593834006
8651,133.91101841744276,0.9094712990660097
8652,133.92760062501475,0.9415539726896548
8653,125.52045413487406,0.9094712990660097
8654,136.53576751376207,0.8154096593834007
8655,113.08291931088742,0.6657791989419883
8656,271.27103252393624,0.47077698634482734
8657,295.31678279838394,0.2436921001240216
8658,276.36211708825766,1.1530710588788602e-16
8659,361.84023294370996,0.0
8660,387.99584180027887,0.0
8661,343.53237677848074,0.0
8662,454.66387840805737,0.0
8663,465.07454936604927,0.0
8664,441.2419885757434,0.0
8665,455.4558531359841,0.0
8666,433.3560497271951,0.0
8667,436.89949494691774,0.0
8668,449.75988068629755,0.0
8669,348.7373019392135,0.0
8670,352.6057400107614,0.0
8671,177.81421579103318,0.24375478402599995
8672,158.16931404509708,0.47089808234445474
8673,173.30201380983033,0.6659504545470105
8674,123.07528007681762,0.8156194038073485
8675,138.00803393726662,0.9097052385730104
8676,129.67280377243358,0.9417961646889096
8677,132.5310730831905,0.9097052385730104
8678,132.26503268647187,0.8156194038073487
8679,107.92647808063367,0.6659504545470105
8680,262.0735704564534,0.47089808234445474
8681,276.793530040593,0.2437547840260002
8682,255.3156838070887,1.1533676585355266e-16
8683,370.3261914666514,0.0
8684,370.81032982371204,0.0
8685,364.2777048627878,0.0
8686,431.6866755406309,0.0
8687,461.7019509601481,0.0
8688,389.48297876840536,0.0
8689,366.8013730211368,0.0
8690,371.1628756331999,0.0
8691,367.4573149493376,0.0
8692,371.40088135977066,0.0
8693,276.68830527612903,0.0
8694,277.7082394775201,0.0
8695,141.23877231017735,0.2438219317936489
8696,158.51765104696625,0.4710278018703543
8697,113.5693062913881,0.6661339056598423
8698,103.05037907053156,0.8158440846169404
8699,90.13060306058217,0.9099558374534912
8700,123.40042766628017,0.9420556037407087
8701,97.24327325152838,0.9099558374534912
8702,86.97771935793763,0.8158440846169405
8703,111.95437286955004,0.6661339056598423
8704,246.90667929087954,0.4710278018703543
8705,233.93812033669133,0.24382193179364917
8706,228.4325204413452,1.1536853797398863e-16
8707,300.4153895761856,0.0
8708,312.4837864567803,0.0
8709,285.01530726270386,0.0
8710,363.6942858427493,0.0
8711,359.6041693096707,0.0
8712,351.0373708413847,0.0
8713,361.1112514158836,0.0
8714,378.34440768067464,0.0
8715,371.85098030959796,0.0
8716,372.7834805301836,0.0
8717,279.89237745708573,0.0
8718,284.41455550998893,0.0
8719,120.76854250928174,0.2438935235296355
8720,126.66150798633225,0.47116610648383095
8721,132.67967746108312,0.6663294979199598
8722,107.63069160054988,0.8160836352344031
8723,108.14275555302967,0.9102230214495952
8724,102.64047790977067,0.942332212967662
8725,99.77142048040325,0.9102230214495952
8726,142.1937566904988,0.8160836352344032
8727,115.18194856915599,0.6663294979199598
8728,230.94218918169375,0.47116610648383095
8729,223.18591749178555,0.24389352352963575
8730,220.56979354693576,1.1540241283442892e-16
8731,293.9484798748503,0.0
8732,299.032033122614,0.0
8733,272.9528604708168,0.0
8734,346.21907938438903,0.0
8735,357.40916586161774,0.0
8736,447.68193958941254,0.0
8737,442.3249885822475,0.0
8738,462.93372106126355,0.0
8739,427.4075049041205,0.0
8740,436.1801207128293,0.0
8741,357.43825620470824,0.0
8742,340.77058720891677,0.0
8743,169.61677754649594,0.24396953801978324
8744,183.6136298721156,0.47131295520224276
8745,150.67301353806016,0.6665371733691549
8746,126.00716118880126,0.8163379846757187
8747,123.92981043113518,0.910506711388938
8748,103.74381718850634,0.9426259104044856
8749,123.47417159723402,0.910506711388938
8750,137.77167949087362,0.8163379846757188
8751,133.68600774405255,0.6665371733691549
8752,283.0266867243183,0.47131295520224276
8753,271.0915809239882,0.2439695380197835
8754,267.7245218595945,1.154383803970213e-16
8755,375.6280455826494,0.0
8756,354.42917176357395,0.0
8757,363.92596198538456,0.0
8758,447.1562825162002,0.0
8759,462.73687054315513,0.0
