t_global,hour,local_hour,thermal_demand_kw
0,0,0,19.39629045944963
1,1,1,16.163575382874694
2,2,2,16.163575382874694
3,3,3,16.163575382874694
4,4,4,19.39629045944963
5,5,5,35.55986584232433
6,6,6,54.95615630177396
7,7,7,64.65430153149877
8,8,8,64.65430153149877
9,9,9,54.95615630177396
10,10,10,48.49072614862408
11,11,11,45.258011072049136
12,12,12,45.258011072049136
13,13,13,45.258011072049136
14,14,14,48.49072614862408
15,15,15,51.723441225199025
16,16,16,58.1888713783489
17,17,17,64.65430153149877
18,18,18,64.65430153149877
19,19,19,64.65430153149877
20,20,20,64.65430153149877
21,21,21,58.1888713783489
22,22,22,45.258011072049136
23,23,23,29.09443568917445
24,24,0,19.39629045944963
25,25,1,16.163575382874694
26,26,2,16.163575382874694
27,27,3,16.163575382874694
28,28,4,19.39629045944963
29,29,5,35.55986584232433
30,30,6,54.95615630177396
31,31,7,64.65430153149877
32,32,8,64.65430153149877
33,33,9,54.95615630177396
34,34,10,48.49072614862408
35,35,11,45.258011072049136
36,36,12,45.258011072049136
37,37,13,45.258011072049136
38,38,14,48.49072614862408
39,39,15,51.723441225199025
40,40,16,58.1888713783489
41,41,17,64.65430153149877
42,42,18,64.65430153149877
43,43,19,64.65430153149877
44,44,20,64.65430153149877
45,45,21,58.1888713783489
46,46,22,45.258011072049136
47,47,23,29.09443568917445
48,48,0,19.39629045944963
49,49,1,16.163575382874694
50,50,2,16.163575382874694
51,51,3,16.163575382874694
52,52,4,19.39629045944963
53,53,5,35.55986584232433
54,54,6,54.95615630177396
55,55,7,64.65430153149877
56,56,8,64.65430153149877
57,57,9,54.95615630177396
58,58,10,48.49072614862408
59,59,11,45.258011072049136
60,60,12,45.258011072049136
61,61,13,45.258011072049136
62,62,14,48.49072614862408
63,63,15,51.723441225199025
64,64,16,58.1888713783489
65,65,17,64.65430153149877
66,66,18,64.65430153149877
67,67,19,64.65430153149877
68,68,20,64.65430153149877
69,69,21,58.1888713783489
70,70,22,45.258011072049136
71,71,23,29.09443568917445
72,72,0,19.39629045944963
73,73,1,16.163575382874694
74,74,2,16.163575382874694
75,75,3,16.163575382874694
76,76,4,19.39629045944963
77,77,5,35.55986584232433
78,78,6,54.95615630177396
79,79,7,64.65430153149877
80,80,8,64.65430153149877
81,81,9,54.95615630177396
82,82,10,48.49072614862408
83,83,11,45.258011072049136
84,84,12,45.258011072049136
85,85,13,45.258011072049136
86,86,14,48.49072614862408
87,87,15,51.723441225199025
88,88,16,58.1888713783489
89,89,17,64.65430153149877
90,90,18,64.65430153149877
91,91,19,64.65430153149877
92,92,20,64.65430153149877
93,93,21,58.1888713783489
94,94,22,45.258011072049136
95,95,23,29.09443568917445
96,96,0,19.39629045944963
97,97,1,16.163575382874694
98,98,2,16.163575382874694
99,99,3,16.163575382874694
100,100,4,19.39629045944963
101,101,5,35.55986584232433
102,102,6,54.95615630177396
103,103,7,64.65430153149877
104,104,8,64.65430153149877
105,105,9,54.95615630177396
106,106,10,48.49072614862408
107,107,11,45.258011072049136
108,108,12,45.258011072049136
109,109,13,45.258011072049136
110,110,14,48.49072614862408
111,111,15,51.723441225199025
112,112,16,58.1888713783489
113,113,17,64.65430153149877
114,114,18,64.65430153149877
115,115,19,64.65430153149877
116,116,20,64.65430153149877
117,117,21,58.1888713783489
118,118,22,45.258011072049136
119,119,23,29.09443568917445
120,120,0,19.39629045944963
121,121,1,16.163575382874694
122,122,2,16.163575382874694
123,123,3,16.163575382874694
124,124,4,19.39629045944963
125,125,5,35.55986584232433
126,126,6,54.95615630177396
127,127,7,64.65430153149877
128,128,8,64.65430153149877
129,129,9,54.95615630177396
130,130,10,48.49072614862408
131,131,11,45.258011072049136
132,132,12,45.258011072049136
133,133,13,45.258011072049136
134,134,14,48.49072614862408
135,135,15,51.723441225199025
136,136,16,58.1888713783489
137,137,17,64.65430153149877
138,138,18,64.65430153149877
139,139,19,64.65430153149877
140,140,20,64.65430153149877
141,141,21,58.1888713783489
142,142,22,45.258011072049136
143,143,23,29.09443568917445
144,144,0,19.39629045944963
145,145,1,16.163575382874694
146,146,2,16.163575382874694
147,147,3,16.163575382874694
148,148,4,19.39629045944963
149,149,5,35.55986584232433
150,150,6,54.95615630177396
151,151,7,64.65430153149877
152,152,8,64.65430153149877
153,153,9,54.95615630177396
154,154,10,48.49072614862408
155,155,11,45.258011072049136
156,156,12,45.258011072049136
157,157,13,45.258011072049136
158,158,14,48.49072614862408
159,159,15,51.723441225199025
160,160,16,58.1888713783489
161,161,17,64.65430153149877
162,162,18,64.65430153149877
163,163,19,64.65430153149877
164,164,20,64.65430153149877
165,165,21,58.1888713783489
166,166,22,45.258011072049136
167,167,23,29.09443568917445
168,168,0,19.39629045944963
169,169,1,16.163575382874694
170,170,2,16.163575382874694
171,171,3,16.163575382874694
172,172,4,19.39629045944963
173,173,5,35.55986584232433
174,174,6,54.95615630177396
175,175,7,64.65430153149877
176,176,8,64.65430153149877
177,177,9,54.95615630177396
178,178,10,48.49072614862408
179,179,11,45.258011072049136
180,180,12,45.258011072049136
181,181,13,45.258011072049136
182,182,14,48.49072614862408
183,183,15,51.723441225199025
184,184,16,58.1888713783489
185,185,17,64.65430153149877
186,186,18,64.65430153149877
187,187,19,64.65430153149877
188,188,20,64.65430153149877
189,189,21,58.1888713783489
190,190,22,45.258011072049136
191,191,23,29.09443568917445
192,192,0,19.39629045944963
193,193,1,16.163575382874694
194,194,2,16.163575382874694
195,195,3,16.163575382874694
196,196,4,19.39629045944963
197,197,5,35.55986584232433
198,198,6,54.95615630177396
199,199,7,64.65430153149877
200,200,8,64.65430153149877
201,201,9,54.95615630177396
202,202,10,48.49072614862408
203,203,11,45.258011072049136
204,204,12,45.258011072049136
205,205,13,45.258011072049136
206,206,14,48.49072614862408
207,207,15,51.723441225199025
208,208,16,58.1888713783489
209,209,17,64.65430153149877
210,210,18,64.65430153149877
211,211,19,64.65430153149877
212,212,20,64.65430153149877
213,213,21,58.1888713783489
214,214,22,45.258011072049136
215,215,23,29.09443568917445
216,216,0,19.39629045944963
217,217,1,16.163575382874694
218,218,2,16.163575382874694
219,219,3,16.163575382874694
220,220,4,19.39629045944963
221,221,5,35.55986584232433
222,222,6,54.95615630177396
223,223,7,64.65430153149877
224,224,8,64.65430153149877
225,225,9,54.95615630177396
226,226,10,48.49072614862408
227,227,11,45.258011072049136
228,228,12,45.258011072049136
229,229,13,45.258011072049136
230,230,14,48.49072614862408
231,231,15,51.723441225199025
232,232,16,58.1888713783489
233,233,17,64.65430153149877
234,234,18,64.65430153149877
235,235,19,64.65430153149877
236,236,20,64.65430153149877
237,237,21,58.1888713783489
238,238,22,45.258011072049136
239,239,23,29.09443568917445
240,240,0,19.39629045944963
241,241,1,16.163575382874694
242,242,2,16.163575382874694
243,243,3,16.163575382874694
244,244,4,19.39629045944963
245,245,5,35.55986584232433
246,246,6,54.95615630177396
247,247,7,64.65430153149877
248,248,8,64.65430153149877
249,249,9,54.95615630177396
250,250,10,48.49072614862408
251,251,11,45.258011072049136
252,252,12,45.258011072049136
253,253,13,45.258011072049136
254,254,14,48.49072614862408
255,255,15,51.723441225199025
256,256,16,58.1888713783489
257,257,17,64.65430153149877
258,258,18,64.65430153149877
259,259,19,64.65430153149877
260,260,20,64.65430153149877
261,261,21,58.1888713783489
262,262,22,45.258011072049136
263,263,23,29.09443568917445
264,264,0,19.39629045944963
265,265,1,16.163575382874694
266,266,2,16.163575382874694
267,267,3,16.163575382874694
268,268,4,19.39629045944963
269,269,5,35.55986584232433
270,270,6,54.95615630177396
271,271,7,64.65430153149877
272,272,8,64.65430153149877
273,273,9,54.95615630177396
274,274,10,48.49072614862408
275,275,11,45.258011072049136
276,276,12,45.258011072049136
277,277,13,45.258011072049136
278,278,14,48.49072614862408
279,279,15,51.723441225199025
280,280,16,58.1888713783489
281,281,17,64.65430153149877
282,282,18,64.65430153149877
283,283,19,64.65430153149877
284,284,20,64.65430153149877
285,285,21,58.1888713783489
286,286,22,45.258011072049136
287,287,23,29.09443568917445
288,288,0,19.39629045944963
289,289,1,16.163575382874694
290,290,2,16.163575382874694
291,291,3,16.163575382874694
292,292,4,19.39629045944963
293,293,5,35.55986584232433
294,294,6,54.95615630177396
295,295,7,64.65430153149877
296,296,8,64.65430153149877
297,297,9,54.95615630177396
298,298,10,48.49072614862408
299,299,11,45.258011072049136
300,300,12,45.258011072049136
301,301,13,45.258011072049136
302,302,14,48.49072614862408
303,303,15,51.723441225199025
304,304,16,58.1888713783489
305,305,17,64.65430153149877
306,306,18,64.65430153149877
307,307,19,64.65430153149877
308,308,20,64.65430153149877
309,309,21,58.1888713783489
310,310,22,45.258011072049136
311,311,23,29.09443568917445
312,312,0,19.39629045944963
313,313,1,16.163575382874694
314,314,2,16.163575382874694
315,315,3,16.163575382874694
316,316,4,19.39629045944963
317,317,5,35.55986584232433
318,318,6,54.95615630177396
319,319,7,64.65430153149877
320,320,8,64.65430153149877
321,321,9,54.95615630177396
322,322,10,48.49072614862408
323,323,11,45.258011072049136
324,324,12,45.258011072049136
325,325,13,45.258011072049136
326,326,14,48.49072614862408
327,327,15,51.723441225199025
328,328,16,58.1888713783489
329,329,17,64.65430153149877
330,330,18,64.65430153149877
331,331,19,64.65430153149877
332,332,20,64.65430153149877
333,333,21,58.1888713783489
334,334,22,45.258011072049136
335,335,23,29.09443568917445
336,336,0,19.39629045944963
337,337,1,16.163575382874694
338,338,2,16.163575382874694
339,339,3,16.163575382874694
340,340,4,19.39629045944963
341,341,5,35.55986584232433
342,342,6,54.95615630177396
343,343,7,64.65430153149877
344,344,8,64.65430153149877
345,345,9,54.95615630177396
346,346,10,48.49072614862408
347,347,11,45.258011072049136
348,348,12,45.258011072049136
349,349,13,45.258011072049136
350,350,14,48.49072614862408
351,351,15,51.723441225199025
352,352,16,58.1888713783489
353,353,17,64.65430153149877
354,354,18,64.65430153149877
355,355,19,64.65430153149877
356,356,20,64.65430153149877
357,357,21,58.1888713783489
358,358,22,45.258011072049136
359,359,23,29.09443568917445
360,360,0,19.39629045944963
361,361,1,16.163575382874694
362,362,2,16.163575382874694
363,363,3,16.163575382874694
364,364,4,19.39629045944963
365,365,5,35.55986584232433
366,366,6,54.95615630177396
367,367,7,64.65430153149877
368,368,8,64.65430153149877
369,369,9,54.95615630177396
370,370,10,48.49072614862408
371,371,11,45.258011072049136
372,372,12,45.258011072049136
373,373,13,45.258011072049136
374,374,14,48.49072614862408
375,375,15,51.723441225199025
376,376,16,58.1888713783489
377,377,17,64.65430153149877
378,378,18,64.65430153149877
379,379,19,64.65430153149877
380,380,20,64.65430153149877
381,381,21,58.1888713783489
382,382,22,45.258011072049136
383,383,23,29.09443568917445
384,384,0,19.39629045944963
385,385,1,16.163575382874694
386,386,2,16.163575382874694
387,387,3,16.163575382874694
388,388,4,19.39629045944963
389,389,5,35.55986584232433
390,390,6,54.95615630177396
391,391,7,64.65430153149877
392,392,8,64.65430153149877
393,393,9,54.95615630177396
394,394,10,48.49072614862408
395,395,11,45.258011072049136
396,396,12,45.258011072049136
397,397,13,45.258011072049136
398,398,14,48.49072614862408
399,399,15,51.723441225199025
400,400,16,58.1888713783489
401,401,17,64.65430153149877
402,402,18,64.65430153149877
403,403,19,64.65430153149877
404,404,20,64.65430153149877
405,405,21,58.1888713783489
406,406,22,45.258011072049136
407,407,23,29.09443568917445
408,408,0,19.39629045944963
409,409,1,16.163575382874694
410,410,2,16.163575382874694
411,411,3,16.163575382874694
412,412,4,19.39629045944963
413,413,5,35.55986584232433
414,414,6,54.95615630177396
415,415,7,64.65430153149877
416,416,8,64.65430153149877
417,417,9,54.95615630177396
418,418,10,48.49072614862408
419,419,11,45.258011072049136
420,420,12,45.258011072049136
421,421,13,45.258011072049136
422,422,14,48.49072614862408
423,423,15,51.723441225199025
424,424,16,58.1888713783489
425,425,17,64.65430153149877
426,426,18,64.65430153149877
427,427,19,64.65430153149877
428,428,20,64.65430153149877
429,429,21,58.1888713783489
430,430,22,45.258011072049136
431,431,23,29.09443568917445
432,432,0,19.39629045944963
433,433,1,16.163575382874694
434,434,2,16.163575382874694
435,435,3,16.163575382874694
436,436,4,19.39629045944963
437,437,5,35.55986584232433
438,438,6,54.95615630177396
439,439,7,64.65430153149877
440,440,8,64.65430153149877
441,441,9,54.95615630177396
442,442,10,48.49072614862408
443,443,11,45.258011072049136
444,444,12,45.258011072049136
445,445,13,45.258011072049136
446,446,14,48.49072614862408
447,447,15,51.723441225199025
448,448,16,58.1888713783489
449,449,17,64.65430153149877
450,450,18,64.65430153149877
451,451,19,64.65430153149877
452,452,20,64.65430153149877
453,453,21,58.1888713783489
454,454,22,45.258011072049136
455,455,23,29.09443568917445
456,456,0,19.39629045944963
457,457,1,16.163575382874694
458,458,2,16.163575382874694
459,459,3,16.163575382874694
460,460,4,19.39629045944963
461,461,5,35.55986584232433
462,462,6,54.95615630177396
463,463,7,64.65430153149877
464,464,8,64.65430153149877
465,465,9,54.95615630177396
466,466,10,48.49072614862408
467,467,11,45.258011072049136
468,468,12,45.258011072049136
469,469,13,45.258011072049136
470,470,14,48.49072614862408
471,471,15,51.723441225199025
472,472,16,58.1888713783489
473,473,17,64.65430153149877
474,474,18,64.65430153149877
475,475,19,64.65430153149877
476,476,20,64.65430153149877
477,477,21,58.1888713783489
478,478,22,45.258011072049136
479,479,23,29.09443568917445
480,480,0,19.39629045944963
481,481,1,16.163575382874694
482,482,2,16.163575382874694
483,483,3,16.163575382874694
484,484,4,19.39629045944963
485,485,5,35.55986584232433
486,486,6,54.95615630177396
487,487,7,64.65430153149877
488,488,8,64.65430153149877
489,489,9,54.95615630177396
490,490,10,48.49072614862408
491,491,11,45.258011072049136
492,492,12,45.258011072049136
493,493,13,45.258011072049136
494,494,14,48.49072614862408
495,495,15,51.723441225199025
496,496,16,58.1888713783489
497,497,17,64.65430153149877
498,498,18,64.65430153149877
499,499,19,64.65430153149877
500,500,20,64.65430153149877
501,501,21,58.1888713783489
502,502,22,45.258011072049136
503,503,23,29.09443568917445
504,504,0,19.39629045944963
505,505,1,16.163575382874694
506,506,2,16.163575382874694
507,507,3,16.163575382874694
508,508,4,19.39629045944963
509,509,5,35.55986584232433
510,510,6,54.95615630177396
511,511,7,64.65430153149877
512,512,8,64.65430153149877
513,513,9,54.95615630177396
514,514,10,48.49072614862408
515,515,11,45.258011072049136
516,516,12,45.258011072049136
517,517,13,45.258011072049136
518,518,14,48.49072614862408
519,519,15,51.723441225199025
520,520,16,58.1888713783489
521,521,17,64.65430153149877
522,522,18,64.65430153149877
523,523,19,64.65430153149877
524,524,20,64.65430153149877
525,525,21,58.1888713783489
526,526,22,45.258011072049136
527,527,23,29.09443568917445
528,528,0,19.39629045944963
529,529,1,16.163575382874694
530,530,2,16.163575382874694
531,531,3,16.163575382874694
532,532,4,19.39629045944963
533,533,5,35.55986584232433
534,534,6,54.95615630177396
535,535,7,64.65430153149877
536,536,8,64.65430153149877
537,537,9,54.95615630177396
538,538,10,48.49072614862408
539,539,11,45.258011072049136
540,540,12,45.258011072049136
541,541,13,45.258011072049136
542,542,14,48.49072614862408
543,543,15,51.723441225199025
544,544,16,58.1888713783489
545,545,17,64.65430153149877
546,546,18,64.65430153149877
547,547,19,64.65430153149877
548,548,20,64.65430153149877
549,549,21,58.1888713783489
550,550,22,45.258011072049136
551,551,23,29.09443568917445
552,552,0,19.39629045944963
553,553,1,16.163575382874694
554,554,2,16.163575382874694
555,555,3,16.163575382874694
556,556,4,19.39629045944963
557,557,5,35.55986584232433
558,558,6,54.95615630177396
559,559,7,64.65430153149877
560,560,8,64.65430153149877
561,561,9,54.95615630177396
562,562,10,48.49072614862408
563,563,11,45.258011072049136
564,564,12,45.258011072049136
565,565,13,45.258011072049136
566,566,14,48.49072614862408
567,567,15,51.723441225199025
568,568,16,58.1888713783489
569,569,17,64.65430153149877
570,570,18,64.65430153149877
571,571,19,64.65430153149877
572,572,20,64.65430153149877
573,573,21,58.1888713783489
574,574,22,45.258011072049136
575,575,23,29.09443568917445
576,576,0,19.39629045944963
577,577,1,16.163575382874694
578,578,2,16.163575382874694
579,579,3,16.163575382874694
580,580,4,19.39629045944963
581,581,5,35.55986584232433
582,582,6,54.95615630177396
583,583,7,64.65430153149877
584,584,8,64.65430153149877
585,585,9,54.95615630177396
586,586,10,48.49072614862408
587,587,11,45.258011072049136
588,588,12,45.258011072049136
589,589,13,45.258011072049136
590,590,14,48.49072614862408
591,591,15,51.723441225199025
592,592,16,58.1888713783489
593,593,17,64.65430153149877
594,594,18,64.65430153149877
595,595,19,64.65430153149877
596,596,20,64.65430153149877
597,597,21,58.1888713783489
598,598,22,45.258011072049136
599,599,23,29.09443568917445
600,600,0,19.39629045944963
601,601,1,16.163575382874694
602,602,2,16.163575382874694
603,603,3,16.163575382874694
604,604,4,19.39629045944963
605,605,5,35.55986584232433
606,606,6,54.95615630177396
607,607,7,64.65430153149877
608,608,8,64.65430153149877
609,609,9,54.95615630177396
610,610,10,48.49072614862408
611,611,11,45.258011072049136
612,612,12,45.258011072049136
613,613,13,45.258011072049136
614,614,14,48.49072614862408
615,615,15,51.723441225199025
616,616,16,58.1888713783489
617,617,17,64.65430153149877
618,618,18,64.65430153149877
619,619,19,64.65430153149877
620,620,20,64.65430153149877
621,621,21,58.1888713783489
622,622,22,45.258011072049136
623,623,23,29.09443568917445
624,624,0,19.39629045944963
625,625,1,16.163575382874694
626,626,2,16.163575382874694
627,627,3,16.163575382874694
628,628,4,19.39629045944963
629,629,5,35.55986584232433
630,630,6,54.95615630177396
631,631,7,64.65430153149877
632,632,8,64.65430153149877
633,633,9,54.95615630177396
634,634,10,48.49072614862408
635,635,11,45.258011072049136
636,636,12,45.258011072049136
637,637,13,45.258011072049136
638,638,14,48.49072614862408
639,639,15,51.723441225199025
640,640,16,58.1888713783489
641,641,17,64.65430153149877
642,642,18,64.65430153149877
643,643,19,64.65430153149877
644,644,20,64.65430153149877
645,645,21,58.1888713783489
646,646,22,45.258011072049136
647,647,23,29.09443568917445
648,648,0,19.39629045944963
649,649,1,16.163575382874694
650,650,2,16.163575382874694
651,651,3,16.163575382874694
652,652,4,19.39629045944963
653,653,5,35.55986584232433
654,654,6,54.95615630177396
655,655,7,64.65430153149877
656,656,8,64.65430153149877
657,657,9,54.95615630177396
658,658,10,48.49072614862408
659,659,11,45.258011072049136
660,660,12,45.258011072049136
661,661,13,45.258011072049136
662,662,14,48.49072614862408
663,663,15,51.723441225199025
664,664,16,58.1888713783489
665,665,17,64.65430153149877
666,666,18,64.65430153149877
667,667,19,64.65430153149877
668,668,20,64.65430153149877
669,669,21,58.1888713783489
670,670,22,45.258011072049136
671,671,23,29.09443568917445
672,672,0,19.39629045944963
673,673,1,16.163575382874694
674,674,2,16.163575382874694
675,675,3,16.163575382874694
676,676,4,19.39629045944963
677,677,5,35.55986584232433
678,678,6,54.95615630177396
679,679,7,64.65430153149877
680,680,8,64.65430153149877
681,681,9,54.95615630177396
682,682,10,48.49072614862408
683,683,11,45.258011072049136
684,684,12,45.258011072049136
685,685,13,45.258011072049136
686,686,14,48.49072614862408
687,687,15,51.723441225199025
688,688,16,58.1888713783489
689,689,17,64.65430153149877
690,690,18,64.65430153149877
691,691,19,64.65430153149877
692,692,20,64.65430153149877
693,693,21,58.1888713783489
694,694,22,45.258011072049136
695,695,23,29.09443568917445
696,696,0,19.39629045944963
697,697,1,16.163575382874694
698,698,2,16.163575382874694
699,699,3,16.163575382874694
700,700,4,19.39629045944963
701,701,5,35.55986584232433
702,702,6,54.95615630177396
703,703,7,64.65430153149877
704,704,8,64.65430153149877
705,705,9,54.95615630177396
706,706,10,48.49072614862408
707,707,11,45.258011072049136
708,708,12,45.258011072049136
709,709,13,45.258011072049136
710,710,14,48.49072614862408
711,711,15,51.723441225199025
712,712,16,58.1888713783489
713,713,17,64.65430153149877
714,714,18,64.65430153149877
715,715,19,64.65430153149877
716,716,20,64.65430153149877
717,717,21,58.1888713783489
718,718,22,45.258011072049136
719,719,23,29.09443568917445
720,720,0,19.39629045944963
721,721,1,16.163575382874694
722,722,2,16.163575382874694
723,723,3,16.163575382874694
724,724,4,19.39629045944963
725,725,5,35.55986584232433
726,726,6,54.95615630177396
727,727,7,64.65430153149877
728,728,8,64.65430153149877
729,729,9,54.95615630177396
730,730,10,48.49072614862408
731,731,11,45.258011072049136
732,732,12,45.258011072049136
733,733,13,45.258011072049136
734,734,14,48.49072614862408
735,735,15,51.723441225199025
736,736,16,58.1888713783489
737,737,17,64.65430153149877
738,738,18,64.65430153149877
739,739,19,64.65430153149877
740,740,20,64.65430153149877
741,741,21,58.1888713783489
742,742,22,45.258011072049136
743,743,23,29.09443568917445
744,744,0,19.39629045944963
745,745,1,16.163575382874694
746,746,2,16.163575382874694
747,747,3,16.163575382874694
748,748,4,19.39629045944963
749,749,5,35.55986584232433
750,750,6,54.95615630177396
751,751,7,64.65430153149877
752,752,8,64.65430153149877
753,753,9,54.95615630177396
754,754,10,48.49072614862408
755,755,11,45.258011072049136
756,756,12,45.258011072049136
757,757,13,45.258011072049136
758,758,14,48.49072614862408
759,759,15,51.723441225199025
760,760,16,58.1888713783489
761,761,17,64.65430153149877
762,762,18,64.65430153149877
763,763,19,64.65430153149877
764,764,20,64.65430153149877
765,765,21,58.1888713783489
766,766,22,45.258011072049136
767,767,23,29.09443568917445
768,768,0,19.39629045944963
769,769,1,16.163575382874694
770,770,2,16.163575382874694
771,771,3,16.163575382874694
772,772,4,19.39629045944963
773,773,5,35.55986584232433
774,774,6,54.95615630177396
775,775,7,64.65430153149877
776,776,8,64.65430153149877
777,777,9,54.95615630177396
778,778,10,48.49072614862408
779,779,11,45.258011072049136
780,780,12,45.258011072049136
781,781,13,45.258011072049136
782,782,14,48.49072614862408
783,783,15,51.723441225199025
784,784,16,58.1888713783489
785,785,17,64.65430153149877
786,786,18,64.65430153149877
787,787,19,64.65430153149877
788,788,20,64.65430153149877
789,789,21,58.1888713783489
790,790,22,45.258011072049136
791,791,23,29.09443568917445
792,792,0,19.39629045944963
793,793,1,16.163575382874694
794,794,2,16.163575382874694
795,795,3,16.163575382874694
796,796,4,19.39629045944963
797,797,5,35.55986584232433
798,798,6,54.95615630177396
799,799,7,64.65430153149877
800,800,8,64.65430153149877
801,801,9,54.95615630177396
802,802,10,48.49072614862408
803,803,11,45.258011072049136
804,804,12,45.258011072049136
805,805,13,45.258011072049136
806,806,14,48.49072614862408
807,807,15,51.723441225199025
808,808,16,58.1888713783489
809,809,17,64.65430153149877
810,810,18,64.65430153149877
811,811,19,64.65430153149877
812,812,20,64.65430153149877
813,813,21,58.1888713783489
814,814,22,45.258011072049136
815,815,23,29.09443568917445
816,816,0,19.39629045944963
817,817,1,16.163575382874694
818,818,2,16.163575382874694
819,819,3,16.163575382874694
820,820,4,19.39629045944963
821,821,5,35.55986584232433
822,822,6,54.95615630177396
823,823,7,64.65430153149877
824,824,8,64.65430153149877
825,825,9,54.95615630177396
826,826,10,48.49072614862408
827,827,11,45.258011072049136
828,828,12,45.258011072049136
829,829,13,45.258011072049136
830,830,14,48.49072614862408
831,831,15,51.723441225199025
832,832,16,58.1888713783489
833,833,17,64.65430153149877
834,834,18,64.65430153149877
835,835,19,64.65430153149877
836,836,20,64.65430153149877
837,837,21,58.1888713783489
838,838,22,45.258011072049136
839,839,23,29.09443568917445
840,840,0,19.39629045944963
841,841,1,16.163575382874694
842,842,2,16.163575382874694
843,843,3,16.163575382874694
844,844,4,19.39629045944963
845,845,5,35.55986584232433
846,846,6,54.95615630177396
847,847,7,64.65430153149877
848,848,8,64.65430153149877
849,849,9,54.95615630177396
850,850,10,48.49072614862408
851,851,11,45.258011072049136
852,852,12,45.258011072049136
853,853,13,45.258011072049136
854,854,14,48.49072614862408
855,855,15,51.723441225199025
856,856,16,58.1888713783489
857,857,17,64.65430153149877
858,858,18,64.65430153149877
859,859,19,64.65430153149877
860,860,20,64.65430153149877
861,861,21,58.1888713783489
862,862,22,45.258011072049136
863,863,23,29.09443568917445
864,864,0,19.39629045944963
865,865,1,16.163575382874694
866,866,2,16.163575382874694
867,867,3,16.163575382874694
868,868,4,19.39629045944963
869,869,5,35.55986584232433
870,870,6,54.95615630177396
871,871,7,64.65430153149877
872,872,8,64.65430153149877
873,873,9,54.95615630177396
874,874,10,48.49072614862408
875,875,11,45.258011072049136
876,876,12,45.258011072049136
877,877,13,45.258011072049136
878,878,14,48.49072614862408
879,879,15,51.723441225199025
880,880,16,58.1888713783489
881,881,17,64.65430153149877
882,882,18,64.65430153149877
883,883,19,64.65430153149877
884,884,20,64.65430153149877
885,885,21,58.1888713783489
886,886,22,45.258011072049136
887,887,23,29.09443568917445
888,888,0,19.39629045944963
889,889,1,16.163575382874694
890,890,2,16.163575382874694
891,891,3,16.163575382874694
892,892,4,19.39629045944963
893,893,5,35.55986584232433
894,894,6,54.95615630177396
895,895,7,64.65430153149877
896,896,8,64.65430153149877
897,897,9,54.95615630177396
898,898,10,48.49072614862408
899,899,11,45.258011072049136
900,900,12,45.258011072049136
901,901,13,45.258011072049136
902,902,14,48.49072614862408
903,903,15,51.723441225199025
904,904,16,58.1888713783489
905,905,17,64.65430153149877
906,906,18,64.65430153149877
907,907,19,64.65430153149877
908,908,20,64.65430153149877
909,909,21,58.1888713783489
910,910,22,45.258011072049136
911,911,23,29.09443568917445
912,912,0,19.39629045944963
913,913,1,16.163575382874694
914,914,2,16.163575382874694
915,915,3,16.163575382874694
916,916,4,19.39629045944963
917,917,5,35.55986584232433
918,918,6,54.95615630177396
919,919,7,64.65430153149877
920,920,8,64.65430153149877
921,921,9,54.95615630177396
922,922,10,48.49072614862408
923,923,11,45.258011072049136
924,924,12,45.258011072049136
925,925,13,45.258011072049136
926,926,14,48.49072614862408
927,927,15,51.723441225199025
928,928,16,58.1888713783489
929,929,17,64.65430153149877
930,930,18,64.65430153149877
931,931,19,64.65430153149877
932,932,20,64.65430153149877
933,933,21,58.1888713783489
934,934,22,45.258011072049136
935,935,23,29.09443568917445
936,936,0,19.39629045944963
937,937,1,16.163575382874694
938,938,2,16.163575382874694
939,939,3,16.163575382874694
940,940,4,19.39629045944963
941,941,5,35.55986584232433
942,942,6,54.95615630177396
943,943,7,64.65430153149877
944,944,8,64.65430153149877
945,945,9,54.95615630177396
946,946,10,48.49072614862408
947,947,11,45.258011072049136
948,948,12,45.258011072049136
949,949,13,45.258011072049136
950,950,14,48.49072614862408
951,951,15,51.723441225199025
952,952,16,58.1888713783489
953,953,17,64.65430153149877
954,954,18,64.65430153149877
955,955,19,64.65430153149877
956,956,20,64.65430153149877
957,957,21,58.1888713783489
958,958,22,45.258011072049136
959,959,23,29.09443568917445
960,960,0,19.39629045944963
961,961,1,16.163575382874694
962,962,2,16.163575382874694
963,963,3,16.163575382874694
964,964,4,19.39629045944963
965,965,5,35.55986584232433
966,966,6,54.95615630177396
967,967,7,64.65430153149877
968,968,8,64.65430153149877
969,969,9,54.95615630177396
970,970,10,48.49072614862408
971,971,11,45.258011072049136
972,972,12,45.258011072049136
973,973,13,45.258011072049136
974,974,14,48.49072614862408
975,975,15,51.723441225199025
976,976,16,58.1888713783489
977,977,17,64.65430153149877
978,978,18,64.65430153149877
979,979,19,64.65430153149877
980,980,20,64.65430153149877
981,981,21,58.1888713783489
982,982,22,45.258011072049136
983,983,23,29.09443568917445
984,984,0,19.39629045944963
985,985,1,16.163575382874694
986,986,2,16.163575382874694
987,987,3,16.163575382874694
988,988,4,19.39629045944963
989,989,5,35.55986584232433
990,990,6,54.95615630177396
991,991,7,64.65430153149877
992,992,8,64.65430153149877
993,993,9,54.95615630177396
994,994,10,48.49072614862408
995,995,11,45.258011072049136
996,996,12,45.258011072049136
997,997,13,45.258011072049136
998,998,14,48.49072614862408
999,999,15,51.723441225199025
1000,1000,16,58.1888713783489
1001,1001,17,64.65430153149877
1002,1002,18,64.65430153149877
1003,1003,19,64.65430153149877
1004,1004,20,64.65430153149877
1005,1005,21,58.1888713783489
1006,1006,22,45.258011072049136
1007,1007,23,29.09443568917445
1008,1008,0,19.39629045944963
1009,1009,1,16.163575382874694
1010,1010,2,16.163575382874694
1011,1011,3,16.163575382874694
1012,1012,4,19.39629045944963
1013,1013,5,35.55986584232433
1014,1014,6,54.95615630177396
1015,1015,7,64.65430153149877
1016,1016,8,64.65430153149877
1017,1017,9,54.95615630177396
1018,1018,10,48.49072614862408
1019,1019,11,45.258011072049136
1020,1020,12,45.258011072049136
1021,1021,13,45.258011072049136
1022,1022,14,48.49072614862408
1023,1023,15,51.723441225199025
1024,1024,16,58.1888713783489
1025,1025,17,64.65430153149877
1026,1026,18,64.65430153149877
1027,1027,19,64.65430153149877
1028,1028,20,64.65430153149877
1029,1029,21,58.1888713783489
1030,1030,22,45.258011072049136
1031,1031,23,29.09443568917445
1032,1032,0,19.39629045944963
1033,1033,1,16.163575382874694
1034,1034,2,16.163575382874694
1035,1035,3,16.163575382874694
1036,1036,4,19.39629045944963
1037,1037,5,35.55986584232433
1038,1038,6,54.95615630177396
1039,1039,7,64.65430153149877
1040,1040,8,64.65430153149877
1041,1041,9,54.95615630177396
1042,1042,10,48.49072614862408
1043,1043,11,45.258011072049136
1044,1044,12,45.258011072049136
1045,1045,13,45.258011072049136
1046,1046,14,48.49072614862408
1047,1047,15,51.723441225199025
1048,1048,16,58.1888713783489
1049,1049,17,64.65430153149877
1050,1050,18,64.65430153149877
1051,1051,19,64.65430153149877
1052,1052,20,64.65430153149877
1053,1053,21,58.1888713783489
1054,1054,22,45.258011072049136
1055,1055,23,29.09443568917445
1056,1056,0,19.39629045944963
1057,1057,1,16.163575382874694
1058,1058,2,16.163575382874694
1059,1059,3,16.163575382874694
1060,1060,4,19.39629045944963
1061,1061,5,35.55986584232433
1062,1062,6,54.95615630177396
1063,1063,7,64.65430153149877
1064,1064,8,64.65430153149877
1065,1065,9,54.95615630177396
1066,1066,10,48.49072614862408
1067,1067,11,45.258011072049136
1068,1068,12,45.258011072049136
1069,1069,13,45.258011072049136
1070,1070,14,48.49072614862408
1071,1071,15,51.723441225199025
1072,1072,16,58.1888713783489
1073,1073,17,64.65430153149877
1074,1074,18,64.65430153149877
1075,1075,19,64.65430153149877
1076,1076,20,64.65430153149877
1077,1077,21,58.1888713783489
1078,1078,22,45.258011072049136
1079,1079,23,29.09443568917445
1080,1080,0,19.39629045944963
1081,1081,1,16.163575382874694
1082,1082,2,16.163575382874694
1083,1083,3,16.163575382874694
1084,1084,4,19.39629045944963
1085,1085,5,35.55986584232433
1086,1086,6,54.95615630177396
1087,1087,7,64.65430153149877
1088,1088,8,64.65430153149877
1089,1089,9,54.95615630177396
1090,1090,10,48.49072614862408
1091,1091,11,45.258011072049136
1092,1092,12,45.258011072049136
1093,1093,13,45.258011072049136
1094,1094,14,48.49072614862408
1095,1095,15,51.723441225199025
1096,1096,16,58.1888713783489
1097,1097,17,64.65430153149877
1098,1098,18,64.65430153149877
1099,1099,19,64.65430153149877
1100,1100,20,64.65430153149877
1101,1101,21,58.1888713783489
1102,1102,22,45.258011072049136
1103,1103,23,29.09443568917445
1104,1104,0,19.39629045944963
1105,1105,1,16.163575382874694
1106,1106,2,16.163575382874694
1107,1107,3,16.163575382874694
1108,1108,4,19.39629045944963
1109,1109,5,35.55986584232433
1110,1110,6,54.95615630177396
1111,1111,7,64.65430153149877
1112,1112,8,64.65430153149877
1113,1113,9,54.95615630177396
1114,1114,10,48.49072614862408
1115,1115,11,45.258011072049136
1116,1116,12,45.258011072049136
1117,1117,13,45.258011072049136
1118,1118,14,48.49072614862408
1119,1119,15,51.723441225199025
1120,1120,16,58.1888713783489
1121,1121,17,64.65430153149877
1122,1122,18,64.65430153149877
1123,1123,19,64.65430153149877
1124,1124,20,64.65430153149877
1125,1125,21,58.1888713783489
1126,1126,22,45.258011072049136
1127,1127,23,29.09443568917445
1128,1128,0,19.39629045944963
1129,1129,1,16.163575382874694
1130,1130,2,16.163575382874694
1131,1131,3,16.163575382874694
1132,1132,4,19.39629045944963
1133,1133,5,35.55986584232433
1134,1134,6,54.95615630177396
1135,1135,7,64.65430153149877
1136,1136,8,64.65430153149877
1137,1137,9,54.95615630177396
1138,1138,10,48.49072614862408
1139,1139,11,45.258011072049136
1140,1140,12,45.258011072049136
1141,1141,13,45.258011072049136
1142,1142,14,48.49072614862408
1143,1143,15,51.723441225199025
1144,1144,16,58.1888713783489
1145,1145,17,64.65430153149877
1146,1146,18,64.65430153149877
1147,1147,19,64.65430153149877
1148,1148,20,64.65430153149877
1149,1149,21,58.1888713783489
1150,1150,22,45.258011072049136
1151,1151,23,29.09443568917445
1152,1152,0,19.39629045944963
1153,1153,1,16.163575382874694
1154,1154,2,16.163575382874694
1155,1155,3,16.163575382874694
1156,1156,4,19.39629045944963
1157,1157,5,35.55986584232433
1158,1158,6,54.95615630177396
1159,1159,7,64.65430153149877
1160,1160,8,64.65430153149877
1161,1161,9,54.95615630177396
1162,1162,10,48.49072614862408
1163,1163,11,45.258011072049136
1164,1164,12,45.258011072049136
1165,1165,13,45.258011072049136
1166,1166,14,48.49072614862408
1167,1167,15,51.723441225199025
1168,1168,16,58.1888713783489
1169,1169,17,64.65430153149877
1170,1170,18,64.65430153149877
1171,1171,19,64.65430153149877
1172,1172,20,64.65430153149877
1173,1173,21,58.1888713783489
1174,1174,22,45.258011072049136
1175,1175,23,29.09443568917445
1176,1176,0,19.39629045944963
1177,1177,1,16.163575382874694
1178,1178,2,16.163575382874694
1179,1179,3,16.163575382874694
1180,1180,4,19.39629045944963
1181,1181,5,35.55986584232433
1182,1182,6,54.95615630177396
1183,1183,7,64.65430153149877
1184,1184,8,64.65430153149877
1185,1185,9,54.95615630177396
1186,1186,10,48.49072614862408
1187,1187,11,45.258011072049136
1188,1188,12,45.258011072049136
1189,1189,13,45.258011072049136
1190,1190,14,48.49072614862408
1191,1191,15,51.723441225199025
1192,1192,16,58.1888713783489
1193,1193,17,64.65430153149877
1194,1194,18,64.65430153149877
1195,1195,19,64.65430153149877
1196,1196,20,64.65430153149877
1197,1197,21,58.1888713783489
1198,1198,22,45.258011072049136
1199,1199,23,29.09443568917445
1200,1200,0,19.39629045944963
1201,1201,1,16.163575382874694
1202,1202,2,16.163575382874694
1203,1203,3,16.163575382874694
1204,1204,4,19.39629045944963
1205,1205,5,35.55986584232433
1206,1206,6,54.95615630177396
1207,1207,7,64.65430153149877
1208,1208,8,64.65430153149877
1209,1209,9,54.95615630177396
1210,1210,10,48.49072614862408
1211,1211,11,45.258011072049136
1212,1212,12,45.258011072049136
1213,1213,13,45.258011072049136
1214,1214,14,48.49072614862408
1215,1215,15,51.723441225199025
1216,1216,16,58.1888713783489
1217,1217,17,64.65430153149877
1218,1218,18,64.65430153149877
1219,1219,19,64.65430153149877
1220,1220,20,64.65430153149877
1221,1221,21,58.1888713783489
1222,1222,22,45.258011072049136
1223,1223,23,29.09443568917445
1224,1224,0,19.39629045944963
1225,1225,1,16.163575382874694
1226,1226,2,16.163575382874694
1227,1227,3,16.163575382874694
1228,1228,4,19.39629045944963
1229,1229,5,35.55986584232433
1230,1230,6,54.95615630177396
1231,1231,7,64.65430153149877
1232,1232,8,64.65430153149877
1233,1233,9,54.95615630177396
1234,1234,10,48.49072614862408
1235,1235,11,45.258011072049136
1236,1236,12,45.258011072049136
1237,1237,13,45.258011072049136
1238,1238,14,48.49072614862408
1239,1239,15,51.723441225199025
1240,1240,16,58.1888713783489
1241,1241,17,64.65430153149877
1242,1242,18,64.65430153149877
1243,1243,19,64.65430153149877
1244,1244,20,64.65430153149877
1245,1245,21,58.1888713783489
1246,1246,22,45.258011072049136
1247,1247,23,29.09443568917445
1248,1248,0,19.39629045944963
1249,1249,1,16.163575382874694
1250,1250,2,16.163575382874694
1251,1251,3,16.163575382874694
1252,1252,4,19.39629045944963
1253,1253,5,35.55986584232433
1254,1254,6,54.95615630177396
1255,1255,7,64.65430153149877
1256,1256,8,64.65430153149877
1257,1257,9,54.95615630177396
1258,1258,10,48.49072614862408
1259,1259,11,45.258011072049136
1260,1260,12,45.258011072049136
1261,1261,13,45.258011072049136
1262,1262,14,48.49072614862408
1263,1263,15,51.723441225199025
1264,1264,16,58.1888713783489
1265,1265,17,64.65430153149877
1266,1266,18,64.65430153149877
1267,1267,19,64.65430153149877
1268,1268,20,64.65430153149877
1269,1269,21,58.1888713783489
1270,1270,22,45.258011072049136
1271,1271,23,29.09443568917445
1272,1272,0,19.39629045944963
1273,1273,1,16.163575382874694
1274,1274,2,16.163575382874694
1275,1275,3,16.163575382874694
1276,1276,4,19.39629045944963
1277,1277,5,35.55986584232433
1278,1278,6,54.95615630177396
1279,1279,7,64.65430153149877
1280,1280,8,64.65430153149877
1281,1281,9,54.95615630177396
1282,1282,10,48.49072614862408
1283,1283,11,45.258011072049136
1284,1284,12,45.258011072049136
1285,1285,13,45.258011072049136
1286,1286,14,48.49072614862408
1287,1287,15,51.723441225199025
1288,1288,16,58.1888713783489
1289,1289,17,64.65430153149877
1290,1290,18,64.65430153149877
1291,1291,19,64.65430153149877
1292,1292,20,64.65430153149877
1293,1293,21,58.1888713783489
1294,1294,22,45.258011072049136
1295,1295,23,29.09443568917445
1296,1296,0,19.39629045944963
1297,1297,1,16.163575382874694
1298,1298,2,16.163575382874694
1299,1299,3,16.163575382874694
1300,1300,4,19.39629045944963
1301,1301,5,35.55986584232433
1302,1302,6,54.95615630177396
1303,1303,7,64.65430153149877
1304,1304,8,64.65430153149877
1305,1305,9,54.95615630177396
1306,1306,10,48.49072614862408
1307,1307,11,45.258011072049136
1308,1308,12,45.258011072049136
1309,1309,13,45.258011072049136
1310,1310,14,48.49072614862408
1311,1311,15,51.723441225199025
1312,1312,16,58.1888713783489
1313,1313,17,64.65430153149877
1314,1314,18,64.65430153149877
1315,1315,19,64.65430153149877
1316,1316,20,64.65430153149877
1317,1317,21,58.1888713783489
1318,1318,22,45.258011072049136
1319,1319,23,29.09443568917445
1320,1320,0,19.39629045944963
1321,1321,1,16.163575382874694
1322,1322,2,16.163575382874694
1323,1323,3,16.163575382874694
1324,1324,4,19.39629045944963
1325,1325,5,35.55986584232433
1326,1326,6,54.95615630177396
1327,1327,7,64.65430153149877
1328,1328,8,64.65430153149877
1329,1329,9,54.95615630177396
1330,1330,10,48.49072614862408
1331,1331,11,45.258011072049136
1332,1332,12,45.258011072049136
1333,1333,13,45.258011072049136
1334,1334,14,48.49072614862408
1335,1335,15,51.723441225199025
1336,1336,16,58.1888713783489
1337,1337,17,64.65430153149877
1338,1338,18,64.65430153149877
1339,1339,19,64.65430153149877
1340,1340,20,64.65430153149877
1341,1341,21,58.1888713783489
1342,1342,22,45.258011072049136
1343,1343,23,29.09443568917445
1344,1344,0,19.39629045944963
1345,1345,1,16.163575382874694
1346,1346,2,16.163575382874694
1347,1347,3,16.163575382874694
1348,1348,4,19.39629045944963
1349,1349,5,35.55986584232433
1350,1350,6,54.95615630177396
1351,1351,7,64.65430153149877
1352,1352,8,64.65430153149877
1353,1353,9,54.95615630177396
1354,1354,10,48.49072614862408
1355,1355,11,45.258011072049136
1356,1356,12,45.258011072049136
1357,1357,13,45.258011072049136
1358,1358,14,48.49072614862408
1359,1359,15,51.723441225199025
1360,1360,16,58.1888713783489
1361,1361,17,64.65430153149877
1362,1362,18,64.65430153149877
1363,1363,19,64.65430153149877
1364,1364,20,64.65430153149877
1365,1365,21,58.1888713783489
1366,1366,22,45.258011072049136
1367,1367,23,29.09443568917445
1368,1368,0,19.39629045944963
1369,1369,1,16.163575382874694
1370,1370,2,16.163575382874694
1371,1371,3,16.163575382874694
1372,1372,4,19.39629045944963
1373,1373,5,35.55986584232433
1374,1374,6,54.95615630177396
1375,1375,7,64.65430153149877
1376,1376,8,64.65430153149877
1377,1377,9,54.95615630177396
1378,1378,10,48.49072614862408
1379,1379,11,45.258011072049136
1380,1380,12,45.258011072049136
1381,1381,13,45.258011072049136
1382,1382,14,48.49072614862408
1383,1383,15,51.723441225199025
1384,1384,16,58.1888713783489
1385,1385,17,64.65430153149877
1386,1386,18,64.65430153149877
1387,1387,19,64.65430153149877
1388,1388,20,64.65430153149877
1389,1389,21,58.1888713783489
1390,1390,22,45.258011072049136
1391,1391,23,29.09443568917445
1392,1392,0,19.39629045944963
1393,1393,1,16.163575382874694
1394,1394,2,16.163575382874694
1395,1395,3,16.163575382874694
1396,1396,4,19.39629045944963
1397,1397,5,35.55986584232433
1398,1398,6,54.95615630177396
1399,1399,7,64.65430153149877
1400,1400,8,64.65430153149877
1401,1401,9,54.95615630177396
1402,1402,10,48.49072614862408
1403,1403,11,45.258011072049136
1404,1404,12,45.258011072049136
1405,1405,13,45.258011072049136
1406,1406,14,48.49072614862408
1407,1407,15,51.723441225199025
1408,1408,16,58.1888713783489
1409,1409,17,64.65430153149877
1410,1410,18,64.65430153149877
1411,1411,19,64.65430153149877
1412,1412,20,64.65430153149877
1413,1413,21,58.1888713783489
1414,1414,22,45.258011072049136
1415,1415,23,29.09443568917445
1416,1416,0,19.39629045944963
1417,1417,1,16.163575382874694
1418,1418,2,16.163575382874694
1419,1419,3,16.163575382874694
1420,1420,4,19.39629045944963
1421,1421,5,35.55986584232433
1422,1422,6,54.95615630177396
1423,1423,7,64.65430153149877
1424,1424,8,64.65430153149877
1425,1425,9,54.95615630177396
1426,1426,10,48.49072614862408
1427,1427,11,45.258011072049136
1428,1428,12,45.258011072049136
1429,1429,13,45.258011072049136
1430,1430,14,48.49072614862408
1431,1431,15,51.723441225199025
1432,1432,16,58.1888713783489
1433,1433,17,64.65430153149877
1434,1434,18,64.65430153149877
1435,1435,19,64.65430153149877
1436,1436,20,64.65430153149877
1437,1437,21,58.1888713783489
1438,1438,22,45.258011072049136
1439,1439,23,29.09443568917445
1440,1440,0,19.39629045944963
1441,1441,1,16.163575382874694
1442,1442,2,16.163575382874694
1443,1443,3,16.163575382874694
1444,1444,4,19.39629045944963
1445,1445,5,35.55986584232433
1446,1446,6,54.95615630177396
1447,1447,7,64.65430153149877
1448,1448,8,64.65430153149877
1449,1449,9,54.95615630177396
1450,1450,10,48.49072614862408
1451,1451,11,45.258011072049136
1452,1452,12,45.258011072049136
1453,1453,13,45.258011072049136
1454,1454,14,48.49072614862408
1455,1455,15,51.723441225199025
1456,1456,16,58.1888713783489
1457,1457,17,64.65430153149877
1458,1458,18,64.65430153149877
1459,1459,19,64.65430153149877
1460,1460,20,64.65430153149877
1461,1461,21,58.1888713783489
1462,1462,22,45.258011072049136
1463,1463,23,29.09443568917445
1464,1464,0,19.39629045944963
1465,1465,1,16.163575382874694
1466,1466,2,16.163575382874694
1467,1467,3,16.163575382874694
1468,1468,4,19.39629045944963
1469,1469,5,35.55986584232433
1470,1470,6,54.95615630177396
1471,1471,7,64.65430153149877
1472,1472,8,64.65430153149877
1473,1473,9,54.95615630177396
1474,1474,10,48.49072614862408
1475,1475,11,45.258011072049136
1476,1476,12,45.258011072049136
1477,1477,13,45.258011072049136
1478,1478,14,48.49072614862408
1479,1479,15,51.723441225199025
1480,1480,16,58.1888713783489
1481,1481,17,64.65430153149877
1482,1482,18,64.65430153149877
1483,1483,19,64.65430153149877
1484,1484,20,64.65430153149877
1485,1485,21,58.1888713783489
1486,1486,22,45.258011072049136
1487,1487,23,29.09443568917445
1488,1488,0,19.39629045944963
1489,1489,1,16.163575382874694
1490,1490,2,16.163575382874694
1491,1491,3,16.163575382874694
1492,1492,4,19.39629045944963
1493,1493,5,35.55986584232433
1494,1494,6,54.95615630177396
1495,1495,7,64.65430153149877
1496,1496,8,64.65430153149877
1497,1497,9,54.95615630177396
1498,1498,10,48.49072614862408
1499,1499,11,45.258011072049136
1500,1500,12,45.258011072049136
1501,1501,13,45.258011072049136
1502,1502,14,48.49072614862408
1503,1503,15,51.723441225199025
1504,1504,16,58.1888713783489
1505,1505,17,64.65430153149877
1506,1506,18,64.65430153149877
1507,1507,19,64.65430153149877
1508,1508,20,64.65430153149877
1509,1509,21,58.1888713783489
1510,1510,22,45.258011072049136
1511,1511,23,29.09443568917445
1512,1512,0,19.39629045944963
1513,1513,1,16.163575382874694
1514,1514,2,16.163575382874694
1515,1515,3,16.163575382874694
1516,1516,4,19.39629045944963
1517,1517,5,35.55986584232433
1518,1518,6,54.95615630177396
1519,1519,7,64.65430153149877
1520,1520,8,64.65430153149877
1521,1521,9,54.95615630177396
1522,1522,10,48.49072614862408
1523,1523,11,45.258011072049136
1524,1524,12,45.258011072049136
1525,1525,13,45.258011072049136
1526,1526,14,48.49072614862408
1527,1527,15,51.723441225199025
1528,1528,16,58.1888713783489
1529,1529,17,64.65430153149877
1530,1530,18,64.65430153149877
1531,1531,19,64.65430153149877
1532,1532,20,64.65430153149877
1533,1533,21,58.1888713783489
1534,1534,22,45.258011072049136
1535,1535,23,29.09443568917445
1536,1536,0,19.39629045944963
1537,1537,1,16.163575382874694
1538,1538,2,16.163575382874694
1539,1539,3,16.163575382874694
1540,1540,4,19.39629045944963
1541,1541,5,35.55986584232433
1542,1542,6,54.95615630177396
1543,1543,7,64.65430153149877
1544,1544,8,64.65430153149877
1545,1545,9,54.95615630177396
1546,1546,10,48.49072614862408
1547,1547,11,45.258011072049136
1548,1548,12,45.258011072049136
1549,1549,13,45.258011072049136
1550,1550,14,48.49072614862408
1551,1551,15,51.723441225199025
1552,1552,16,58.1888713783489
1553,1553,17,64.65430153149877
1554,1554,18,64.65430153149877
1555,1555,19,64.65430153149877
1556,1556,20,64.65430153149877
1557,1557,21,58.1888713783489
1558,1558,22,45.258011072049136
1559,1559,23,29.09443568917445
1560,1560,0,19.39629045944963
1561,1561,1,16.163575382874694
1562,1562,2,16.163575382874694
1563,1563,3,16.163575382874694
1564,1564,4,19.39629045944963
1565,1565,5,35.55986584232433
1566,1566,6,54.95615630177396
1567,1567,7,64.65430153149877
1568,1568,8,64.65430153149877
1569,1569,9,54.95615630177396
1570,1570,10,48.49072614862408
1571,1571,11,45.258011072049136
1572,1572,12,45.258011072049136
1573,1573,13,45.258011072049136
1574,1574,14,48.49072614862408
1575,1575,15,51.723441225199025
1576,1576,16,58.1888713783489
1577,1577,17,64.65430153149877
1578,1578,18,64.65430153149877
1579,1579,19,64.65430153149877
1580,1580,20,64.65430153149877
1581,1581,21,58.1888713783489
1582,1582,22,45.258011072049136
1583,1583,23,29.09443568917445
1584,1584,0,19.39629045944963
1585,1585,1,16.163575382874694
1586,1586,2,16.163575382874694
1587,1587,3,16.163575382874694
1588,1588,4,19.39629045944963
1589,1589,5,35.55986584232433
1590,1590,6,54.95615630177396
1591,1591,7,64.65430153149877
1592,1592,8,64.65430153149877
1593,1593,9,54.95615630177396
1594,1594,10,48.49072614862408
1595,1595,11,45.258011072049136
1596,1596,12,45.258011072049136
1597,1597,13,45.258011072049136
1598,1598,14,48.49072614862408
1599,1599,15,51.723441225199025
1600,1600,16,58.1888713783489
1601,1601,17,64.65430153149877
1602,1602,18,64.65430153149877
1603,1603,19,64.65430153149877
1604,1604,20,64.65430153149877
1605,1605,21,58.1888713783489
1606,1606,22,45.258011072049136
1607,1607,23,29.09443568917445
1608,1608,0,19.39629045944963
1609,1609,1,16.163575382874694
1610,1610,2,16.163575382874694
1611,1611,3,16.163575382874694
1612,1612,4,19.39629045944963
1613,1613,5,35.55986584232433
1614,1614,6,54.95615630177396
1615,1615,7,64.65430153149877
1616,1616,8,64.65430153149877
1617,1617,9,54.95615630177396
1618,1618,10,48.49072614862408
1619,1619,11,45.258011072049136
1620,1620,12,45.258011072049136
1621,1621,13,45.258011072049136
1622,1622,14,48.49072614862408
1623,1623,15,51.723441225199025
1624,1624,16,58.1888713783489
1625,1625,17,64.65430153149877
1626,1626,18,64.65430153149877
1627,1627,19,64.65430153149877
1628,1628,20,64.65430153149877
1629,1629,21,58.1888713783489
1630,1630,22,45.258011072049136
1631,1631,23,29.09443568917445
1632,1632,0,19.39629045944963
1633,1633,1,16.163575382874694
1634,1634,2,16.163575382874694
1635,1635,3,16.163575382874694
1636,1636,4,19.39629045944963
1637,1637,5,35.55986584232433
1638,1638,6,54.95615630177396
1639,1639,7,64.65430153149877
1640,1640,8,64.65430153149877
1641,1641,9,54.95615630177396
1642,1642,10,48.49072614862408
1643,1643,11,45.258011072049136
1644,1644,12,45.258011072049136
1645,1645,13,45.258011072049136
1646,1646,14,48.49072614862408
1647,1647,15,51.723441225199025
1648,1648,16,58.1888713783489
1649,1649,17,64.65430153149877
1650,1650,18,64.65430153149877
1651,1651,19,64.65430153149877
1652,1652,20,64.65430153149877
1653,1653,21,58.1888713783489
1654,1654,22,45.258011072049136
1655,1655,23,29.09443568917445
1656,1656,0,19.39629045944963
1657,1657,1,16.163575382874694
1658,1658,2,16.163575382874694
1659,1659,3,16.163575382874694
1660,1660,4,19.39629045944963
1661,1661,5,35.55986584232433
1662,1662,6,54.95615630177396
1663,1663,7,64.65430153149877
1664,1664,8,64.65430153149877
1665,1665,9,54.95615630177396
1666,1666,10,48.49072614862408
1667,1667,11,45.258011072049136
1668,1668,12,45.258011072049136
1669,1669,13,45.258011072049136
1670,1670,14,48.49072614862408
1671,1671,15,51.723441225199025
1672,1672,16,58.1888713783489
1673,1673,17,64.65430153149877
1674,1674,18,64.65430153149877
1675,1675,19,64.65430153149877
1676,1676,20,64.65430153149877
1677,1677,21,58.1888713783489
1678,1678,22,45.258011072049136
1679,1679,23,29.09443568917445
1680,1680,0,19.39629045944963
1681,1681,1,16.163575382874694
1682,1682,2,16.163575382874694
1683,1683,3,16.163575382874694
1684,1684,4,19.39629045944963
1685,1685,5,35.55986584232433
1686,1686,6,54.95615630177396
1687,1687,7,64.65430153149877
1688,1688,8,64.65430153149877
1689,1689,9,54.95615630177396
1690,1690,10,48.49072614862408
1691,1691,11,45.258011072049136
1692,1692,12,45.258011072049136
1693,1693,13,45.258011072049136
1694,1694,14,48.49072614862408
1695,1695,15,51.723441225199025
1696,1696,16,58.1888713783489
1697,1697,17,64.65430153149877
1698,1698,18,64.65430153149877
1699,1699,19,64.65430153149877
1700,1700,20,64.65430153149877
1701,1701,21,58.1888713783489
1702,1702,22,45.258011072049136
1703,1703,23,29.09443568917445
1704,1704,0,19.39629045944963
1705,1705,1,16.163575382874694
1706,1706,2,16.163575382874694
1707,1707,3,16.163575382874694
1708,1708,4,19.39629045944963
1709,1709,5,35.55986584232433
1710,1710,6,54.95615630177396
1711,1711,7,64.65430153149877
1712,1712,8,64.65430153149877
1713,1713,9,54.95615630177396
1714,1714,10,48.49072614862408
1715,1715,11,45.258011072049136
1716,1716,12,45.258011072049136
1717,1717,13,45.258011072049136
1718,1718,14,48.49072614862408
1719,1719,15,51.723441225199025
1720,1720,16,58.1888713783489
1721,1721,17,64.65430153149877
1722,1722,18,64.65430153149877
1723,1723,19,64.65430153149877
1724,1724,20,64.65430153149877
1725,1725,21,58.1888713783489
1726,1726,22,45.258011072049136
1727,1727,23,29.09443568917445
1728,1728,0,19.39629045944963
1729,1729,1,16.163575382874694
1730,1730,2,16.163575382874694
1731,1731,3,16.163575382874694
1732,1732,4,19.39629045944963
1733,1733,5,35.55986584232433
1734,1734,6,54.95615630177396
1735,1735,7,64.65430153149877
1736,1736,8,64.65430153149877
1737,1737,9,54.95615630177396
1738,1738,10,48.49072614862408
1739,1739,11,45.258011072049136
1740,1740,12,45.258011072049136
1741,1741,13,45.258011072049136
1742,1742,14,48.49072614862408
1743,1743,15,51.723441225199025
1744,1744,16,58.1888713783489
1745,1745,17,64.65430153149877
1746,1746,18,64.65430153149877
1747,1747,19,64.65430153149877
1748,1748,20,64.65430153149877
1749,1749,21,58.1888713783489
1750,1750,22,45.258011072049136
1751,1751,23,29.09443568917445
1752,1752,0,19.39629045944963
1753,1753,1,16.163575382874694
1754,1754,2,16.163575382874694
1755,1755,3,16.163575382874694
1756,1756,4,19.39629045944963
1757,1757,5,35.55986584232433
1758,1758,6,54.95615630177396
1759,1759,7,64.65430153149877
1760,1760,8,64.65430153149877
1761,1761,9,54.95615630177396
1762,1762,10,48.49072614862408
1763,1763,11,45.258011072049136
1764,1764,12,45.258011072049136
1765,1765,13,45.258011072049136
1766,1766,14,48.49072614862408
1767,1767,15,51.723441225199025
1768,1768,16,58.1888713783489
1769,1769,17,64.65430153149877
1770,1770,18,64.65430153149877
1771,1771,19,64.65430153149877
1772,1772,20,64.65430153149877
1773,1773,21,58.1888713783489
1774,1774,22,45.258011072049136
1775,1775,23,29.09443568917445
1776,1776,0,19.39629045944963
1777,1777,1,16.163575382874694
1778,1778,2,16.163575382874694
1779,1779,3,16.163575382874694
1780,1780,4,19.39629045944963
1781,1781,5,35.55986584232433
1782,1782,6,54.95615630177396
1783,1783,7,64.65430153149877
1784,1784,8,64.65430153149877
1785,1785,9,54.95615630177396
1786,1786,10,48.49072614862408
1787,1787,11,45.258011072049136
1788,1788,12,45.258011072049136
1789,1789,13,45.258011072049136
1790,1790,14,48.49072614862408
1791,1791,15,51.723441225199025
1792,1792,16,58.1888713783489
1793,1793,17,64.65430153149877
1794,1794,18,64.65430153149877
1795,1795,19,64.65430153149877
1796,1796,20,64.65430153149877
1797,1797,21,58.1888713783489
1798,1798,22,45.258011072049136
1799,1799,23,29.09443568917445
1800,1800,0,19.39629045944963
1801,1801,1,16.163575382874694
1802,1802,2,16.163575382874694
1803,1803,3,16.163575382874694
1804,1804,4,19.39629045944963
1805,1805,5,35.55986584232433
1806,1806,6,54.95615630177396
1807,1807,7,64.65430153149877
1808,1808,8,64.65430153149877
1809,1809,9,54.95615630177396
1810,1810,10,48.49072614862408
1811,1811,11,45.258011072049136
1812,1812,12,45.258011072049136
1813,1813,13,45.258011072049136
1814,1814,14,48.49072614862408
1815,1815,15,51.723441225199025
1816,1816,16,58.1888713783489
1817,1817,17,64.65430153149877
1818,1818,18,64.65430153149877
1819,1819,19,64.65430153149877
1820,1820,20,64.65430153149877
1821,1821,21,58.1888713783489
1822,1822,22,45.258011072049136
1823,1823,23,29.09443568917445
1824,1824,0,19.39629045944963
1825,1825,1,16.163575382874694
1826,1826,2,16.163575382874694
1827,1827,3,16.163575382874694
1828,1828,4,19.39629045944963
1829,1829,5,35.55986584232433
1830,1830,6,54.95615630177396
1831,1831,7,64.65430153149877
1832,1832,8,64.65430153149877
1833,1833,9,54.95615630177396
1834,1834,10,48.49072614862408
1835,1835,11,45.258011072049136
1836,1836,12,45.258011072049136
1837,1837,13,45.258011072049136
1838,1838,14,48.49072614862408
1839,1839,15,51.723441225199025
1840,1840,16,58.1888713783489
1841,1841,17,64.65430153149877
1842,1842,18,64.65430153149877
1843,1843,19,64.65430153149877
1844,1844,20,64.65430153149877
1845,1845,21,58.1888713783489
1846,1846,22,45.258011072049136
1847,1847,23,29.09443568917445
1848,1848,0,19.39629045944963
1849,1849,1,16.163575382874694
1850,1850,2,16.163575382874694
1851,1851,3,16.163575382874694
1852,1852,4,19.39629045944963
1853,1853,5,35.55986584232433
1854,1854,6,54.95615630177396
1855,1855,7,64.65430153149877
1856,1856,8,64.65430153149877
1857,1857,9,54.95615630177396
1858,1858,10,48.49072614862408
1859,1859,11,45.258011072049136
1860,1860,12,45.258011072049136
1861,1861,13,45.258011072049136
1862,1862,14,48.49072614862408
1863,1863,15,51.723441225199025
1864,1864,16,58.1888713783489
1865,1865,17,64.65430153149877
1866,1866,18,64.65430153149877
1867,1867,19,64.65430153149877
1868,1868,20,64.65430153149877
1869,1869,21,58.1888713783489
1870,1870,22,45.258011072049136
1871,1871,23,29.09443568917445
1872,1872,0,19.39629045944963
1873,1873,1,16.163575382874694
1874,1874,2,16.163575382874694
1875,1875,3,16.163575382874694
1876,1876,4,19.39629045944963
1877,1877,5,35.55986584232433
1878,1878,6,54.95615630177396
1879,1879,7,64.65430153149877
1880,1880,8,64.65430153149877
1881,1881,9,54.95615630177396
1882,1882,10,48.49072614862408
1883,1883,11,45.258011072049136
1884,1884,12,45.258011072049136
1885,1885,13,45.258011072049136
1886,1886,14,48.49072614862408
1887,1887,15,51.723441225199025
1888,1888,16,58.1888713783489
1889,1889,17,64.65430153149877
1890,1890,18,64.65430153149877
1891,1891,19,64.65430153149877
1892,1892,20,64.65430153149877
1893,1893,21,58.1888713783489
1894,1894,22,45.258011072049136
1895,1895,23,29.09443568917445
1896,1896,0,19.39629045944963
1897,1897,1,16.163575382874694
1898,1898,2,16.163575382874694
1899,1899,3,16.163575382874694
1900,1900,4,19.39629045944963
1901,1901,5,35.55986584232433
1902,1902,6,54.95615630177396
1903,1903,7,64.65430153149877
1904,1904,8,64.65430153149877
1905,1905,9,54.95615630177396
1906,1906,10,48.49072614862408
1907,1907,11,45.258011072049136
1908,1908,12,45.258011072049136
1909,1909,13,45.258011072049136
1910,1910,14,48.49072614862408
1911,1911,15,51.723441225199025
1912,1912,16,58.1888713783489
1913,1913,17,64.65430153149877
1914,1914,18,64.65430153149877
1915,1915,19,64.65430153149877
1916,1916,20,64.65430153149877
1917,1917,21,58.1888713783489
1918,1918,22,45.258011072049136
1919,1919,23,29.09443568917445
1920,1920,0,19.39629045944963
1921,1921,1,16.163575382874694
1922,1922,2,16.163575382874694
1923,1923,3,16.163575382874694
1924,1924,4,19.39629045944963
1925,1925,5,35.55986584232433
1926,1926,6,54.95615630177396
1927,1927,7,64.65430153149877
1928,1928,8,64.65430153149877
1929,1929,9,54.95615630177396
1930,1930,10,48.49072614862408
1931,1931,11,45.258011072049136
1932,1932,12,45.258011072049136
1933,1933,13,45.258011072049136
1934,1934,14,48.49072614862408
1935,1935,15,51.723441225199025
1936,1936,16,58.1888713783489
1937,1937,17,64.65430153149877
1938,1938,18,64.65430153149877
1939,1939,19,64.65430153149877
1940,1940,20,64.65430153149877
1941,1941,21,58.1888713783489
1942,1942,22,45.258011072049136
1943,1943,23,29.09443568917445
1944,1944,0,19.39629045944963
1945,1945,1,16.163575382874694
1946,1946,2,16.163575382874694
1947,1947,3,16.163575382874694
1948,1948,4,19.39629045944963
1949,1949,5,35.55986584232433
1950,1950,6,54.95615630177396
1951,1951,7,64.65430153149877
1952,1952,8,64.65430153149877
1953,1953,9,54.95615630177396
1954,1954,10,48.49072614862408
1955,1955,11,45.258011072049136
1956,1956,12,45.258011072049136
1957,1957,13,45.258011072049136
1958,1958,14,48.49072614862408
1959,1959,15,51.723441225199025
1960,1960,16,58.1888713783489
1961,1961,17,64.65430153149877
1962,1962,18,64.65430153149877
1963,1963,19,64.65430153149877
1964,1964,20,64.65430153149877
1965,1965,21,58.1888713783489
1966,1966,22,45.258011072049136
1967,1967,23,29.09443568917445
1968,1968,0,19.39629045944963
1969,1969,1,16.163575382874694
1970,1970,2,16.163575382874694
1971,1971,3,16.163575382874694
1972,1972,4,19.39629045944963
1973,1973,5,35.55986584232433
1974,1974,6,54.95615630177396
1975,1975,7,64.65430153149877
1976,1976,8,64.65430153149877
1977,1977,9,54.95615630177396
1978,1978,10,48.49072614862408
1979,1979,11,45.258011072049136
1980,1980,12,45.258011072049136
1981,1981,13,45.258011072049136
1982,1982,14,48.49072614862408
1983,1983,15,51.723441225199025
1984,1984,16,58.1888713783489
1985,1985,17,64.65430153149877
1986,1986,18,64.65430153149877
1987,1987,19,64.65430153149877
1988,1988,20,64.65430153149877
1989,1989,21,58.1888713783489
1990,1990,22,45.258011072049136
1991,1991,23,29.09443568917445
1992,1992,0,19.39629045944963
1993,1993,1,16.163575382874694
1994,1994,2,16.163575382874694
1995,1995,3,16.163575382874694
1996,1996,4,19.39629045944963
1997,1997,5,35.55986584232433
1998,1998,6,54.95615630177396
1999,1999,7,64.65430153149877
2000,2000,8,64.65430153149877
2001,2001,9,54.95615630177396
2002,2002,10,48.49072614862408
2003,2003,11,45.258011072049136
2004,2004,12,45.258011072049136
2005,2005,13,45.258011072049136
2006,2006,14,48.49072614862408
2007,2007,15,51.723441225199025
2008,2008,16,58.1888713783489
2009,2009,17,64.65430153149877
2010,2010,18,64.65430153149877
2011,2011,19,64.65430153149877
2012,2012,20,64.65430153149877
2013,2013,21,58.1888713783489
2014,2014,22,45.258011072049136
2015,2015,23,29.09443568917445
2016,2016,0,19.39629045944963
2017,2017,1,16.163575382874694
2018,2018,2,16.163575382874694
2019,2019,3,16.163575382874694
2020,2020,4,19.39629045944963
2021,2021,5,35.55986584232433
2022,2022,6,54.95615630177396
2023,2023,7,64.65430153149877
2024,2024,8,64.65430153149877
2025,2025,9,54.95615630177396
2026,2026,10,48.49072614862408
2027,2027,11,45.258011072049136
2028,2028,12,45.258011072049136
2029,2029,13,45.258011072049136
2030,2030,14,48.49072614862408
2031,2031,15,51.723441225199025
2032,2032,16,58.1888713783489
2033,2033,17,64.65430153149877
2034,2034,18,64.65430153149877
2035,2035,19,64.65430153149877
2036,2036,20,64.65430153149877
2037,2037,21,58.1888713783489
2038,2038,22,45.258011072049136
2039,2039,23,29.09443568917445
2040,2040,0,19.39629045944963
2041,2041,1,16.163575382874694
2042,2042,2,16.163575382874694
2043,2043,3,16.163575382874694
2044,2044,4,19.39629045944963
2045,2045,5,35.55986584232433
2046,2046,6,54.95615630177396
2047,2047,7,64.65430153149877
2048,2048,8,64.65430153149877
2049,2049,9,54.95615630177396
2050,2050,10,48.49072614862408
2051,2051,11,45.258011072049136
2052,2052,12,45.258011072049136
2053,2053,13,45.258011072049136
2054,2054,14,48.49072614862408
2055,2055,15,51.723441225199025
2056,2056,16,58.1888713783489
2057,2057,17,64.65430153149877
2058,2058,18,64.65430153149877
2059,2059,19,64.65430153149877
2060,2060,20,64.65430153149877
2061,2061,21,58.1888713783489
2062,2062,22,45.258011072049136
2063,2063,23,29.09443568917445
2064,2064,0,19.39629045944963
2065,2065,1,16.163575382874694
2066,2066,2,16.163575382874694
2067,2067,3,16.163575382874694
2068,2068,4,19.39629045944963
2069,2069,5,35.55986584232433
2070,2070,6,54.95615630177396
2071,2071,7,64.65430153149877
2072,2072,8,64.65430153149877
2073,2073,9,54.95615630177396
2074,2074,10,48.49072614862408
2075,2075,11,45.258011072049136
2076,2076,12,45.258011072049136
2077,2077,13,45.258011072049136
2078,2078,14,48.49072614862408
2079,2079,15,51.723441225199025
2080,2080,16,58.1888713783489
2081,2081,17,64.65430153149877
2082,2082,18,64.65430153149877
2083,2083,19,64.65430153149877
2084,2084,20,64.65430153149877
2085,2085,21,58.1888713783489
2086,2086,22,45.258011072049136
2087,2087,23,29.09443568917445
2088,2088,0,19.39629045944963
2089,2089,1,16.163575382874694
2090,2090,2,16.163575382874694
2091,2091,3,16.163575382874694
2092,2092,4,19.39629045944963
2093,2093,5,35.55986584232433
2094,2094,6,54.95615630177396
2095,2095,7,64.65430153149877
2096,2096,8,64.65430153149877
2097,2097,9,54.95615630177396
2098,2098,10,48.49072614862408
2099,2099,11,45.258011072049136
2100,2100,12,45.258011072049136
2101,2101,13,45.258011072049136
2102,2102,14,48.49072614862408
2103,2103,15,51.723441225199025
2104,2104,16,58.1888713783489
2105,2105,17,64.65430153149877
2106,2106,18,64.65430153149877
2107,2107,19,64.65430153149877
2108,2108,20,64.65430153149877
2109,2109,21,58.1888713783489
2110,2110,22,45.258011072049136
2111,2111,23,29.09443568917445
2112,2112,0,19.39629045944963
2113,2113,1,16.163575382874694
2114,2114,2,16.163575382874694
2115,2115,3,16.163575382874694
2116,2116,4,19.39629045944963
2117,2117,5,35.55986584232433
2118,2118,6,54.95615630177396
2119,2119,7,64.65430153149877
2120,2120,8,64.65430153149877
2121,2121,9,54.95615630177396
2122,2122,10,48.49072614862408
2123,2123,11,45.258011072049136
2124,2124,12,45.258011072049136
2125,2125,13,45.258011072049136
2126,2126,14,48.49072614862408
2127,2127,15,51.723441225199025
2128,2128,16,58.1888713783489
2129,2129,17,64.65430153149877
2130,2130,18,64.65430153149877
2131,2131,19,64.65430153149877
2132,2132,20,64.65430153149877
2133,2133,21,58.1888713783489
2134,2134,22,45.258011072049136
2135,2135,23,29.09443568917445
2136,2136,0,19.39629045944963
2137,2137,1,16.163575382874694
2138,2138,2,16.163575382874694
2139,2139,3,16.163575382874694
2140,2140,4,19.39629045944963
2141,2141,5,35.55986584232433
2142,2142,6,54.95615630177396
2143,2143,7,64.65430153149877
2144,2144,8,64.65430153149877
2145,2145,9,54.95615630177396
2146,2146,10,48.49072614862408
2147,2147,11,45.258011072049136
2148,2148,12,45.258011072049136
2149,2149,13,45.258011072049136
2150,2150,14,48.49072614862408
2151,2151,15,51.723441225199025
2152,2152,16,58.1888713783489
2153,2153,17,64.65430153149877
2154,2154,18,64.65430153149877
2155,2155,19,64.65430153149877
2156,2156,20,64.65430153149877
2157,2157,21,58.1888713783489
2158,2158,22,45.258011072049136
2159,2159,23,29.09443568917445
2160,2160,0,19.39629045944963
2161,2161,1,16.163575382874694
2162,2162,2,16.163575382874694
2163,2163,3,16.163575382874694
2164,2164,4,19.39629045944963
2165,2165,5,35.55986584232433
2166,2166,6,54.95615630177396
2167,2167,7,64.65430153149877
2168,2168,8,64.65430153149877
2169,2169,9,54.95615630177396
2170,2170,10,48.49072614862408
2171,2171,11,45.258011072049136
2172,2172,12,45.258011072049136
2173,2173,13,45.258011072049136
2174,2174,14,48.49072614862408
2175,2175,15,51.723441225199025
2176,2176,16,58.1888713783489
2177,2177,17,64.65430153149877
2178,2178,18,64.65430153149877
2179,2179,19,64.65430153149877
2180,2180,20,64.65430153149877
2181,2181,21,58.1888713783489
2182,2182,22,45.258011072049136
2183,2183,23,29.09443568917445
2184,2184,0,19.39629045944963
2185,2185,1,16.163575382874694
2186,2186,2,16.163575382874694
2187,2187,3,16.163575382874694
2188,2188,4,19.39629045944963
2189,2189,5,35.55986584232433
2190,2190,6,54.95615630177396
2191,2191,7,64.65430153149877
2192,2192,8,64.65430153149877
2193,2193,9,54.95615630177396
2194,2194,10,48.49072614862408
2195,2195,11,45.258011072049136
2196,2196,12,45.258011072049136
2197,2197,13,45.258011072049136
2198,2198,14,48.49072614862408
2199,2199,15,51.723441225199025
2200,2200,16,58.1888713783489
2201,2201,17,64.65430153149877
2202,2202,18,64.65430153149877
2203,2203,19,64.65430153149877
2204,2204,20,64.65430153149877
2205,2205,21,58.1888713783489
2206,2206,22,45.258011072049136
2207,2207,23,29.09443568917445
2208,2208,0,19.39629045944963
2209,2209,1,16.163575382874694
2210,2210,2,16.163575382874694
2211,2211,3,16.163575382874694
2212,2212,4,19.39629045944963
2213,2213,5,35.55986584232433
2214,2214,6,54.95615630177396
2215,2215,7,64.65430153149877
2216,2216,8,64.65430153149877
2217,2217,9,54.95615630177396
2218,2218,10,48.49072614862408
2219,2219,11,45.258011072049136
2220,2220,12,45.258011072049136
2221,2221,13,45.258011072049136
2222,2222,14,48.49072614862408
2223,2223,15,51.723441225199025
2224,2224,16,58.1888713783489
2225,2225,17,64.65430153149877
2226,2226,18,64.65430153149877
2227,2227,19,64.65430153149877
2228,2228,20,64.65430153149877
2229,2229,21,58.1888713783489
2230,2230,22,45.258011072049136
2231,2231,23,29.09443568917445
2232,2232,0,19.39629045944963
2233,2233,1,16.163575382874694
2234,2234,2,16.163575382874694
2235,2235,3,16.163575382874694
2236,2236,4,19.39629045944963
2237,2237,5,35.55986584232433
2238,2238,6,54.95615630177396
2239,2239,7,64.65430153149877
2240,2240,8,64.65430153149877
2241,2241,9,54.95615630177396
2242,2242,10,48.49072614862408
2243,2243,11,45.258011072049136
2244,2244,12,45.258011072049136
2245,2245,13,45.258011072049136
2246,2246,14,48.49072614862408
2247,2247,15,51.723441225199025
2248,2248,16,58.1888713783489
2249,2249,17,64.65430153149877
2250,2250,18,64.65430153149877
2251,2251,19,64.65430153149877
2252,2252,20,64.65430153149877
2253,2253,21,58.1888713783489
2254,2254,22,45.258011072049136
2255,2255,23,29.09443568917445
2256,2256,0,19.39629045944963
2257,2257,1,16.163575382874694
2258,2258,2,16.163575382874694
2259,2259,3,16.163575382874694
2260,2260,4,19.39629045944963
2261,2261,5,35.55986584232433
2262,2262,6,54.95615630177396
2263,2263,7,64.65430153149877
2264,2264,8,64.65430153149877
2265,2265,9,54.95615630177396
2266,2266,10,48.49072614862408
2267,2267,11,45.258011072049136
2268,2268,12,45.258011072049136
2269,2269,13,45.258011072049136
2270,2270,14,48.49072614862408
2271,2271,15,51.723441225199025
2272,2272,16,58.1888713783489
2273,2273,17,64.65430153149877
2274,2274,18,64.65430153149877
2275,2275,19,64.65430153149877
2276,2276,20,64.65430153149877
2277,2277,21,58.1888713783489
2278,2278,22,45.258011072049136
2279,2279,23,29.09443568917445
2280,2280,0,19.39629045944963
2281,2281,1,16.163575382874694
2282,2282,2,16.163575382874694
2283,2283,3,16.163575382874694
2284,2284,4,19.39629045944963
2285,2285,5,35.55986584232433
2286,2286,6,54.95615630177396
2287,2287,7,64.65430153149877
2288,2288,8,64.65430153149877
2289,2289,9,54.95615630177396
2290,2290,10,48.49072614862408
2291,2291,11,45.258011072049136
2292,2292,12,45.258011072049136
2293,2293,13,45.258011072049136
2294,2294,14,48.49072614862408
2295,2295,15,51.723441225199025
2296,2296,16,58.1888713783489
2297,2297,17,64.65430153149877
2298,2298,18,64.65430153149877
2299,2299,19,64.65430153149877
2300,2300,20,64.65430153149877
2301,2301,21,58.1888713783489
2302,2302,22,45.258011072049136
2303,2303,23,29.09443568917445
2304,2304,0,19.39629045944963
2305,2305,1,16.163575382874694
2306,2306,2,16.163575382874694
2307,2307,3,16.163575382874694
2308,2308,4,19.39629045944963
2309,2309,5,35.55986584232433
2310,2310,6,54.95615630177396
2311,2311,7,64.65430153149877
2312,2312,8,64.65430153149877
2313,2313,9,54.95615630177396
2314,2314,10,48.49072614862408
2315,2315,11,45.258011072049136
2316,2316,12,45.258011072049136
2317,2317,13,45.258011072049136
2318,2318,14,48.49072614862408
2319,2319,15,51.723441225199025
2320,2320,16,58.1888713783489
2321,2321,17,64.65430153149877
2322,2322,18,64.65430153149877
2323,2323,19,64.65430153149877
2324,2324,20,64.65430153149877
2325,2325,21,58.1888713783489
2326,2326,22,45.258011072049136
2327,2327,23,29.09443568917445
2328,2328,0,19.39629045944963
2329,2329,1,16.163575382874694
2330,2330,2,16.163575382874694
2331,2331,3,16.163575382874694
2332,2332,4,19.39629045944963
2333,2333,5,35.55986584232433
2334,2334,6,54.95615630177396
2335,2335,7,64.65430153149877
2336,2336,8,64.65430153149877
2337,2337,9,54.95615630177396
2338,2338,10,48.49072614862408
2339,2339,11,45.258011072049136
2340,2340,12,45.258011072049136
2341,2341,13,45.258011072049136
2342,2342,14,48.49072614862408
2343,2343,15,51.723441225199025
2344,2344,16,58.1888713783489
2345,2345,17,64.65430153149877
2346,2346,18,64.65430153149877
2347,2347,19,64.65430153149877
2348,2348,20,64.65430153149877
2349,2349,21,58.1888713783489
2350,2350,22,45.258011072049136
2351,2351,23,29.09443568917445
2352,2352,0,19.39629045944963
2353,2353,1,16.163575382874694
2354,2354,2,16.163575382874694
2355,2355,3,16.163575382874694
2356,2356,4,19.39629045944963
2357,2357,5,35.55986584232433
2358,2358,6,54.95615630177396
2359,2359,7,64.65430153149877
2360,2360,8,64.65430153149877
2361,2361,9,54.95615630177396
2362,2362,10,48.49072614862408
2363,2363,11,45.258011072049136
2364,2364,12,45.258011072049136
2365,2365,13,45.258011072049136
2366,2366,14,48.49072614862408
2367,2367,15,51.723441225199025
2368,2368,16,58.1888713783489
2369,2369,17,64.65430153149877
2370,2370,18,64.65430153149877
2371,2371,19,64.65430153149877
2372,2372,20,64.65430153149877
2373,2373,21,58.1888713783489
2374,2374,22,45.258011072049136
2375,2375,23,29.09443568917445
2376,2376,0,19.39629045944963
2377,2377,1,16.163575382874694
2378,2378,2,16.163575382874694
2379,2379,3,16.163575382874694
2380,2380,4,19.39629045944963
2381,2381,5,35.55986584232433
2382,2382,6,54.95615630177396
2383,2383,7,64.65430153149877
2384,2384,8,64.65430153149877
2385,2385,9,54.95615630177396
2386,2386,10,48.49072614862408
2387,2387,11,45.258011072049136
2388,2388,12,45.258011072049136
2389,2389,13,45.258011072049136
2390,2390,14,48.49072614862408
2391,2391,15,51.723441225199025
2392,2392,16,58.1888713783489
2393,2393,17,64.65430153149877
2394,2394,18,64.65430153149877
2395,2395,19,64.65430153149877
2396,2396,20,64.65430153149877
2397,2397,21,58.1888713783489
2398,2398,22,45.258011072049136
2399,2399,23,29.09443568917445
2400,2400,0,19.39629045944963
2401,2401,1,16.163575382874694
2402,2402,2,16.163575382874694
2403,2403,3,16.163575382874694
2404,2404,4,19.39629045944963
2405,2405,5,35.55986584232433
2406,2406,6,54.95615630177396
2407,2407,7,64.65430153149877
2408,2408,8,64.65430153149877
2409,2409,9,54.95615630177396
2410,2410,10,48.49072614862408
2411,2411,11,45.258011072049136
2412,2412,12,45.258011072049136
2413,2413,13,45.258011072049136
2414,2414,14,48.49072614862408
2415,2415,15,51.723441225199025
2416,2416,16,58.1888713783489
2417,2417,17,64.65430153149877
2418,2418,18,64.65430153149877
2419,2419,19,64.65430153149877
2420,2420,20,64.65430153149877
2421,2421,21,58.1888713783489
2422,2422,22,45.258011072049136
2423,2423,23,29.09443568917445
2424,2424,0,19.39629045944963
2425,2425,1,16.163575382874694
2426,2426,2,16.163575382874694
2427,2427,3,16.163575382874694
2428,2428,4,19.39629045944963
2429,2429,5,35.55986584232433
2430,2430,6,54.95615630177396
2431,2431,7,64.65430153149877
2432,2432,8,64.65430153149877
2433,2433,9,54.95615630177396
2434,2434,10,48.49072614862408
2435,2435,11,45.258011072049136
2436,2436,12,45.258011072049136
2437,2437,13,45.258011072049136
2438,2438,14,48.49072614862408
2439,2439,15,51.723441225199025
2440,2440,16,58.1888713783489
2441,2441,17,64.65430153149877
2442,2442,18,64.65430153149877
2443,2443,19,64.65430153149877
2444,2444,20,64.65430153149877
2445,2445,21,58.1888713783489
2446,2446,22,45.258011072049136
2447,2447,23,29.09443568917445
2448,2448,0,19.39629045944963
2449,2449,1,16.163575382874694
2450,2450,2,16.163575382874694
2451,2451,3,16.163575382874694
2452,2452,4,19.39629045944963
2453,2453,5,35.55986584232433
2454,2454,6,54.95615630177396
2455,2455,7,64.65430153149877
2456,2456,8,64.65430153149877
2457,2457,9,54.95615630177396
2458,2458,10,48.49072614862408
2459,2459,11,45.258011072049136
2460,2460,12,45.258011072049136
2461,2461,13,45.258011072049136
2462,2462,14,48.49072614862408
2463,2463,15,51.723441225199025
2464,2464,16,58.1888713783489
2465,2465,17,64.65430153149877
2466,2466,18,64.65430153149877
2467,2467,19,64.65430153149877
2468,2468,20,64.65430153149877
2469,2469,21,58.1888713783489
2470,2470,22,45.258011072049136
2471,2471,23,29.09443568917445
2472,2472,0,19.39629045944963
2473,2473,1,16.163575382874694
2474,2474,2,16.163575382874694
2475,2475,3,16.163575382874694
2476,2476,4,19.39629045944963
2477,2477,5,35.55986584232433
2478,2478,6,54.95615630177396
2479,2479,7,64.65430153149877
2480,2480,8,64.65430153149877
2481,2481,9,54.95615630177396
2482,2482,10,48.49072614862408
2483,2483,11,45.258011072049136
2484,2484,12,45.258011072049136
2485,2485,13,45.258011072049136
2486,2486,14,48.49072614862408
2487,2487,15,51.723441225199025
2488,2488,16,58.1888713783489
2489,2489,17,64.65430153149877
2490,2490,18,64.65430153149877
2491,2491,19,64.65430153149877
2492,2492,20,64.65430153149877
2493,2493,21,58.1888713783489
2494,2494,22,45.258011072049136
2495,2495,23,29.09443568917445
2496,2496,0,19.39629045944963
2497,2497,1,16.163575382874694
2498,2498,2,16.163575382874694
2499,2499,3,16.163575382874694
2500,2500,4,19.39629045944963
2501,2501,5,35.55986584232433
2502,2502,6,54.95615630177396
2503,2503,7,64.65430153149877
2504,2504,8,64.65430153149877
2505,2505,9,54.95615630177396
2506,2506,10,48.49072614862408
2507,2507,11,45.258011072049136
2508,2508,12,45.258011072049136
2509,2509,13,45.258011072049136
2510,2510,14,48.49072614862408
2511,2511,15,51.723441225199025
2512,2512,16,58.1888713783489
2513,2513,17,64.65430153149877
2514,2514,18,64.65430153149877
2515,2515,19,64.65430153149877
2516,2516,20,64.65430153149877
2517,2517,21,58.1888713783489
2518,2518,22,45.258011072049136
2519,2519,23,29.09443568917445
2520,2520,0,19.39629045944963
2521,2521,1,16.163575382874694
2522,2522,2,16.163575382874694
2523,2523,3,16.163575382874694
2524,2524,4,19.39629045944963
2525,2525,5,35.55986584232433
2526,2526,6,54.95615630177396
2527,2527,7,64.65430153149877
2528,2528,8,64.65430153149877
2529,2529,9,54.95615630177396
2530,2530,10,48.49072614862408
2531,2531,11,45.258011072049136
2532,2532,12,45.258011072049136
2533,2533,13,45.258011072049136
2534,2534,14,48.49072614862408
2535,2535,15,51.723441225199025
2536,2536,16,58.1888713783489
2537,2537,17,64.65430153149877
2538,2538,18,64.65430153149877
2539,2539,19,64.65430153149877
2540,2540,20,64.65430153149877
2541,2541,21,58.1888713783489
2542,2542,22,45.258011072049136
2543,2543,23,29.09443568917445
2544,2544,0,19.39629045944963
2545,2545,1,16.163575382874694
2546,2546,2,16.163575382874694
2547,2547,3,16.163575382874694
2548,2548,4,19.39629045944963
2549,2549,5,35.55986584232433
2550,2550,6,54.95615630177396
2551,2551,7,64.65430153149877
2552,2552,8,64.65430153149877
2553,2553,9,54.95615630177396
2554,2554,10,48.49072614862408
2555,2555,11,45.258011072049136
2556,2556,12,45.258011072049136
2557,2557,13,45.258011072049136
2558,2558,14,48.49072614862408
2559,2559,15,51.723441225199025
2560,2560,16,58.1888713783489
2561,2561,17,64.65430153149877
2562,2562,18,64.65430153149877
2563,2563,19,64.65430153149877
2564,2564,20,64.65430153149877
2565,2565,21,58.1888713783489
2566,2566,22,45.258011072049136
2567,2567,23,29.09443568917445
2568,2568,0,19.39629045944963
2569,2569,1,16.163575382874694
2570,2570,2,16.163575382874694
2571,2571,3,16.163575382874694
2572,2572,4,19.39629045944963
2573,2573,5,35.55986584232433
2574,2574,6,54.95615630177396
2575,2575,7,64.65430153149877
2576,2576,8,64.65430153149877
2577,2577,9,54.95615630177396
2578,2578,10,48.49072614862408
2579,2579,11,45.258011072049136
2580,2580,12,45.258011072049136
2581,2581,13,45.258011072049136
2582,2582,14,48.49072614862408
2583,2583,15,51.723441225199025
2584,2584,16,58.1888713783489
2585,2585,17,64.65430153149877
2586,2586,18,64.65430153149877
2587,2587,19,64.65430153149877
2588,2588,20,64.65430153149877
2589,2589,21,58.1888713783489
2590,2590,22,45.258011072049136
2591,2591,23,29.09443568917445
2592,2592,0,19.39629045944963
2593,2593,1,16.163575382874694
2594,2594,2,16.163575382874694
2595,2595,3,16.163575382874694
2596,2596,4,19.39629045944963
2597,2597,5,35.55986584232433
2598,2598,6,54.95615630177396
2599,2599,7,64.65430153149877
2600,2600,8,64.65430153149877
2601,2601,9,54.95615630177396
2602,2602,10,48.49072614862408
2603,2603,11,45.258011072049136
2604,2604,12,45.258011072049136
2605,2605,13,45.258011072049136
2606,2606,14,48.49072614862408
2607,2607,15,51.723441225199025
2608,2608,16,58.1888713783489
2609,2609,17,64.65430153149877
2610,2610,18,64.65430153149877
2611,2611,19,64.65430153149877
2612,2612,20,64.65430153149877
2613,2613,21,58.1888713783489
2614,2614,22,45.258011072049136
2615,2615,23,29.09443568917445
2616,2616,0,19.39629045944963
2617,2617,1,16.163575382874694
2618,2618,2,16.163575382874694
2619,2619,3,16.163575382874694
2620,2620,4,19.39629045944963
2621,2621,5,35.55986584232433
2622,2622,6,54.95615630177396
2623,2623,7,64.65430153149877
2624,2624,8,64.65430153149877
2625,2625,9,54.95615630177396
2626,2626,10,48.49072614862408
2627,2627,11,45.258011072049136
2628,2628,12,45.258011072049136
2629,2629,13,45.258011072049136
2630,2630,14,48.49072614862408
2631,2631,15,51.723441225199025
2632,2632,16,58.1888713783489
2633,2633,17,64.65430153149877
2634,2634,18,64.65430153149877
2635,2635,19,64.65430153149877
2636,2636,20,64.65430153149877
2637,2637,21,58.1888713783489
2638,2638,22,45.258011072049136
2639,2639,23,29.09443568917445
2640,2640,0,19.39629045944963
2641,2641,1,16.163575382874694
2642,2642,2,16.163575382874694
2643,2643,3,16.163575382874694
2644,2644,4,19.39629045944963
2645,2645,5,35.55986584232433
2646,2646,6,54.95615630177396
2647,2647,7,64.65430153149877
2648,2648,8,64.65430153149877
2649,2649,9,54.95615630177396
2650,2650,10,48.49072614862408
2651,2651,11,45.258011072049136
2652,2652,12,45.258011072049136
2653,2653,13,45.258011072049136
2654,2654,14,48.49072614862408
2655,2655,15,51.723441225199025
2656,2656,16,58.1888713783489
2657,2657,17,64.65430153149877
2658,2658,18,64.65430153149877
2659,2659,19,64.65430153149877
2660,2660,20,64.65430153149877
2661,2661,21,58.1888713783489
2662,2662,22,45.258011072049136
2663,2663,23,29.09443568917445
2664,2664,0,19.39629045944963
2665,2665,1,16.163575382874694
2666,2666,2,16.163575382874694
2667,2667,3,16.163575382874694
2668,2668,4,19.39629045944963
2669,2669,5,35.55986584232433
2670,2670,6,54.95615630177396
2671,2671,7,64.65430153149877
2672,2672,8,64.65430153149877
2673,2673,9,54.95615630177396
2674,2674,10,48.49072614862408
2675,2675,11,45.258011072049136
2676,2676,12,45.258011072049136
2677,2677,13,45.258011072049136
2678,2678,14,48.49072614862408
2679,2679,15,51.723441225199025
2680,2680,16,58.1888713783489
2681,2681,17,64.65430153149877
2682,2682,18,64.65430153149877
2683,2683,19,64.65430153149877
2684,2684,20,64.65430153149877
2685,2685,21,58.1888713783489
2686,2686,22,45.258011072049136
2687,2687,23,29.09443568917445
2688,2688,0,19.39629045944963
2689,2689,1,16.163575382874694
2690,2690,2,16.163575382874694
2691,2691,3,16.163575382874694
2692,2692,4,19.39629045944963
2693,2693,5,35.55986584232433
2694,2694,6,54.95615630177396
2695,2695,7,64.65430153149877
2696,2696,8,64.65430153149877
2697,2697,9,54.95615630177396
2698,2698,10,48.49072614862408
2699,2699,11,45.258011072049136
2700,2700,12,45.258011072049136
2701,2701,13,45.258011072049136
2702,2702,14,48.49072614862408
2703,2703,15,51.723441225199025
2704,2704,16,58.1888713783489
2705,2705,17,64.65430153149877
2706,2706,18,64.65430153149877
2707,2707,19,64.65430153149877
2708,2708,20,64.65430153149877
2709,2709,21,58.1888713783489
2710,2710,22,45.258011072049136
2711,2711,23,29.09443568917445
2712,2712,0,19.39629045944963
2713,2713,1,16.163575382874694
2714,2714,2,16.163575382874694
2715,2715,3,16.163575382874694
2716,2716,4,19.39629045944963
2717,2717,5,35.55986584232433
2718,2718,6,54.95615630177396
2719,2719,7,64.65430153149877
2720,2720,8,64.65430153149877
2721,2721,9,54.95615630177396
2722,2722,10,48.49072614862408
2723,2723,11,45.258011072049136
2724,2724,12,45.258011072049136
2725,2725,13,45.258011072049136
2726,2726,14,48.49072614862408
2727,2727,15,51.723441225199025
2728,2728,16,58.1888713783489
2729,2729,17,64.65430153149877
2730,2730,18,64.65430153149877
2731,2731,19,64.65430153149877
2732,2732,20,64.65430153149877
2733,2733,21,58.1888713783489
2734,2734,22,45.258011072049136
2735,2735,23,29.09443568917445
2736,2736,0,19.39629045944963
2737,2737,1,16.163575382874694
2738,2738,2,16.163575382874694
2739,2739,3,16.163575382874694
2740,2740,4,19.39629045944963
2741,2741,5,35.55986584232433
2742,2742,6,54.95615630177396
2743,2743,7,64.65430153149877
2744,2744,8,64.65430153149877
2745,2745,9,54.95615630177396
2746,2746,10,48.49072614862408
2747,2747,11,45.258011072049136
2748,2748,12,45.258011072049136
2749,2749,13,45.258011072049136
2750,2750,14,48.49072614862408
2751,2751,15,51.723441225199025
2752,2752,16,58.1888713783489
2753,2753,17,64.65430153149877
2754,2754,18,64.65430153149877
2755,2755,19,64.65430153149877
2756,2756,20,64.65430153149877
2757,2757,21,58.1888713783489
2758,2758,22,45.258011072049136
2759,2759,23,29.09443568917445
2760,2760,0,19.39629045944963
2761,2761,1,16.163575382874694
2762,2762,2,16.163575382874694
2763,2763,3,16.163575382874694
2764,2764,4,19.39629045944963
2765,2765,5,35.55986584232433
2766,2766,6,54.95615630177396
2767,2767,7,64.65430153149877
2768,2768,8,64.65430153149877
2769,2769,9,54.95615630177396
2770,2770,10,48.49072614862408
2771,2771,11,45.258011072049136
2772,2772,12,45.258011072049136
2773,2773,13,45.258011072049136
2774,2774,14,48.49072614862408
2775,2775,15,51.723441225199025
2776,2776,16,58.1888713783489
2777,2777,17,64.65430153149877
2778,2778,18,64.65430153149877
2779,2779,19,64.65430153149877
2780,2780,20,64.65430153149877
2781,2781,21,58.1888713783489
2782,2782,22,45.258011072049136
2783,2783,23,29.09443568917445
2784,2784,0,19.39629045944963
2785,2785,1,16.163575382874694
2786,2786,2,16.163575382874694
2787,2787,3,16.163575382874694
2788,2788,4,19.39629045944963
2789,2789,5,35.55986584232433
2790,2790,6,54.95615630177396
2791,2791,7,64.65430153149877
2792,2792,8,64.65430153149877
2793,2793,9,54.95615630177396
2794,2794,10,48.49072614862408
2795,2795,11,45.258011072049136
2796,2796,12,45.258011072049136
2797,2797,13,45.258011072049136
2798,2798,14,48.49072614862408
2799,2799,15,51.723441225199025
2800,2800,16,58.1888713783489
2801,2801,17,64.65430153149877
2802,2802,18,64.65430153149877
2803,2803,19,64.65430153149877
2804,2804,20,64.65430153149877
2805,2805,21,58.1888713783489
2806,2806,22,45.258011072049136
2807,2807,23,29.09443568917445
2808,2808,0,19.39629045944963
2809,2809,1,16.163575382874694
2810,2810,2,16.163575382874694
2811,2811,3,16.163575382874694
2812,2812,4,19.39629045944963
2813,2813,5,35.55986584232433
2814,2814,6,54.95615630177396
2815,2815,7,64.65430153149877
2816,2816,8,64.65430153149877
2817,2817,9,54.95615630177396
2818,2818,10,48.49072614862408
2819,2819,11,45.258011072049136
2820,2820,12,45.258011072049136
2821,2821,13,45.258011072049136
2822,2822,14,48.49072614862408
2823,2823,15,51.723441225199025
2824,2824,16,58.1888713783489
2825,2825,17,64.65430153149877
2826,2826,18,64.65430153149877
2827,2827,19,64.65430153149877
2828,2828,20,64.65430153149877
2829,2829,21,58.1888713783489
2830,2830,22,45.258011072049136
2831,2831,23,29.09443568917445
2832,2832,0,19.39629045944963
2833,2833,1,16.163575382874694
2834,2834,2,16.163575382874694
2835,2835,3,16.163575382874694
2836,2836,4,19.39629045944963
2837,2837,5,35.55986584232433
2838,2838,6,54.95615630177396
2839,2839,7,64.65430153149877
2840,2840,8,64.65430153149877
2841,2841,9,54.95615630177396
2842,2842,10,48.49072614862408
2843,2843,11,45.258011072049136
2844,2844,12,45.258011072049136
2845,2845,13,45.258011072049136
2846,2846,14,48.49072614862408
2847,2847,15,51.723441225199025
2848,2848,16,58.1888713783489
2849,2849,17,64.65430153149877
2850,2850,18,64.65430153149877
2851,2851,19,64.65430153149877
2852,2852,20,64.65430153149877
2853,2853,21,58.1888713783489
2854,2854,22,45.258011072049136
2855,2855,23,29.09443568917445
2856,2856,0,19.39629045944963
2857,2857,1,16.163575382874694
2858,2858,2,16.163575382874694
2859,2859,3,16.163575382874694
2860,2860,4,19.39629045944963
2861,2861,5,35.55986584232433
2862,2862,6,54.95615630177396
2863,2863,7,64.65430153149877
2864,2864,8,64.65430153149877
2865,2865,9,54.95615630177396
2866,2866,10,48.49072614862408
2867,2867,11,45.258011072049136
2868,2868,12,45.258011072049136
2869,2869,13,45.258011072049136
2870,2870,14,48.49072614862408
2871,2871,15,51.723441225199025
2872,2872,16,58.1888713783489
2873,2873,17,64.65430153149877
2874,2874,18,64.65430153149877
2875,2875,19,64.65430153149877
2876,2876,20,64.65430153149877
2877,2877,21,58.1888713783489
2878,2878,22,45.258011072049136
2879,2879,23,29.09443568917445
2880,2880,0,19.39629045944963
2881,2881,1,16.163575382874694
2882,2882,2,16.163575382874694
2883,2883,3,16.163575382874694
2884,2884,4,19.39629045944963
2885,2885,5,35.55986584232433
2886,2886,6,54.95615630177396
2887,2887,7,64.65430153149877
2888,2888,8,64.65430153149877
2889,2889,9,54.95615630177396
2890,2890,10,48.49072614862408
2891,2891,11,45.258011072049136
2892,2892,12,45.258011072049136
2893,2893,13,45.258011072049136
2894,2894,14,48.49072614862408
2895,2895,15,51.723441225199025
2896,2896,16,58.1888713783489
2897,2897,17,64.65430153149877
2898,2898,18,64.65430153149877
2899,2899,19,64.65430153149877
2900,2900,20,64.65430153149877
2901,2901,21,58.1888713783489
2902,2902,22,45.258011072049136
2903,2903,23,29.09443568917445
2904,2904,0,19.39629045944963
2905,2905,1,16.163575382874694
2906,2906,2,16.163575382874694
2907,2907,3,16.163575382874694
2908,2908,4,19.39629045944963
2909,2909,5,35.55986584232433
2910,2910,6,54.95615630177396
2911,2911,7,64.65430153149877
2912,2912,8,64.65430153149877
2913,2913,9,54.95615630177396
2914,2914,10,48.49072614862408
2915,2915,11,45.258011072049136
2916,2916,12,45.258011072049136
2917,2917,13,45.258011072049136
2918,2918,14,48.49072614862408
2919,2919,15,51.723441225199025
2920,2920,16,58.1888713783489
2921,2921,17,64.65430153149877
2922,2922,18,64.65430153149877
2923,2923,19,64.65430153149877
2924,2924,20,64.65430153149877
2925,2925,21,58.1888713783489
2926,2926,22,45.258011072049136
2927,2927,23,29.09443568917445
2928,2928,0,19.39629045944963
2929,2929,1,16.163575382874694
2930,2930,2,16.163575382874694
2931,2931,3,16.163575382874694
2932,2932,4,19.39629045944963
2933,2933,5,35.55986584232433
2934,2934,6,54.95615630177396
2935,2935,7,64.65430153149877
2936,2936,8,64.65430153149877
2937,2937,9,54.95615630177396
2938,2938,10,48.49072614862408
2939,2939,11,45.258011072049136
2940,2940,12,45.258011072049136
2941,2941,13,45.258011072049136
2942,2942,14,48.49072614862408
2943,2943,15,51.723441225199025
2944,2944,16,58.1888713783489
2945,2945,17,64.65430153149877
2946,2946,18,64.65430153149877
2947,2947,19,64.65430153149877
2948,2948,20,64.65430153149877
2949,2949,21,58.1888713783489
2950,2950,22,45.258011072049136
2951,2951,23,29.09443568917445
2952,2952,0,19.39629045944963
2953,2953,1,16.163575382874694
2954,2954,2,16.163575382874694
2955,2955,3,16.163575382874694
2956,2956,4,19.39629045944963
2957,2957,5,35.55986584232433
2958,2958,6,54.95615630177396
2959,2959,7,64.65430153149877
2960,2960,8,64.65430153149877
2961,2961,9,54.95615630177396
2962,2962,10,48.49072614862408
2963,2963,11,45.258011072049136
2964,2964,12,45.258011072049136
2965,2965,13,45.258011072049136
2966,2966,14,48.49072614862408
2967,2967,15,51.723441225199025
2968,2968,16,58.1888713783489
2969,2969,17,64.65430153149877
2970,2970,18,64.65430153149877
2971,2971,19,64.65430153149877
2972,2972,20,64.65430153149877
2973,2973,21,58.1888713783489
2974,2974,22,45.258011072049136
2975,2975,23,29.09443568917445
2976,2976,0,19.39629045944963
2977,2977,1,16.163575382874694
2978,2978,2,16.163575382874694
2979,2979,3,16.163575382874694
2980,2980,4,19.39629045944963
2981,2981,5,35.55986584232433
2982,2982,6,54.95615630177396
2983,2983,7,64.65430153149877
2984,2984,8,64.65430153149877
2985,2985,9,54.95615630177396
2986,2986,10,48.49072614862408
2987,2987,11,45.258011072049136
2988,2988,12,45.258011072049136
2989,2989,13,45.258011072049136
2990,2990,14,48.49072614862408
2991,2991,15,51.723441225199025
2992,2992,16,58.1888713783489
2993,2993,17,64.65430153149877
2994,2994,18,64.65430153149877
2995,2995,19,64.65430153149877
2996,2996,20,64.65430153149877
2997,2997,21,58.1888713783489
2998,2998,22,45.258011072049136
2999,2999,23,29.09443568917445
3000,3000,0,19.39629045944963
3001,3001,1,16.163575382874694
3002,3002,2,16.163575382874694
3003,3003,3,16.163575382874694
3004,3004,4,19.39629045944963
3005,3005,5,35.55986584232433
3006,3006,6,54.95615630177396
3007,3007,7,64.65430153149877
3008,3008,8,64.65430153149877
3009,3009,9,54.95615630177396
3010,3010,10,48.49072614862408
3011,3011,11,45.258011072049136
3012,3012,12,45.258011072049136
3013,3013,13,45.258011072049136
3014,3014,14,48.49072614862408
3015,3015,15,51.723441225199025
3016,3016,16,58.1888713783489
3017,3017,17,64.65430153149877
3018,3018,18,64.65430153149877
3019,3019,19,64.65430153149877
3020,3020,20,64.65430153149877
3021,3021,21,58.1888713783489
3022,3022,22,45.258011072049136
3023,3023,23,29.09443568917445
3024,3024,0,19.39629045944963
3025,3025,1,16.163575382874694
3026,3026,2,16.163575382874694
3027,3027,3,16.163575382874694
3028,3028,4,19.39629045944963
3029,3029,5,35.55986584232433
3030,3030,6,54.95615630177396
3031,3031,7,64.65430153149877
3032,3032,8,64.65430153149877
3033,3033,9,54.95615630177396
3034,3034,10,48.49072614862408
3035,3035,11,45.258011072049136
3036,3036,12,45.258011072049136
3037,3037,13,45.258011072049136
3038,3038,14,48.49072614862408
3039,3039,15,51.723441225199025
3040,3040,16,58.1888713783489
3041,3041,17,64.65430153149877
3042,3042,18,64.65430153149877
3043,3043,19,64.65430153149877
3044,3044,20,64.65430153149877
3045,3045,21,58.1888713783489
3046,3046,22,45.258011072049136
3047,3047,23,29.09443568917445
3048,3048,0,19.39629045944963
3049,3049,1,16.163575382874694
3050,3050,2,16.163575382874694
3051,3051,3,16.163575382874694
3052,3052,4,19.39629045944963
3053,3053,5,35.55986584232433
3054,3054,6,54.95615630177396
3055,3055,7,64.65430153149877
3056,3056,8,64.65430153149877
3057,3057,9,54.95615630177396
3058,3058,10,48.49072614862408
3059,3059,11,45.258011072049136
3060,3060,12,45.258011072049136
3061,3061,13,45.258011072049136
3062,3062,14,48.49072614862408
3063,3063,15,51.723441225199025
3064,3064,16,58.1888713783489
3065,3065,17,64.65430153149877
3066,3066,18,64.65430153149877
3067,3067,19,64.65430153149877
3068,3068,20,64.65430153149877
3069,3069,21,58.1888713783489
3070,3070,22,45.258011072049136
3071,3071,23,29.09443568917445
3072,3072,0,19.39629045944963
3073,3073,1,16.163575382874694
3074,3074,2,16.163575382874694
3075,3075,3,16.163575382874694
3076,3076,4,19.39629045944963
3077,3077,5,35.55986584232433
3078,3078,6,54.95615630177396
3079,3079,7,64.65430153149877
3080,3080,8,64.65430153149877
3081,3081,9,54.95615630177396
3082,3082,10,48.49072614862408
3083,3083,11,45.258011072049136
3084,3084,12,45.258011072049136
3085,3085,13,45.258011072049136
3086,3086,14,48.49072614862408
3087,3087,15,51.723441225199025
3088,3088,16,58.1888713783489
3089,3089,17,64.65430153149877
3090,3090,18,64.65430153149877
3091,3091,19,64.65430153149877
3092,3092,20,64.65430153149877
3093,3093,21,58.1888713783489
3094,3094,22,45.258011072049136
3095,3095,23,29.09443568917445
3096,3096,0,19.39629045944963
3097,3097,1,16.163575382874694
3098,3098,2,16.163575382874694
3099,3099,3,16.163575382874694
3100,3100,4,19.39629045944963
3101,3101,5,35.55986584232433
3102,3102,6,54.95615630177396
3103,3103,7,64.65430153149877
3104,3104,8,64.65430153149877
3105,3105,9,54.95615630177396
3106,3106,10,48.49072614862408
3107,3107,11,45.258011072049136
3108,3108,12,45.258011072049136
3109,3109,13,45.258011072049136
3110,3110,14,48.49072614862408
3111,3111,15,51.723441225199025
3112,3112,16,58.1888713783489
3113,3113,17,64.65430153149877
3114,3114,18,64.65430153149877
3115,3115,19,64.65430153149877
3116,3116,20,64.65430153149877
3117,3117,21,58.1888713783489
3118,3118,22,45.258011072049136
3119,3119,23,29.09443568917445
3120,3120,0,19.39629045944963
3121,3121,1,16.163575382874694
3122,3122,2,16.163575382874694
3123,3123,3,16.163575382874694
3124,3124,4,19.39629045944963
3125,3125,5,35.55986584232433
3126,3126,6,54.95615630177396
3127,3127,7,64.65430153149877
3128,3128,8,64.65430153149877
3129,3129,9,54.95615630177396
3130,3130,10,48.49072614862408
3131,3131,11,45.258011072049136
3132,3132,12,45.258011072049136
3133,3133,13,45.258011072049136
3134,3134,14,48.49072614862408
3135,3135,15,51.723441225199025
3136,3136,16,58.1888713783489
3137,3137,17,64.65430153149877
3138,3138,18,64.65430153149877
3139,3139,19,64.65430153149877
3140,3140,20,64.65430153149877
3141,3141,21,58.1888713783489
3142,3142,22,45.258011072049136
3143,3143,23,29.09443568917445
3144,3144,0,19.39629045944963
3145,3145,1,16.163575382874694
3146,3146,2,16.163575382874694
3147,3147,3,16.163575382874694
3148,3148,4,19.39629045944963
3149,3149,5,35.55986584232433
3150,3150,6,54.95615630177396
3151,3151,7,64.65430153149877
3152,3152,8,64.65430153149877
3153,3153,9,54.95615630177396
3154,3154,10,48.49072614862408
3155,3155,11,45.258011072049136
3156,3156,12,45.258011072049136
3157,3157,13,45.258011072049136
3158,3158,14,48.49072614862408
3159,3159,15,51.723441225199025
3160,3160,16,58.1888713783489
3161,3161,17,64.65430153149877
3162,3162,18,64.65430153149877
3163,3163,19,64.65430153149877
3164,3164,20,64.65430153149877
3165,3165,21,58.1888713783489
3166,3166,22,45.258011072049136
3167,3167,23,29.09443568917445
3168,3168,0,19.39629045944963
3169,3169,1,16.163575382874694
3170,3170,2,16.163575382874694
3171,3171,3,16.163575382874694
3172,3172,4,19.39629045944963
3173,3173,5,35.55986584232433
3174,3174,6,54.95615630177396
3175,3175,7,64.65430153149877
3176,3176,8,64.65430153149877
3177,3177,9,54.95615630177396
3178,3178,10,48.49072614862408
3179,3179,11,45.258011072049136
3180,3180,12,45.258011072049136
3181,3181,13,45.258011072049136
3182,3182,14,48.49072614862408
3183,3183,15,51.723441225199025
3184,3184,16,58.1888713783489
3185,3185,17,64.65430153149877
3186,3186,18,64.65430153149877
3187,3187,19,64.65430153149877
3188,3188,20,64.65430153149877
3189,3189,21,58.1888713783489
3190,3190,22,45.258011072049136
3191,3191,23,29.09443568917445
3192,3192,0,19.39629045944963
3193,3193,1,16.163575382874694
3194,3194,2,16.163575382874694
3195,3195,3,16.163575382874694
3196,3196,4,19.39629045944963
3197,3197,5,35.55986584232433
3198,3198,6,54.95615630177396
3199,3199,7,64.65430153149877
3200,3200,8,64.65430153149877
3201,3201,9,54.95615630177396
3202,3202,10,48.49072614862408
3203,3203,11,45.258011072049136
3204,3204,12,45.258011072049136
3205,3205,13,45.258011072049136
3206,3206,14,48.49072614862408
3207,3207,15,51.723441225199025
3208,3208,16,58.1888713783489
3209,3209,17,64.65430153149877
3210,3210,18,64.65430153149877
3211,3211,19,64.65430153149877
3212,3212,20,64.65430153149877
3213,3213,21,58.1888713783489
3214,3214,22,45.258011072049136
3215,3215,23,29.09443568917445
3216,3216,0,19.39629045944963
3217,3217,1,16.163575382874694
3218,3218,2,16.163575382874694
3219,3219,3,16.163575382874694
3220,3220,4,19.39629045944963
3221,3221,5,35.55986584232433
3222,3222,6,54.95615630177396
3223,3223,7,64.65430153149877
3224,3224,8,64.65430153149877
3225,3225,9,54.95615630177396
3226,3226,10,48.49072614862408
3227,3227,11,45.258011072049136
3228,3228,12,45.258011072049136
3229,3229,13,45.258011072049136
3230,3230,14,48.49072614862408
3231,3231,15,51.723441225199025
3232,3232,16,58.1888713783489
3233,3233,17,64.65430153149877
3234,3234,18,64.65430153149877
3235,3235,19,64.65430153149877
3236,3236,20,64.65430153149877
3237,3237,21,58.1888713783489
3238,3238,22,45.258011072049136
3239,3239,23,29.09443568917445
3240,3240,0,19.39629045944963
3241,3241,1,16.163575382874694
3242,3242,2,16.163575382874694
3243,3243,3,16.163575382874694
3244,3244,4,19.39629045944963
3245,3245,5,35.55986584232433
3246,3246,6,54.95615630177396
3247,3247,7,64.65430153149877
3248,3248,8,64.65430153149877
3249,3249,9,54.95615630177396
3250,3250,10,48.49072614862408
3251,3251,11,45.258011072049136
3252,3252,12,45.258011072049136
3253,3253,13,45.258011072049136
3254,3254,14,48.49072614862408
3255,3255,15,51.723441225199025
3256,3256,16,58.1888713783489
3257,3257,17,64.65430153149877
3258,3258,18,64.65430153149877
3259,3259,19,64.65430153149877
3260,3260,20,64.65430153149877
3261,3261,21,58.1888713783489
3262,3262,22,45.258011072049136
3263,3263,23,29.09443568917445
3264,3264,0,19.39629045944963
3265,3265,1,16.163575382874694
3266,3266,2,16.163575382874694
3267,3267,3,16.163575382874694
3268,3268,4,19.39629045944963
3269,3269,5,35.55986584232433
3270,3270,6,54.95615630177396
3271,3271,7,64.65430153149877
3272,3272,8,64.65430153149877
3273,3273,9,54.95615630177396
3274,3274,10,48.49072614862408
3275,3275,11,45.258011072049136
3276,3276,12,45.258011072049136
3277,3277,13,45.258011072049136
3278,3278,14,48.49072614862408
3279,3279,15,51.723441225199025
3280,3280,16,58.1888713783489
3281,3281,17,64.65430153149877
3282,3282,18,64.65430153149877
3283,3283,19,64.65430153149877
3284,3284,20,64.65430153149877
3285,3285,21,58.1888713783489
3286,3286,22,45.258011072049136
3287,3287,23,29.09443568917445
3288,3288,0,19.39629045944963
3289,3289,1,16.163575382874694
3290,3290,2,16.163575382874694
3291,3291,3,16.163575382874694
3292,3292,4,19.39629045944963
3293,3293,5,35.55986584232433
3294,3294,6,54.95615630177396
3295,3295,7,64.65430153149877
3296,3296,8,64.65430153149877
3297,3297,9,54.95615630177396
3298,3298,10,48.49072614862408
3299,3299,11,45.258011072049136
3300,3300,12,45.258011072049136
3301,3301,13,45.258011072049136
3302,3302,14,48.49072614862408
3303,3303,15,51.723441225199025
3304,3304,16,58.1888713783489
3305,3305,17,64.65430153149877
3306,3306,18,64.65430153149877
3307,3307,19,64.65430153149877
3308,3308,20,64.65430153149877
3309,3309,21,58.1888713783489
3310,3310,22,45.258011072049136
3311,3311,23,29.09443568917445
3312,3312,0,19.39629045944963
3313,3313,1,16.163575382874694
3314,3314,2,16.163575382874694
3315,3315,3,16.163575382874694
3316,3316,4,19.39629045944963
3317,3317,5,35.55986584232433
3318,3318,6,54.95615630177396
3319,3319,7,64.65430153149877
3320,3320,8,64.65430153149877
3321,3321,9,54.95615630177396
3322,3322,10,48.49072614862408
3323,3323,11,45.258011072049136
3324,3324,12,45.258011072049136
3325,3325,13,45.258011072049136
3326,3326,14,48.49072614862408
3327,3327,15,51.723441225199025
3328,3328,16,58.1888713783489
3329,3329,17,64.65430153149877
3330,3330,18,64.65430153149877
3331,3331,19,64.65430153149877
3332,3332,20,64.65430153149877
3333,3333,21,58.1888713783489
3334,3334,22,45.258011072049136
3335,3335,23,29.09443568917445
3336,3336,0,19.39629045944963
3337,3337,1,16.163575382874694
3338,3338,2,16.163575382874694
3339,3339,3,16.163575382874694
3340,3340,4,19.39629045944963
3341,3341,5,35.55986584232433
3342,3342,6,54.95615630177396
3343,3343,7,64.65430153149877
3344,3344,8,64.65430153149877
3345,3345,9,54.95615630177396
3346,3346,10,48.49072614862408
3347,3347,11,45.258011072049136
3348,3348,12,45.258011072049136
3349,3349,13,45.258011072049136
3350,3350,14,48.49072614862408
3351,3351,15,51.723441225199025
3352,3352,16,58.1888713783489
3353,3353,17,64.65430153149877
3354,3354,18,64.65430153149877
3355,3355,19,64.65430153149877
3356,3356,20,64.65430153149877
3357,3357,21,58.1888713783489
3358,3358,22,45.258011072049136
3359,3359,23,29.09443568917445
3360,3360,0,19.39629045944963
3361,3361,1,16.163575382874694
3362,3362,2,16.163575382874694
3363,3363,3,16.163575382874694
3364,3364,4,19.39629045944963
3365,3365,5,35.55986584232433
3366,3366,6,54.95615630177396
3367,3367,7,64.65430153149877
3368,3368,8,64.65430153149877
3369,3369,9,54.95615630177396
3370,3370,10,48.49072614862408
3371,3371,11,45.258011072049136
3372,3372,12,45.258011072049136
3373,3373,13,45.258011072049136
3374,3374,14,48.49072614862408
3375,3375,15,51.723441225199025
3376,3376,16,58.1888713783489
3377,3377,17,64.65430153149877
3378,3378,18,64.65430153149877
3379,3379,19,64.65430153149877
3380,3380,20,64.65430153149877
3381,3381,21,58.1888713783489
3382,3382,22,45.258011072049136
3383,3383,23,29.09443568917445
3384,3384,0,19.39629045944963
3385,3385,1,16.163575382874694
3386,3386,2,16.163575382874694
3387,3387,3,16.163575382874694
3388,3388,4,19.39629045944963
3389,3389,5,35.55986584232433
3390,3390,6,54.95615630177396
3391,3391,7,64.65430153149877
3392,3392,8,64.65430153149877
3393,3393,9,54.95615630177396
3394,3394,10,48.49072614862408
3395,3395,11,45.258011072049136
3396,3396,12,45.258011072049136
3397,3397,13,45.258011072049136
3398,3398,14,48.49072614862408
3399,3399,15,51.723441225199025
3400,3400,16,58.1888713783489
3401,3401,17,64.65430153149877
3402,3402,18,64.65430153149877
3403,3403,19,64.65430153149877
3404,3404,20,64.65430153149877
3405,3405,21,58.1888713783489
3406,3406,22,45.258011072049136
3407,3407,23,29.09443568917445
3408,3408,0,19.39629045944963
3409,3409,1,16.163575382874694
3410,3410,2,16.163575382874694
3411,3411,3,16.163575382874694
3412,3412,4,19.39629045944963
3413,3413,5,35.55986584232433
3414,3414,6,54.95615630177396
3415,3415,7,64.65430153149877
3416,3416,8,64.65430153149877
3417,3417,9,54.95615630177396
3418,3418,10,48.49072614862408
3419,3419,11,45.258011072049136
3420,3420,12,45.258011072049136
3421,3421,13,45.258011072049136
3422,3422,14,48.49072614862408
3423,3423,15,51.723441225199025
3424,3424,16,58.1888713783489
3425,3425,17,64.65430153149877
3426,3426,18,64.65430153149877
3427,3427,19,64.65430153149877
3428,3428,20,64.65430153149877
3429,3429,21,58.1888713783489
3430,3430,22,45.258011072049136
3431,3431,23,29.09443568917445
3432,3432,0,19.39629045944963
3433,3433,1,16.163575382874694
3434,3434,2,16.163575382874694
3435,3435,3,16.163575382874694
3436,3436,4,19.39629045944963
3437,3437,5,35.55986584232433
3438,3438,6,54.95615630177396
3439,3439,7,64.65430153149877
3440,3440,8,64.65430153149877
3441,3441,9,54.95615630177396
3442,3442,10,48.49072614862408
3443,3443,11,45.258011072049136
3444,3444,12,45.258011072049136
3445,3445,13,45.258011072049136
3446,3446,14,48.49072614862408
3447,3447,15,51.723441225199025
3448,3448,16,58.1888713783489
3449,3449,17,64.65430153149877
3450,3450,18,64.65430153149877
3451,3451,19,64.65430153149877
3452,3452,20,64.65430153149877
3453,3453,21,58.1888713783489
3454,3454,22,45.258011072049136
3455,3455,23,29.09443568917445
3456,3456,0,19.39629045944963
3457,3457,1,16.163575382874694
3458,3458,2,16.163575382874694
3459,3459,3,16.163575382874694
3460,3460,4,19.39629045944963
3461,3461,5,35.55986584232433
3462,3462,6,54.95615630177396
3463,3463,7,64.65430153149877
3464,3464,8,64.65430153149877
3465,3465,9,54.95615630177396
3466,3466,10,48.49072614862408
3467,3467,11,45.258011072049136
3468,3468,12,45.258011072049136
3469,3469,13,45.258011072049136
3470,3470,14,48.49072614862408
3471,3471,15,51.723441225199025
3472,3472,16,58.1888713783489
3473,3473,17,64.65430153149877
3474,3474,18,64.65430153149877
3475,3475,19,64.65430153149877
3476,3476,20,64.65430153149877
3477,3477,21,58.1888713783489
3478,3478,22,45.258011072049136
3479,3479,23,29.09443568917445
3480,3480,0,19.39629045944963
3481,3481,1,16.163575382874694
3482,3482,2,16.163575382874694
3483,3483,3,16.163575382874694
3484,3484,4,19.39629045944963
3485,3485,5,35.55986584232433
3486,3486,6,54.95615630177396
3487,3487,7,64.65430153149877
3488,3488,8,64.65430153149877
3489,3489,9,54.95615630177396
3490,3490,10,48.49072614862408
3491,3491,11,45.258011072049136
3492,3492,12,45.258011072049136
3493,3493,13,45.258011072049136
3494,3494,14,48.49072614862408
3495,3495,15,51.723441225199025
3496,3496,16,58.1888713783489
3497,3497,17,64.65430153149877
3498,3498,18,64.65430153149877
3499,3499,19,64.65430153149877
3500,3500,20,64.65430153149877
3501,3501,21,58.1888713783489
3502,3502,22,45.258011072049136
3503,3503,23,29.09443568917445
3504,3504,0,19.39629045944963
3505,3505,1,16.163575382874694
3506,3506,2,16.163575382874694
3507,3507,3,16.163575382874694
3508,3508,4,19.39629045944963
3509,3509,5,35.55986584232433
3510,3510,6,54.95615630177396
3511,3511,7,64.65430153149877
3512,3512,8,64.65430153149877
3513,3513,9,54.95615630177396
3514,3514,10,48.49072614862408
3515,3515,11,45.258011072049136
3516,3516,12,45.258011072049136
3517,3517,13,45.258011072049136
3518,3518,14,48.49072614862408
3519,3519,15,51.723441225199025
3520,3520,16,58.1888713783489
3521,3521,17,64.65430153149877
3522,3522,18,64.65430153149877
3523,3523,19,64.65430153149877
3524,3524,20,64.65430153149877
3525,3525,21,58.1888713783489
3526,3526,22,45.258011072049136
3527,3527,23,29.09443568917445
3528,3528,0,19.39629045944963
3529,3529,1,16.163575382874694
3530,3530,2,16.163575382874694
3531,3531,3,16.163575382874694
3532,3532,4,19.39629045944963
3533,3533,5,35.55986584232433
3534,3534,6,54.95615630177396
3535,3535,7,64.65430153149877
3536,3536,8,64.65430153149877
3537,3537,9,54.95615630177396
3538,3538,10,48.49072614862408
3539,3539,11,45.258011072049136
3540,3540,12,45.258011072049136
3541,3541,13,45.258011072049136
3542,3542,14,48.49072614862408
3543,3543,15,51.723441225199025
3544,3544,16,58.1888713783489
3545,3545,17,64.65430153149877
3546,3546,18,64.65430153149877
3547,3547,19,64.65430153149877
3548,3548,20,64.65430153149877
3549,3549,21,58.1888713783489
3550,3550,22,45.258011072049136
3551,3551,23,29.09443568917445
3552,3552,0,19.39629045944963
3553,3553,1,16.163575382874694
3554,3554,2,16.163575382874694
3555,3555,3,16.163575382874694
3556,3556,4,19.39629045944963
3557,3557,5,35.55986584232433
3558,3558,6,54.95615630177396
3559,3559,7,64.65430153149877
3560,3560,8,64.65430153149877
3561,3561,9,54.95615630177396
3562,3562,10,48.49072614862408
3563,3563,11,45.258011072049136
3564,3564,12,45.258011072049136
3565,3565,13,45.258011072049136
3566,3566,14,48.49072614862408
3567,3567,15,51.723441225199025
3568,3568,16,58.1888713783489
3569,3569,17,64.65430153149877
3570,3570,18,64.65430153149877
3571,3571,19,64.65430153149877
3572,3572,20,64.65430153149877
3573,3573,21,58.1888713783489
3574,3574,22,45.258011072049136
3575,3575,23,29.09443568917445
3576,3576,0,19.39629045944963
3577,3577,1,16.163575382874694
3578,3578,2,16.163575382874694
3579,3579,3,16.163575382874694
3580,3580,4,19.39629045944963
3581,3581,5,35.55986584232433
3582,3582,6,54.95615630177396
3583,3583,7,64.65430153149877
3584,3584,8,64.65430153149877
3585,3585,9,54.95615630177396
3586,3586,10,48.49072614862408
3587,3587,11,45.258011072049136
3588,3588,12,45.258011072049136
3589,3589,13,45.258011072049136
3590,3590,14,48.49072614862408
3591,3591,15,51.723441225199025
3592,3592,16,58.1888713783489
3593,3593,17,64.65430153149877
3594,3594,18,64.65430153149877
3595,3595,19,64.65430153149877
3596,3596,20,64.65430153149877
3597,3597,21,58.1888713783489
3598,3598,22,45.258011072049136
3599,3599,23,29.09443568917445
3600,3600,0,19.39629045944963
3601,3601,1,16.163575382874694
3602,3602,2,16.163575382874694
3603,3603,3,16.163575382874694
3604,3604,4,19.39629045944963
3605,3605,5,35.55986584232433
3606,3606,6,54.95615630177396
3607,3607,7,64.65430153149877
3608,3608,8,64.65430153149877
3609,3609,9,54.95615630177396
3610,3610,10,48.49072614862408
3611,3611,11,45.258011072049136
3612,3612,12,45.258011072049136
3613,3613,13,45.258011072049136
3614,3614,14,48.49072614862408
3615,3615,15,51.723441225199025
3616,3616,16,58.1888713783489
3617,3617,17,64.65430153149877
3618,3618,18,64.65430153149877
3619,3619,19,64.65430153149877
3620,3620,20,64.65430153149877
3621,3621,21,58.1888713783489
3622,3622,22,45.258011072049136
3623,3623,23,29.09443568917445
3624,3624,0,19.39629045944963
3625,3625,1,16.163575382874694
3626,3626,2,16.163575382874694
3627,3627,3,16.163575382874694
3628,3628,4,19.39629045944963
3629,3629,5,35.55986584232433
3630,3630,6,54.95615630177396
3631,3631,7,64.65430153149877
3632,3632,8,64.65430153149877
3633,3633,9,54.95615630177396
3634,3634,10,48.49072614862408
3635,3635,11,45.258011072049136
3636,3636,12,45.258011072049136
3637,3637,13,45.258011072049136
3638,3638,14,48.49072614862408
3639,3639,15,51.723441225199025
3640,3640,16,58.1888713783489
3641,3641,17,64.65430153149877
3642,3642,18,64.65430153149877
3643,3643,19,64.65430153149877
3644,3644,20,64.65430153149877
3645,3645,21,58.1888713783489
3646,3646,22,45.258011072049136
3647,3647,23,29.09443568917445
3648,3648,0,19.39629045944963
3649,3649,1,16.163575382874694
3650,3650,2,16.163575382874694
3651,3651,3,16.163575382874694
3652,3652,4,19.39629045944963
3653,3653,5,35.55986584232433
3654,3654,6,54.95615630177396
3655,3655,7,64.65430153149877
3656,3656,8,64.65430153149877
3657,3657,9,54.95615630177396
3658,3658,10,48.49072614862408
3659,3659,11,45.258011072049136
3660,3660,12,45.258011072049136
3661,3661,13,45.258011072049136
3662,3662,14,48.49072614862408
3663,3663,15,51.723441225199025
3664,3664,16,58.1888713783489
3665,3665,17,64.65430153149877
3666,3666,18,64.65430153149877
3667,3667,19,64.65430153149877
3668,3668,20,64.65430153149877
3669,3669,21,58.1888713783489
3670,3670,22,45.258011072049136
3671,3671,23,29.09443568917445
3672,3672,0,19.39629045944963
3673,3673,1,16.163575382874694
3674,3674,2,16.163575382874694
3675,3675,3,16.163575382874694
3676,3676,4,19.39629045944963
3677,3677,5,35.55986584232433
3678,3678,6,54.95615630177396
3679,3679,7,64.65430153149877
3680,3680,8,64.65430153149877
3681,3681,9,54.95615630177396
3682,3682,10,48.49072614862408
3683,3683,11,45.258011072049136
3684,3684,12,45.258011072049136
3685,3685,13,45.258011072049136
3686,3686,14,48.49072614862408
3687,3687,15,51.723441225199025
3688,3688,16,58.1888713783489
3689,3689,17,64.65430153149877
3690,3690,18,64.65430153149877
3691,3691,19,64.65430153149877
3692,3692,20,64.65430153149877
3693,3693,21,58.1888713783489
3694,3694,22,45.258011072049136
3695,3695,23,29.09443568917445
3696,3696,0,19.39629045944963
3697,3697,1,16.163575382874694
3698,3698,2,16.163575382874694
3699,3699,3,16.163575382874694
3700,3700,4,19.39629045944963
3701,3701,5,35.55986584232433
3702,3702,6,54.95615630177396
3703,3703,7,64.65430153149877
3704,3704,8,64.65430153149877
3705,3705,9,54.95615630177396
3706,3706,10,48.49072614862408
3707,3707,11,45.258011072049136
3708,3708,12,45.258011072049136
3709,3709,13,45.258011072049136
3710,3710,14,48.49072614862408
3711,3711,15,51.723441225199025
3712,3712,16,58.1888713783489
3713,3713,17,64.65430153149877
3714,3714,18,64.65430153149877
3715,3715,19,64.65430153149877
3716,3716,20,64.65430153149877
3717,3717,21,58.1888713783489
3718,3718,22,45.258011072049136
3719,3719,23,29.09443568917445
3720,3720,0,19.39629045944963
3721,3721,1,16.163575382874694
3722,3722,2,16.163575382874694
3723,3723,3,16.163575382874694
3724,3724,4,19.39629045944963
3725,3725,5,35.55986584232433
3726,3726,6,54.95615630177396
3727,3727,7,64.65430153149877
3728,3728,8,64.65430153149877
3729,3729,9,54.95615630177396
3730,3730,10,48.49072614862408
3731,3731,11,45.258011072049136
3732,3732,12,45.258011072049136
3733,3733,13,45.258011072049136
3734,3734,14,48.49072614862408
3735,3735,15,51.723441225199025
3736,3736,16,58.1888713783489
3737,3737,17,64.65430153149877
3738,3738,18,64.65430153149877
3739,3739,19,64.65430153149877
3740,3740,20,64.65430153149877
3741,3741,21,58.1888713783489
3742,3742,22,45.258011072049136
3743,3743,23,29.09443568917445
3744,3744,0,19.39629045944963
3745,3745,1,16.163575382874694
3746,3746,2,16.163575382874694
3747,3747,3,16.163575382874694
3748,3748,4,19.39629045944963
3749,3749,5,35.55986584232433
3750,3750,6,54.95615630177396
3751,3751,7,64.65430153149877
3752,3752,8,64.65430153149877
3753,3753,9,54.95615630177396
3754,3754,10,48.49072614862408
3755,3755,11,45.258011072049136
3756,3756,12,45.258011072049136
3757,3757,13,45.258011072049136
3758,3758,14,48.49072614862408
3759,3759,15,51.723441225199025
3760,3760,16,58.1888713783489
3761,3761,17,64.65430153149877
3762,3762,18,64.65430153149877
3763,3763,19,64.65430153149877
3764,3764,20,64.65430153149877
3765,3765,21,58.1888713783489
3766,3766,22,45.258011072049136
3767,3767,23,29.09443568917445
3768,3768,0,19.39629045944963
3769,3769,1,16.163575382874694
3770,3770,2,16.163575382874694
3771,3771,3,16.163575382874694
3772,3772,4,19.39629045944963
3773,3773,5,35.55986584232433
3774,3774,6,54.95615630177396
3775,3775,7,64.65430153149877
3776,3776,8,64.65430153149877
3777,3777,9,54.95615630177396
3778,3778,10,48.49072614862408
3779,3779,11,45.258011072049136
3780,3780,12,45.258011072049136
3781,3781,13,45.258011072049136
3782,3782,14,48.49072614862408
3783,3783,15,51.723441225199025
3784,3784,16,58.1888713783489
3785,3785,17,64.65430153149877
3786,3786,18,64.65430153149877
3787,3787,19,64.65430153149877
3788,3788,20,64.65430153149877
3789,3789,21,58.1888713783489
3790,3790,22,45.258011072049136
3791,3791,23,29.09443568917445
3792,3792,0,19.39629045944963
3793,3793,1,16.163575382874694
3794,3794,2,16.163575382874694
3795,3795,3,16.163575382874694
3796,3796,4,19.39629045944963
3797,3797,5,35.55986584232433
3798,3798,6,54.95615630177396
3799,3799,7,64.65430153149877
3800,3800,8,64.65430153149877
3801,3801,9,54.95615630177396
3802,3802,10,48.49072614862408
3803,3803,11,45.258011072049136
3804,3804,12,45.258011072049136
3805,3805,13,45.258011072049136
3806,3806,14,48.49072614862408
3807,3807,15,51.723441225199025
3808,3808,16,58.1888713783489
3809,3809,17,64.65430153149877
3810,3810,18,64.65430153149877
3811,3811,19,64.65430153149877
3812,3812,20,64.65430153149877
3813,3813,21,58.1888713783489
3814,3814,22,45.258011072049136
3815,3815,23,29.09443568917445
3816,3816,0,19.39629045944963
3817,3817,1,16.163575382874694
3818,3818,2,16.163575382874694
3819,3819,3,16.163575382874694
3820,3820,4,19.39629045944963
3821,3821,5,35.55986584232433
3822,3822,6,54.95615630177396
3823,3823,7,64.65430153149877
3824,3824,8,64.65430153149877
3825,3825,9,54.95615630177396
3826,3826,10,48.49072614862408
3827,3827,11,45.258011072049136
3828,3828,12,45.258011072049136
3829,3829,13,45.258011072049136
3830,3830,14,48.49072614862408
3831,3831,15,51.723441225199025
3832,3832,16,58.1888713783489
3833,3833,17,64.65430153149877
3834,3834,18,64.65430153149877
3835,3835,19,64.65430153149877
3836,3836,20,64.65430153149877
3837,3837,21,58.1888713783489
3838,3838,22,45.258011072049136
3839,3839,23,29.09443568917445
3840,3840,0,19.39629045944963
3841,3841,1,16.163575382874694
3842,3842,2,16.163575382874694
3843,3843,3,16.163575382874694
3844,3844,4,19.39629045944963
3845,3845,5,35.55986584232433
3846,3846,6,54.95615630177396
3847,3847,7,64.65430153149877
3848,3848,8,64.65430153149877
3849,3849,9,54.95615630177396
3850,3850,10,48.49072614862408
3851,3851,11,45.258011072049136
3852,3852,12,45.258011072049136
3853,3853,13,45.258011072049136
3854,3854,14,48.49072614862408
3855,3855,15,51.723441225199025
3856,3856,16,58.1888713783489
3857,3857,17,64.65430153149877
3858,3858,18,64.65430153149877
3859,3859,19,64.65430153149877
3860,3860,20,64.65430153149877
3861,3861,21,58.1888713783489
3862,3862,22,45.258011072049136
3863,3863,23,29.09443568917445
3864,3864,0,19.39629045944963
3865,3865,1,16.163575382874694
3866,3866,2,16.163575382874694
3867,3867,3,16.163575382874694
3868,3868,4,19.39629045944963
3869,3869,5,35.55986584232433
3870,3870,6,54.95615630177396
3871,3871,7,64.65430153149877
3872,3872,8,64.65430153149877
3873,3873,9,54.95615630177396
3874,3874,10,48.49072614862408
3875,3875,11,45.258011072049136
3876,3876,12,45.258011072049136
3877,3877,13,45.258011072049136
3878,3878,14,48.49072614862408
3879,3879,15,51.723441225199025
3880,3880,16,58.1888713783489
3881,3881,17,64.65430153149877
3882,3882,18,64.65430153149877
3883,3883,19,64.65430153149877
3884,3884,20,64.65430153149877
3885,3885,21,58.1888713783489
3886,3886,22,45.258011072049136
3887,3887,23,29.09443568917445
3888,3888,0,19.39629045944963
3889,3889,1,16.163575382874694
3890,3890,2,16.163575382874694
3891,3891,3,16.163575382874694
3892,3892,4,19.39629045944963
3893,3893,5,35.55986584232433
3894,3894,6,54.95615630177396
3895,3895,7,64.65430153149877
3896,3896,8,64.65430153149877
3897,3897,9,54.95615630177396
3898,3898,10,48.49072614862408
3899,3899,11,45.258011072049136
3900,3900,12,45.258011072049136
3901,3901,13,45.258011072049136
3902,3902,14,48.49072614862408
3903,3903,15,51.723441225199025
3904,3904,16,58.1888713783489
3905,3905,17,64.65430153149877
3906,3906,18,64.65430153149877
3907,3907,19,64.65430153149877
3908,3908,20,64.65430153149877
3909,3909,21,58.1888713783489
3910,3910,22,45.258011072049136
3911,3911,23,29.09443568917445
3912,3912,0,19.39629045944963
3913,3913,1,16.163575382874694
3914,3914,2,16.163575382874694
3915,3915,3,16.163575382874694
3916,3916,4,19.39629045944963
3917,3917,5,35.55986584232433
3918,3918,6,54.95615630177396
3919,3919,7,64.65430153149877
3920,3920,8,64.65430153149877
3921,3921,9,54.95615630177396
3922,3922,10,48.49072614862408
3923,3923,11,45.258011072049136
3924,3924,12,45.258011072049136
3925,3925,13,45.258011072049136
3926,3926,14,48.49072614862408
3927,3927,15,51.723441225199025
3928,3928,16,58.1888713783489
3929,3929,17,64.65430153149877
3930,3930,18,64.65430153149877
3931,3931,19,64.65430153149877
3932,3932,20,64.65430153149877
3933,3933,21,58.1888713783489
3934,3934,22,45.258011072049136
3935,3935,23,29.09443568917445
3936,3936,0,19.39629045944963
3937,3937,1,16.163575382874694
3938,3938,2,16.163575382874694
3939,3939,3,16.163575382874694
3940,3940,4,19.39629045944963
3941,3941,5,35.55986584232433
3942,3942,6,54.95615630177396
3943,3943,7,64.65430153149877
3944,3944,8,64.65430153149877
3945,3945,9,54.95615630177396
3946,3946,10,48.49072614862408
3947,3947,11,45.258011072049136
3948,3948,12,45.258011072049136
3949,3949,13,45.258011072049136
3950,3950,14,48.49072614862408
3951,3951,15,51.723441225199025
3952,3952,16,58.1888713783489
3953,3953,17,64.65430153149877
3954,3954,18,64.65430153149877
3955,3955,19,64.65430153149877
3956,3956,20,64.65430153149877
3957,3957,21,58.1888713783489
3958,3958,22,45.258011072049136
3959,3959,23,29.09443568917445
3960,3960,0,19.39629045944963
3961,3961,1,16.163575382874694
3962,3962,2,16.163575382874694
3963,3963,3,16.163575382874694
3964,3964,4,19.39629045944963
3965,3965,5,35.55986584232433
3966,3966,6,54.95615630177396
3967,3967,7,64.65430153149877
3968,3968,8,64.65430153149877
3969,3969,9,54.95615630177396
3970,3970,10,48.49072614862408
3971,3971,11,45.258011072049136
3972,3972,12,45.258011072049136
3973,3973,13,45.258011072049136
3974,3974,14,48.49072614862408
3975,3975,15,51.723441225199025
3976,3976,16,58.1888713783489
3977,3977,17,64.65430153149877
3978,3978,18,64.65430153149877
3979,3979,19,64.65430153149877
3980,3980,20,64.65430153149877
3981,3981,21,58.1888713783489
3982,3982,22,45.258011072049136
3983,3983,23,29.09443568917445
3984,3984,0,19.39629045944963
3985,3985,1,16.163575382874694
3986,3986,2,16.163575382874694
3987,3987,3,16.163575382874694
3988,3988,4,19.39629045944963
3989,3989,5,35.55986584232433
3990,3990,6,54.95615630177396
3991,3991,7,64.65430153149877
3992,3992,8,64.65430153149877
3993,3993,9,54.95615630177396
3994,3994,10,48.49072614862408
3995,3995,11,45.258011072049136
3996,3996,12,45.258011072049136
3997,3997,13,45.258011072049136
3998,3998,14,48.49072614862408
3999,3999,15,51.723441225199025
4000,4000,16,58.1888713783489
4001,4001,17,64.65430153149877
4002,4002,18,64.65430153149877
4003,4003,19,64.65430153149877
4004,4004,20,64.65430153149877
4005,4005,21,58.1888713783489
4006,4006,22,45.258011072049136
4007,4007,23,29.09443568917445
4008,4008,0,19.39629045944963
4009,4009,1,16.163575382874694
4010,4010,2,16.163575382874694
4011,4011,3,16.163575382874694
4012,4012,4,19.39629045944963
4013,4013,5,35.55986584232433
4014,4014,6,54.95615630177396
4015,4015,7,64.65430153149877
4016,4016,8,64.65430153149877
4017,4017,9,54.95615630177396
4018,4018,10,48.49072614862408
4019,4019,11,45.258011072049136
4020,4020,12,45.258011072049136
4021,4021,13,45.258011072049136
4022,4022,14,48.49072614862408
4023,4023,15,51.723441225199025
4024,4024,16,58.1888713783489
4025,4025,17,64.65430153149877
4026,4026,18,64.65430153149877
4027,4027,19,64.65430153149877
4028,4028,20,64.65430153149877
4029,4029,21,58.1888713783489
4030,4030,22,45.258011072049136
4031,4031,23,29.09443568917445
4032,4032,0,19.39629045944963
4033,4033,1,16.163575382874694
4034,4034,2,16.163575382874694
4035,4035,3,16.163575382874694
4036,4036,4,19.39629045944963
4037,4037,5,35.55986584232433
4038,4038,6,54.95615630177396
4039,4039,7,64.65430153149877
4040,4040,8,64.65430153149877
4041,4041,9,54.95615630177396
4042,4042,10,48.49072614862408
4043,4043,11,45.258011072049136
4044,4044,12,45.258011072049136
4045,4045,13,45.258011072049136
4046,4046,14,48.49072614862408
4047,4047,15,51.723441225199025
4048,4048,16,58.1888713783489
4049,4049,17,64.65430153149877
4050,4050,18,64.65430153149877
4051,4051,19,64.65430153149877
4052,4052,20,64.65430153149877
4053,4053,21,58.1888713783489
4054,4054,22,45.258011072049136
4055,4055,23,29.09443568917445
4056,4056,0,19.39629045944963
4057,4057,1,16.163575382874694
4058,4058,2,16.163575382874694
4059,4059,3,16.163575382874694
4060,4060,4,19.39629045944963
4061,4061,5,35.55986584232433
4062,4062,6,54.95615630177396
4063,4063,7,64.65430153149877
4064,4064,8,64.65430153149877
4065,4065,9,54.95615630177396
4066,4066,10,48.49072614862408
4067,4067,11,45.258011072049136
4068,4068,12,45.258011072049136
4069,4069,13,45.258011072049136
4070,4070,14,48.49072614862408
4071,4071,15,51.723441225199025
4072,4072,16,58.1888713783489
4073,4073,17,64.65430153149877
4074,4074,18,64.65430153149877
4075,4075,19,64.65430153149877
4076,4076,20,64.65430153149877
4077,4077,21,58.1888713783489
4078,4078,22,45.258011072049136
4079,4079,23,29.09443568917445
4080,4080,0,19.39629045944963
4081,4081,1,16.163575382874694
4082,4082,2,16.163575382874694
4083,4083,3,16.163575382874694
4084,4084,4,19.39629045944963
4085,4085,5,35.55986584232433
4086,4086,6,54.95615630177396
4087,4087,7,64.65430153149877
4088,4088,8,64.65430153149877
4089,4089,9,54.95615630177396
4090,4090,10,48.49072614862408
4091,4091,11,45.258011072049136
4092,4092,12,45.258011072049136
4093,4093,13,45.258011072049136
4094,4094,14,48.49072614862408
4095,4095,15,51.723441225199025
4096,4096,16,58.1888713783489
4097,4097,17,64.65430153149877
4098,4098,18,64.65430153149877
4099,4099,19,64.65430153149877
4100,4100,20,64.65430153149877
4101,4101,21,58.1888713783489
4102,4102,22,45.258011072049136
4103,4103,23,29.09443568917445
4104,4104,0,19.39629045944963
4105,4105,1,16.163575382874694
4106,4106,2,16.163575382874694
4107,4107,3,16.163575382874694
4108,4108,4,19.39629045944963
4109,4109,5,35.55986584232433
4110,4110,6,54.95615630177396
4111,4111,7,64.65430153149877
4112,4112,8,64.65430153149877
4113,4113,9,54.95615630177396
4114,4114,10,48.49072614862408
4115,4115,11,45.258011072049136
4116,4116,12,45.258011072049136
4117,4117,13,45.258011072049136
4118,4118,14,48.49072614862408
4119,4119,15,51.723441225199025
4120,4120,16,58.1888713783489
4121,4121,17,64.65430153149877
4122,4122,18,64.65430153149877
4123,4123,19,64.65430153149877
4124,4124,20,64.65430153149877
4125,4125,21,58.1888713783489
4126,4126,22,45.258011072049136
4127,4127,23,29.09443568917445
4128,4128,0,19.39629045944963
4129,4129,1,16.163575382874694
4130,4130,2,16.163575382874694
4131,4131,3,16.163575382874694
4132,4132,4,19.39629045944963
4133,4133,5,35.55986584232433
4134,4134,6,54.95615630177396
4135,4135,7,64.65430153149877
4136,4136,8,64.65430153149877
4137,4137,9,54.95615630177396
4138,4138,10,48.49072614862408
4139,4139,11,45.258011072049136
4140,4140,12,45.258011072049136
4141,4141,13,45.258011072049136
4142,4142,14,48.49072614862408
4143,4143,15,51.723441225199025
4144,4144,16,58.1888713783489
4145,4145,17,64.65430153149877
4146,4146,18,64.65430153149877
4147,4147,19,64.65430153149877
4148,4148,20,64.65430153149877
4149,4149,21,58.1888713783489
4150,4150,22,45.258011072049136
4151,4151,23,29.09443568917445
4152,4152,0,19.39629045944963
4153,4153,1,16.163575382874694
4154,4154,2,16.163575382874694
4155,4155,3,16.163575382874694
4156,4156,4,19.39629045944963
4157,4157,5,35.55986584232433
4158,4158,6,54.95615630177396
4159,4159,7,64.65430153149877
4160,4160,8,64.65430153149877
4161,4161,9,54.95615630177396
4162,4162,10,48.49072614862408
4163,4163,11,45.258011072049136
4164,4164,12,45.258011072049136
4165,4165,13,45.258011072049136
4166,4166,14,48.49072614862408
4167,4167,15,51.723441225199025
4168,4168,16,58.1888713783489
4169,4169,17,64.65430153149877
4170,4170,18,64.65430153149877
4171,4171,19,64.65430153149877
4172,4172,20,64.65430153149877
4173,4173,21,58.1888713783489
4174,4174,22,45.258011072049136
4175,4175,23,29.09443568917445
4176,4176,0,19.39629045944963
4177,4177,1,16.163575382874694
4178,4178,2,16.163575382874694
4179,4179,3,16.163575382874694
4180,4180,4,19.39629045944963
4181,4181,5,35.55986584232433
4182,4182,6,54.95615630177396
4183,4183,7,64.65430153149877
4184,4184,8,64.65430153149877
4185,4185,9,54.95615630177396
4186,4186,10,48.49072614862408
4187,4187,11,45.258011072049136
4188,4188,12,45.258011072049136
4189,4189,13,45.258011072049136
4190,4190,14,48.49072614862408
4191,4191,15,51.723441225199025
4192,4192,16,58.1888713783489
4193,4193,17,64.65430153149877
4194,4194,18,64.65430153149877
4195,4195,19,64.65430153149877
4196,4196,20,64.65430153149877
4197,4197,21,58.1888713783489
4198,4198,22,45.258011072049136
4199,4199,23,29.09443568917445
4200,4200,0,19.39629045944963
4201,4201,1,16.163575382874694
4202,4202,2,16.163575382874694
4203,4203,3,16.163575382874694
4204,4204,4,19.39629045944963
4205,4205,5,35.55986584232433
4206,4206,6,54.95615630177396
4207,4207,7,64.65430153149877
4208,4208,8,64.65430153149877
4209,4209,9,54.95615630177396
4210,4210,10,48.49072614862408
4211,4211,11,45.258011072049136
4212,4212,12,45.258011072049136
4213,4213,13,45.258011072049136
4214,4214,14,48.49072614862408
4215,4215,15,51.723441225199025
4216,4216,16,58.1888713783489
4217,4217,17,64.65430153149877
4218,4218,18,64.65430153149877
4219,4219,19,64.65430153149877
4220,4220,20,64.65430153149877
4221,4221,21,58.1888713783489
4222,4222,22,45.258011072049136
4223,4223,23,29.09443568917445
4224,4224,0,19.39629045944963
4225,4225,1,16.163575382874694
4226,4226,2,16.163575382874694
4227,4227,3,16.163575382874694
4228,4228,4,19.39629045944963
4229,4229,5,35.55986584232433
4230,4230,6,54.95615630177396
4231,4231,7,64.65430153149877
4232,4232,8,64.65430153149877
4233,4233,9,54.95615630177396
4234,4234,10,48.49072614862408
4235,4235,11,45.258011072049136
4236,4236,12,45.258011072049136
4237,4237,13,45.258011072049136
4238,4238,14,48.49072614862408
4239,4239,15,51.723441225199025
4240,4240,16,58.1888713783489
4241,4241,17,64.65430153149877
4242,4242,18,64.65430153149877
4243,4243,19,64.65430153149877
4244,4244,20,64.65430153149877
4245,4245,21,58.1888713783489
4246,4246,22,45.258011072049136
4247,4247,23,29.09443568917445
4248,4248,0,19.39629045944963
4249,4249,1,16.163575382874694
4250,4250,2,16.163575382874694
4251,4251,3,16.163575382874694
4252,4252,4,19.39629045944963
4253,4253,5,35.55986584232433
4254,4254,6,54.95615630177396
4255,4255,7,64.65430153149877
4256,4256,8,64.65430153149877
4257,4257,9,54.95615630177396
4258,4258,10,48.49072614862408
4259,4259,11,45.258011072049136
4260,4260,12,45.258011072049136
4261,4261,13,45.258011072049136
4262,4262,14,48.49072614862408
4263,4263,15,51.723441225199025
4264,4264,16,58.1888713783489
4265,4265,17,64.65430153149877
4266,4266,18,64.65430153149877
4267,4267,19,64.65430153149877
4268,4268,20,64.65430153149877
4269,4269,21,58.1888713783489
4270,4270,22,45.258011072049136
4271,4271,23,29.09443568917445
4272,4272,0,19.39629045944963
4273,4273,1,16.163575382874694
4274,4274,2,16.163575382874694
4275,4275,3,16.163575382874694
4276,4276,4,19.39629045944963
4277,4277,5,35.55986584232433
4278,4278,6,54.95615630177396
4279,4279,7,64.65430153149877
4280,4280,8,64.65430153149877
4281,4281,9,54.95615630177396
4282,4282,10,48.49072614862408
4283,4283,11,45.258011072049136
4284,4284,12,45.258011072049136
4285,4285,13,45.258011072049136
4286,4286,14,48.49072614862408
4287,4287,15,51.723441225199025
4288,4288,16,58.1888713783489
4289,4289,17,64.65430153149877
4290,4290,18,64.65430153149877
4291,4291,19,64.65430153149877
4292,4292,20,64.65430153149877
4293,4293,21,58.1888713783489
4294,4294,22,45.258011072049136
4295,4295,23,29.09443568917445
4296,4296,0,19.39629045944963
4297,4297,1,16.163575382874694
4298,4298,2,16.163575382874694
4299,4299,3,16.163575382874694
4300,4300,4,19.39629045944963
4301,4301,5,35.55986584232433
4302,4302,6,54.95615630177396
4303,4303,7,64.65430153149877
4304,4304,8,64.65430153149877
4305,4305,9,54.95615630177396
4306,4306,10,48.49072614862408
4307,4307,11,45.258011072049136
4308,4308,12,45.258011072049136
4309,4309,13,45.258011072049136
4310,4310,14,48.49072614862408
4311,4311,15,51.723441225199025
4312,4312,16,58.1888713783489
4313,4313,17,64.65430153149877
4314,4314,18,64.65430153149877
4315,4315,19,64.65430153149877
4316,4316,20,64.65430153149877
4317,4317,21,58.1888713783489
4318,4318,22,45.258011072049136
4319,4319,23,29.09443568917445
4320,4320,0,19.39629045944963
4321,4321,1,16.163575382874694
4322,4322,2,16.163575382874694
4323,4323,3,16.163575382874694
4324,4324,4,19.39629045944963
4325,4325,5,35.55986584232433
4326,4326,6,54.95615630177396
4327,4327,7,64.65430153149877
4328,4328,8,64.65430153149877
4329,4329,9,54.95615630177396
4330,4330,10,48.49072614862408
4331,4331,11,45.258011072049136
4332,4332,12,45.258011072049136
4333,4333,13,45.258011072049136
4334,4334,14,48.49072614862408
4335,4335,15,51.723441225199025
4336,4336,16,58.1888713783489
4337,4337,17,64.65430153149877
4338,4338,18,64.65430153149877
4339,4339,19,64.65430153149877
4340,4340,20,64.65430153149877
4341,4341,21,58.1888713783489
4342,4342,22,45.258011072049136
4343,4343,23,29.09443568917445
4344,4344,0,19.39629045944963
4345,4345,1,16.163575382874694
4346,4346,2,16.163575382874694
4347,4347,3,16.163575382874694
4348,4348,4,19.39629045944963
4349,4349,5,35.55986584232433
4350,4350,6,54.95615630177396
4351,4351,7,64.65430153149877
4352,4352,8,64.65430153149877
4353,4353,9,54.95615630177396
4354,4354,10,48.49072614862408
4355,4355,11,45.258011072049136
4356,4356,12,45.258011072049136
4357,4357,13,45.258011072049136
4358,4358,14,48.49072614862408
4359,4359,15,51.723441225199025
4360,4360,16,58.1888713783489
4361,4361,17,64.65430153149877
4362,4362,18,64.65430153149877
4363,4363,19,64.65430153149877
4364,4364,20,64.65430153149877
4365,4365,21,58.1888713783489
4366,4366,22,45.258011072049136
4367,4367,23,29.09443568917445
4368,4368,0,19.39629045944963
4369,4369,1,16.163575382874694
4370,4370,2,16.163575382874694
4371,4371,3,16.163575382874694
4372,4372,4,19.39629045944963
4373,4373,5,35.55986584232433
4374,4374,6,54.95615630177396
4375,4375,7,64.65430153149877
4376,4376,8,64.65430153149877
4377,4377,9,54.95615630177396
4378,4378,10,48.49072614862408
4379,4379,11,45.258011072049136
4380,4380,12,45.258011072049136
4381,4381,13,45.258011072049136
4382,4382,14,48.49072614862408
4383,4383,15,51.723441225199025
4384,4384,16,58.1888713783489
4385,4385,17,64.65430153149877
4386,4386,18,64.65430153149877
4387,4387,19,64.65430153149877
4388,4388,20,64.65430153149877
4389,4389,21,58.1888713783489
4390,4390,22,45.258011072049136
4391,4391,23,29.09443568917445
4392,4392,0,19.39629045944963
4393,4393,1,16.163575382874694
4394,4394,2,16.163575382874694
4395,4395,3,16.163575382874694
4396,4396,4,19.39629045944963
4397,4397,5,35.55986584232433
4398,4398,6,54.95615630177396
4399,4399,7,64.65430153149877
4400,4400,8,64.65430153149877
4401,4401,9,54.95615630177396
4402,4402,10,48.49072614862408
4403,4403,11,45.258011072049136
4404,4404,12,45.258011072049136
4405,4405,13,45.258011072049136
4406,4406,14,48.49072614862408
4407,4407,15,51.723441225199025
4408,4408,16,58.1888713783489
4409,4409,17,64.65430153149877
4410,4410,18,64.65430153149877
4411,4411,19,64.65430153149877
4412,4412,20,64.65430153149877
4413,4413,21,58.1888713783489
4414,4414,22,45.258011072049136
4415,4415,23,29.09443568917445
4416,4416,0,19.39629045944963
4417,4417,1,16.163575382874694
4418,4418,2,16.163575382874694
4419,4419,3,16.163575382874694
4420,4420,4,19.39629045944963
4421,4421,5,35.55986584232433
4422,4422,6,54.95615630177396
4423,4423,7,64.65430153149877
4424,4424,8,64.65430153149877
4425,4425,9,54.95615630177396
4426,4426,10,48.49072614862408
4427,4427,11,45.258011072049136
4428,4428,12,45.258011072049136
4429,4429,13,45.258011072049136
4430,4430,14,48.49072614862408
4431,4431,15,51.723441225199025
4432,4432,16,58.1888713783489
4433,4433,17,64.65430153149877
4434,4434,18,64.65430153149877
4435,4435,19,64.65430153149877
4436,4436,20,64.65430153149877
4437,4437,21,58.1888713783489
4438,4438,22,45.258011072049136
4439,4439,23,29.09443568917445
4440,4440,0,19.39629045944963
4441,4441,1,16.163575382874694
4442,4442,2,16.163575382874694
4443,4443,3,16.163575382874694
4444,4444,4,19.39629045944963
4445,4445,5,35.55986584232433
4446,4446,6,54.95615630177396
4447,4447,7,64.65430153149877
4448,4448,8,64.65430153149877
4449,4449,9,54.95615630177396
4450,4450,10,48.49072614862408
4451,4451,11,45.258011072049136
4452,4452,12,45.258011072049136
4453,4453,13,45.258011072049136
4454,4454,14,48.49072614862408
4455,4455,15,51.723441225199025
4456,4456,16,58.1888713783489
4457,4457,17,64.65430153149877
4458,4458,18,64.65430153149877
4459,4459,19,64.65430153149877
4460,4460,20,64.65430153149877
4461,4461,21,58.1888713783489
4462,4462,22,45.258011072049136
4463,4463,23,29.09443568917445
4464,4464,0,19.39629045944963
4465,4465,1,16.163575382874694
4466,4466,2,16.163575382874694
4467,4467,3,16.163575382874694
4468,4468,4,19.39629045944963
4469,4469,5,35.55986584232433
4470,4470,6,54.95615630177396
4471,4471,7,64.65430153149877
4472,4472,8,64.65430153149877
4473,4473,9,54.95615630177396
4474,4474,10,48.49072614862408
4475,4475,11,45.258011072049136
4476,4476,12,45.258011072049136
4477,4477,13,45.258011072049136
4478,4478,14,48.49072614862408
4479,4479,15,51.723441225199025
4480,4480,16,58.1888713783489
4481,4481,17,64.65430153149877
4482,4482,18,64.65430153149877
4483,4483,19,64.65430153149877
4484,4484,20,64.65430153149877
4485,4485,21,58.1888713783489
4486,4486,22,45.258011072049136
4487,4487,23,29.09443568917445
4488,4488,0,19.39629045944963
4489,4489,1,16.163575382874694
4490,4490,2,16.163575382874694
4491,4491,3,16.163575382874694
4492,4492,4,19.39629045944963
4493,4493,5,35.55986584232433
4494,4494,6,54.95615630177396
4495,4495,7,64.65430153149877
4496,4496,8,64.65430153149877
4497,4497,9,54.95615630177396
4498,4498,10,48.49072614862408
4499,4499,11,45.258011072049136
4500,4500,12,45.258011072049136
4501,4501,13,45.258011072049136
4502,4502,14,48.49072614862408
4503,4503,15,51.723441225199025
4504,4504,16,58.1888713783489
4505,4505,17,64.65430153149877
4506,4506,18,64.65430153149877
4507,4507,19,64.65430153149877
4508,4508,20,64.65430153149877
4509,4509,21,58.1888713783489
4510,4510,22,45.258011072049136
4511,4511,23,29.09443568917445
4512,4512,0,19.39629045944963
4513,4513,1,16.163575382874694
4514,4514,2,16.163575382874694
4515,4515,3,16.163575382874694
4516,4516,4,19.39629045944963
4517,4517,5,35.55986584232433
4518,4518,6,54.95615630177396
4519,4519,7,64.65430153149877
4520,4520,8,64.65430153149877
4521,4521,9,54.95615630177396
4522,4522,10,48.49072614862408
4523,4523,11,45.258011072049136
4524,4524,12,45.258011072049136
4525,4525,13,45.258011072049136
4526,4526,14,48.49072614862408
4527,4527,15,51.723441225199025
4528,4528,16,58.1888713783489
4529,4529,17,64.65430153149877
4530,4530,18,64.65430153149877
4531,4531,19,64.65430153149877
4532,4532,20,64.65430153149877
4533,4533,21,58.1888713783489
4534,4534,22,45.258011072049136
4535,4535,23,29.09443568917445
4536,4536,0,19.39629045944963
4537,4537,1,16.163575382874694
4538,4538,2,16.163575382874694
4539,4539,3,16.163575382874694
4540,4540,4,19.39629045944963
4541,4541,5,35.55986584232433
4542,4542,6,54.95615630177396
4543,4543,7,64.65430153149877
4544,4544,8,64.65430153149877
4545,4545,9,54.95615630177396
4546,4546,10,48.49072614862408
4547,4547,11,45.258011072049136
4548,4548,12,45.258011072049136
4549,4549,13,45.258011072049136
4550,4550,14,48.49072614862408
4551,4551,15,51.723441225199025
4552,4552,16,58.1888713783489
4553,4553,17,64.65430153149877
4554,4554,18,64.65430153149877
4555,4555,19,64.65430153149877
4556,4556,20,64.65430153149877
4557,4557,21,58.1888713783489
4558,4558,22,45.258011072049136
4559,4559,23,29.09443568917445
4560,4560,0,19.39629045944963
4561,4561,1,16.163575382874694
4562,4562,2,16.163575382874694
4563,4563,3,16.163575382874694
4564,4564,4,19.39629045944963
4565,4565,5,35.55986584232433
4566,4566,6,54.95615630177396
4567,4567,7,64.65430153149877
4568,4568,8,64.65430153149877
4569,4569,9,54.95615630177396
4570,4570,10,48.49072614862408
4571,4571,11,45.258011072049136
4572,4572,12,45.258011072049136
4573,4573,13,45.258011072049136
4574,4574,14,48.49072614862408
4575,4575,15,51.723441225199025
4576,4576,16,58.1888713783489
4577,4577,17,64.65430153149877
4578,4578,18,64.65430153149877
4579,4579,19,64.65430153149877
4580,4580,20,64.65430153149877
4581,4581,21,58.1888713783489
4582,4582,22,45.258011072049136
4583,4583,23,29.09443568917445
4584,4584,0,19.39629045944963
4585,4585,1,16.163575382874694
4586,4586,2,16.163575382874694
4587,4587,3,16.163575382874694
4588,4588,4,19.39629045944963
4589,4589,5,35.55986584232433
4590,4590,6,54.95615630177396
4591,4591,7,64.65430153149877
4592,4592,8,64.65430153149877
4593,4593,9,54.95615630177396
4594,4594,10,48.49072614862408
4595,4595,11,45.258011072049136
4596,4596,12,45.258011072049136
4597,4597,13,45.258011072049136
4598,4598,14,48.49072614862408
4599,4599,15,51.723441225199025
4600,4600,16,58.1888713783489
4601,4601,17,64.65430153149877
4602,4602,18,64.65430153149877
4603,4603,19,64.65430153149877
4604,4604,20,64.65430153149877
4605,4605,21,58.1888713783489
4606,4606,22,45.258011072049136
4607,4607,23,29.09443568917445
4608,4608,0,19.39629045944963
4609,4609,1,16.163575382874694
4610,4610,2,16.163575382874694
4611,4611,3,16.163575382874694
4612,4612,4,19.39629045944963
4613,4613,5,35.55986584232433
4614,4614,6,54.95615630177396
4615,4615,7,64.65430153149877
4616,4616,8,64.65430153149877
4617,4617,9,54.95615630177396
4618,4618,10,48.49072614862408
4619,4619,11,45.258011072049136
4620,4620,12,45.258011072049136
4621,4621,13,45.258011072049136
4622,4622,14,48.49072614862408
4623,4623,15,51.723441225199025
4624,4624,16,58.1888713783489
4625,4625,17,64.65430153149877
4626,4626,18,64.65430153149877
4627,4627,19,64.65430153149877
4628,4628,20,64.65430153149877
4629,4629,21,58.1888713783489
4630,4630,22,45.258011072049136
4631,4631,23,29.09443568917445
4632,4632,0,19.39629045944963
4633,4633,1,16.163575382874694
4634,4634,2,16.163575382874694
4635,4635,3,16.163575382874694
4636,4636,4,19.39629045944963
4637,4637,5,35.55986584232433
4638,4638,6,54.95615630177396
4639,4639,7,64.65430153149877
4640,4640,8,64.65430153149877
4641,4641,9,54.95615630177396
4642,4642,10,48.49072614862408
4643,4643,11,45.258011072049136
4644,4644,12,45.258011072049136
4645,4645,13,45.258011072049136
4646,4646,14,48.49072614862408
4647,4647,15,51.723441225199025
4648,4648,16,58.1888713783489
4649,4649,17,64.65430153149877
4650,4650,18,64.65430153149877
4651,4651,19,64.65430153149877
4652,4652,20,64.65430153149877
4653,4653,21,58.1888713783489
4654,4654,22,45.258011072049136
4655,4655,23,29.09443568917445
4656,4656,0,19.39629045944963
4657,4657,1,16.163575382874694
4658,4658,2,16.163575382874694
4659,4659,3,16.163575382874694
4660,4660,4,19.39629045944963
4661,4661,5,35.55986584232433
4662,4662,6,54.95615630177396
4663,4663,7,64.65430153149877
4664,4664,8,64.65430153149877
4665,4665,9,54.95615630177396
4666,4666,10,48.49072614862408
4667,4667,11,45.258011072049136
4668,4668,12,45.258011072049136
4669,4669,13,45.258011072049136
4670,4670,14,48.49072614862408
4671,4671,15,51.723441225199025
4672,4672,16,58.1888713783489
4673,4673,17,64.65430153149877
4674,4674,18,64.65430153149877
4675,4675,19,64.65430153149877
4676,4676,20,64.65430153149877
4677,4677,21,58.1888713783489
4678,4678,22,45.258011072049136
4679,4679,23,29.09443568917445
4680,4680,0,19.39629045944963
4681,4681,1,16.163575382874694
4682,4682,2,16.163575382874694
4683,4683,3,16.163575382874694
4684,4684,4,19.39629045944963
4685,4685,5,35.55986584232433
4686,4686,6,54.95615630177396
4687,4687,7,64.65430153149877
4688,4688,8,64.65430153149877
4689,4689,9,54.95615630177396
4690,4690,10,48.49072614862408
4691,4691,11,45.258011072049136
4692,4692,12,45.258011072049136
4693,4693,13,45.258011072049136
4694,4694,14,48.49072614862408
4695,4695,15,51.723441225199025
4696,4696,16,58.1888713783489
4697,4697,17,64.65430153149877
4698,4698,18,64.65430153149877
4699,4699,19,64.65430153149877
4700,4700,20,64.65430153149877
4701,4701,21,58.1888713783489
4702,4702,22,45.258011072049136
4703,4703,23,29.09443568917445
4704,4704,0,19.39629045944963
4705,4705,1,16.163575382874694
4706,4706,2,16.163575382874694
4707,4707,3,16.163575382874694
4708,4708,4,19.39629045944963
4709,4709,5,35.55986584232433
4710,4710,6,54.95615630177396
4711,4711,7,64.65430153149877
4712,4712,8,64.65430153149877
4713,4713,9,54.95615630177396
4714,4714,10,48.49072614862408
4715,4715,11,45.258011072049136
4716,4716,12,45.258011072049136
4717,4717,13,45.258011072049136
4718,4718,14,48.49072614862408
4719,4719,15,51.723441225199025
4720,4720,16,58.1888713783489
4721,4721,17,64.65430153149877
4722,4722,18,64.65430153149877
4723,4723,19,64.65430153149877
4724,4724,20,64.65430153149877
4725,4725,21,58.1888713783489
4726,4726,22,45.258011072049136
4727,4727,23,29.09443568917445
4728,4728,0,19.39629045944963
4729,4729,1,16.163575382874694
4730,4730,2,16.163575382874694
4731,4731,3,16.163575382874694
4732,4732,4,19.39629045944963
4733,4733,5,35.55986584232433
4734,4734,6,54.95615630177396
4735,4735,7,64.65430153149877
4736,4736,8,64.65430153149877
4737,4737,9,54.95615630177396
4738,4738,10,48.49072614862408
4739,4739,11,45.258011072049136
4740,4740,12,45.258011072049136
4741,4741,13,45.258011072049136
4742,4742,14,48.49072614862408
4743,4743,15,51.723441225199025
4744,4744,16,58.1888713783489
4745,4745,17,64.65430153149877
4746,4746,18,64.65430153149877
4747,4747,19,64.65430153149877
4748,4748,20,64.65430153149877
4749,4749,21,58.1888713783489
4750,4750,22,45.258011072049136
4751,4751,23,29.09443568917445
4752,4752,0,19.39629045944963
4753,4753,1,16.163575382874694
4754,4754,2,16.163575382874694
4755,4755,3,16.163575382874694
4756,4756,4,19.39629045944963
4757,4757,5,35.55986584232433
4758,4758,6,54.95615630177396
4759,4759,7,64.65430153149877
4760,4760,8,64.65430153149877
4761,4761,9,54.95615630177396
4762,4762,10,48.49072614862408
4763,4763,11,45.258011072049136
4764,4764,12,45.258011072049136
4765,4765,13,45.258011072049136
4766,4766,14,48.49072614862408
4767,4767,15,51.723441225199025
4768,4768,16,58.1888713783489
4769,4769,17,64.65430153149877
4770,4770,18,64.65430153149877
4771,4771,19,64.65430153149877
4772,4772,20,64.65430153149877
4773,4773,21,58.1888713783489
4774,4774,22,45.258011072049136
4775,4775,23,29.09443568917445
4776,4776,0,19.39629045944963
4777,4777,1,16.163575382874694
4778,4778,2,16.163575382874694
4779,4779,3,16.163575382874694
4780,4780,4,19.39629045944963
4781,4781,5,35.55986584232433
4782,4782,6,54.95615630177396
4783,4783,7,64.65430153149877
4784,4784,8,64.65430153149877
4785,4785,9,54.95615630177396
4786,4786,10,48.49072614862408
4787,4787,11,45.258011072049136
4788,4788,12,45.258011072049136
4789,4789,13,45.258011072049136
4790,4790,14,48.49072614862408
4791,4791,15,51.723441225199025
4792,4792,16,58.1888713783489
4793,4793,17,64.65430153149877
4794,4794,18,64.65430153149877
4795,4795,19,64.65430153149877
4796,4796,20,64.65430153149877
4797,4797,21,58.1888713783489
4798,4798,22,45.258011072049136
4799,4799,23,29.09443568917445
4800,4800,0,19.39629045944963
4801,4801,1,16.163575382874694
4802,4802,2,16.163575382874694
4803,4803,3,16.163575382874694
4804,4804,4,19.39629045944963
4805,4805,5,35.55986584232433
4806,4806,6,54.95615630177396
4807,4807,7,64.65430153149877
4808,4808,8,64.65430153149877
4809,4809,9,54.95615630177396
4810,4810,10,48.49072614862408
4811,4811,11,45.258011072049136
4812,4812,12,45.258011072049136
4813,4813,13,45.258011072049136
4814,4814,14,48.49072614862408
4815,4815,15,51.723441225199025
4816,4816,16,58.1888713783489
4817,4817,17,64.65430153149877
4818,4818,18,64.65430153149877
4819,4819,19,64.65430153149877
4820,4820,20,64.65430153149877
4821,4821,21,58.1888713783489
4822,4822,22,45.258011072049136
4823,4823,23,29.09443568917445
4824,4824,0,19.39629045944963
4825,4825,1,16.163575382874694
4826,4826,2,16.163575382874694
4827,4827,3,16.163575382874694
4828,4828,4,19.39629045944963
4829,4829,5,35.55986584232433
4830,4830,6,54.95615630177396
4831,4831,7,64.65430153149877
4832,4832,8,64.65430153149877
4833,4833,9,54.95615630177396
4834,4834,10,48.49072614862408
4835,4835,11,45.258011072049136
4836,4836,12,45.258011072049136
4837,4837,13,45.258011072049136
4838,4838,14,48.49072614862408
4839,4839,15,51.723441225199025
4840,4840,16,58.1888713783489
4841,4841,17,64.65430153149877
4842,4842,18,64.65430153149877
4843,4843,19,64.65430153149877
4844,4844,20,64.65430153149877
4845,4845,21,58.1888713783489
4846,4846,22,45.258011072049136
4847,4847,23,29.09443568917445
4848,4848,0,19.39629045944963
4849,4849,1,16.163575382874694
4850,4850,2,16.163575382874694
4851,4851,3,16.163575382874694
4852,4852,4,19.39629045944963
4853,4853,5,35.55986584232433
4854,4854,6,54.95615630177396
4855,4855,7,64.65430153149877
4856,4856,8,64.65430153149877
4857,4857,9,54.95615630177396
4858,4858,10,48.49072614862408
4859,4859,11,45.258011072049136
4860,4860,12,45.258011072049136
4861,4861,13,45.258011072049136
4862,4862,14,48.49072614862408
4863,4863,15,51.723441225199025
4864,4864,16,58.1888713783489
4865,4865,17,64.65430153149877
4866,4866,18,64.65430153149877
4867,4867,19,64.65430153149877
4868,4868,20,64.65430153149877
4869,4869,21,58.1888713783489
4870,4870,22,45.258011072049136
4871,4871,23,29.09443568917445
4872,4872,0,19.39629045944963
4873,4873,1,16.163575382874694
4874,4874,2,16.163575382874694
4875,4875,3,16.163575382874694
4876,4876,4,19.39629045944963
4877,4877,5,35.55986584232433
4878,4878,6,54.95615630177396
4879,4879,7,64.65430153149877
4880,4880,8,64.65430153149877
4881,4881,9,54.95615630177396
4882,4882,10,48.49072614862408
4883,4883,11,45.258011072049136
4884,4884,12,45.258011072049136
4885,4885,13,45.258011072049136
4886,4886,14,48.49072614862408
4887,4887,15,51.723441225199025
4888,4888,16,58.1888713783489
4889,4889,17,64.65430153149877
4890,4890,18,64.65430153149877
4891,4891,19,64.65430153149877
4892,4892,20,64.65430153149877
4893,4893,21,58.1888713783489
4894,4894,22,45.258011072049136
4895,4895,23,29.09443568917445
4896,4896,0,19.39629045944963
4897,4897,1,16.163575382874694
4898,4898,2,16.163575382874694
4899,4899,3,16.163575382874694
4900,4900,4,19.39629045944963
4901,4901,5,35.55986584232433
4902,4902,6,54.95615630177396
4903,4903,7,64.65430153149877
4904,4904,8,64.65430153149877
4905,4905,9,54.95615630177396
4906,4906,10,48.49072614862408
4907,4907,11,45.258011072049136
4908,4908,12,45.258011072049136
4909,4909,13,45.258011072049136
4910,4910,14,48.49072614862408
4911,4911,15,51.723441225199025
4912,4912,16,58.1888713783489
4913,4913,17,64.65430153149877
4914,4914,18,64.65430153149877
4915,4915,19,64.65430153149877
4916,4916,20,64.65430153149877
4917,4917,21,58.1888713783489
4918,4918,22,45.258011072049136
4919,4919,23,29.09443568917445
4920,4920,0,19.39629045944963
4921,4921,1,16.163575382874694
4922,4922,2,16.163575382874694
4923,4923,3,16.163575382874694
4924,4924,4,19.39629045944963
4925,4925,5,35.55986584232433
4926,4926,6,54.95615630177396
4927,4927,7,64.65430153149877
4928,4928,8,64.65430153149877
4929,4929,9,54.95615630177396
4930,4930,10,48.49072614862408
4931,4931,11,45.258011072049136
4932,4932,12,45.258011072049136
4933,4933,13,45.258011072049136
4934,4934,14,48.49072614862408
4935,4935,15,51.723441225199025
4936,4936,16,58.1888713783489
4937,4937,17,64.65430153149877
4938,4938,18,64.65430153149877
4939,4939,19,64.65430153149877
4940,4940,20,64.65430153149877
4941,4941,21,58.1888713783489
4942,4942,22,45.258011072049136
4943,4943,23,29.09443568917445
4944,4944,0,19.39629045944963
4945,4945,1,16.163575382874694
4946,4946,2,16.163575382874694
4947,4947,3,16.163575382874694
4948,4948,4,19.39629045944963
4949,4949,5,35.55986584232433
4950,4950,6,54.95615630177396
4951,4951,7,64.65430153149877
4952,4952,8,64.65430153149877
4953,4953,9,54.95615630177396
4954,4954,10,48.49072614862408
4955,4955,11,45.258011072049136
4956,4956,12,45.258011072049136
4957,4957,13,45.258011072049136
4958,4958,14,48.49072614862408
4959,4959,15,51.723441225199025
4960,4960,16,58.1888713783489
4961,4961,17,64.65430153149877
4962,4962,18,64.65430153149877
4963,4963,19,64.65430153149877
4964,4964,20,64.65430153149877
4965,4965,21,58.1888713783489
4966,4966,22,45.258011072049136
4967,4967,23,29.09443568917445
4968,4968,0,19.39629045944963
4969,4969,1,16.163575382874694
4970,4970,2,16.163575382874694
4971,4971,3,16.163575382874694
4972,4972,4,19.39629045944963
4973,4973,5,35.55986584232433
4974,4974,6,54.95615630177396
4975,4975,7,64.65430153149877
4976,4976,8,64.65430153149877
4977,4977,9,54.95615630177396
4978,4978,10,48.49072614862408
4979,4979,11,45.258011072049136
4980,4980,12,45.258011072049136
4981,4981,13,45.258011072049136
4982,4982,14,48.49072614862408
4983,4983,15,51.723441225199025
4984,4984,16,58.1888713783489
4985,4985,17,64.65430153149877
4986,4986,18,64.65430153149877
4987,4987,19,64.65430153149877
4988,4988,20,64.65430153149877
4989,4989,21,58.1888713783489
4990,4990,22,45.258011072049136
4991,4991,23,29.09443568917445
4992,4992,0,19.39629045944963
4993,4993,1,16.163575382874694
4994,4994,2,16.163575382874694
4995,4995,3,16.163575382874694
4996,4996,4,19.39629045944963
4997,4997,5,35.55986584232433
4998,4998,6,54.95615630177396
4999,4999,7,64.65430153149877
5000,5000,8,64.65430153149877
5001,5001,9,54.95615630177396
5002,5002,10,48.49072614862408
5003,5003,11,45.258011072049136
5004,5004,12,45.258011072049136
5005,5005,13,45.258011072049136
5006,5006,14,48.49072614862408
5007,5007,15,51.723441225199025
5008,5008,16,58.1888713783489
5009,5009,17,64.65430153149877
5010,5010,18,64.65430153149877
5011,5011,19,64.65430153149877
5012,5012,20,64.65430153149877
5013,5013,21,58.1888713783489
5014,5014,22,45.258011072049136
5015,5015,23,29.09443568917445
5016,5016,0,19.39629045944963
5017,5017,1,16.163575382874694
5018,5018,2,16.163575382874694
5019,5019,3,16.163575382874694
5020,5020,4,19.39629045944963
5021,5021,5,35.55986584232433
5022,5022,6,54.95615630177396
5023,5023,7,64.65430153149877
5024,5024,8,64.65430153149877
5025,5025,9,54.95615630177396
5026,5026,10,48.49072614862408
5027,5027,11,45.258011072049136
5028,5028,12,45.258011072049136
5029,5029,13,45.258011072049136
5030,5030,14,48.49072614862408
5031,5031,15,51.723441225199025
5032,5032,16,58.1888713783489
5033,5033,17,64.65430153149877
5034,5034,18,64.65430153149877
5035,5035,19,64.65430153149877
5036,5036,20,64.65430153149877
5037,5037,21,58.1888713783489
5038,5038,22,45.258011072049136
5039,5039,23,29.09443568917445
5040,5040,0,19.39629045944963
5041,5041,1,16.163575382874694
5042,5042,2,16.163575382874694
5043,5043,3,16.163575382874694
5044,5044,4,19.39629045944963
5045,5045,5,35.55986584232433
5046,5046,6,54.95615630177396
5047,5047,7,64.65430153149877
5048,5048,8,64.65430153149877
5049,5049,9,54.95615630177396
5050,5050,10,48.49072614862408
5051,5051,11,45.258011072049136
5052,5052,12,45.258011072049136
5053,5053,13,45.258011072049136
5054,5054,14,48.49072614862408
5055,5055,15,51.723441225199025
5056,5056,16,58.1888713783489
5057,5057,17,64.65430153149877
5058,5058,18,64.65430153149877
5059,5059,19,64.65430153149877
5060,5060,20,64.65430153149877
5061,5061,21,58.1888713783489
5062,5062,22,45.258011072049136
5063,5063,23,29.09443568917445
5064,5064,0,19.39629045944963
5065,5065,1,16.163575382874694
5066,5066,2,16.163575382874694
5067,5067,3,16.163575382874694
5068,5068,4,19.39629045944963
5069,5069,5,35.55986584232433
5070,5070,6,54.95615630177396
5071,5071,7,64.65430153149877
5072,5072,8,64.65430153149877
5073,5073,9,54.95615630177396
5074,5074,10,48.49072614862408
5075,5075,11,45.258011072049136
5076,5076,12,45.258011072049136
5077,5077,13,45.258011072049136
5078,5078,14,48.49072614862408
5079,5079,15,51.723441225199025
5080,5080,16,58.1888713783489
5081,5081,17,64.65430153149877
5082,5082,18,64.65430153149877
5083,5083,19,64.65430153149877
5084,5084,20,64.65430153149877
5085,5085,21,58.1888713783489
5086,5086,22,45.258011072049136
5087,5087,23,29.09443568917445
5088,5088,0,19.39629045944963
5089,5089,1,16.163575382874694
5090,5090,2,16.163575382874694
5091,5091,3,16.163575382874694
5092,5092,4,19.39629045944963
5093,5093,5,35.55986584232433
5094,5094,6,54.95615630177396
5095,5095,7,64.65430153149877
5096,5096,8,64.65430153149877
5097,5097,9,54.95615630177396
5098,5098,10,48.49072614862408
5099,5099,11,45.258011072049136
5100,5100,12,45.258011072049136
5101,5101,13,45.258011072049136
5102,5102,14,48.49072614862408
5103,5103,15,51.723441225199025
5104,5104,16,58.1888713783489
5105,5105,17,64.65430153149877
5106,5106,18,64.65430153149877
5107,5107,19,64.65430153149877
5108,5108,20,64.65430153149877
5109,5109,21,58.1888713783489
5110,5110,22,45.258011072049136
5111,5111,23,29.09443568917445
5112,5112,0,19.39629045944963
5113,5113,1,16.163575382874694
5114,5114,2,16.163575382874694
5115,5115,3,16.163575382874694
5116,5116,4,19.39629045944963
5117,5117,5,35.55986584232433
5118,5118,6,54.95615630177396
5119,5119,7,64.65430153149877
5120,5120,8,64.65430153149877
5121,5121,9,54.95615630177396
5122,5122,10,48.49072614862408
5123,5123,11,45.258011072049136
5124,5124,12,45.258011072049136
5125,5125,13,45.258011072049136
5126,5126,14,48.49072614862408
5127,5127,15,51.723441225199025
5128,5128,16,58.1888713783489
5129,5129,17,64.65430153149877
5130,5130,18,64.65430153149877
5131,5131,19,64.65430153149877
5132,5132,20,64.65430153149877
5133,5133,21,58.1888713783489
5134,5134,22,45.258011072049136
5135,5135,23,29.09443568917445
5136,5136,0,19.39629045944963
5137,5137,1,16.163575382874694
5138,5138,2,16.163575382874694
5139,5139,3,16.163575382874694
5140,5140,4,19.39629045944963
5141,5141,5,35.55986584232433
5142,5142,6,54.95615630177396
5143,5143,7,64.65430153149877
5144,5144,8,64.65430153149877
5145,5145,9,54.95615630177396
5146,5146,10,48.49072614862408
5147,5147,11,45.258011072049136
5148,5148,12,45.258011072049136
5149,5149,13,45.258011072049136
5150,5150,14,48.49072614862408
5151,5151,15,51.723441225199025
5152,5152,16,58.1888713783489
5153,5153,17,64.65430153149877
5154,5154,18,64.65430153149877
5155,5155,19,64.65430153149877
5156,5156,20,64.65430153149877
5157,5157,21,58.1888713783489
5158,5158,22,45.258011072049136
5159,5159,23,29.09443568917445
5160,5160,0,19.39629045944963
5161,5161,1,16.163575382874694
5162,5162,2,16.163575382874694
5163,5163,3,16.163575382874694
5164,5164,4,19.39629045944963
5165,5165,5,35.55986584232433
5166,5166,6,54.95615630177396
5167,5167,7,64.65430153149877
5168,5168,8,64.65430153149877
5169,5169,9,54.95615630177396
5170,5170,10,48.49072614862408
5171,5171,11,45.258011072049136
5172,5172,12,45.258011072049136
5173,5173,13,45.258011072049136
5174,5174,14,48.49072614862408
5175,5175,15,51.723441225199025
5176,5176,16,58.1888713783489
5177,5177,17,64.65430153149877
5178,5178,18,64.65430153149877
5179,5179,19,64.65430153149877
5180,5180,20,64.65430153149877
5181,5181,21,58.1888713783489
5182,5182,22,45.258011072049136
5183,5183,23,29.09443568917445
5184,5184,0,19.39629045944963
5185,5185,1,16.163575382874694
5186,5186,2,16.163575382874694
5187,5187,3,16.163575382874694
5188,5188,4,19.39629045944963
5189,5189,5,35.55986584232433
5190,5190,6,54.95615630177396
5191,5191,7,64.65430153149877
5192,5192,8,64.65430153149877
5193,5193,9,54.95615630177396
5194,5194,10,48.49072614862408
5195,5195,11,45.258011072049136
5196,5196,12,45.258011072049136
5197,5197,13,45.258011072049136
5198,5198,14,48.49072614862408
5199,5199,15,51.723441225199025
5200,5200,16,58.1888713783489
5201,5201,17,64.65430153149877
5202,5202,18,64.65430153149877
5203,5203,19,64.65430153149877
5204,5204,20,64.65430153149877
5205,5205,21,58.1888713783489
5206,5206,22,45.258011072049136
5207,5207,23,29.09443568917445
5208,5208,0,19.39629045944963
5209,5209,1,16.163575382874694
5210,5210,2,16.163575382874694
5211,5211,3,16.163575382874694
5212,5212,4,19.39629045944963
5213,5213,5,35.55986584232433
5214,5214,6,54.95615630177396
5215,5215,7,64.65430153149877
5216,5216,8,64.65430153149877
5217,5217,9,54.95615630177396
5218,5218,10,48.49072614862408
5219,5219,11,45.258011072049136
5220,5220,12,45.258011072049136
5221,5221,13,45.258011072049136
5222,5222,14,48.49072614862408
5223,5223,15,51.723441225199025
5224,5224,16,58.1888713783489
5225,5225,17,64.65430153149877
5226,5226,18,64.65430153149877
5227,5227,19,64.65430153149877
5228,5228,20,64.65430153149877
5229,5229,21,58.1888713783489
5230,5230,22,45.258011072049136
5231,5231,23,29.09443568917445
5232,5232,0,19.39629045944963
5233,5233,1,16.163575382874694
5234,5234,2,16.163575382874694
5235,5235,3,16.163575382874694
5236,5236,4,19.39629045944963
5237,5237,5,35.55986584232433
5238,5238,6,54.95615630177396
5239,5239,7,64.65430153149877
5240,5240,8,64.65430153149877
5241,5241,9,54.95615630177396
5242,5242,10,48.49072614862408
5243,5243,11,45.258011072049136
5244,5244,12,45.258011072049136
5245,5245,13,45.258011072049136
5246,5246,14,48.49072614862408
5247,5247,15,51.723441225199025
5248,5248,16,58.1888713783489
5249,5249,17,64.65430153149877
5250,5250,18,64.65430153149877
5251,5251,19,64.65430153149877
5252,5252,20,64.65430153149877
5253,5253,21,58.1888713783489
5254,5254,22,45.258011072049136
5255,5255,23,29.09443568917445
5256,5256,0,19.39629045944963
5257,5257,1,16.163575382874694
5258,5258,2,16.163575382874694
5259,5259,3,16.163575382874694
5260,5260,4,19.39629045944963
5261,5261,5,35.55986584232433
5262,5262,6,54.95615630177396
5263,5263,7,64.65430153149877
5264,5264,8,64.65430153149877
5265,5265,9,54.95615630177396
5266,5266,10,48.49072614862408
5267,5267,11,45.258011072049136
5268,5268,12,45.258011072049136
5269,5269,13,45.258011072049136
5270,5270,14,48.49072614862408
5271,5271,15,51.723441225199025
5272,5272,16,58.1888713783489
5273,5273,17,64.65430153149877
5274,5274,18,64.65430153149877
5275,5275,19,64.65430153149877
5276,5276,20,64.65430153149877
5277,5277,21,58.1888713783489
5278,5278,22,45.258011072049136
5279,5279,23,29.09443568917445
5280,5280,0,19.39629045944963
5281,5281,1,16.163575382874694
5282,5282,2,16.163575382874694
5283,5283,3,16.163575382874694
5284,5284,4,19.39629045944963
5285,5285,5,35.55986584232433
5286,5286,6,54.95615630177396
5287,5287,7,64.65430153149877
5288,5288,8,64.65430153149877
5289,5289,9,54.95615630177396
5290,5290,10,48.49072614862408
5291,5291,11,45.258011072049136
5292,5292,12,45.258011072049136
5293,5293,13,45.258011072049136
5294,5294,14,48.49072614862408
5295,5295,15,51.723441225199025
5296,5296,16,58.1888713783489
5297,5297,17,64.65430153149877
5298,5298,18,64.65430153149877
5299,5299,19,64.65430153149877
5300,5300,20,64.65430153149877
5301,5301,21,58.1888713783489
5302,5302,22,45.258011072049136
5303,5303,23,29.09443568917445
5304,5304,0,19.39629045944963
5305,5305,1,16.163575382874694
5306,5306,2,16.163575382874694
5307,5307,3,16.163575382874694
5308,5308,4,19.39629045944963
5309,5309,5,35.55986584232433
5310,5310,6,54.95615630177396
5311,5311,7,64.65430153149877
5312,5312,8,64.65430153149877
5313,5313,9,54.95615630177396
5314,5314,10,48.49072614862408
5315,5315,11,45.258011072049136
5316,5316,12,45.258011072049136
5317,5317,13,45.258011072049136
5318,5318,14,48.49072614862408
5319,5319,15,51.723441225199025
5320,5320,16,58.1888713783489
5321,5321,17,64.65430153149877
5322,5322,18,64.65430153149877
5323,5323,19,64.65430153149877
5324,5324,20,64.65430153149877
5325,5325,21,58.1888713783489
5326,5326,22,45.258011072049136
5327,5327,23,29.09443568917445
5328,5328,0,19.39629045944963
5329,5329,1,16.163575382874694
5330,5330,2,16.163575382874694
5331,5331,3,16.163575382874694
5332,5332,4,19.39629045944963
5333,5333,5,35.55986584232433
5334,5334,6,54.95615630177396
5335,5335,7,64.65430153149877
5336,5336,8,64.65430153149877
5337,5337,9,54.95615630177396
5338,5338,10,48.49072614862408
5339,5339,11,45.258011072049136
5340,5340,12,45.258011072049136
5341,5341,13,45.258011072049136
5342,5342,14,48.49072614862408
5343,5343,15,51.723441225199025
5344,5344,16,58.1888713783489
5345,5345,17,64.65430153149877
5346,5346,18,64.65430153149877
5347,5347,19,64.65430153149877
5348,5348,20,64.65430153149877
5349,5349,21,58.1888713783489
5350,5350,22,45.258011072049136
5351,5351,23,29.09443568917445
5352,5352,0,19.39629045944963
5353,5353,1,16.163575382874694
5354,5354,2,16.163575382874694
5355,5355,3,16.163575382874694
5356,5356,4,19.39629045944963
5357,5357,5,35.55986584232433
5358,5358,6,54.95615630177396
5359,5359,7,64.65430153149877
5360,5360,8,64.65430153149877
5361,5361,9,54.95615630177396
5362,5362,10,48.49072614862408
5363,5363,11,45.258011072049136
5364,5364,12,45.258011072049136
5365,5365,13,45.258011072049136
5366,5366,14,48.49072614862408
5367,5367,15,51.723441225199025
5368,5368,16,58.1888713783489
5369,5369,17,64.65430153149877
5370,5370,18,64.65430153149877
5371,5371,19,64.65430153149877
5372,5372,20,64.65430153149877
5373,5373,21,58.1888713783489
5374,5374,22,45.258011072049136
5375,5375,23,29.09443568917445
5376,5376,0,19.39629045944963
5377,5377,1,16.163575382874694
5378,5378,2,16.163575382874694
5379,5379,3,16.163575382874694
5380,5380,4,19.39629045944963
5381,5381,5,35.55986584232433
5382,5382,6,54.95615630177396
5383,5383,7,64.65430153149877
5384,5384,8,64.65430153149877
5385,5385,9,54.95615630177396
5386,5386,10,48.49072614862408
5387,5387,11,45.258011072049136
5388,5388,12,45.258011072049136
5389,5389,13,45.258011072049136
5390,5390,14,48.49072614862408
5391,5391,15,51.723441225199025
5392,5392,16,58.1888713783489
5393,5393,17,64.65430153149877
5394,5394,18,64.65430153149877
5395,5395,19,64.65430153149877
5396,5396,20,64.65430153149877
5397,5397,21,58.1888713783489
5398,5398,22,45.258011072049136
5399,5399,23,29.09443568917445
5400,5400,0,19.39629045944963
5401,5401,1,16.163575382874694
5402,5402,2,16.163575382874694
5403,5403,3,16.163575382874694
5404,5404,4,19.39629045944963
5405,5405,5,35.55986584232433
5406,5406,6,54.95615630177396
5407,5407,7,64.65430153149877
5408,5408,8,64.65430153149877
5409,5409,9,54.95615630177396
5410,5410,10,48.49072614862408
5411,5411,11,45.258011072049136
5412,5412,12,45.258011072049136
5413,5413,13,45.258011072049136
5414,5414,14,48.49072614862408
5415,5415,15,51.723441225199025
5416,5416,16,58.1888713783489
5417,5417,17,64.65430153149877
5418,5418,18,64.65430153149877
5419,5419,19,64.65430153149877
5420,5420,20,64.65430153149877
5421,5421,21,58.1888713783489
5422,5422,22,45.258011072049136
5423,5423,23,29.09443568917445
5424,5424,0,19.39629045944963
5425,5425,1,16.163575382874694
5426,5426,2,16.163575382874694
5427,5427,3,16.163575382874694
5428,5428,4,19.39629045944963
5429,5429,5,35.55986584232433
5430,5430,6,54.95615630177396
5431,5431,7,64.65430153149877
5432,5432,8,64.65430153149877
5433,5433,9,54.95615630177396
5434,5434,10,48.49072614862408
5435,5435,11,45.258011072049136
5436,5436,12,45.258011072049136
5437,5437,13,45.258011072049136
5438,5438,14,48.49072614862408
5439,5439,15,51.723441225199025
5440,5440,16,58.1888713783489
5441,5441,17,64.65430153149877
5442,5442,18,64.65430153149877
5443,5443,19,64.65430153149877
5444,5444,20,64.65430153149877
5445,5445,21,58.1888713783489
5446,5446,22,45.258011072049136
5447,5447,23,29.09443568917445
5448,5448,0,19.39629045944963
5449,5449,1,16.163575382874694
5450,5450,2,16.163575382874694
5451,5451,3,16.163575382874694
5452,5452,4,19.39629045944963
5453,5453,5,35.55986584232433
5454,5454,6,54.95615630177396
5455,5455,7,64.65430153149877
5456,5456,8,64.65430153149877
5457,5457,9,54.95615630177396
5458,5458,10,48.49072614862408
5459,5459,11,45.258011072049136
5460,5460,12,45.258011072049136
5461,5461,13,45.258011072049136
5462,5462,14,48.49072614862408
5463,5463,15,51.723441225199025
5464,5464,16,58.1888713783489
5465,5465,17,64.65430153149877
5466,5466,18,64.65430153149877
5467,5467,19,64.65430153149877
5468,5468,20,64.65430153149877
5469,5469,21,58.1888713783489
5470,5470,22,45.258011072049136
5471,5471,23,29.09443568917445
5472,5472,0,19.39629045944963
5473,5473,1,16.163575382874694
5474,5474,2,16.163575382874694
5475,5475,3,16.163575382874694
5476,5476,4,19.39629045944963
5477,5477,5,35.55986584232433
5478,5478,6,54.95615630177396
5479,5479,7,64.65430153149877
5480,5480,8,64.65430153149877
5481,5481,9,54.95615630177396
5482,5482,10,48.49072614862408
5483,5483,11,45.258011072049136
5484,5484,12,45.258011072049136
5485,5485,13,45.258011072049136
5486,5486,14,48.49072614862408
5487,5487,15,51.723441225199025
5488,5488,16,58.1888713783489
5489,5489,17,64.65430153149877
5490,5490,18,64.65430153149877
5491,5491,19,64.65430153149877
5492,5492,20,64.65430153149877
5493,5493,21,58.1888713783489
5494,5494,22,45.258011072049136
5495,5495,23,29.09443568917445
5496,5496,0,19.39629045944963
5497,5497,1,16.163575382874694
5498,5498,2,16.163575382874694
5499,5499,3,16.163575382874694
5500,5500,4,19.39629045944963
5501,5501,5,35.55986584232433
5502,5502,6,54.95615630177396
5503,5503,7,64.65430153149877
5504,5504,8,64.65430153149877
5505,5505,9,54.95615630177396
5506,5506,10,48.49072614862408
5507,5507,11,45.258011072049136
5508,5508,12,45.258011072049136
5509,5509,13,45.258011072049136
5510,5510,14,48.49072614862408
5511,5511,15,51.723441225199025
5512,5512,16,58.1888713783489
5513,5513,17,64.65430153149877
5514,5514,18,64.65430153149877
5515,5515,19,64.65430153149877
5516,5516,20,64.65430153149877
5517,5517,21,58.1888713783489
5518,5518,22,45.258011072049136
5519,5519,23,29.09443568917445
5520,5520,0,19.39629045944963
5521,5521,1,16.163575382874694
5522,5522,2,16.163575382874694
5523,5523,3,16.163575382874694
5524,5524,4,19.39629045944963
5525,5525,5,35.55986584232433
5526,5526,6,54.95615630177396
5527,5527,7,64.65430153149877
5528,5528,8,64.65430153149877
5529,5529,9,54.95615630177396
5530,5530,10,48.49072614862408
5531,5531,11,45.258011072049136
5532,5532,12,45.258011072049136
5533,5533,13,45.258011072049136
5534,5534,14,48.49072614862408
5535,5535,15,51.723441225199025
5536,5536,16,58.1888713783489
5537,5537,17,64.65430153149877
5538,5538,18,64.65430153149877
5539,5539,19,64.65430153149877
5540,5540,20,64.65430153149877
5541,5541,21,58.1888713783489
5542,5542,22,45.258011072049136
5543,5543,23,29.09443568917445
5544,5544,0,19.39629045944963
5545,5545,1,16.163575382874694
5546,5546,2,16.163575382874694
5547,5547,3,16.163575382874694
5548,5548,4,19.39629045944963
5549,5549,5,35.55986584232433
5550,5550,6,54.95615630177396
5551,5551,7,64.65430153149877
5552,5552,8,64.65430153149877
5553,5553,9,54.95615630177396
5554,5554,10,48.49072614862408
5555,5555,11,45.258011072049136
5556,5556,12,45.258011072049136
5557,5557,13,45.258011072049136
5558,5558,14,48.49072614862408
5559,5559,15,51.723441225199025
5560,5560,16,58.1888713783489
5561,5561,17,64.65430153149877
5562,5562,18,64.65430153149877
5563,5563,19,64.65430153149877
5564,5564,20,64.65430153149877
5565,5565,21,58.1888713783489
5566,5566,22,45.258011072049136
5567,5567,23,29.09443568917445
5568,5568,0,19.39629045944963
5569,5569,1,16.163575382874694
5570,5570,2,16.163575382874694
5571,5571,3,16.163575382874694
5572,5572,4,19.39629045944963
5573,5573,5,35.55986584232433
5574,5574,6,54.95615630177396
5575,5575,7,64.65430153149877
5576,5576,8,64.65430153149877
5577,5577,9,54.95615630177396
5578,5578,10,48.49072614862408
5579,5579,11,45.258011072049136
5580,5580,12,45.258011072049136
5581,5581,13,45.258011072049136
5582,5582,14,48.49072614862408
5583,5583,15,51.723441225199025
5584,5584,16,58.1888713783489
5585,5585,17,64.65430153149877
5586,5586,18,64.65430153149877
5587,5587,19,64.65430153149877
5588,5588,20,64.65430153149877
5589,5589,21,58.1888713783489
5590,5590,22,45.258011072049136
5591,5591,23,29.09443568917445
5592,5592,0,19.39629045944963
5593,5593,1,16.163575382874694
5594,5594,2,16.163575382874694
5595,5595,3,16.163575382874694
5596,5596,4,19.39629045944963
5597,5597,5,35.55986584232433
5598,5598,6,54.95615630177396
5599,5599,7,64.65430153149877
5600,5600,8,64.65430153149877
5601,5601,9,54.95615630177396
5602,5602,10,48.49072614862408
5603,5603,11,45.258011072049136
5604,5604,12,45.258011072049136
5605,5605,13,45.258011072049136
5606,5606,14,48.49072614862408
5607,5607,15,51.723441225199025
5608,5608,16,58.1888713783489
5609,5609,17,64.65430153149877
5610,5610,18,64.65430153149877
5611,5611,19,64.65430153149877
5612,5612,20,64.65430153149877
5613,5613,21,58.1888713783489
5614,5614,22,45.258011072049136
5615,5615,23,29.09443568917445
5616,5616,0,19.39629045944963
5617,5617,1,16.163575382874694
5618,5618,2,16.163575382874694
5619,5619,3,16.163575382874694
5620,5620,4,19.39629045944963
5621,5621,5,35.55986584232433
5622,5622,6,54.95615630177396
5623,5623,7,64.65430153149877
5624,5624,8,64.65430153149877
5625,5625,9,54.95615630177396
5626,5626,10,48.49072614862408
5627,5627,11,45.258011072049136
5628,5628,12,45.258011072049136
5629,5629,13,45.258011072049136
5630,5630,14,48.49072614862408
5631,5631,15,51.723441225199025
5632,5632,16,58.1888713783489
5633,5633,17,64.65430153149877
5634,5634,18,64.65430153149877
5635,5635,19,64.65430153149877
5636,5636,20,64.65430153149877
5637,5637,21,58.1888713783489
5638,5638,22,45.258011072049136
5639,5639,23,29.09443568917445
5640,5640,0,19.39629045944963
5641,5641,1,16.163575382874694
5642,5642,2,16.163575382874694
5643,5643,3,16.163575382874694
5644,5644,4,19.39629045944963
5645,5645,5,35.55986584232433
5646,5646,6,54.95615630177396
5647,5647,7,64.65430153149877
5648,5648,8,64.65430153149877
5649,5649,9,54.95615630177396
5650,5650,10,48.49072614862408
5651,5651,11,45.258011072049136
5652,5652,12,45.258011072049136
5653,5653,13,45.258011072049136
5654,5654,14,48.49072614862408
5655,5655,15,51.723441225199025
5656,5656,16,58.1888713783489
5657,5657,17,64.65430153149877
5658,5658,18,64.65430153149877
5659,5659,19,64.65430153149877
5660,5660,20,64.65430153149877
5661,5661,21,58.1888713783489
5662,5662,22,45.258011072049136
5663,5663,23,29.09443568917445
5664,5664,0,19.39629045944963
5665,5665,1,16.163575382874694
5666,5666,2,16.163575382874694
5667,5667,3,16.163575382874694
5668,5668,4,19.39629045944963
5669,5669,5,35.55986584232433
5670,5670,6,54.95615630177396
5671,5671,7,64.65430153149877
5672,5672,8,64.65430153149877
5673,5673,9,54.95615630177396
5674,5674,10,48.49072614862408
5675,5675,11,45.258011072049136
5676,5676,12,45.258011072049136
5677,5677,13,45.258011072049136
5678,5678,14,48.49072614862408
5679,5679,15,51.723441225199025
5680,5680,16,58.1888713783489
5681,5681,17,64.65430153149877
5682,5682,18,64.65430153149877
5683,5683,19,64.65430153149877
5684,5684,20,64.65430153149877
5685,5685,21,58.1888713783489
5686,5686,22,45.258011072049136
5687,5687,23,29.09443568917445
5688,5688,0,19.39629045944963
5689,5689,1,16.163575382874694
5690,5690,2,16.163575382874694
5691,5691,3,16.163575382874694
5692,5692,4,19.39629045944963
5693,5693,5,35.55986584232433
5694,5694,6,54.95615630177396
5695,5695,7,64.65430153149877
5696,5696,8,64.65430153149877
5697,5697,9,54.95615630177396
5698,5698,10,48.49072614862408
5699,5699,11,45.258011072049136
5700,5700,12,45.258011072049136
5701,5701,13,45.258011072049136
5702,5702,14,48.49072614862408
5703,5703,15,51.723441225199025
5704,5704,16,58.1888713783489
5705,5705,17,64.65430153149877
5706,5706,18,64.65430153149877
5707,5707,19,64.65430153149877
5708,5708,20,64.65430153149877
5709,5709,21,58.1888713783489
5710,5710,22,45.258011072049136
5711,5711,23,29.09443568917445
5712,5712,0,19.39629045944963
5713,5713,1,16.163575382874694
5714,5714,2,16.163575382874694
5715,5715,3,16.163575382874694
5716,5716,4,19.39629045944963
5717,5717,5,35.55986584232433
5718,5718,6,54.95615630177396
5719,5719,7,64.65430153149877
5720,5720,8,64.65430153149877
5721,5721,9,54.95615630177396
5722,5722,10,48.49072614862408
5723,5723,11,45.258011072049136
5724,5724,12,45.258011072049136
5725,5725,13,45.258011072049136
5726,5726,14,48.49072614862408
5727,5727,15,51.723441225199025
5728,5728,16,58.1888713783489
5729,5729,17,64.65430153149877
5730,5730,18,64.65430153149877
5731,5731,19,64.65430153149877
5732,5732,20,64.65430153149877
5733,5733,21,58.1888713783489
5734,5734,22,45.258011072049136
5735,5735,23,29.09443568917445
5736,5736,0,19.39629045944963
5737,5737,1,16.163575382874694
5738,5738,2,16.163575382874694
5739,5739,3,16.163575382874694
5740,5740,4,19.39629045944963
5741,5741,5,35.55986584232433
5742,5742,6,54.95615630177396
5743,5743,7,64.65430153149877
5744,5744,8,64.65430153149877
5745,5745,9,54.95615630177396
5746,5746,10,48.49072614862408
5747,5747,11,45.258011072049136
5748,5748,12,45.258011072049136
5749,5749,13,45.258011072049136
5750,5750,14,48.49072614862408
5751,5751,15,51.723441225199025
5752,5752,16,58.1888713783489
5753,5753,17,64.65430153149877
5754,5754,18,64.65430153149877
5755,5755,19,64.65430153149877
5756,5756,20,64.65430153149877
5757,5757,21,58.1888713783489
5758,5758,22,45.258011072049136
5759,5759,23,29.09443568917445
5760,5760,0,19.39629045944963
5761,5761,1,16.163575382874694
5762,5762,2,16.163575382874694
5763,5763,3,16.163575382874694
5764,5764,4,19.39629045944963
5765,5765,5,35.55986584232433
5766,5766,6,54.95615630177396
5767,5767,7,64.65430153149877
5768,5768,8,64.65430153149877
5769,5769,9,54.95615630177396
5770,5770,10,48.49072614862408
5771,5771,11,45.258011072049136
5772,5772,12,45.258011072049136
5773,5773,13,45.258011072049136
5774,5774,14,48.49072614862408
5775,5775,15,51.723441225199025
5776,5776,16,58.1888713783489
5777,5777,17,64.65430153149877
5778,5778,18,64.65430153149877
5779,5779,19,64.65430153149877
5780,5780,20,64.65430153149877
5781,5781,21,58.1888713783489
5782,5782,22,45.258011072049136
5783,5783,23,29.09443568917445
5784,5784,0,19.39629045944963
5785,5785,1,16.163575382874694
5786,5786,2,16.163575382874694
5787,5787,3,16.163575382874694
5788,5788,4,19.39629045944963
5789,5789,5,35.55986584232433
5790,5790,6,54.95615630177396
5791,5791,7,64.65430153149877
5792,5792,8,64.65430153149877
5793,5793,9,54.95615630177396
5794,5794,10,48.49072614862408
5795,5795,11,45.258011072049136
5796,5796,12,45.258011072049136
5797,5797,13,45.258011072049136
5798,5798,14,48.49072614862408
5799,5799,15,51.723441225199025
5800,5800,16,58.1888713783489
5801,5801,17,64.65430153149877
5802,5802,18,64.65430153149877
5803,5803,19,64.65430153149877
5804,5804,20,64.65430153149877
5805,5805,21,58.1888713783489
5806,5806,22,45.258011072049136
5807,5807,23,29.09443568917445
5808,5808,0,19.39629045944963
5809,5809,1,16.163575382874694
5810,5810,2,16.163575382874694
5811,5811,3,16.163575382874694
5812,5812,4,19.39629045944963
5813,5813,5,35.55986584232433
5814,5814,6,54.95615630177396
5815,5815,7,64.65430153149877
5816,5816,8,64.65430153149877
5817,5817,9,54.95615630177396
5818,5818,10,48.49072614862408
5819,5819,11,45.258011072049136
5820,5820,12,45.258011072049136
5821,5821,13,45.258011072049136
5822,5822,14,48.49072614862408
5823,5823,15,51.723441225199025
5824,5824,16,58.1888713783489
5825,5825,17,64.65430153149877
5826,5826,18,64.65430153149877
5827,5827,19,64.65430153149877
5828,5828,20,64.65430153149877
5829,5829,21,58.1888713783489
5830,5830,22,45.258011072049136
5831,5831,23,29.09443568917445
5832,5832,0,19.39629045944963
5833,5833,1,16.163575382874694
5834,5834,2,16.163575382874694
5835,5835,3,16.163575382874694
5836,5836,4,19.39629045944963
5837,5837,5,35.55986584232433
5838,5838,6,54.95615630177396
5839,5839,7,64.65430153149877
5840,5840,8,64.65430153149877
5841,5841,9,54.95615630177396
5842,5842,10,48.49072614862408
5843,5843,11,45.258011072049136
5844,5844,12,45.258011072049136
5845,5845,13,45.258011072049136
5846,5846,14,48.49072614862408
5847,5847,15,51.723441225199025
5848,5848,16,58.1888713783489
5849,5849,17,64.65430153149877
5850,5850,18,64.65430153149877
5851,5851,19,64.65430153149877
5852,5852,20,64.65430153149877
5853,5853,21,58.1888713783489
5854,5854,22,45.258011072049136
5855,5855,23,29.09443568917445
5856,5856,0,19.39629045944963
5857,5857,1,16.163575382874694
5858,5858,2,16.163575382874694
5859,5859,3,16.163575382874694
5860,5860,4,19.39629045944963
5861,5861,5,35.55986584232433
5862,5862,6,54.95615630177396
5863,5863,7,64.65430153149877
5864,5864,8,64.65430153149877
5865,5865,9,54.95615630177396
5866,5866,10,48.49072614862408
5867,5867,11,45.258011072049136
5868,5868,12,45.258011072049136
5869,5869,13,45.258011072049136
5870,5870,14,48.49072614862408
5871,5871,15,51.723441225199025
5872,5872,16,58.1888713783489
5873,5873,17,64.65430153149877
5874,5874,18,64.65430153149877
5875,5875,19,64.65430153149877
5876,5876,20,64.65430153149877
5877,5877,21,58.1888713783489
5878,5878,22,45.258011072049136
5879,5879,23,29.09443568917445
5880,5880,0,19.39629045944963
5881,5881,1,16.163575382874694
5882,5882,2,16.163575382874694
5883,5883,3,16.163575382874694
5884,5884,4,19.39629045944963
5885,5885,5,35.55986584232433
5886,5886,6,54.95615630177396
5887,5887,7,64.65430153149877
5888,5888,8,64.65430153149877
5889,5889,9,54.95615630177396
5890,5890,10,48.49072614862408
5891,5891,11,45.258011072049136
5892,5892,12,45.258011072049136
5893,5893,13,45.258011072049136
5894,5894,14,48.49072614862408
5895,5895,15,51.723441225199025
5896,5896,16,58.1888713783489
5897,5897,17,64.65430153149877
5898,5898,18,64.65430153149877
5899,5899,19,64.65430153149877
5900,5900,20,64.65430153149877
5901,5901,21,58.1888713783489
5902,5902,22,45.258011072049136
5903,5903,23,29.09443568917445
5904,5904,0,19.39629045944963
5905,5905,1,16.163575382874694
5906,5906,2,16.163575382874694
5907,5907,3,16.163575382874694
5908,5908,4,19.39629045944963
5909,5909,5,35.55986584232433
5910,5910,6,54.95615630177396
5911,5911,7,64.65430153149877
5912,5912,8,64.65430153149877
5913,5913,9,54.95615630177396
5914,5914,10,48.49072614862408
5915,5915,11,45.258011072049136
5916,5916,12,45.258011072049136
5917,5917,13,45.258011072049136
5918,5918,14,48.49072614862408
5919,5919,15,51.723441225199025
5920,5920,16,58.1888713783489
5921,5921,17,64.65430153149877
5922,5922,18,64.65430153149877
5923,5923,19,64.65430153149877
5924,5924,20,64.65430153149877
5925,5925,21,58.1888713783489
5926,5926,22,45.258011072049136
5927,5927,23,29.09443568917445
5928,5928,0,19.39629045944963
5929,5929,1,16.163575382874694
5930,5930,2,16.163575382874694
5931,5931,3,16.163575382874694
5932,5932,4,19.39629045944963
5933,5933,5,35.55986584232433
5934,5934,6,54.95615630177396
5935,5935,7,64.65430153149877
5936,5936,8,64.65430153149877
5937,5937,9,54.95615630177396
5938,5938,10,48.49072614862408
5939,5939,11,45.258011072049136
5940,5940,12,45.258011072049136
5941,5941,13,45.258011072049136
5942,5942,14,48.49072614862408
5943,5943,15,51.723441225199025
5944,5944,16,58.1888713783489
5945,5945,17,64.65430153149877
5946,5946,18,64.65430153149877
5947,5947,19,64.65430153149877
5948,5948,20,64.65430153149877
5949,5949,21,58.1888713783489
5950,5950,22,45.258011072049136
5951,5951,23,29.09443568917445
5952,5952,0,19.39629045944963
5953,5953,1,16.163575382874694
5954,5954,2,16.163575382874694
5955,5955,3,16.163575382874694
5956,5956,4,19.39629045944963
5957,5957,5,35.55986584232433
5958,5958,6,54.95615630177396
5959,5959,7,64.65430153149877
5960,5960,8,64.65430153149877
5961,5961,9,54.95615630177396
5962,5962,10,48.49072614862408
5963,5963,11,45.258011072049136
5964,5964,12,45.258011072049136
5965,5965,13,45.258011072049136
5966,5966,14,48.49072614862408
5967,5967,15,51.723441225199025
5968,5968,16,58.1888713783489
5969,5969,17,64.65430153149877
5970,5970,18,64.65430153149877
5971,5971,19,64.65430153149877
5972,5972,20,64.65430153149877
5973,5973,21,58.1888713783489
5974,5974,22,45.258011072049136
5975,5975,23,29.09443568917445
5976,5976,0,19.39629045944963
5977,5977,1,16.163575382874694
5978,5978,2,16.163575382874694
5979,5979,3,16.163575382874694
5980,5980,4,19.39629045944963
5981,5981,5,35.55986584232433
5982,5982,6,54.95615630177396
5983,5983,7,64.65430153149877
5984,5984,8,64.65430153149877
5985,5985,9,54.95615630177396
5986,5986,10,48.49072614862408
5987,5987,11,45.258011072049136
5988,5988,12,45.258011072049136
5989,5989,13,45.258011072049136
5990,5990,14,48.49072614862408
5991,5991,15,51.723441225199025
5992,5992,16,58.1888713783489
5993,5993,17,64.65430153149877
5994,5994,18,64.65430153149877
5995,5995,19,64.65430153149877
5996,5996,20,64.65430153149877
5997,5997,21,58.1888713783489
5998,5998,22,45.258011072049136
5999,5999,23,29.09443568917445
6000,6000,0,19.39629045944963
6001,6001,1,16.163575382874694
6002,6002,2,16.163575382874694
6003,6003,3,16.163575382874694
6004,6004,4,19.39629045944963
6005,6005,5,35.55986584232433
6006,6006,6,54.95615630177396
6007,6007,7,64.65430153149877
6008,6008,8,64.65430153149877
6009,6009,9,54.95615630177396
6010,6010,10,48.49072614862408
6011,6011,11,45.258011072049136
6012,6012,12,45.258011072049136
6013,6013,13,45.258011072049136
6014,6014,14,48.49072614862408
6015,6015,15,51.723441225199025
6016,6016,16,58.1888713783489
6017,6017,17,64.65430153149877
6018,6018,18,64.65430153149877
6019,6019,19,64.65430153149877
6020,6020,20,64.65430153149877
6021,6021,21,58.1888713783489
6022,6022,22,45.258011072049136
6023,6023,23,29.09443568917445
6024,6024,0,19.39629045944963
6025,6025,1,16.163575382874694
6026,6026,2,16.163575382874694
6027,6027,3,16.163575382874694
6028,6028,4,19.39629045944963
6029,6029,5,35.55986584232433
6030,6030,6,54.95615630177396
6031,6031,7,64.65430153149877
6032,6032,8,64.65430153149877
6033,6033,9,54.95615630177396
6034,6034,10,48.49072614862408
6035,6035,11,45.258011072049136
6036,6036,12,45.258011072049136
6037,6037,13,45.258011072049136
6038,6038,14,48.49072614862408
6039,6039,15,51.723441225199025
6040,6040,16,58.1888713783489
6041,6041,17,64.65430153149877
6042,6042,18,64.65430153149877
6043,6043,19,64.65430153149877
6044,6044,20,64.65430153149877
6045,6045,21,58.1888713783489
6046,6046,22,45.258011072049136
6047,6047,23,29.09443568917445
6048,6048,0,19.39629045944963
6049,6049,1,16.163575382874694
6050,6050,2,16.163575382874694
6051,6051,3,16.163575382874694
6052,6052,4,19.39629045944963
6053,6053,5,35.55986584232433
6054,6054,6,54.95615630177396
6055,6055,7,64.65430153149877
6056,6056,8,64.65430153149877
6057,6057,9,54.95615630177396
6058,6058,10,48.49072614862408
6059,6059,11,45.258011072049136
6060,6060,12,45.258011072049136
6061,6061,13,45.258011072049136
6062,6062,14,48.49072614862408
6063,6063,15,51.723441225199025
6064,6064,16,58.1888713783489
6065,6065,17,64.65430153149877
6066,6066,18,64.65430153149877
6067,6067,19,64.65430153149877
6068,6068,20,64.65430153149877
6069,6069,21,58.1888713783489
6070,6070,22,45.258011072049136
6071,6071,23,29.09443568917445
6072,6072,0,19.39629045944963
6073,6073,1,16.163575382874694
6074,6074,2,16.163575382874694
6075,6075,3,16.163575382874694
6076,6076,4,19.39629045944963
6077,6077,5,35.55986584232433
6078,6078,6,54.95615630177396
6079,6079,7,64.65430153149877
6080,6080,8,64.65430153149877
6081,6081,9,54.95615630177396
6082,6082,10,48.49072614862408
6083,6083,11,45.258011072049136
6084,6084,12,45.258011072049136
6085,6085,13,45.258011072049136
6086,6086,14,48.49072614862408
6087,6087,15,51.723441225199025
6088,6088,16,58.1888713783489
6089,6089,17,64.65430153149877
6090,6090,18,64.65430153149877
6091,6091,19,64.65430153149877
6092,6092,20,64.65430153149877
6093,6093,21,58.1888713783489
6094,6094,22,45.258011072049136
6095,6095,23,29.09443568917445
6096,6096,0,19.39629045944963
6097,6097,1,16.163575382874694
6098,6098,2,16.163575382874694
6099,6099,3,16.163575382874694
6100,6100,4,19.39629045944963
6101,6101,5,35.55986584232433
6102,6102,6,54.95615630177396
6103,6103,7,64.65430153149877
6104,6104,8,64.65430153149877
6105,6105,9,54.95615630177396
6106,6106,10,48.49072614862408
6107,6107,11,45.258011072049136
6108,6108,12,45.258011072049136
6109,6109,13,45.258011072049136
6110,6110,14,48.49072614862408
6111,6111,15,51.723441225199025
6112,6112,16,58.1888713783489
6113,6113,17,64.65430153149877
6114,6114,18,64.65430153149877
6115,6115,19,64.65430153149877
6116,6116,20,64.65430153149877
6117,6117,21,58.1888713783489
6118,6118,22,45.258011072049136
6119,6119,23,29.09443568917445
6120,6120,0,19.39629045944963
6121,6121,1,16.163575382874694
6122,6122,2,16.163575382874694
6123,6123,3,16.163575382874694
6124,6124,4,19.39629045944963
6125,6125,5,35.55986584232433
6126,6126,6,54.95615630177396
6127,6127,7,64.65430153149877
6128,6128,8,64.65430153149877
6129,6129,9,54.95615630177396
6130,6130,10,48.49072614862408
6131,6131,11,45.258011072049136
6132,6132,12,45.258011072049136
6133,6133,13,45.258011072049136
6134,6134,14,48.49072614862408
6135,6135,15,51.723441225199025
6136,6136,16,58.1888713783489
6137,6137,17,64.65430153149877
6138,6138,18,64.65430153149877
6139,6139,19,64.65430153149877
6140,6140,20,64.65430153149877
6141,6141,21,58.1888713783489
6142,6142,22,45.258011072049136
6143,6143,23,29.09443568917445
6144,6144,0,19.39629045944963
6145,6145,1,16.163575382874694
6146,6146,2,16.163575382874694
6147,6147,3,16.163575382874694
6148,6148,4,19.39629045944963
6149,6149,5,35.55986584232433
6150,6150,6,54.95615630177396
6151,6151,7,64.65430153149877
6152,6152,8,64.65430153149877
6153,6153,9,54.95615630177396
6154,6154,10,48.49072614862408
6155,6155,11,45.258011072049136
6156,6156,12,45.258011072049136
6157,6157,13,45.258011072049136
6158,6158,14,48.49072614862408
6159,6159,15,51.723441225199025
6160,6160,16,58.1888713783489
6161,6161,17,64.65430153149877
6162,6162,18,64.65430153149877
6163,6163,19,64.65430153149877
6164,6164,20,64.65430153149877
6165,6165,21,58.1888713783489
6166,6166,22,45.258011072049136
6167,6167,23,29.09443568917445
6168,6168,0,19.39629045944963
6169,6169,1,16.163575382874694
6170,6170,2,16.163575382874694
6171,6171,3,16.163575382874694
6172,6172,4,19.39629045944963
6173,6173,5,35.55986584232433
6174,6174,6,54.95615630177396
6175,6175,7,64.65430153149877
6176,6176,8,64.65430153149877
6177,6177,9,54.95615630177396
6178,6178,10,48.49072614862408
6179,6179,11,45.258011072049136
6180,6180,12,45.258011072049136
6181,6181,13,45.258011072049136
6182,6182,14,48.49072614862408
6183,6183,15,51.723441225199025
6184,6184,16,58.1888713783489
6185,6185,17,64.65430153149877
6186,6186,18,64.65430153149877
6187,6187,19,64.65430153149877
6188,6188,20,64.65430153149877
6189,6189,21,58.1888713783489
6190,6190,22,45.258011072049136
6191,6191,23,29.09443568917445
6192,6192,0,19.39629045944963
6193,6193,1,16.163575382874694
6194,6194,2,16.163575382874694
6195,6195,3,16.163575382874694
6196,6196,4,19.39629045944963
6197,6197,5,35.55986584232433
6198,6198,6,54.95615630177396
6199,6199,7,64.65430153149877
6200,6200,8,64.65430153149877
6201,6201,9,54.95615630177396
6202,6202,10,48.49072614862408
6203,6203,11,45.258011072049136
6204,6204,12,45.258011072049136
6205,6205,13,45.258011072049136
6206,6206,14,48.49072614862408
6207,6207,15,51.723441225199025
6208,6208,16,58.1888713783489
6209,6209,17,64.65430153149877
6210,6210,18,64.65430153149877
6211,6211,19,64.65430153149877
6212,6212,20,64.65430153149877
6213,6213,21,58.1888713783489
6214,6214,22,45.258011072049136
6215,6215,23,29.09443568917445
6216,6216,0,19.39629045944963
6217,6217,1,16.163575382874694
6218,6218,2,16.163575382874694
6219,6219,3,16.163575382874694
6220,6220,4,19.39629045944963
6221,6221,5,35.55986584232433
6222,6222,6,54.95615630177396
6223,6223,7,64.65430153149877
6224,6224,8,64.65430153149877
6225,6225,9,54.95615630177396
6226,6226,10,48.49072614862408
6227,6227,11,45.258011072049136
6228,6228,12,45.258011072049136
6229,6229,13,45.258011072049136
6230,6230,14,48.49072614862408
6231,6231,15,51.723441225199025
6232,6232,16,58.1888713783489
6233,6233,17,64.65430153149877
6234,6234,18,64.65430153149877
6235,6235,19,64.65430153149877
6236,6236,20,64.65430153149877
6237,6237,21,58.1888713783489
6238,6238,22,45.258011072049136
6239,6239,23,29.09443568917445
6240,6240,0,19.39629045944963
6241,6241,1,16.163575382874694
6242,6242,2,16.163575382874694
6243,6243,3,16.163575382874694
6244,6244,4,19.39629045944963
6245,6245,5,35.55986584232433
6246,6246,6,54.95615630177396
6247,6247,7,64.65430153149877
6248,6248,8,64.65430153149877
6249,6249,9,54.95615630177396
6250,6250,10,48.49072614862408
6251,6251,11,45.258011072049136
6252,6252,12,45.258011072049136
6253,6253,13,45.258011072049136
6254,6254,14,48.49072614862408
6255,6255,15,51.723441225199025
6256,6256,16,58.1888713783489
6257,6257,17,64.65430153149877
6258,6258,18,64.65430153149877
6259,6259,19,64.65430153149877
6260,6260,20,64.65430153149877
6261,6261,21,58.1888713783489
6262,6262,22,45.258011072049136
6263,6263,23,29.09443568917445
6264,6264,0,19.39629045944963
6265,6265,1,16.163575382874694
6266,6266,2,16.163575382874694
6267,6267,3,16.163575382874694
6268,6268,4,19.39629045944963
6269,6269,5,35.55986584232433
6270,6270,6,54.95615630177396
6271,6271,7,64.65430153149877
6272,6272,8,64.65430153149877
6273,6273,9,54.95615630177396
6274,6274,10,48.49072614862408
6275,6275,11,45.258011072049136
6276,6276,12,45.258011072049136
6277,6277,13,45.258011072049136
6278,6278,14,48.49072614862408
6279,6279,15,51.723441225199025
6280,6280,16,58.1888713783489
6281,6281,17,64.65430153149877
6282,6282,18,64.65430153149877
6283,6283,19,64.65430153149877
6284,6284,20,64.65430153149877
6285,6285,21,58.1888713783489
6286,6286,22,45.258011072049136
6287,6287,23,29.09443568917445
6288,6288,0,19.39629045944963
6289,6289,1,16.163575382874694
6290,6290,2,16.163575382874694
6291,6291,3,16.163575382874694
6292,6292,4,19.39629045944963
6293,6293,5,35.55986584232433
6294,6294,6,54.95615630177396
6295,6295,7,64.65430153149877
6296,6296,8,64.65430153149877
6297,6297,9,54.95615630177396
6298,6298,10,48.49072614862408
6299,6299,11,45.258011072049136
6300,6300,12,45.258011072049136
6301,6301,13,45.258011072049136
6302,6302,14,48.49072614862408
6303,6303,15,51.723441225199025
6304,6304,16,58.1888713783489
6305,6305,17,64.65430153149877
6306,6306,18,64.65430153149877
6307,6307,19,64.65430153149877
6308,6308,20,64.65430153149877
6309,6309,21,58.1888713783489
6310,6310,22,45.258011072049136
6311,6311,23,29.09443568917445
6312,6312,0,19.39629045944963
6313,6313,1,16.163575382874694
6314,6314,2,16.163575382874694
6315,6315,3,16.163575382874694
6316,6316,4,19.39629045944963
6317,6317,5,35.55986584232433
6318,6318,6,54.95615630177396
6319,6319,7,64.65430153149877
6320,6320,8,64.65430153149877
6321,6321,9,54.95615630177396
6322,6322,10,48.49072614862408
6323,6323,11,45.258011072049136
6324,6324,12,45.258011072049136
6325,6325,13,45.258011072049136
6326,6326,14,48.49072614862408
6327,6327,15,51.723441225199025
6328,6328,16,58.1888713783489
6329,6329,17,64.65430153149877
6330,6330,18,64.65430153149877
6331,6331,19,64.65430153149877
6332,6332,20,64.65430153149877
6333,6333,21,58.1888713783489
6334,6334,22,45.258011072049136
6335,6335,23,29.09443568917445
6336,6336,0,19.39629045944963
6337,6337,1,16.163575382874694
6338,6338,2,16.163575382874694
6339,6339,3,16.163575382874694
6340,6340,4,19.39629045944963
6341,6341,5,35.55986584232433
6342,6342,6,54.95615630177396
6343,6343,7,64.65430153149877
6344,6344,8,64.65430153149877
6345,6345,9,54.95615630177396
6346,6346,10,48.49072614862408
6347,6347,11,45.258011072049136
6348,6348,12,45.258011072049136
6349,6349,13,45.258011072049136
6350,6350,14,48.49072614862408
6351,6351,15,51.723441225199025
6352,6352,16,58.1888713783489
6353,6353,17,64.65430153149877
6354,6354,18,64.65430153149877
6355,6355,19,64.65430153149877
6356,6356,20,64.65430153149877
6357,6357,21,58.1888713783489
6358,6358,22,45.258011072049136
6359,6359,23,29.09443568917445
6360,6360,0,19.39629045944963
6361,6361,1,16.163575382874694
6362,6362,2,16.163575382874694
6363,6363,3,16.163575382874694
6364,6364,4,19.39629045944963
6365,6365,5,35.55986584232433
6366,6366,6,54.95615630177396
6367,6367,7,64.65430153149877
6368,6368,8,64.65430153149877
6369,6369,9,54.95615630177396
6370,6370,10,48.49072614862408
6371,6371,11,45.258011072049136
6372,6372,12,45.258011072049136
6373,6373,13,45.258011072049136
6374,6374,14,48.49072614862408
6375,6375,15,51.723441225199025
6376,6376,16,58.1888713783489
6377,6377,17,64.65430153149877
6378,6378,18,64.65430153149877
6379,6379,19,64.65430153149877
6380,6380,20,64.65430153149877
6381,6381,21,58.1888713783489
6382,6382,22,45.258011072049136
6383,6383,23,29.09443568917445
6384,6384,0,19.39629045944963
6385,6385,1,16.163575382874694
6386,6386,2,16.163575382874694
6387,6387,3,16.163575382874694
6388,6388,4,19.39629045944963
6389,6389,5,35.55986584232433
6390,6390,6,54.95615630177396
6391,6391,7,64.65430153149877
6392,6392,8,64.65430153149877
6393,6393,9,54.95615630177396
6394,6394,10,48.49072614862408
6395,6395,11,45.258011072049136
6396,6396,12,45.258011072049136
6397,6397,13,45.258011072049136
6398,6398,14,48.49072614862408
6399,6399,15,51.723441225199025
6400,6400,16,58.1888713783489
6401,6401,17,64.65430153149877
6402,6402,18,64.65430153149877
6403,6403,19,64.65430153149877
6404,6404,20,64.65430153149877
6405,6405,21,58.1888713783489
6406,6406,22,45.258011072049136
6407,6407,23,29.09443568917445
6408,6408,0,19.39629045944963
6409,6409,1,16.163575382874694
6410,6410,2,16.163575382874694
6411,6411,3,16.163575382874694
6412,6412,4,19.39629045944963
6413,6413,5,35.55986584232433
6414,6414,6,54.95615630177396
6415,6415,7,64.65430153149877
6416,6416,8,64.65430153149877
6417,6417,9,54.95615630177396
6418,6418,10,48.49072614862408
6419,6419,11,45.258011072049136
6420,6420,12,45.258011072049136
6421,6421,13,45.258011072049136
6422,6422,14,48.49072614862408
6423,6423,15,51.723441225199025
6424,6424,16,58.1888713783489
6425,6425,17,64.65430153149877
6426,6426,18,64.65430153149877
6427,6427,19,64.65430153149877
6428,6428,20,64.65430153149877
6429,6429,21,58.1888713783489
6430,6430,22,45.258011072049136
6431,6431,23,29.09443568917445
6432,6432,0,19.39629045944963
6433,6433,1,16.163575382874694
6434,6434,2,16.163575382874694
6435,6435,3,16.163575382874694
6436,6436,4,19.39629045944963
6437,6437,5,35.55986584232433
6438,6438,6,54.95615630177396
6439,6439,7,64.65430153149877
6440,6440,8,64.65430153149877
6441,6441,9,54.95615630177396
6442,6442,10,48.49072614862408
6443,6443,11,45.258011072049136
6444,6444,12,45.258011072049136
6445,6445,13,45.258011072049136
6446,6446,14,48.49072614862408
6447,6447,15,51.723441225199025
6448,6448,16,58.1888713783489
6449,6449,17,64.65430153149877
6450,6450,18,64.65430153149877
6451,6451,19,64.65430153149877
6452,6452,20,64.65430153149877
6453,6453,21,58.1888713783489
6454,6454,22,45.258011072049136
6455,6455,23,29.09443568917445
6456,6456,0,19.39629045944963
6457,6457,1,16.163575382874694
6458,6458,2,16.163575382874694
6459,6459,3,16.163575382874694
6460,6460,4,19.39629045944963
6461,6461,5,35.55986584232433
6462,6462,6,54.95615630177396
6463,6463,7,64.65430153149877
6464,6464,8,64.65430153149877
6465,6465,9,54.95615630177396
6466,6466,10,48.49072614862408
6467,6467,11,45.258011072049136
6468,6468,12,45.258011072049136
6469,6469,13,45.258011072049136
6470,6470,14,48.49072614862408
6471,6471,15,51.723441225199025
6472,6472,16,58.1888713783489
6473,6473,17,64.65430153149877
6474,6474,18,64.65430153149877
6475,6475,19,64.65430153149877
6476,6476,20,64.65430153149877
6477,6477,21,58.1888713783489
6478,6478,22,45.258011072049136
6479,6479,23,29.09443568917445
6480,6480,0,19.39629045944963
6481,6481,1,16.163575382874694
6482,6482,2,16.163575382874694
6483,6483,3,16.163575382874694
6484,6484,4,19.39629045944963
6485,6485,5,35.55986584232433
6486,6486,6,54.95615630177396
6487,6487,7,64.65430153149877
6488,6488,8,64.65430153149877
6489,6489,9,54.95615630177396
6490,6490,10,48.49072614862408
6491,6491,11,45.258011072049136
6492,6492,12,45.258011072049136
6493,6493,13,45.258011072049136
6494,6494,14,48.49072614862408
6495,6495,15,51.723441225199025
6496,6496,16,58.1888713783489
6497,6497,17,64.65430153149877
6498,6498,18,64.65430153149877
6499,6499,19,64.65430153149877
6500,6500,20,64.65430153149877
6501,6501,21,58.1888713783489
6502,6502,22,45.258011072049136
6503,6503,23,29.09443568917445
6504,6504,0,19.39629045944963
6505,6505,1,16.163575382874694
6506,6506,2,16.163575382874694
6507,6507,3,16.163575382874694
6508,6508,4,19.39629045944963
6509,6509,5,35.55986584232433
6510,6510,6,54.95615630177396
6511,6511,7,64.65430153149877
6512,6512,8,64.65430153149877
6513,6513,9,54.95615630177396
6514,6514,10,48.49072614862408
6515,6515,11,45.258011072049136
6516,6516,12,45.258011072049136
6517,6517,13,45.258011072049136
6518,6518,14,48.49072614862408
6519,6519,15,51.723441225199025
6520,6520,16,58.1888713783489
6521,6521,17,64.65430153149877
6522,6522,18,64.65430153149877
6523,6523,19,64.65430153149877
6524,6524,20,64.65430153149877
6525,6525,21,58.1888713783489
6526,6526,22,45.258011072049136
6527,6527,23,29.09443568917445
6528,6528,0,19.39629045944963
6529,6529,1,16.163575382874694
6530,6530,2,16.163575382874694
6531,6531,3,16.163575382874694
6532,6532,4,19.39629045944963
6533,6533,5,35.55986584232433
6534,6534,6,54.95615630177396
6535,6535,7,64.65430153149877
6536,6536,8,64.65430153149877
6537,6537,9,54.95615630177396
6538,6538,10,48.49072614862408
6539,6539,11,45.258011072049136
6540,6540,12,45.258011072049136
6541,6541,13,45.258011072049136
6542,6542,14,48.49072614862408
6543,6543,15,51.723441225199025
6544,6544,16,58.1888713783489
6545,6545,17,64.65430153149877
6546,6546,18,64.65430153149877
6547,6547,19,64.65430153149877
6548,6548,20,64.65430153149877
6549,6549,21,58.1888713783489
6550,6550,22,45.258011072049136
6551,6551,23,29.09443568917445
6552,6552,0,19.39629045944963
6553,6553,1,16.163575382874694
6554,6554,2,16.163575382874694
6555,6555,3,16.163575382874694
6556,6556,4,19.39629045944963
6557,6557,5,35.55986584232433
6558,6558,6,54.95615630177396
6559,6559,7,64.65430153149877
6560,6560,8,64.65430153149877
6561,6561,9,54.95615630177396
6562,6562,10,48.49072614862408
6563,6563,11,45.258011072049136
6564,6564,12,45.258011072049136
6565,6565,13,45.258011072049136
6566,6566,14,48.49072614862408
6567,6567,15,51.723441225199025
6568,6568,16,58.1888713783489
6569,6569,17,64.65430153149877
6570,6570,18,64.65430153149877
6571,6571,19,64.65430153149877
6572,6572,20,64.65430153149877
6573,6573,21,58.1888713783489
6574,6574,22,45.258011072049136
6575,6575,23,29.09443568917445
6576,6576,0,19.39629045944963
6577,6577,1,16.163575382874694
6578,6578,2,16.163575382874694
6579,6579,3,16.163575382874694
6580,6580,4,19.39629045944963
6581,6581,5,35.55986584232433
6582,6582,6,54.95615630177396
6583,6583,7,64.65430153149877
6584,6584,8,64.65430153149877
6585,6585,9,54.95615630177396
6586,6586,10,48.49072614862408
6587,6587,11,45.258011072049136
6588,6588,12,45.258011072049136
6589,6589,13,45.258011072049136
6590,6590,14,48.49072614862408
6591,6591,15,51.723441225199025
6592,6592,16,58.1888713783489
6593,6593,17,64.65430153149877
6594,6594,18,64.65430153149877
6595,6595,19,64.65430153149877
6596,6596,20,64.65430153149877
6597,6597,21,58.1888713783489
6598,6598,22,45.258011072049136
6599,6599,23,29.09443568917445
6600,6600,0,19.39629045944963
6601,6601,1,16.163575382874694
6602,6602,2,16.163575382874694
6603,6603,3,16.163575382874694
6604,6604,4,19.39629045944963
6605,6605,5,35.55986584232433
6606,6606,6,54.95615630177396
6607,6607,7,64.65430153149877
6608,6608,8,64.65430153149877
6609,6609,9,54.95615630177396
6610,6610,10,48.49072614862408
6611,6611,11,45.258011072049136
6612,6612,12,45.258011072049136
6613,6613,13,45.258011072049136
6614,6614,14,48.49072614862408
6615,6615,15,51.723441225199025
6616,6616,16,58.1888713783489
6617,6617,17,64.65430153149877
6618,6618,18,64.65430153149877
6619,6619,19,64.65430153149877
6620,6620,20,64.65430153149877
6621,6621,21,58.1888713783489
6622,6622,22,45.258011072049136
6623,6623,23,29.09443568917445
6624,6624,0,19.39629045944963
6625,6625,1,16.163575382874694
6626,6626,2,16.163575382874694
6627,6627,3,16.163575382874694
6628,6628,4,19.39629045944963
6629,6629,5,35.55986584232433
6630,6630,6,54.95615630177396
6631,6631,7,64.65430153149877
6632,6632,8,64.65430153149877
6633,6633,9,54.95615630177396
6634,6634,10,48.49072614862408
6635,6635,11,45.258011072049136
6636,6636,12,45.258011072049136
6637,6637,13,45.258011072049136
6638,6638,14,48.49072614862408
6639,6639,15,51.723441225199025
6640,6640,16,58.1888713783489
6641,6641,17,64.65430153149877
6642,6642,18,64.65430153149877
6643,6643,19,64.65430153149877
6644,6644,20,64.65430153149877
6645,6645,21,58.1888713783489
6646,6646,22,45.258011072049136
6647,6647,23,29.09443568917445
6648,6648,0,19.39629045944963
6649,6649,1,16.163575382874694
6650,6650,2,16.163575382874694
6651,6651,3,16.163575382874694
6652,6652,4,19.39629045944963
6653,6653,5,35.55986584232433
6654,6654,6,54.95615630177396
6655,6655,7,64.65430153149877
6656,6656,8,64.65430153149877
6657,6657,9,54.95615630177396
6658,6658,10,48.49072614862408
6659,6659,11,45.258011072049136
6660,6660,12,45.258011072049136
6661,6661,13,45.258011072049136
6662,6662,14,48.49072614862408
6663,6663,15,51.723441225199025
6664,6664,16,58.1888713783489
6665,6665,17,64.65430153149877
6666,6666,18,64.65430153149877
6667,6667,19,64.65430153149877
6668,6668,20,64.65430153149877
6669,6669,21,58.1888713783489
6670,6670,22,45.258011072049136
6671,6671,23,29.09443568917445
6672,6672,0,19.39629045944963
6673,6673,1,16.163575382874694
6674,6674,2,16.163575382874694
6675,6675,3,16.163575382874694
6676,6676,4,19.39629045944963
6677,6677,5,35.55986584232433
6678,6678,6,54.95615630177396
6679,6679,7,64.65430153149877
6680,6680,8,64.65430153149877
6681,6681,9,54.95615630177396
6682,6682,10,48.49072614862408
6683,6683,11,45.258011072049136
6684,6684,12,45.258011072049136
6685,6685,13,45.258011072049136
6686,6686,14,48.49072614862408
6687,6687,15,51.723441225199025
6688,6688,16,58.1888713783489
6689,6689,17,64.65430153149877
6690,6690,18,64.65430153149877
6691,6691,19,64.65430153149877
6692,6692,20,64.65430153149877
6693,6693,21,58.1888713783489
6694,6694,22,45.258011072049136
6695,6695,23,29.09443568917445
6696,6696,0,19.39629045944963
6697,6697,1,16.163575382874694
6698,6698,2,16.163575382874694
6699,6699,3,16.163575382874694
6700,6700,4,19.39629045944963
6701,6701,5,35.55986584232433
6702,6702,6,54.95615630177396
6703,6703,7,64.65430153149877
6704,6704,8,64.65430153149877
6705,6705,9,54.95615630177396
6706,6706,10,48.49072614862408
6707,6707,11,45.258011072049136
6708,6708,12,45.258011072049136
6709,6709,13,45.258011072049136
6710,6710,14,48.49072614862408
6711,6711,15,51.723441225199025
6712,6712,16,58.1888713783489
6713,6713,17,64.65430153149877
6714,6714,18,64.65430153149877
6715,6715,19,64.65430153149877
6716,6716,20,64.65430153149877
6717,6717,21,58.1888713783489
6718,6718,22,45.258011072049136
6719,6719,23,29.09443568917445
6720,6720,0,19.39629045944963
6721,6721,1,16.163575382874694
6722,6722,2,16.163575382874694
6723,6723,3,16.163575382874694
6724,6724,4,19.39629045944963
6725,6725,5,35.55986584232433
6726,6726,6,54.95615630177396
6727,6727,7,64.65430153149877
6728,6728,8,64.65430153149877
6729,6729,9,54.95615630177396
6730,6730,10,48.49072614862408
6731,6731,11,45.258011072049136
6732,6732,12,45.258011072049136
6733,6733,13,45.258011072049136
6734,6734,14,48.49072614862408
6735,6735,15,51.723441225199025
6736,6736,16,58.1888713783489
6737,6737,17,64.65430153149877
6738,6738,18,64.65430153149877
6739,6739,19,64.65430153149877
6740,6740,20,64.65430153149877
6741,6741,21,58.1888713783489
6742,6742,22,45.258011072049136
6743,6743,23,29.09443568917445
6744,6744,0,19.39629045944963
6745,6745,1,16.163575382874694
6746,6746,2,16.163575382874694
6747,6747,3,16.163575382874694
6748,6748,4,19.39629045944963
6749,6749,5,35.55986584232433
6750,6750,6,54.95615630177396
6751,6751,7,64.65430153149877
6752,6752,8,64.65430153149877
6753,6753,9,54.95615630177396
6754,6754,10,48.49072614862408
6755,6755,11,45.258011072049136
6756,6756,12,45.258011072049136
6757,6757,13,45.258011072049136
6758,6758,14,48.49072614862408
6759,6759,15,51.723441225199025
6760,6760,16,58.1888713783489
6761,6761,17,64.65430153149877
6762,6762,18,64.65430153149877
6763,6763,19,64.65430153149877
6764,6764,20,64.65430153149877
6765,6765,21,58.1888713783489
6766,6766,22,45.258011072049136
6767,6767,23,29.09443568917445
6768,6768,0,19.39629045944963
6769,6769,1,16.163575382874694
6770,6770,2,16.163575382874694
6771,6771,3,16.163575382874694
6772,6772,4,19.39629045944963
6773,6773,5,35.55986584232433
6774,6774,6,54.95615630177396
6775,6775,7,64.65430153149877
6776,6776,8,64.65430153149877
6777,6777,9,54.95615630177396
6778,6778,10,48.49072614862408
6779,6779,11,45.258011072049136
6780,6780,12,45.258011072049136
6781,6781,13,45.258011072049136
6782,6782,14,48.49072614862408
6783,6783,15,51.723441225199025
6784,6784,16,58.1888713783489
6785,6785,17,64.65430153149877
6786,6786,18,64.65430153149877
6787,6787,19,64.65430153149877
6788,6788,20,64.65430153149877
6789,6789,21,58.1888713783489
6790,6790,22,45.258011072049136
6791,6791,23,29.09443568917445
6792,6792,0,19.39629045944963
6793,6793,1,16.163575382874694
6794,6794,2,16.163575382874694
6795,6795,3,16.163575382874694
6796,6796,4,19.39629045944963
6797,6797,5,35.55986584232433
6798,6798,6,54.95615630177396
6799,6799,7,64.65430153149877
6800,6800,8,64.65430153149877
6801,6801,9,54.95615630177396
6802,6802,10,48.49072614862408
6803,6803,11,45.258011072049136
6804,6804,12,45.258011072049136
6805,6805,13,45.258011072049136
6806,6806,14,48.49072614862408
6807,6807,15,51.723441225199025
6808,6808,16,58.1888713783489
6809,6809,17,64.65430153149877
6810,6810,18,64.65430153149877
6811,6811,19,64.65430153149877
6812,6812,20,64.65430153149877
6813,6813,21,58.1888713783489
6814,6814,22,45.258011072049136
6815,6815,23,29.09443568917445
6816,6816,0,19.39629045944963
6817,6817,1,16.163575382874694
6818,6818,2,16.163575382874694
6819,6819,3,16.163575382874694
6820,6820,4,19.39629045944963
6821,6821,5,35.55986584232433
6822,6822,6,54.95615630177396
6823,6823,7,64.65430153149877
6824,6824,8,64.65430153149877
6825,6825,9,54.95615630177396
6826,6826,10,48.49072614862408
6827,6827,11,45.258011072049136
6828,6828,12,45.258011072049136
6829,6829,13,45.258011072049136
6830,6830,14,48.49072614862408
6831,6831,15,51.723441225199025
6832,6832,16,58.1888713783489
6833,6833,17,64.65430153149877
6834,6834,18,64.65430153149877
6835,6835,19,64.65430153149877
6836,6836,20,64.65430153149877
6837,6837,21,58.1888713783489
6838,6838,22,45.258011072049136
6839,6839,23,29.09443568917445
6840,6840,0,19.39629045944963
6841,6841,1,16.163575382874694
6842,6842,2,16.163575382874694
6843,6843,3,16.163575382874694
6844,6844,4,19.39629045944963
6845,6845,5,35.55986584232433
6846,6846,6,54.95615630177396
6847,6847,7,64.65430153149877
6848,6848,8,64.65430153149877
6849,6849,9,54.95615630177396
6850,6850,10,48.49072614862408
6851,6851,11,45.258011072049136
6852,6852,12,45.258011072049136
6853,6853,13,45.258011072049136
6854,6854,14,48.49072614862408
6855,6855,15,51.723441225199025
6856,6856,16,58.1888713783489
6857,6857,17,64.65430153149877
6858,6858,18,64.65430153149877
6859,6859,19,64.65430153149877
6860,6860,20,64.65430153149877
6861,6861,21,58.1888713783489
6862,6862,22,45.258011072049136
6863,6863,23,29.09443568917445
6864,6864,0,19.39629045944963
6865,6865,1,16.163575382874694
6866,6866,2,16.163575382874694
6867,6867,3,16.163575382874694
6868,6868,4,19.39629045944963
6869,6869,5,35.55986584232433
6870,6870,6,54.95615630177396
6871,6871,7,64.65430153149877
6872,6872,8,64.65430153149877
6873,6873,9,54.95615630177396
6874,6874,10,48.49072614862408
6875,6875,11,45.258011072049136
6876,6876,12,45.258011072049136
6877,6877,13,45.258011072049136
6878,6878,14,48.49072614862408
6879,6879,15,51.723441225199025
6880,6880,16,58.1888713783489
6881,6881,17,64.65430153149877
6882,6882,18,64.65430153149877
6883,6883,19,64.65430153149877
6884,6884,20,64.65430153149877
6885,6885,21,58.1888713783489
6886,6886,22,45.258011072049136
6887,6887,23,29.09443568917445
6888,6888,0,19.39629045944963
6889,6889,1,16.163575382874694
6890,6890,2,16.163575382874694
6891,6891,3,16.163575382874694
6892,6892,4,19.39629045944963
6893,6893,5,35.55986584232433
6894,6894,6,54.95615630177396
6895,6895,7,64.65430153149877
6896,6896,8,64.65430153149877
6897,6897,9,54.95615630177396
6898,6898,10,48.49072614862408
6899,6899,11,45.258011072049136
6900,6900,12,45.258011072049136
6901,6901,13,45.258011072049136
6902,6902,14,48.49072614862408
6903,6903,15,51.723441225199025
6904,6904,16,58.1888713783489
6905,6905,17,64.65430153149877
6906,6906,18,64.65430153149877
6907,6907,19,64.65430153149877
6908,6908,20,64.65430153149877
6909,6909,21,58.1888713783489
6910,6910,22,45.258011072049136
6911,6911,23,29.09443568917445
6912,6912,0,19.39629045944963
6913,6913,1,16.163575382874694
6914,6914,2,16.163575382874694
6915,6915,3,16.163575382874694
6916,6916,4,19.39629045944963
6917,6917,5,35.55986584232433
6918,6918,6,54.95615630177396
6919,6919,7,64.65430153149877
6920,6920,8,64.65430153149877
6921,6921,9,54.95615630177396
6922,6922,10,48.49072614862408
6923,6923,11,45.258011072049136
6924,6924,12,45.258011072049136
6925,6925,13,45.258011072049136
6926,6926,14,48.49072614862408
6927,6927,15,51.723441225199025
6928,6928,16,58.1888713783489
6929,6929,17,64.65430153149877
6930,6930,18,64.65430153149877
6931,6931,19,64.65430153149877
6932,6932,20,64.65430153149877
6933,6933,21,58.1888713783489
6934,6934,22,45.258011072049136
6935,6935,23,29.09443568917445
6936,6936,0,19.39629045944963
6937,6937,1,16.163575382874694
6938,6938,2,16.163575382874694
6939,6939,3,16.163575382874694
6940,6940,4,19.39629045944963
6941,6941,5,35.55986584232433
6942,6942,6,54.95615630177396
6943,6943,7,64.65430153149877
6944,6944,8,64.65430153149877
6945,6945,9,54.95615630177396
6946,6946,10,48.49072614862408
6947,6947,11,45.258011072049136
6948,6948,12,45.258011072049136
6949,6949,13,45.258011072049136
6950,6950,14,48.49072614862408
6951,6951,15,51.723441225199025
6952,6952,16,58.1888713783489
6953,6953,17,64.65430153149877
6954,6954,18,64.65430153149877
6955,6955,19,64.65430153149877
6956,6956,20,64.65430153149877
6957,6957,21,58.1888713783489
6958,6958,22,45.258011072049136
6959,6959,23,29.09443568917445
6960,6960,0,19.39629045944963
6961,6961,1,16.163575382874694
6962,6962,2,16.163575382874694
6963,6963,3,16.163575382874694
6964,6964,4,19.39629045944963
6965,6965,5,35.55986584232433
6966,6966,6,54.95615630177396
6967,6967,7,64.65430153149877
6968,6968,8,64.65430153149877
6969,6969,9,54.95615630177396
6970,6970,10,48.49072614862408
6971,6971,11,45.258011072049136
6972,6972,12,45.258011072049136
6973,6973,13,45.258011072049136
6974,6974,14,48.49072614862408
6975,6975,15,51.723441225199025
6976,6976,16,58.1888713783489
6977,6977,17,64.65430153149877
6978,6978,18,64.65430153149877
6979,6979,19,64.65430153149877
6980,6980,20,64.65430153149877
6981,6981,21,58.1888713783489
6982,6982,22,45.258011072049136
6983,6983,23,29.09443568917445
6984,6984,0,19.39629045944963
6985,6985,1,16.163575382874694
6986,6986,2,16.163575382874694
6987,6987,3,16.163575382874694
6988,6988,4,19.39629045944963
6989,6989,5,35.55986584232433
6990,6990,6,54.95615630177396
6991,6991,7,64.65430153149877
6992,6992,8,64.65430153149877
6993,6993,9,54.95615630177396
6994,6994,10,48.49072614862408
6995,6995,11,45.258011072049136
6996,6996,12,45.258011072049136
6997,6997,13,45.258011072049136
6998,6998,14,48.49072614862408
6999,6999,15,51.723441225199025
7000,7000,16,58.1888713783489
7001,7001,17,64.65430153149877
7002,7002,18,64.65430153149877
7003,7003,19,64.65430153149877
7004,7004,20,64.65430153149877
7005,7005,21,58.1888713783489
7006,7006,22,45.258011072049136
7007,7007,23,29.09443568917445
7008,7008,0,19.39629045944963
7009,7009,1,16.163575382874694
7010,7010,2,16.163575382874694
7011,7011,3,16.163575382874694
7012,7012,4,19.39629045944963
7013,7013,5,35.55986584232433
7014,7014,6,54.95615630177396
7015,7015,7,64.65430153149877
7016,7016,8,64.65430153149877
7017,7017,9,54.95615630177396
7018,7018,10,48.49072614862408
7019,7019,11,45.258011072049136
7020,7020,12,45.258011072049136
7021,7021,13,45.258011072049136
7022,7022,14,48.49072614862408
7023,7023,15,51.723441225199025
7024,7024,16,58.1888713783489
7025,7025,17,64.65430153149877
7026,7026,18,64.65430153149877
7027,7027,19,64.65430153149877
7028,7028,20,64.65430153149877
7029,7029,21,58.1888713783489
7030,7030,22,45.258011072049136
7031,7031,23,29.09443568917445
7032,7032,0,19.39629045944963
7033,7033,1,16.163575382874694
7034,7034,2,16.163575382874694
7035,7035,3,16.163575382874694
7036,7036,4,19.39629045944963
7037,7037,5,35.55986584232433
7038,7038,6,54.95615630177396
7039,7039,7,64.65430153149877
7040,7040,8,64.65430153149877
7041,7041,9,54.95615630177396
7042,7042,10,48.49072614862408
7043,7043,11,45.258011072049136
7044,7044,12,45.258011072049136
7045,7045,13,45.258011072049136
7046,7046,14,48.49072614862408
7047,7047,15,51.723441225199025
7048,7048,16,58.1888713783489
7049,7049,17,64.65430153149877
7050,7050,18,64.65430153149877
7051,7051,19,64.65430153149877
7052,7052,20,64.65430153149877
7053,7053,21,58.1888713783489
7054,7054,22,45.258011072049136
7055,7055,23,29.09443568917445
7056,7056,0,19.39629045944963
7057,7057,1,16.163575382874694
7058,7058,2,16.163575382874694
7059,7059,3,16.163575382874694
7060,7060,4,19.39629045944963
7061,7061,5,35.55986584232433
7062,7062,6,54.95615630177396
7063,7063,7,64.65430153149877
7064,7064,8,64.65430153149877
7065,7065,9,54.95615630177396
7066,7066,10,48.49072614862408
7067,7067,11,45.258011072049136
7068,7068,12,45.258011072049136
7069,7069,13,45.258011072049136
7070,7070,14,48.49072614862408
7071,7071,15,51.723441225199025
7072,7072,16,58.1888713783489
7073,7073,17,64.65430153149877
7074,7074,18,64.65430153149877
7075,7075,19,64.65430153149877
7076,7076,20,64.65430153149877
7077,7077,21,58.1888713783489
7078,7078,22,45.258011072049136
7079,7079,23,29.09443568917445
7080,7080,0,19.39629045944963
7081,7081,1,16.163575382874694
7082,7082,2,16.163575382874694
7083,7083,3,16.163575382874694
7084,7084,4,19.39629045944963
7085,7085,5,35.55986584232433
7086,7086,6,54.95615630177396
7087,7087,7,64.65430153149877
7088,7088,8,64.65430153149877
7089,7089,9,54.95615630177396
7090,7090,10,48.49072614862408
7091,7091,11,45.258011072049136
7092,7092,12,45.258011072049136
7093,7093,13,45.258011072049136
7094,7094,14,48.49072614862408
7095,7095,15,51.723441225199025
7096,7096,16,58.1888713783489
7097,7097,17,64.65430153149877
7098,7098,18,64.65430153149877
7099,7099,19,64.65430153149877
7100,7100,20,64.65430153149877
7101,7101,21,58.1888713783489
7102,7102,22,45.258011072049136
7103,7103,23,29.09443568917445
7104,7104,0,19.39629045944963
7105,7105,1,16.163575382874694
7106,7106,2,16.163575382874694
7107,7107,3,16.163575382874694
7108,7108,4,19.39629045944963
7109,7109,5,35.55986584232433
7110,7110,6,54.95615630177396
7111,7111,7,64.65430153149877
7112,7112,8,64.65430153149877
7113,7113,9,54.95615630177396
7114,7114,10,48.49072614862408
7115,7115,11,45.258011072049136
7116,7116,12,45.258011072049136
7117,7117,13,45.258011072049136
7118,7118,14,48.49072614862408
7119,7119,15,51.723441225199025
7120,7120,16,58.1888713783489
7121,7121,17,64.65430153149877
7122,7122,18,64.65430153149877
7123,7123,19,64.65430153149877
7124,7124,20,64.65430153149877
7125,7125,21,58.1888713783489
7126,7126,22,45.258011072049136
7127,7127,23,29.09443568917445
7128,7128,0,19.39629045944963
7129,7129,1,16.163575382874694
7130,7130,2,16.163575382874694
7131,7131,3,16.163575382874694
7132,7132,4,19.39629045944963
7133,7133,5,35.55986584232433
7134,7134,6,54.95615630177396
7135,7135,7,64.65430153149877
7136,7136,8,64.65430153149877
7137,7137,9,54.95615630177396
7138,7138,10,48.49072614862408
7139,7139,11,45.258011072049136
7140,7140,12,45.258011072049136
7141,7141,13,45.258011072049136
7142,7142,14,48.49072614862408
7143,7143,15,51.723441225199025
7144,7144,16,58.1888713783489
7145,7145,17,64.65430153149877
7146,7146,18,64.65430153149877
7147,7147,19,64.65430153149877
7148,7148,20,64.65430153149877
7149,7149,21,58.1888713783489
7150,7150,22,45.258011072049136
7151,7151,23,29.09443568917445
7152,7152,0,19.39629045944963
7153,7153,1,16.163575382874694
7154,7154,2,16.163575382874694
7155,7155,3,16.163575382874694
7156,7156,4,19.39629045944963
7157,7157,5,35.55986584232433
7158,7158,6,54.95615630177396
7159,7159,7,64.65430153149877
7160,7160,8,64.65430153149877
7161,7161,9,54.95615630177396
7162,7162,10,48.49072614862408
7163,7163,11,45.258011072049136
7164,7164,12,45.258011072049136
7165,7165,13,45.258011072049136
7166,7166,14,48.49072614862408
7167,7167,15,51.723441225199025
7168,7168,16,58.1888713783489
7169,7169,17,64.65430153149877
7170,7170,18,64.65430153149877
7171,7171,19,64.65430153149877
7172,7172,20,64.65430153149877
7173,7173,21,58.1888713783489
7174,7174,22,45.258011072049136
7175,7175,23,29.09443568917445
7176,7176,0,19.39629045944963
7177,7177,1,16.163575382874694
7178,7178,2,16.163575382874694
7179,7179,3,16.163575382874694
7180,7180,4,19.39629045944963
7181,7181,5,35.55986584232433
7182,7182,6,54.95615630177396
7183,7183,7,64.65430153149877
7184,7184,8,64.65430153149877
7185,7185,9,54.95615630177396
7186,7186,10,48.49072614862408
7187,7187,11,45.258011072049136
7188,7188,12,45.258011072049136
7189,7189,13,45.258011072049136
7190,7190,14,48.49072614862408
7191,7191,15,51.723441225199025
7192,7192,16,58.1888713783489
7193,7193,17,64.65430153149877
7194,7194,18,64.65430153149877
7195,7195,19,64.65430153149877
7196,7196,20,64.65430153149877
7197,7197,21,58.1888713783489
7198,7198,22,45.258011072049136
7199,7199,23,29.09443568917445
7200,7200,0,19.39629045944963
7201,7201,1,16.163575382874694
7202,7202,2,16.163575382874694
7203,7203,3,16.163575382874694
7204,7204,4,19.39629045944963
7205,7205,5,35.55986584232433
7206,7206,6,54.95615630177396
7207,7207,7,64.65430153149877
7208,7208,8,64.65430153149877
7209,7209,9,54.95615630177396
7210,7210,10,48.49072614862408
7211,7211,11,45.258011072049136
7212,7212,12,45.258011072049136
7213,7213,13,45.258011072049136
7214,7214,14,48.49072614862408
7215,7215,15,51.723441225199025
7216,7216,16,58.1888713783489
7217,7217,17,64.65430153149877
7218,7218,18,64.65430153149877
7219,7219,19,64.65430153149877
7220,7220,20,64.65430153149877
7221,7221,21,58.1888713783489
7222,7222,22,45.258011072049136
7223,7223,23,29.09443568917445
7224,7224,0,19.39629045944963
7225,7225,1,16.163575382874694
7226,7226,2,16.163575382874694
7227,7227,3,16.163575382874694
7228,7228,4,19.39629045944963
7229,7229,5,35.55986584232433
7230,7230,6,54.95615630177396
7231,7231,7,64.65430153149877
7232,7232,8,64.65430153149877
7233,7233,9,54.95615630177396
7234,7234,10,48.49072614862408
7235,7235,11,45.258011072049136
7236,7236,12,45.258011072049136
7237,7237,13,45.258011072049136
7238,7238,14,48.49072614862408
7239,7239,15,51.723441225199025
7240,7240,16,58.1888713783489
7241,7241,17,64.65430153149877
7242,7242,18,64.65430153149877
7243,7243,19,64.65430153149877
7244,7244,20,64.65430153149877
7245,7245,21,58.1888713783489
7246,7246,22,45.258011072049136
7247,7247,23,29.09443568917445
7248,7248,0,19.39629045944963
7249,7249,1,16.163575382874694
7250,7250,2,16.163575382874694
7251,7251,3,16.163575382874694
7252,7252,4,19.39629045944963
7253,7253,5,35.55986584232433
7254,7254,6,54.95615630177396
7255,7255,7,64.65430153149877
7256,7256,8,64.65430153149877
7257,7257,9,54.95615630177396
7258,7258,10,48.49072614862408
7259,7259,11,45.258011072049136
7260,7260,12,45.258011072049136
7261,7261,13,45.258011072049136
7262,7262,14,48.49072614862408
7263,7263,15,51.723441225199025
7264,7264,16,58.1888713783489
7265,7265,17,64.65430153149877
7266,7266,18,64.65430153149877
7267,7267,19,64.65430153149877
7268,7268,20,64.65430153149877
7269,7269,21,58.1888713783489
7270,7270,22,45.258011072049136
7271,7271,23,29.09443568917445
7272,7272,0,19.39629045944963
7273,7273,1,16.163575382874694
7274,7274,2,16.163575382874694
7275,7275,3,16.163575382874694
7276,7276,4,19.39629045944963
7277,7277,5,35.55986584232433
7278,7278,6,54.95615630177396
7279,7279,7,64.65430153149877
7280,7280,8,64.65430153149877
7281,7281,9,54.95615630177396
7282,7282,10,48.49072614862408
7283,7283,11,45.258011072049136
7284,7284,12,45.258011072049136
7285,7285,13,45.258011072049136
7286,7286,14,48.49072614862408
7287,7287,15,51.723441225199025
7288,7288,16,58.1888713783489
7289,7289,17,64.65430153149877
7290,7290,18,64.65430153149877
7291,7291,19,64.65430153149877
7292,7292,20,64.65430153149877
7293,7293,21,58.1888713783489
7294,7294,22,45.258011072049136
7295,7295,23,29.09443568917445
7296,7296,0,19.39629045944963
7297,7297,1,16.163575382874694
7298,7298,2,16.163575382874694
7299,7299,3,16.163575382874694
7300,7300,4,19.39629045944963
7301,7301,5,35.55986584232433
7302,7302,6,54.95615630177396
7303,7303,7,64.65430153149877
7304,7304,8,64.65430153149877
7305,7305,9,54.95615630177396
7306,7306,10,48.49072614862408
7307,7307,11,45.258011072049136
7308,7308,12,45.258011072049136
7309,7309,13,45.258011072049136
7310,7310,14,48.49072614862408
7311,7311,15,51.723441225199025
7312,7312,16,58.1888713783489
7313,7313,17,64.65430153149877
7314,7314,18,64.65430153149877
7315,7315,19,64.65430153149877
7316,7316,20,64.65430153149877
7317,7317,21,58.1888713783489
7318,7318,22,45.258011072049136
7319,7319,23,29.09443568917445
7320,7320,0,19.39629045944963
7321,7321,1,16.163575382874694
7322,7322,2,16.163575382874694
7323,7323,3,16.163575382874694
7324,7324,4,19.39629045944963
7325,7325,5,35.55986584232433
7326,7326,6,54.95615630177396
7327,7327,7,64.65430153149877
7328,7328,8,64.65430153149877
7329,7329,9,54.95615630177396
7330,7330,10,48.49072614862408
7331,7331,11,45.258011072049136
7332,7332,12,45.258011072049136
7333,7333,13,45.258011072049136
7334,7334,14,48.49072614862408
7335,7335,15,51.723441225199025
7336,7336,16,58.1888713783489
7337,7337,17,64.65430153149877
7338,7338,18,64.65430153149877
7339,7339,19,64.65430153149877
7340,7340,20,64.65430153149877
7341,7341,21,58.1888713783489
7342,7342,22,45.258011072049136
7343,7343,23,29.09443568917445
7344,7344,0,19.39629045944963
7345,7345,1,16.163575382874694
7346,7346,2,16.163575382874694
7347,7347,3,16.163575382874694
7348,7348,4,19.39629045944963
7349,7349,5,35.55986584232433
7350,7350,6,54.95615630177396
7351,7351,7,64.65430153149877
7352,7352,8,64.65430153149877
7353,7353,9,54.95615630177396
7354,7354,10,48.49072614862408
7355,7355,11,45.258011072049136
7356,7356,12,45.258011072049136
7357,7357,13,45.258011072049136
7358,7358,14,48.49072614862408
7359,7359,15,51.723441225199025
7360,7360,16,58.1888713783489
7361,7361,17,64.65430153149877
7362,7362,18,64.65430153149877
7363,7363,19,64.65430153149877
7364,7364,20,64.65430153149877
7365,7365,21,58.1888713783489
7366,7366,22,45.258011072049136
7367,7367,23,29.09443568917445
7368,7368,0,19.39629045944963
7369,7369,1,16.163575382874694
7370,7370,2,16.163575382874694
7371,7371,3,16.163575382874694
7372,7372,4,19.39629045944963
7373,7373,5,35.55986584232433
7374,7374,6,54.95615630177396
7375,7375,7,64.65430153149877
7376,7376,8,64.65430153149877
7377,7377,9,54.95615630177396
7378,7378,10,48.49072614862408
7379,7379,11,45.258011072049136
7380,7380,12,45.258011072049136
7381,7381,13,45.258011072049136
7382,7382,14,48.49072614862408
7383,7383,15,51.723441225199025
7384,7384,16,58.1888713783489
7385,7385,17,64.65430153149877
7386,7386,18,64.65430153149877
7387,7387,19,64.65430153149877
7388,7388,20,64.65430153149877
7389,7389,21,58.1888713783489
7390,7390,22,45.258011072049136
7391,7391,23,29.09443568917445
7392,7392,0,19.39629045944963
7393,7393,1,16.163575382874694
7394,7394,2,16.163575382874694
7395,7395,3,16.163575382874694
7396,7396,4,19.39629045944963
7397,7397,5,35.55986584232433
7398,7398,6,54.95615630177396
7399,7399,7,64.65430153149877
7400,7400,8,64.65430153149877
7401,7401,9,54.95615630177396
7402,7402,10,48.49072614862408
7403,7403,11,45.258011072049136
7404,7404,12,45.258011072049136
7405,7405,13,45.258011072049136
7406,7406,14,48.49072614862408
7407,7407,15,51.723441225199025
7408,7408,16,58.1888713783489
7409,7409,17,64.65430153149877
7410,7410,18,64.65430153149877
7411,7411,19,64.65430153149877
7412,7412,20,64.65430153149877
7413,7413,21,58.1888713783489
7414,7414,22,45.258011072049136
7415,7415,23,29.09443568917445
7416,7416,0,19.39629045944963
7417,7417,1,16.163575382874694
7418,7418,2,16.163575382874694
7419,7419,3,16.163575382874694
7420,7420,4,19.39629045944963
7421,7421,5,35.55986584232433
7422,7422,6,54.95615630177396
7423,7423,7,64.65430153149877
7424,7424,8,64.65430153149877
7425,7425,9,54.95615630177396
7426,7426,10,48.49072614862408
7427,7427,11,45.258011072049136
7428,7428,12,45.258011072049136
7429,7429,13,45.258011072049136
7430,7430,14,48.49072614862408
7431,7431,15,51.723441225199025
7432,7432,16,58.1888713783489
7433,7433,17,64.65430153149877
7434,7434,18,64.65430153149877
7435,7435,19,64.65430153149877
7436,7436,20,64.65430153149877
7437,7437,21,58.1888713783489
7438,7438,22,45.258011072049136
7439,7439,23,29.09443568917445
7440,7440,0,19.39629045944963
7441,7441,1,16.163575382874694
7442,7442,2,16.163575382874694
7443,7443,3,16.163575382874694
7444,7444,4,19.39629045944963
7445,7445,5,35.55986584232433
7446,7446,6,54.95615630177396
7447,7447,7,64.65430153149877
7448,7448,8,64.65430153149877
7449,7449,9,54.95615630177396
7450,7450,10,48.49072614862408
7451,7451,11,45.258011072049136
7452,7452,12,45.258011072049136
7453,7453,13,45.258011072049136
7454,7454,14,48.49072614862408
7455,7455,15,51.723441225199025
7456,7456,16,58.1888713783489
7457,7457,17,64.65430153149877
7458,7458,18,64.65430153149877
7459,7459,19,64.65430153149877
7460,7460,20,64.65430153149877
7461,7461,21,58.1888713783489
7462,7462,22,45.258011072049136
7463,7463,23,29.09443568917445
7464,7464,0,19.39629045944963
7465,7465,1,16.163575382874694
7466,7466,2,16.163575382874694
7467,7467,3,16.163575382874694
7468,7468,4,19.39629045944963
7469,7469,5,35.55986584232433
7470,7470,6,54.95615630177396
7471,7471,7,64.65430153149877
7472,7472,8,64.65430153149877
7473,7473,9,54.95615630177396
7474,7474,10,48.49072614862408
7475,7475,11,45.258011072049136
7476,7476,12,45.258011072049136
7477,7477,13,45.258011072049136
7478,7478,14,48.49072614862408
7479,7479,15,51.723441225199025
7480,7480,16,58.1888713783489
7481,7481,17,64.65430153149877
7482,7482,18,64.65430153149877
7483,7483,19,64.65430153149877
7484,7484,20,64.65430153149877
7485,7485,21,58.1888713783489
7486,7486,22,45.258011072049136
7487,7487,23,29.09443568917445
7488,7488,0,19.39629045944963
7489,7489,1,16.163575382874694
7490,7490,2,16.163575382874694
7491,7491,3,16.163575382874694
7492,7492,4,19.39629045944963
7493,7493,5,35.55986584232433
7494,7494,6,54.95615630177396
7495,7495,7,64.65430153149877
7496,7496,8,64.65430153149877
7497,7497,9,54.95615630177396
7498,7498,10,48.49072614862408
7499,7499,11,45.258011072049136
7500,7500,12,45.258011072049136
7501,7501,13,45.258011072049136
7502,7502,14,48.49072614862408
7503,7503,15,51.723441225199025
7504,7504,16,58.1888713783489
7505,7505,17,64.65430153149877
7506,7506,18,64.65430153149877
7507,7507,19,64.65430153149877
7508,7508,20,64.65430153149877
7509,7509,21,58.1888713783489
7510,7510,22,45.258011072049136
7511,7511,23,29.09443568917445
7512,7512,0,19.39629045944963
7513,7513,1,16.163575382874694
7514,7514,2,16.163575382874694
7515,7515,3,16.163575382874694
7516,7516,4,19.39629045944963
7517,7517,5,35.55986584232433
7518,7518,6,54.95615630177396
7519,7519,7,64.65430153149877
7520,7520,8,64.65430153149877
7521,7521,9,54.95615630177396
7522,7522,10,48.49072614862408
7523,7523,11,45.258011072049136
7524,7524,12,45.258011072049136
7525,7525,13,45.258011072049136
7526,7526,14,48.49072614862408
7527,7527,15,51.723441225199025
7528,7528,16,58.1888713783489
7529,7529,17,64.65430153149877
7530,7530,18,64.65430153149877
7531,7531,19,64.65430153149877
7532,7532,20,64.65430153149877
7533,7533,21,58.1888713783489
7534,7534,22,45.258011072049136
7535,7535,23,29.09443568917445
7536,7536,0,19.39629045944963
7537,7537,1,16.163575382874694
7538,7538,2,16.163575382874694
7539,7539,3,16.163575382874694
7540,7540,4,19.39629045944963
7541,7541,5,35.55986584232433
7542,7542,6,54.95615630177396
7543,7543,7,64.65430153149877
7544,7544,8,64.65430153149877
7545,7545,9,54.95615630177396
7546,7546,10,48.49072614862408
7547,7547,11,45.258011072049136
7548,7548,12,45.258011072049136
7549,7549,13,45.258011072049136
7550,7550,14,48.49072614862408
7551,7551,15,51.723441225199025
7552,7552,16,58.1888713783489
7553,7553,17,64.65430153149877
7554,7554,18,64.65430153149877
7555,7555,19,64.65430153149877
7556,7556,20,64.65430153149877
7557,7557,21,58.1888713783489
7558,7558,22,45.258011072049136
7559,7559,23,29.09443568917445
7560,7560,0,19.39629045944963
7561,7561,1,16.163575382874694
7562,7562,2,16.163575382874694
7563,7563,3,16.163575382874694
7564,7564,4,19.39629045944963
7565,7565,5,35.55986584232433
7566,7566,6,54.95615630177396
7567,7567,7,64.65430153149877
7568,7568,8,64.65430153149877
7569,7569,9,54.95615630177396
7570,7570,10,48.49072614862408
7571,7571,11,45.258011072049136
7572,7572,12,45.258011072049136
7573,7573,13,45.258011072049136
7574,7574,14,48.49072614862408
7575,7575,15,51.723441225199025
7576,7576,16,58.1888713783489
7577,7577,17,64.65430153149877
7578,7578,18,64.65430153149877
7579,7579,19,64.65430153149877
7580,7580,20,64.65430153149877
7581,7581,21,58.1888713783489
7582,7582,22,45.258011072049136
7583,7583,23,29.09443568917445
7584,7584,0,19.39629045944963
7585,7585,1,16.163575382874694
7586,7586,2,16.163575382874694
7587,7587,3,16.163575382874694
7588,7588,4,19.39629045944963
7589,7589,5,35.55986584232433
7590,7590,6,54.95615630177396
7591,7591,7,64.65430153149877
7592,7592,8,64.65430153149877
7593,7593,9,54.95615630177396
7594,7594,10,48.49072614862408
7595,7595,11,45.258011072049136
7596,7596,12,45.258011072049136
7597,7597,13,45.258011072049136
7598,7598,14,48.49072614862408
7599,7599,15,51.723441225199025
7600,7600,16,58.1888713783489
7601,7601,17,64.65430153149877
7602,7602,18,64.65430153149877
7603,7603,19,64.65430153149877
7604,7604,20,64.65430153149877
7605,7605,21,58.1888713783489
7606,7606,22,45.258011072049136
7607,7607,23,29.09443568917445
7608,7608,0,19.39629045944963
7609,7609,1,16.163575382874694
7610,7610,2,16.163575382874694
7611,7611,3,16.163575382874694
7612,7612,4,19.39629045944963
7613,7613,5,35.55986584232433
7614,7614,6,54.95615630177396
7615,7615,7,64.65430153149877
7616,7616,8,64.65430153149877
7617,7617,9,54.95615630177396
7618,7618,10,48.49072614862408
7619,7619,11,45.258011072049136
7620,7620,12,45.258011072049136
7621,7621,13,45.258011072049136
7622,7622,14,48.49072614862408
7623,7623,15,51.723441225199025
7624,7624,16,58.1888713783489
7625,7625,17,64.65430153149877
7626,7626,18,64.65430153149877
7627,7627,19,64.65430153149877
7628,7628,20,64.65430153149877
7629,7629,21,58.1888713783489
7630,7630,22,45.258011072049136
7631,7631,23,29.09443568917445
7632,7632,0,19.39629045944963
7633,7633,1,16.163575382874694
7634,7634,2,16.163575382874694
7635,7635,3,16.163575382874694
7636,7636,4,19.39629045944963
7637,7637,5,35.55986584232433
7638,7638,6,54.95615630177396
7639,7639,7,64.65430153149877
7640,7640,8,64.65430153149877
7641,7641,9,54.95615630177396
7642,7642,10,48.49072614862408
7643,7643,11,45.258011072049136
7644,7644,12,45.258011072049136
7645,7645,13,45.258011072049136
7646,7646,14,48.49072614862408
7647,7647,15,51.723441225199025
7648,7648,16,58.1888713783489
7649,7649,17,64.65430153149877
7650,7650,18,64.65430153149877
7651,7651,19,64.65430153149877
7652,7652,20,64.65430153149877
7653,7653,21,58.1888713783489
7654,7654,22,45.258011072049136
7655,7655,23,29.09443568917445
7656,7656,0,19.39629045944963
7657,7657,1,16.163575382874694
7658,7658,2,16.163575382874694
7659,7659,3,16.163575382874694
7660,7660,4,19.39629045944963
7661,7661,5,35.55986584232433
7662,7662,6,54.95615630177396
7663,7663,7,64.65430153149877
7664,7664,8,64.65430153149877
7665,7665,9,54.95615630177396
7666,7666,10,48.49072614862408
7667,7667,11,45.258011072049136
7668,7668,12,45.258011072049136
7669,7669,13,45.258011072049136
7670,7670,14,48.49072614862408
7671,7671,15,51.723441225199025
7672,7672,16,58.1888713783489
7673,7673,17,64.65430153149877
7674,7674,18,64.65430153149877
7675,7675,19,64.65430153149877
7676,7676,20,64.65430153149877
7677,7677,21,58.1888713783489
7678,7678,22,45.258011072049136
7679,7679,23,29.09443568917445
7680,7680,0,19.39629045944963
7681,7681,1,16.163575382874694
7682,7682,2,16.163575382874694
7683,7683,3,16.163575382874694
7684,7684,4,19.39629045944963
7685,7685,5,35.55986584232433
7686,7686,6,54.95615630177396
7687,7687,7,64.65430153149877
7688,7688,8,64.65430153149877
7689,7689,9,54.95615630177396
7690,7690,10,48.49072614862408
7691,7691,11,45.258011072049136
7692,7692,12,45.258011072049136
7693,7693,13,45.258011072049136
7694,7694,14,48.49072614862408
7695,7695,15,51.723441225199025
7696,7696,16,58.1888713783489
7697,7697,17,64.65430153149877
7698,7698,18,64.65430153149877
7699,7699,19,64.65430153149877
7700,7700,20,64.65430153149877
7701,7701,21,58.1888713783489
7702,7702,22,45.258011072049136
7703,7703,23,29.09443568917445
7704,7704,0,19.39629045944963
7705,7705,1,16.163575382874694
7706,7706,2,16.163575382874694
7707,7707,3,16.163575382874694
7708,7708,4,19.39629045944963
7709,7709,5,35.55986584232433
7710,7710,6,54.95615630177396
7711,7711,7,64.65430153149877
7712,7712,8,64.65430153149877
7713,7713,9,54.95615630177396
7714,7714,10,48.49072614862408
7715,7715,11,45.258011072049136
7716,7716,12,45.258011072049136
7717,7717,13,45.258011072049136
7718,7718,14,48.49072614862408
7719,7719,15,51.723441225199025
7720,7720,16,58.1888713783489
7721,7721,17,64.65430153149877
7722,7722,18,64.65430153149877
7723,7723,19,64.65430153149877
7724,7724,20,64.65430153149877
7725,7725,21,58.1888713783489
7726,7726,22,45.258011072049136
7727,7727,23,29.09443568917445
7728,7728,0,19.39629045944963
7729,7729,1,16.163575382874694
7730,7730,2,16.163575382874694
7731,7731,3,16.163575382874694
7732,7732,4,19.39629045944963
7733,7733,5,35.55986584232433
7734,7734,6,54.95615630177396
7735,7735,7,64.65430153149877
7736,7736,8,64.65430153149877
7737,7737,9,54.95615630177396
7738,7738,10,48.49072614862408
7739,7739,11,45.258011072049136
7740,7740,12,45.258011072049136
7741,7741,13,45.258011072049136
7742,7742,14,48.49072614862408
7743,7743,15,51.723441225199025
7744,7744,16,58.1888713783489
7745,7745,17,64.65430153149877
7746,7746,18,64.65430153149877
7747,7747,19,64.65430153149877
7748,7748,20,64.65430153149877
7749,7749,21,58.1888713783489
7750,7750,22,45.258011072049136
7751,7751,23,29.09443568917445
7752,7752,0,19.39629045944963
7753,7753,1,16.163575382874694
7754,7754,2,16.163575382874694
7755,7755,3,16.163575382874694
7756,7756,4,19.39629045944963
7757,7757,5,35.55986584232433
7758,7758,6,54.95615630177396
7759,7759,7,64.65430153149877
7760,7760,8,64.65430153149877
7761,7761,9,54.95615630177396
7762,7762,10,48.49072614862408
7763,7763,11,45.258011072049136
7764,7764,12,45.258011072049136
7765,7765,13,45.258011072049136
7766,7766,14,48.49072614862408
7767,7767,15,51.723441225199025
7768,7768,16,58.1888713783489
7769,7769,17,64.65430153149877
7770,7770,18,64.65430153149877
7771,7771,19,64.65430153149877
7772,7772,20,64.65430153149877
7773,7773,21,58.1888713783489
7774,7774,22,45.258011072049136
7775,7775,23,29.09443568917445
7776,7776,0,19.39629045944963
7777,7777,1,16.163575382874694
7778,7778,2,16.163575382874694
7779,7779,3,16.163575382874694
7780,7780,4,19.39629045944963
7781,7781,5,35.55986584232433
7782,7782,6,54.95615630177396
7783,7783,7,64.65430153149877
7784,7784,8,64.65430153149877
7785,7785,9,54.95615630177396
7786,7786,10,48.49072614862408
7787,7787,11,45.258011072049136
7788,7788,12,45.258011072049136
7789,7789,13,45.258011072049136
7790,7790,14,48.49072614862408
7791,7791,15,51.723441225199025
7792,7792,16,58.1888713783489
7793,7793,17,64.65430153149877
7794,7794,18,64.65430153149877
7795,7795,19,64.65430153149877
7796,7796,20,64.65430153149877
7797,7797,21,58.1888713783489
7798,7798,22,45.258011072049136
7799,7799,23,29.09443568917445
7800,7800,0,19.39629045944963
7801,7801,1,16.163575382874694
7802,7802,2,16.163575382874694
7803,7803,3,16.163575382874694
7804,7804,4,19.39629045944963
7805,7805,5,35.55986584232433
7806,7806,6,54.95615630177396
7807,7807,7,64.65430153149877
7808,7808,8,64.65430153149877
7809,7809,9,54.95615630177396
7810,7810,10,48.49072614862408
7811,7811,11,45.258011072049136
7812,7812,12,45.258011072049136
7813,7813,13,45.258011072049136
7814,7814,14,48.49072614862408
7815,7815,15,51.723441225199025
7816,7816,16,58.1888713783489
7817,7817,17,64.65430153149877
7818,7818,18,64.65430153149877
7819,7819,19,64.65430153149877
7820,7820,20,64.65430153149877
7821,7821,21,58.1888713783489
7822,7822,22,45.258011072049136
7823,7823,23,29.09443568917445
7824,7824,0,19.39629045944963
7825,7825,1,16.163575382874694
7826,7826,2,16.163575382874694
7827,7827,3,16.163575382874694
7828,7828,4,19.39629045944963
7829,7829,5,35.55986584232433
7830,7830,6,54.95615630177396
7831,7831,7,64.65430153149877
7832,7832,8,64.65430153149877
7833,7833,9,54.95615630177396
7834,7834,10,48.49072614862408
7835,7835,11,45.258011072049136
7836,7836,12,45.258011072049136
7837,7837,13,45.258011072049136
7838,7838,14,48.49072614862408
7839,7839,15,51.723441225199025
7840,7840,16,58.1888713783489
7841,7841,17,64.65430153149877
7842,7842,18,64.65430153149877
7843,7843,19,64.65430153149877
7844,7844,20,64.65430153149877
7845,7845,21,58.1888713783489
7846,7846,22,45.258011072049136
7847,7847,23,29.09443568917445
7848,7848,0,19.39629045944963
7849,7849,1,16.163575382874694
7850,7850,2,16.163575382874694
7851,7851,3,16.163575382874694
7852,7852,4,19.39629045944963
7853,7853,5,35.55986584232433
7854,7854,6,54.95615630177396
7855,7855,7,64.65430153149877
7856,7856,8,64.65430153149877
7857,7857,9,54.95615630177396
7858,7858,10,48.49072614862408
7859,7859,11,45.258011072049136
7860,7860,12,45.258011072049136
7861,7861,13,45.258011072049136
7862,7862,14,48.49072614862408
7863,7863,15,51.723441225199025
7864,7864,16,58.1888713783489
7865,7865,17,64.65430153149877
7866,7866,18,64.65430153149877
7867,7867,19,64.65430153149877
7868,7868,20,64.65430153149877
7869,7869,21,58.1888713783489
7870,7870,22,45.258011072049136
7871,7871,23,29.09443568917445
7872,7872,0,19.39629045944963
7873,7873,1,16.163575382874694
7874,7874,2,16.163575382874694
7875,7875,3,16.163575382874694
7876,7876,4,19.39629045944963
7877,7877,5,35.55986584232433
7878,7878,6,54.95615630177396
7879,7879,7,64.65430153149877
7880,7880,8,64.65430153149877
7881,7881,9,54.95615630177396
7882,7882,10,48.49072614862408
7883,7883,11,45.258011072049136
7884,7884,12,45.258011072049136
7885,7885,13,45.258011072049136
7886,7886,14,48.49072614862408
7887,7887,15,51.723441225199025
7888,7888,16,58.1888713783489
7889,7889,17,64.65430153149877
7890,7890,18,64.65430153149877
7891,7891,19,64.65430153149877
7892,7892,20,64.65430153149877
7893,7893,21,58.1888713783489
7894,7894,22,45.258011072049136
7895,7895,23,29.09443568917445
7896,7896,0,19.39629045944963
7897,7897,1,16.163575382874694
7898,7898,2,16.163575382874694
7899,7899,3,16.163575382874694
7900,7900,4,19.39629045944963
7901,7901,5,35.55986584232433
7902,7902,6,54.95615630177396
7903,7903,7,64.65430153149877
7904,7904,8,64.65430153149877
7905,7905,9,54.95615630177396
7906,7906,10,48.49072614862408
7907,7907,11,45.258011072049136
7908,7908,12,45.258011072049136
7909,7909,13,45.258011072049136
7910,7910,14,48.49072614862408
7911,7911,15,51.723441225199025
7912,7912,16,58.1888713783489
7913,7913,17,64.65430153149877
7914,7914,18,64.65430153149877
7915,7915,19,64.65430153149877
7916,7916,20,64.65430153149877
7917,7917,21,58.1888713783489
7918,7918,22,45.258011072049136
7919,7919,23,29.09443568917445
7920,7920,0,19.39629045944963
7921,7921,1,16.163575382874694
7922,7922,2,16.163575382874694
7923,7923,3,16.163575382874694
7924,7924,4,19.39629045944963
7925,7925,5,35.55986584232433
7926,7926,6,54.95615630177396
7927,7927,7,64.65430153149877
7928,7928,8,64.65430153149877
7929,7929,9,54.95615630177396
7930,7930,10,48.49072614862408
7931,7931,11,45.258011072049136
7932,7932,12,45.258011072049136
7933,7933,13,45.258011072049136
7934,7934,14,48.49072614862408
7935,7935,15,51.723441225199025
7936,7936,16,58.1888713783489
7937,7937,17,64.65430153149877
7938,7938,18,64.65430153149877
7939,7939,19,64.65430153149877
7940,7940,20,64.65430153149877
7941,7941,21,58.1888713783489
7942,7942,22,45.258011072049136
7943,7943,23,29.09443568917445
7944,7944,0,19.39629045944963
7945,7945,1,16.163575382874694
7946,7946,2,16.163575382874694
7947,7947,3,16.163575382874694
7948,7948,4,19.39629045944963
7949,7949,5,35.55986584232433
7950,7950,6,54.95615630177396
7951,7951,7,64.65430153149877
7952,7952,8,64.65430153149877
7953,7953,9,54.95615630177396
7954,7954,10,48.49072614862408
7955,7955,11,45.258011072049136
7956,7956,12,45.258011072049136
7957,7957,13,45.258011072049136
7958,7958,14,48.49072614862408
7959,7959,15,51.723441225199025
7960,7960,16,58.1888713783489
7961,7961,17,64.65430153149877
7962,7962,18,64.65430153149877
7963,7963,19,64.65430153149877
7964,7964,20,64.65430153149877
7965,7965,21,58.1888713783489
7966,7966,22,45.258011072049136
7967,7967,23,29.09443568917445
7968,7968,0,19.39629045944963
7969,7969,1,16.163575382874694
7970,7970,2,16.163575382874694
7971,7971,3,16.163575382874694
7972,7972,4,19.39629045944963
7973,7973,5,35.55986584232433
7974,7974,6,54.95615630177396
7975,7975,7,64.65430153149877
7976,7976,8,64.65430153149877
7977,7977,9,54.95615630177396
7978,7978,10,48.49072614862408
7979,7979,11,45.258011072049136
7980,7980,12,45.258011072049136
7981,7981,13,45.258011072049136
7982,7982,14,48.49072614862408
7983,7983,15,51.723441225199025
7984,7984,16,58.1888713783489
7985,7985,17,64.65430153149877
7986,7986,18,64.65430153149877
7987,7987,19,64.65430153149877
7988,7988,20,64.65430153149877
7989,7989,21,58.1888713783489
7990,7990,22,45.258011072049136
7991,7991,23,29.09443568917445
7992,7992,0,19.39629045944963
7993,7993,1,16.163575382874694
7994,7994,2,16.163575382874694
7995,7995,3,16.163575382874694
7996,7996,4,19.39629045944963
7997,7997,5,35.55986584232433
7998,7998,6,54.95615630177396
7999,7999,7,64.65430153149877
8000,8000,8,64.65430153149877
8001,8001,9,54.95615630177396
8002,8002,10,48.49072614862408
8003,8003,11,45.258011072049136
8004,8004,12,45.258011072049136
8005,8005,13,45.258011072049136
8006,8006,14,48.49072614862408
8007,8007,15,51.723441225199025
8008,8008,16,58.1888713783489
8009,8009,17,64.65430153149877
8010,8010,18,64.65430153149877
8011,8011,19,64.65430153149877
8012,8012,20,64.65430153149877
8013,8013,21,58.1888713783489
8014,8014,22,45.258011072049136
8015,8015,23,29.09443568917445
8016,8016,0,19.39629045944963
8017,8017,1,16.163575382874694
8018,8018,2,16.163575382874694
8019,8019,3,16.163575382874694
8020,8020,4,19.39629045944963
8021,8021,5,35.55986584232433
8022,8022,6,54.95615630177396
8023,8023,7,64.65430153149877
8024,8024,8,64.65430153149877
8025,8025,9,54.95615630177396
8026,8026,10,48.49072614862408
8027,8027,11,45.258011072049136
8028,8028,12,45.258011072049136
8029,8029,13,45.258011072049136
8030,8030,14,48.49072614862408
8031,8031,15,51.723441225199025
8032,8032,16,58.1888713783489
8033,8033,17,64.65430153149877
8034,8034,18,64.65430153149877
8035,8035,19,64.65430153149877
8036,8036,20,64.65430153149877
8037,8037,21,58.1888713783489
8038,8038,22,45.258011072049136
8039,8039,23,29.09443568917445
8040,8040,0,19.39629045944963
8041,8041,1,16.163575382874694
8042,8042,2,16.163575382874694
8043,8043,3,16.163575382874694
8044,8044,4,19.39629045944963
8045,8045,5,35.55986584232433
8046,8046,6,54.95615630177396
8047,8047,7,64.65430153149877
8048,8048,8,64.65430153149877
8049,8049,9,54.95615630177396
8050,8050,10,48.49072614862408
8051,8051,11,45.258011072049136
8052,8052,12,45.258011072049136
8053,8053,13,45.258011072049136
8054,8054,14,48.49072614862408
8055,8055,15,51.723441225199025
8056,8056,16,58.1888713783489
8057,8057,17,64.65430153149877
8058,8058,18,64.65430153149877
8059,8059,19,64.65430153149877
8060,8060,20,64.65430153149877
8061,8061,21,58.1888713783489
8062,8062,22,45.258011072049136
8063,8063,23,29.09443568917445
8064,8064,0,19.39629045944963
8065,8065,1,16.163575382874694
8066,8066,2,16.163575382874694
8067,8067,3,16.163575382874694
8068,8068,4,19.39629045944963
8069,8069,5,35.55986584232433
8070,8070,6,54.95615630177396
8071,8071,7,64.65430153149877
8072,8072,8,64.65430153149877
8073,8073,9,54.95615630177396
8074,8074,10,48.49072614862408
8075,8075,11,45.258011072049136
8076,8076,12,45.258011072049136
8077,8077,13,45.258011072049136
8078,8078,14,48.49072614862408
8079,8079,15,51.723441225199025
8080,8080,16,58.1888713783489
8081,8081,17,64.65430153149877
8082,8082,18,64.65430153149877
8083,8083,19,64.65430153149877
8084,8084,20,64.65430153149877
8085,8085,21,58.1888713783489
8086,8086,22,45.258011072049136
8087,8087,23,29.09443568917445
8088,8088,0,19.39629045944963
8089,8089,1,16.163575382874694
8090,8090,2,16.163575382874694
8091,8091,3,16.163575382874694
8092,8092,4,19.39629045944963
8093,8093,5,35.55986584232433
8094,8094,6,54.95615630177396
8095,8095,7,64.65430153149877
8096,8096,8,64.65430153149877
8097,8097,9,54.95615630177396
8098,8098,10,48.49072614862408
8099,8099,11,45.258011072049136
8100,8100,12,45.258011072049136
8101,8101,13,45.258011072049136
8102,8102,14,48.49072614862408
8103,8103,15,51.723441225199025
8104,8104,16,58.1888713783489
8105,8105,17,64.65430153149877
8106,8106,18,64.65430153149877
8107,8107,19,64.65430153149877
8108,8108,20,64.65430153149877
8109,8109,21,58.1888713783489
8110,8110,22,45.258011072049136
8111,8111,23,29.09443568917445
8112,8112,0,19.39629045944963
8113,8113,1,16.163575382874694
8114,8114,2,16.163575382874694
8115,8115,3,16.163575382874694
8116,8116,4,19.39629045944963
8117,8117,5,35.55986584232433
8118,8118,6,54.95615630177396
8119,8119,7,64.65430153149877
8120,8120,8,64.65430153149877
8121,8121,9,54.95615630177396
8122,8122,10,48.49072614862408
8123,8123,11,45.258011072049136
8124,8124,12,45.258011072049136
8125,8125,13,45.258011072049136
8126,8126,14,48.49072614862408
8127,8127,15,51.723441225199025
8128,8128,16,58.1888713783489
8129,8129,17,64.65430153149877
8130,8130,18,64.65430153149877
8131,8131,19,64.65430153149877
8132,8132,20,64.65430153149877
8133,8133,21,58.1888713783489
8134,8134,22,45.258011072049136
8135,8135,23,29.09443568917445
8136,8136,0,19.39629045944963
8137,8137,1,16.163575382874694
8138,8138,2,16.163575382874694
8139,8139,3,16.163575382874694
8140,8140,4,19.39629045944963
8141,8141,5,35.55986584232433
8142,8142,6,54.95615630177396
8143,8143,7,64.65430153149877
8144,8144,8,64.65430153149877
8145,8145,9,54.95615630177396
8146,8146,10,48.49072614862408
8147,8147,11,45.258011072049136
8148,8148,12,45.258011072049136
8149,8149,13,45.258011072049136
8150,8150,14,48.49072614862408
8151,8151,15,51.723441225199025
8152,8152,16,58.1888713783489
8153,8153,17,64.65430153149877
8154,8154,18,64.65430153149877
8155,8155,19,64.65430153149877
8156,8156,20,64.65430153149877
8157,8157,21,58.1888713783489
8158,8158,22,45.258011072049136
8159,8159,23,29.09443568917445
8160,8160,0,19.39629045944963
8161,8161,1,16.163575382874694
8162,8162,2,16.163575382874694
8163,8163,3,16.163575382874694
8164,8164,4,19.39629045944963
8165,8165,5,35.55986584232433
8166,8166,6,54.95615630177396
8167,8167,7,64.65430153149877
8168,8168,8,64.65430153149877
8169,8169,9,54.95615630177396
8170,8170,10,48.49072614862408
8171,8171,11,45.258011072049136
8172,8172,12,45.258011072049136
8173,8173,13,45.258011072049136
8174,8174,14,48.49072614862408
8175,8175,15,51.723441225199025
8176,8176,16,58.1888713783489
8177,8177,17,64.65430153149877
8178,8178,18,64.65430153149877
8179,8179,19,64.65430153149877
8180,8180,20,64.65430153149877
8181,8181,21,58.1888713783489
8182,8182,22,45.258011072049136
8183,8183,23,29.09443568917445
8184,8184,0,19.39629045944963
8185,8185,1,16.163575382874694
8186,8186,2,16.163575382874694
8187,8187,3,16.163575382874694
8188,8188,4,19.39629045944963
8189,8189,5,35.55986584232433
8190,8190,6,54.95615630177396
8191,8191,7,64.65430153149877
8192,8192,8,64.65430153149877
8193,8193,9,54.95615630177396
8194,8194,10,48.49072614862408
8195,8195,11,45.258011072049136
8196,8196,12,45.258011072049136
8197,8197,13,45.258011072049136
8198,8198,14,48.49072614862408
8199,8199,15,51.723441225199025
8200,8200,16,58.1888713783489
8201,8201,17,64.65430153149877
8202,8202,18,64.65430153149877
8203,8203,19,64.65430153149877
8204,8204,20,64.65430153149877
8205,8205,21,58.1888713783489
8206,8206,22,45.258011072049136
8207,8207,23,29.09443568917445
8208,8208,0,19.39629045944963
8209,8209,1,16.163575382874694
8210,8210,2,16.163575382874694
8211,8211,3,16.163575382874694
8212,8212,4,19.39629045944963
8213,8213,5,35.55986584232433
8214,8214,6,54.95615630177396
8215,8215,7,64.65430153149877
8216,8216,8,64.65430153149877
8217,8217,9,54.95615630177396
8218,8218,10,48.49072614862408
8219,8219,11,45.258011072049136
8220,8220,12,45.258011072049136
8221,8221,13,45.258011072049136
8222,8222,14,48.49072614862408
8223,8223,15,51.723441225199025
8224,8224,16,58.1888713783489
8225,8225,17,64.65430153149877
8226,8226,18,64.65430153149877
8227,8227,19,64.65430153149877
8228,8228,20,64.65430153149877
8229,8229,21,58.1888713783489
8230,8230,22,45.258011072049136
8231,8231,23,29.09443568917445
8232,8232,0,19.39629045944963
8233,8233,1,16.163575382874694
8234,8234,2,16.163575382874694
8235,8235,3,16.163575382874694
8236,8236,4,19.39629045944963
8237,8237,5,35.55986584232433
8238,8238,6,54.95615630177396
8239,8239,7,64.65430153149877
8240,8240,8,64.65430153149877
8241,8241,9,54.95615630177396
8242,8242,10,48.49072614862408
8243,8243,11,45.258011072049136
8244,8244,12,45.258011072049136
8245,8245,13,45.258011072049136
8246,8246,14,48.49072614862408
8247,8247,15,51.723441225199025
8248,8248,16,58.1888713783489
8249,8249,17,64.65430153149877
8250,8250,18,64.65430153149877
8251,8251,19,64.65430153149877
8252,8252,20,64.65430153149877
8253,8253,21,58.1888713783489
8254,8254,22,45.258011072049136
8255,8255,23,29.09443568917445
8256,8256,0,19.39629045944963
8257,8257,1,16.163575382874694
8258,8258,2,16.163575382874694
8259,8259,3,16.163575382874694
8260,8260,4,19.39629045944963
8261,8261,5,35.55986584232433
8262,8262,6,54.95615630177396
8263,8263,7,64.65430153149877
8264,8264,8,64.65430153149877
8265,8265,9,54.95615630177396
8266,8266,10,48.49072614862408
8267,8267,11,45.258011072049136
8268,8268,12,45.258011072049136
8269,8269,13,45.258011072049136
8270,8270,14,48.49072614862408
8271,8271,15,51.723441225199025
8272,8272,16,58.1888713783489
8273,8273,17,64.65430153149877
8274,8274,18,64.65430153149877
8275,8275,19,64.65430153149877
8276,8276,20,64.65430153149877
8277,8277,21,58.1888713783489
8278,8278,22,45.258011072049136
8279,8279,23,29.09443568917445
8280,8280,0,19.39629045944963
8281,8281,1,16.163575382874694
8282,8282,2,16.163575382874694
8283,8283,3,16.163575382874694
8284,8284,4,19.39629045944963
8285,8285,5,35.55986584232433
8286,8286,6,54.95615630177396
8287,8287,7,64.65430153149877
8288,8288,8,64.65430153149877
8289,8289,9,54.95615630177396
8290,8290,10,48.49072614862408
8291,8291,11,45.258011072049136
8292,8292,12,45.258011072049136
8293,8293,13,45.258011072049136
8294,8294,14,48.49072614862408
8295,8295,15,51.723441225199025
8296,8296,16,58.1888713783489
8297,8297,17,64.65430153149877
8298,8298,18,64.65430153149877
8299,8299,19,64.65430153149877
8300,8300,20,64.65430153149877
8301,8301,21,58.1888713783489
8302,8302,22,45.258011072049136
8303,8303,23,29.09443568917445
8304,8304,0,19.39629045944963
8305,8305,1,16.163575382874694
8306,8306,2,16.163575382874694
8307,8307,3,16.163575382874694
8308,8308,4,19.39629045944963
8309,8309,5,35.55986584232433
8310,8310,6,54.95615630177396
8311,8311,7,64.65430153149877
8312,8312,8,64.65430153149877
8313,8313,9,54.95615630177396
8314,8314,10,48.49072614862408
8315,8315,11,45.258011072049136
8316,8316,12,45.258011072049136
8317,8317,13,45.258011072049136
8318,8318,14,48.49072614862408
8319,8319,15,51.723441225199025
8320,8320,16,58.1888713783489
8321,8321,17,64.65430153149877
8322,8322,18,64.65430153149877
8323,8323,19,64.65430153149877
8324,8324,20,64.65430153149877
8325,8325,21,58.1888713783489
8326,8326,22,45.258011072049136
8327,8327,23,29.09443568917445
8328,8328,0,19.39629045944963
8329,8329,1,16.163575382874694
8330,8330,2,16.163575382874694
8331,8331,3,16.163575382874694
8332,8332,4,19.39629045944963
8333,8333,5,35.55986584232433
8334,8334,6,54.95615630177396
8335,8335,7,64.65430153149877
8336,8336,8,64.65430153149877
8337,8337,9,54.95615630177396
8338,8338,10,48.49072614862408
8339,8339,11,45.258011072049136
8340,8340,12,45.258011072049136
8341,8341,13,45.258011072049136
8342,8342,14,48.49072614862408
8343,8343,15,51.723441225199025
8344,8344,16,58.1888713783489
8345,8345,17,64.65430153149877
8346,8346,18,64.65430153149877
8347,8347,19,64.65430153149877
8348,8348,20,64.65430153149877
8349,8349,21,58.1888713783489
8350,8350,22,45.258011072049136
8351,8351,23,29.09443568917445
8352,8352,0,19.39629045944963
8353,8353,1,16.163575382874694
8354,8354,2,16.163575382874694
8355,8355,3,16.163575382874694
8356,8356,4,19.39629045944963
8357,8357,5,35.55986584232433
8358,8358,6,54.95615630177396
8359,8359,7,64.65430153149877
8360,8360,8,64.65430153149877
8361,8361,9,54.95615630177396
8362,8362,10,48.49072614862408
8363,8363,11,45.258011072049136
8364,8364,12,45.258011072049136
8365,8365,13,45.258011072049136
8366,8366,14,48.49072614862408
8367,8367,15,51.723441225199025
8368,8368,16,58.1888713783489
8369,8369,17,64.65430153149877
8370,8370,18,64.65430153149877
8371,8371,19,64.65430153149877
8372,8372,20,64.65430153149877
8373,8373,21,58.1888713783489
8374,8374,22,45.258011072049136
8375,8375,23,29.09443568917445
8376,8376,0,19.39629045944963
8377,8377,1,16.163575382874694
8378,8378,2,16.163575382874694
8379,8379,3,16.163575382874694
8380,8380,4,19.39629045944963
8381,8381,5,35.55986584232433
8382,8382,6,54.95615630177396
8383,8383,7,64.65430153149877
8384,8384,8,64.65430153149877
8385,8385,9,54.95615630177396
8386,8386,10,48.49072614862408
8387,8387,11,45.258011072049136
8388,8388,12,45.258011072049136
8389,8389,13,45.258011072049136
8390,8390,14,48.49072614862408
8391,8391,15,51.723441225199025
8392,8392,16,58.1888713783489
8393,8393,17,64.65430153149877
8394,8394,18,64.65430153149877
8395,8395,19,64.65430153149877
8396,8396,20,64.65430153149877
8397,8397,21,58.1888713783489
8398,8398,22,45.258011072049136
8399,8399,23,29.09443568917445
8400,8400,0,19.39629045944963
8401,8401,1,16.163575382874694
8402,8402,2,16.163575382874694
8403,8403,3,16.163575382874694
8404,8404,4,19.39629045944963
8405,8405,5,35.55986584232433
8406,8406,6,54.95615630177396
8407,8407,7,64.65430153149877
8408,8408,8,64.65430153149877
8409,8409,9,54.95615630177396
8410,8410,10,48.49072614862408
8411,8411,11,45.258011072049136
8412,8412,12,45.258011072049136
8413,8413,13,45.258011072049136
8414,8414,14,48.49072614862408
8415,8415,15,51.723441225199025
8416,8416,16,58.1888713783489
8417,8417,17,64.65430153149877
8418,8418,18,64.65430153149877
8419,8419,19,64.65430153149877
8420,8420,20,64.65430153149877
8421,8421,21,58.1888713783489
8422,8422,22,45.258011072049136
8423,8423,23,29.09443568917445
8424,8424,0,19.39629045944963
8425,8425,1,16.163575382874694
8426,8426,2,16.163575382874694
8427,8427,3,16.163575382874694
8428,8428,4,19.39629045944963
8429,8429,5,35.55986584232433
8430,8430,6,54.95615630177396
8431,8431,7,64.65430153149877
8432,8432,8,64.65430153149877
8433,8433,9,54.95615630177396
8434,8434,10,48.49072614862408
8435,8435,11,45.258011072049136
8436,8436,12,45.258011072049136
8437,8437,13,45.258011072049136
8438,8438,14,48.49072614862408
8439,8439,15,51.723441225199025
8440,8440,16,58.1888713783489
8441,8441,17,64.65430153149877
8442,8442,18,64.65430153149877
8443,8443,19,64.65430153149877
8444,8444,20,64.65430153149877
8445,8445,21,58.1888713783489
8446,8446,22,45.258011072049136
8447,8447,23,29.09443568917445
8448,8448,0,19.39629045944963
8449,8449,1,16.163575382874694
8450,8450,2,16.163575382874694
8451,8451,3,16.163575382874694
8452,8452,4,19.39629045944963
8453,8453,5,35.55986584232433
8454,8454,6,54.95615630177396
8455,8455,7,64.65430153149877
8456,8456,8,64.65430153149877
8457,8457,9,54.95615630177396
8458,8458,10,48.49072614862408
8459,8459,11,45.258011072049136
8460,8460,12,45.258011072049136
8461,8461,13,45.258011072049136
8462,8462,14,48.49072614862408
8463,8463,15,51.723441225199025
8464,8464,16,58.1888713783489
8465,8465,17,64.65430153149877
8466,8466,18,64.65430153149877
8467,8467,19,64.65430153149877
8468,8468,20,64.65430153149877
8469,8469,21,58.1888713783489
8470,8470,22,45.258011072049136
8471,8471,23,29.09443568917445
8472,8472,0,19.39629045944963
8473,8473,1,16.163575382874694
8474,8474,2,16.163575382874694
8475,8475,3,16.163575382874694
8476,8476,4,19.39629045944963
8477,8477,5,35.55986584232433
8478,8478,6,54.95615630177396
8479,8479,7,64.65430153149877
8480,8480,8,64.65430153149877
8481,8481,9,54.95615630177396
8482,8482,10,48.49072614862408
8483,8483,11,45.258011072049136
8484,8484,12,45.258011072049136
8485,8485,13,45.258011072049136
8486,8486,14,48.49072614862408
8487,8487,15,51.723441225199025
8488,8488,16,58.1888713783489
8489,8489,17,64.65430153149877
8490,8490,18,64.65430153149877
8491,8491,19,64.65430153149877
8492,8492,20,64.65430153149877
8493,8493,21,58.1888713783489
8494,8494,22,45.258011072049136
8495,8495,23,29.09443568917445
8496,8496,0,19.39629045944963
8497,8497,1,16.163575382874694
8498,8498,2,16.163575382874694
8499,8499,3,16.163575382874694
8500,8500,4,19.39629045944963
8501,8501,5,35.55986584232433
8502,8502,6,54.95615630177396
8503,8503,7,64.65430153149877
8504,8504,8,64.65430153149877
8505,8505,9,54.95615630177396
8506,8506,10,48.49072614862408
8507,8507,11,45.258011072049136
8508,8508,12,45.258011072049136
8509,8509,13,45.258011072049136
8510,8510,14,48.49072614862408
8511,8511,15,51.723441225199025
8512,8512,16,58.1888713783489
8513,8513,17,64.65430153149877
8514,8514,18,64.65430153149877
8515,8515,19,64.65430153149877
8516,8516,20,64.65430153149877
8517,8517,21,58.1888713783489
8518,8518,22,45.258011072049136
8519,8519,23,29.09443568917445
8520,8520,0,19.39629045944963
8521,8521,1,16.163575382874694
8522,8522,2,16.163575382874694
8523,8523,3,16.163575382874694
8524,8524,4,19.39629045944963
8525,8525,5,35.55986584232433
8526,8526,6,54.95615630177396
8527,8527,7,64.65430153149877
8528,8528,8,64.65430153149877
8529,8529,9,54.95615630177396
8530,8530,10,48.49072614862408
8531,8531,11,45.258011072049136
8532,8532,12,45.258011072049136
8533,8533,13,45.258011072049136
8534,8534,14,48.49072614862408
8535,8535,15,51.723441225199025
8536,8536,16,58.1888713783489
8537,8537,17,64.65430153149877
8538,8538,18,64.65430153149877
8539,8539,19,64.65430153149877
8540,8540,20,64.65430153149877
8541,8541,21,58.1888713783489
8542,8542,22,45.258011072049136
8543,8543,23,29.09443568917445
8544,8544,0,19.39629045944963
8545,8545,1,16.163575382874694
8546,8546,2,16.163575382874694
8547,8547,3,16.163575382874694
8548,8548,4,19.39629045944963
8549,8549,5,35.55986584232433
8550,8550,6,54.95615630177396
8551,8551,7,64.65430153149877
8552,8552,8,64.65430153149877
8553,8553,9,54.95615630177396
8554,8554,10,48.49072614862408
8555,8555,11,45.258011072049136
8556,8556,12,45.258011072049136
8557,8557,13,45.258011072049136
8558,8558,14,48.49072614862408
8559,8559,15,51.723441225199025
8560,8560,16,58.1888713783489
8561,8561,17,64.65430153149877
8562,8562,18,64.65430153149877
8563,8563,19,64.65430153149877
8564,8564,20,64.65430153149877
8565,8565,21,58.1888713783489
8566,8566,22,45.258011072049136
8567,8567,23,29.09443568917445
8568,8568,0,19.39629045944963
8569,8569,1,16.163575382874694
8570,8570,2,16.163575382874694
8571,8571,3,16.163575382874694
8572,8572,4,19.39629045944963
8573,8573,5,35.55986584232433
8574,8574,6,54.95615630177396
8575,8575,7,64.65430153149877
8576,8576,8,64.65430153149877
8577,8577,9,54.95615630177396
8578,8578,10,48.49072614862408
8579,8579,11,45.258011072049136
8580,8580,12,45.258011072049136
8581,8581,13,45.258011072049136
8582,8582,14,48.49072614862408
8583,8583,15,51.723441225199025
8584,8584,16,58.1888713783489
8585,8585,17,64.65430153149877
8586,8586,18,64.65430153149877
8587,8587,19,64.65430153149877
8588,8588,20,64.65430153149877
8589,8589,21,58.1888713783489
8590,8590,22,45.258011072049136
8591,8591,23,29.09443568917445
8592,8592,0,19.39629045944963
8593,8593,1,16.163575382874694
8594,8594,2,16.163575382874694
8595,8595,3,16.163575382874694
8596,8596,4,19.39629045944963
8597,8597,5,35.55986584232433
8598,8598,6,54.95615630177396
8599,8599,7,64.65430153149877
8600,8600,8,64.65430153149877
8601,8601,9,54.95615630177396
8602,8602,10,48.49072614862408
8603,8603,11,45.258011072049136
8604,8604,12,45.258011072049136
8605,8605,13,45.258011072049136
8606,8606,14,48.49072614862408
8607,8607,15,51.723441225199025
8608,8608,16,58.1888713783489
8609,8609,17,64.65430153149877
8610,8610,18,64.65430153149877
8611,8611,19,64.65430153149877
8612,8612,20,64.65430153149877
8613,8613,21,58.1888713783489
8614,8614,22,45.258011072049136
8615,8615,23,29.09443568917445
8616,8616,0,19.39629045944963
8617,8617,1,16.163575382874694
8618,8618,2,16.163575382874694
8619,8619,3,16.163575382874694
8620,8620,4,19.39629045944963
8621,8621,5,35.55986584232433
8622,8622,6,54.95615630177396
8623,8623,7,64.65430153149877
8624,8624,8,64.65430153149877
8625,8625,9,54.95615630177396
8626,8626,10,48.49072614862408
8627,8627,11,45.258011072049136
8628,8628,12,45.258011072049136
8629,8629,13,45.258011072049136
8630,8630,14,48.49072614862408
8631,8631,15,51.723441225199025
8632,8632,16,58.1888713783489
8633,8633,17,64.65430153149877
8634,8634,18,64.65430153149877
8635,8635,19,64.65430153149877
8636,8636,20,64.65430153149877
8637,8637,21,58.1888713783489
8638,8638,22,45.258011072049136
8639,8639,23,29.09443568917445
8640,8640,0,19.39629045944963
8641,8641,1,16.163575382874694
8642,8642,2,16.163575382874694
8643,8643,3,16.163575382874694
8644,8644,4,19.39629045944963
8645,8645,5,35.55986584232433
8646,8646,6,54.95615630177396
8647,8647,7,64.65430153149877
8648,8648,8,64.65430153149877
8649,8649,9,54.95615630177396
8650,8650,10,48.49072614862408
8651,8651,11,45.258011072049136
8652,8652,12,45.258011072049136
8653,8653,13,45.258011072049136
8654,8654,14,48.49072614862408
8655,8655,15,51.723441225199025
8656,8656,16,58.1888713783489
8657,8657,17,64.65430153149877
8658,8658,18,64.65430153149877
8659,8659,19,64.65430153149877
8660,8660,20,64.65430153149877
8661,8661,21,58.1888713783489
8662,8662,22,45.258011072049136
8663,8663,23,29.09443568917445
8664,8664,0,19.39629045944963
8665,8665,1,16.163575382874694
8666,8666,2,16.163575382874694
8667,8667,3,16.163575382874694
8668,8668,4,19.39629045944963
8669,8669,5,35.55986584232433
8670,8670,6,54.95615630177396
8671,8671,7,64.65430153149877
8672,8672,8,64.65430153149877
8673,8673,9,54.95615630177396
8674,8674,10,48.49072614862408
8675,8675,11,45.258011072049136
8676,8676,12,45.258011072049136
8677,8677,13,45.258011072049136
8678,8678,14,48.49072614862408
8679,8679,15,51.723441225199025
8680,8680,16,58.1888713783489
8681,8681,17,64.65430153149877
8682,8682,18,64.65430153149877
8683,8683,19,64.65430153149877
8684,8684,20,64.65430153149877
8685,8685,21,58.1888713783489
8686,8686,22,45.258011072049136
8687,8687,23,29.09443568917445
8688,8688,0,19.39629045944963
8689,8689,1,16.163575382874694
8690,8690,2,16.163575382874694
8691,8691,3,16.163575382874694
8692,8692,4,19.39629045944963
8693,8693,5,35.55986584232433
8694,8694,6,54.95615630177396
8695,8695,7,64.65430153149877
8696,8696,8,64.65430153149877
8697,8697,9,54.95615630177396
8698,8698,10,48.49072614862408
8699,8699,11,45.258011072049136
8700,8700,12,45.258011072049136
8701,8701,13,45.258011072049136
8702,8702,14,48.49072614862408
8703,8703,15,51.723441225199025
8704,8704,16,58.1888713783489
8705,8705,17,64.65430153149877
8706,8706,18,64.65430153149877
8707,8707,19,64.65430153149877
8708,8708,20,64.65430153149877
8709,8709,21,58.1888713783489
8710,8710,22,45.258011072049136
8711,8711,23,29.09443568917445
8712,8712,0,19.39629045944963
8713,8713,1,16.163575382874694
8714,8714,2,16.163575382874694
8715,8715,3,16.163575382874694
8716,8716,4,19.39629045944963
8717,8717,5,35.55986584232433
8718,8718,6,54.95615630177396
8719,8719,7,64.65430153149877
8720,8720,8,64.65430153149877
8721,8721,9,54.95615630177396
8722,8722,10,48.49072614862408
8723,8723,11,45.258011072049136
8724,8724,12,45.258011072049136
8725,8725,13,45.258011072049136
8726,8726,14,48.49072614862408
8727,8727,15,51.723441225199025
8728,8728,16,58.1888713783489
8729,8729,17,64.65430153149877
8730,8730,18,64.65430153149877
8731,8731,19,64.65430153149877
8732,8732,20,64.65430153149877
8733,8733,21,58.1888713783489
8734,8734,22,45.258011072049136
8735,8735,23,29.09443568917445
8736,8736,0,19.39629045944963
8737,8737,1,16.163575382874694
8738,8738,2,16.163575382874694
8739,8739,3,16.163575382874694
8740,8740,4,19.39629045944963
8741,8741,5,35.55986584232433
8742,8742,6,54.95615630177396
8743,8743,7,64.65430153149877
8744,8744,8,64.65430153149877
8745,8745,9,54.95615630177396
8746,8746,10,48.49072614862408
8747,8747,11,45.258011072049136
8748,8748,12,45.258011072049136
8749,8749,13,45.258011072049136
8750,8750,14,48.49072614862408
8751,8751,15,51.723441225199025
8752,8752,16,58.1888713783489
8753,8753,17,64.65430153149877
8754,8754,18,64.65430153149877
8755,8755,19,64.65430153149877
8756,8756,20,64.65430153149877
8757,8757,21,58.1888713783489
8758,8758,22,45.258011072049136
8759,8759,23,29.09443568917445
