t_global,hour,local_hour,thermal_demand_kw
0,0,0,6.575342465753424
1,1,1,4.383561643835616
2,2,2,4.383561643835616
3,3,3,4.383561643835616
4,4,4,6.575342465753424
5,5,5,17.534246575342465
6,6,6,35.06849315068493
7,7,7,43.83561643835616
8,8,8,39.45205479452055
9,9,9,24.10958904109589
10,10,10,17.534246575342465
11,11,11,15.342465753424655
12,12,12,15.342465753424655
13,13,13,15.342465753424655
14,14,14,17.534246575342465
15,15,15,21.91780821917808
16,16,16,30.68493150684931
17,17,17,39.45205479452055
18,18,18,43.83561643835616
19,19,19,43.83561643835616
20,20,20,39.45205479452055
21,21,21,30.68493150684931
22,22,22,19.726027397260275
23,23,23,10.95890410958904
24,24,0,6.575342465753424
25,25,1,4.383561643835616
26,26,2,4.383561643835616
27,27,3,4.383561643835616
28,28,4,6.575342465753424
29,29,5,17.534246575342465
30,30,6,35.06849315068493
31,31,7,43.83561643835616
32,32,8,39.45205479452055
33,33,9,24.10958904109589
34,34,10,17.534246575342465
35,35,11,15.342465753424655
36,36,12,15.342465753424655
37,37,13,15.342465753424655
38,38,14,17.534246575342465
39,39,15,21.91780821917808
40,40,16,30.68493150684931
41,41,17,39.45205479452055
42,42,18,43.83561643835616
43,43,19,43.83561643835616
44,44,20,39.45205479452055
45,45,21,30.68493150684931
46,46,22,19.726027397260275
47,47,23,10.95890410958904
48,48,0,6.575342465753424
49,49,1,4.383561643835616
50,50,2,4.383561643835616
51,51,3,4.383561643835616
52,52,4,6.575342465753424
53,53,5,17.534246575342465
54,54,6,35.06849315068493
55,55,7,43.83561643835616
56,56,8,39.45205479452055
57,57,9,24.10958904109589
58,58,10,17.534246575342465
59,59,11,15.342465753424655
60,60,12,15.342465753424655
61,61,13,15.342465753424655
62,62,14,17.534246575342465
63,63,15,21.91780821917808
64,64,16,30.68493150684931
65,65,17,39.45205479452055
66,66,18,43.83561643835616
67,67,19,43.83561643835616
68,68,20,39.45205479452055
69,69,21,30.68493150684931
70,70,22,19.726027397260275
71,71,23,10.95890410958904
72,72,0,6.575342465753424
73,73,1,4.383561643835616
74,74,2,4.383561643835616
75,75,3,4.383561643835616
76,76,4,6.575342465753424
77,77,5,17.534246575342465
78,78,6,35.06849315068493
79,79,7,43.83561643835616
80,80,8,39.45205479452055
81,81,9,24.10958904109589
82,82,10,17.534246575342465
83,83,11,15.342465753424655
84,84,12,15.342465753424655
85,85,13,15.342465753424655
86,86,14,17.534246575342465
87,87,15,21.91780821917808
88,88,16,30.68493150684931
89,89,17,39.45205479452055
90,90,18,43.83561643835616
91,91,19,43.83561643835616
92,92,20,39.45205479452055
93,93,21,30.68493150684931
94,94,22,19.726027397260275
95,95,23,10.95890410958904
96,96,0,6.575342465753424
97,97,1,4.383561643835616
98,98,2,4.383561643835616
99,99,3,4.383561643835616
100,100,4,6.575342465753424
101,101,5,17.534246575342465
102,102,6,35.06849315068493
103,103,7,43.83561643835616
104,104,8,39.45205479452055
105,105,9,24.10958904109589
106,106,10,17.534246575342465
107,107,11,15.342465753424655
108,108,12,15.342465753424655
109,109,13,15.342465753424655
110,110,14,17.534246575342465
111,111,15,21.91780821917808
112,112,16,30.68493150684931
113,113,17,39.45205479452055
114,114,18,43.83561643835616
115,115,19,43.83561643835616
116,116,20,39.45205479452055
117,117,21,30.68493150684931
118,118,22,19.726027397260275
119,119,23,10.95890410958904
120,120,0,6.575342465753424
121,121,1,4.383561643835616
122,122,2,4.383561643835616
123,123,3,4.383561643835616
124,124,4,6.575342465753424
125,125,5,17.534246575342465
126,126,6,35.06849315068493
127,127,7,43.83561643835616
128,128,8,39.45205479452055
129,129,9,24.10958904109589
130,130,10,17.534246575342465
131,131,11,15.342465753424655
132,132,12,15.342465753424655
133,133,13,15.342465753424655
134,134,14,17.534246575342465
135,135,15,21.91780821917808
136,136,16,30.68493150684931
137,137,17,39.45205479452055
138,138,18,43.83561643835616
139,139,19,43.83561643835616
140,140,20,39.45205479452055
141,141,21,30.68493150684931
142,142,22,19.726027397260275
143,143,23,10.95890410958904
144,144,0,6.575342465753424
145,145,1,4.383561643835616
146,146,2,4.383561643835616
147,147,3,4.383561643835616
148,148,4,6.575342465753424
149,149,5,17.534246575342465
150,150,6,35.06849315068493
151,151,7,43.83561643835616
152,152,8,39.45205479452055
153,153,9,24.10958904109589
154,154,10,17.534246575342465
155,155,11,15.342465753424655
156,156,12,15.342465753424655
157,157,13,15.342465753424655
158,158,14,17.534246575342465
159,159,15,21.91780821917808
160,160,16,30.68493150684931
161,161,17,39.45205479452055
162,162,18,43.83561643835616
163,163,19,43.83561643835616
164,164,20,39.45205479452055
165,165,21,30.68493150684931
166,166,22,19.726027397260275
167,167,23,10.95890410958904
168,168,0,6.575342465753424
169,169,1,4.383561643835616
170,170,2,4.383561643835616
171,171,3,4.383561643835616
172,172,4,6.575342465753424
173,173,5,17.534246575342465
174,174,6,35.06849315068493
175,175,7,43.83561643835616
176,176,8,39.45205479452055
177,177,9,24.10958904109589
178,178,10,17.534246575342465
179,179,11,15.342465753424655
180,180,12,15.342465753424655
181,181,13,15.342465753424655
182,182,14,17.534246575342465
183,183,15,21.91780821917808
184,184,16,30.68493150684931
185,185,17,39.45205479452055
186,186,18,43.83561643835616
187,187,19,43.83561643835616
188,188,20,39.45205479452055
189,189,21,30.68493150684931
190,190,22,19.726027397260275
191,191,23,10.95890410958904
192,192,0,6.575342465753424
193,193,1,4.383561643835616
194,194,2,4.383561643835616
195,195,3,4.383561643835616
196,196,4,6.575342465753424
197,197,5,17.534246575342465
198,198,6,35.06849315068493
199,199,7,43.83561643835616
200,200,8,39.45205479452055
201,201,9,24.10958904109589
202,202,10,17.534246575342465
203,203,11,15.342465753424655
204,204,12,15.342465753424655
205,205,13,15.342465753424655
206,206,14,17.534246575342465
207,207,15,21.91780821917808
208,208,16,30.68493150684931
209,209,17,39.45205479452055
210,210,18,43.83561643835616
211,211,19,43.83561643835616
212,212,20,39.45205479452055
213,213,21,30.68493150684931
214,214,22,19.726027397260275
215,215,23,10.95890410958904
216,216,0,6.575342465753424
217,217,1,4.383561643835616
218,218,2,4.383561643835616
219,219,3,4.383561643835616
220,220,4,6.575342465753424
221,221,5,17.534246575342465
222,222,6,35.06849315068493
223,223,7,43.83561643835616
224,224,8,39.45205479452055
225,225,9,24.10958904109589
226,226,10,17.534246575342465
227,227,11,15.342465753424655
228,228,12,15.342465753424655
229,229,13,15.342465753424655
230,230,14,17.534246575342465
231,231,15,21.91780821917808
232,232,16,30.68493150684931
233,233,17,39.45205479452055
234,234,18,43.83561643835616
235,235,19,43.83561643835616
236,236,20,39.45205479452055
237,237,21,30.68493150684931
238,238,22,19.726027397260275
239,239,23,10.95890410958904
240,240,0,6.575342465753424
241,241,1,4.383561643835616
242,242,2,4.383561643835616
243,243,3,4.383561643835616
244,244,4,6.575342465753424
245,245,5,17.534246575342465
246,246,6,35.06849315068493
247,247,7,43.83561643835616
248,248,8,39.45205479452055
249,249,9,24.10958904109589
250,250,10,17.534246575342465
251,251,11,15.342465753424655
252,252,12,15.342465753424655
253,253,13,15.342465753424655
254,254,14,17.534246575342465
255,255,15,21.91780821917808
256,256,16,30.68493150684931
257,257,17,39.45205479452055
258,258,18,43.83561643835616
259,259,19,43.83561643835616
260,260,20,39.45205479452055
261,261,21,30.68493150684931
262,262,22,19.726027397260275
263,263,23,10.95890410958904
264,264,0,6.575342465753424
265,265,1,4.383561643835616
266,266,2,4.383561643835616
267,267,3,4.383561643835616
268,268,4,6.575342465753424
269,269,5,17.534246575342465
270,270,6,35.06849315068493
271,271,7,43.83561643835616
272,272,8,39.45205479452055
273,273,9,24.10958904109589
274,274,10,17.534246575342465
275,275,11,15.342465753424655
276,276,12,15.342465753424655
277,277,13,15.342465753424655
278,278,14,17.534246575342465
279,279,15,21.91780821917808
280,280,16,30.68493150684931
281,281,17,39.45205479452055
282,282,18,43.83561643835616
283,283,19,43.83561643835616
284,284,20,39.45205479452055
285,285,21,30.68493150684931
286,286,22,19.726027397260275
287,287,23,10.95890410958904
288,288,0,6.575342465753424
289,289,1,4.383561643835616
290,290,2,4.383561643835616
291,291,3,4.383561643835616
292,292,4,6.575342465753424
293,293,5,17.534246575342465
294,294,6,35.06849315068493
295,295,7,43.83561643835616
296,296,8,39.45205479452055
297,297,9,24.10958904109589
298,298,10,17.534246575342465
299,299,11,15.342465753424655
300,300,12,15.342465753424655
301,301,13,15.342465753424655
302,302,14,17.534246575342465
303,303,15,21.91780821917808
304,304,16,30.68493150684931
305,305,17,39.45205479452055
306,306,18,43.83561643835616
307,307,19,43.83561643835616
308,308,20,39.45205479452055
309,309,21,30.68493150684931
310,310,22,19.726027397260275
311,311,23,10.95890410958904
312,312,0,6.575342465753424
313,313,1,4.383561643835616
314,314,2,4.383561643835616
315,315,3,4.383561643835616
316,316,4,6.575342465753424
317,317,5,17.534246575342465
318,318,6,35.06849315068493
319,319,7,43.83561643835616
320,320,8,39.45205479452055
321,321,9,24.10958904109589
322,322,10,17.534246575342465
323,323,11,15.342465753424655
324,324,12,15.342465753424655
325,325,13,15.342465753424655
326,326,14,17.534246575342465
327,327,15,21.91780821917808
328,328,16,30.68493150684931
329,329,17,39.45205479452055
330,330,18,43.83561643835616
331,331,19,43.83561643835616
332,332,20,39.45205479452055
333,333,21,30.68493150684931
334,334,22,19.726027397260275
335,335,23,10.95890410958904
336,336,0,6.575342465753424
337,337,1,4.383561643835616
338,338,2,4.383561643835616
339,339,3,4.383561643835616
340,340,4,6.575342465753424
341,341,5,17.534246575342465
342,342,6,35.06849315068493
343,343,7,43.83561643835616
344,344,8,39.45205479452055
345,345,9,24.10958904109589
346,346,10,17.534246575342465
347,347,11,15.342465753424655
348,348,12,15.342465753424655
349,349,13,15.342465753424655
350,350,14,17.534246575342465
351,351,15,21.91780821917808
352,352,16,30.68493150684931
353,353,17,39.45205479452055
354,354,18,43.83561643835616
355,355,19,43.83561643835616
356,356,20,39.45205479452055
357,357,21,30.68493150684931
358,358,22,19.726027397260275
359,359,23,10.95890410958904
360,360,0,6.575342465753424
361,361,1,4.383561643835616
362,362,2,4.383561643835616
363,363,3,4.383561643835616
364,364,4,6.575342465753424
365,365,5,17.534246575342465
366,366,6,35.06849315068493
367,367,7,43.83561643835616
368,368,8,39.45205479452055
369,369,9,24.10958904109589
370,370,10,17.534246575342465
371,371,11,15.342465753424655
372,372,12,15.342465753424655
373,373,13,15.342465753424655
374,374,14,17.534246575342465
375,375,15,21.91780821917808
376,376,16,30.68493150684931
377,377,17,39.45205479452055
378,378,18,43.83561643835616
379,379,19,43.83561643835616
380,380,20,39.45205479452055
381,381,21,30.68493150684931
382,382,22,19.726027397260275
383,383,23,10.95890410958904
384,384,0,6.575342465753424
385,385,1,4.383561643835616
386,386,2,4.383561643835616
387,387,3,4.383561643835616
388,388,4,6.575342465753424
389,389,5,17.534246575342465
390,390,6,35.06849315068493
391,391,7,43.83561643835616
392,392,8,39.45205479452055
393,393,9,24.10958904109589
394,394,10,17.534246575342465
395,395,11,15.342465753424655
396,396,12,15.342465753424655
397,397,13,15.342465753424655
398,398,14,17.534246575342465
399,399,15,21.91780821917808
400,400,16,30.68493150684931
401,401,17,39.45205479452055
402,402,18,43.83561643835616
403,403,19,43.83561643835616
404,404,20,39.45205479452055
405,405,21,30.68493150684931
406,406,22,19.726027397260275
407,407,23,10.95890410958904
408,408,0,6.575342465753424
409,409,1,4.383561643835616
410,410,2,4.383561643835616
411,411,3,4.383561643835616
412,412,4,6.575342465753424
413,413,5,17.534246575342465
414,414,6,35.06849315068493
415,415,7,43.83561643835616
416,416,8,39.45205479452055
417,417,9,24.10958904109589
418,418,10,17.534246575342465
419,419,11,15.342465753424655
420,420,12,15.342465753424655
421,421,13,15.342465753424655
422,422,14,17.534246575342465
423,423,15,21.91780821917808
424,424,16,30.68493150684931
425,425,17,39.45205479452055
426,426,18,43.83561643835616
427,427,19,43.83561643835616
428,428,20,39.45205479452055
429,429,21,30.68493150684931
430,430,22,19.726027397260275
431,431,23,10.95890410958904
432,432,0,6.575342465753424
433,433,1,4.383561643835616
434,434,2,4.383561643835616
435,435,3,4.383561643835616
436,436,4,6.575342465753424
437,437,5,17.534246575342465
438,438,6,35.06849315068493
439,439,7,43.83561643835616
440,440,8,39.45205479452055
441,441,9,24.10958904109589
442,442,10,17.534246575342465
443,443,11,15.342465753424655
444,444,12,15.342465753424655
445,445,13,15.342465753424655
446,446,14,17.534246575342465
447,447,15,21.91780821917808
448,448,16,30.68493150684931
449,449,17,39.45205479452055
450,450,18,43.83561643835616
451,451,19,43.83561643835616
452,452,20,39.45205479452055
453,453,21,30.68493150684931
454,454,22,19.726027397260275
455,455,23,10.95890410958904
456,456,0,6.575342465753424
457,457,1,4.383561643835616
458,458,2,4.383561643835616
459,459,3,4.383561643835616
460,460,4,6.575342465753424
461,461,5,17.534246575342465
462,462,6,35.06849315068493
463,463,7,43.83561643835616
464,464,8,39.45205479452055
465,465,9,24.10958904109589
466,466,10,17.534246575342465
467,467,11,15.342465753424655
468,468,12,15.342465753424655
469,469,13,15.342465753424655
470,470,14,17.534246575342465
471,471,15,21.91780821917808
472,472,16,30.68493150684931
473,473,17,39.45205479452055
474,474,18,43.83561643835616
475,475,19,43.83561643835616
476,476,20,39.45205479452055
477,477,21,30.68493150684931
478,478,22,19.726027397260275
479,479,23,10.95890410958904
480,480,0,6.575342465753424
481,481,1,4.383561643835616
482,482,2,4.383561643835616
483,483,3,4.383561643835616
484,484,4,6.575342465753424
485,485,5,17.534246575342465
486,486,6,35.06849315068493
487,487,7,43.83561643835616
488,488,8,39.45205479452055
489,489,9,24.10958904109589
490,490,10,17.534246575342465
491,491,11,15.342465753424655
492,492,12,15.342465753424655
493,493,13,15.342465753424655
494,494,14,17.534246575342465
495,495,15,21.91780821917808
496,496,16,30.68493150684931
497,497,17,39.45205479452055
498,498,18,43.83561643835616
499,499,19,43.83561643835616
500,500,20,39.45205479452055
501,501,21,30.68493150684931
502,502,22,19.726027397260275
503,503,23,10.95890410958904
504,504,0,6.575342465753424
505,505,1,4.383561643835616
506,506,2,4.383561643835616
507,507,3,4.383561643835616
508,508,4,6.575342465753424
509,509,5,17.534246575342465
510,510,6,35.06849315068493
511,511,7,43.83561643835616
512,512,8,39.45205479452055
513,513,9,24.10958904109589
514,514,10,17.534246575342465
515,515,11,15.342465753424655
516,516,12,15.342465753424655
517,517,13,15.342465753424655
518,518,14,17.534246575342465
519,519,15,21.91780821917808
520,520,16,30.68493150684931
521,521,17,39.45205479452055
522,522,18,43.83561643835616
523,523,19,43.83561643835616
524,524,20,39.45205479452055
525,525,21,30.68493150684931
526,526,22,19.726027397260275
527,527,23,10.95890410958904
528,528,0,6.575342465753424
529,529,1,4.383561643835616
530,530,2,4.383561643835616
531,531,3,4.383561643835616
532,532,4,6.575342465753424
533,533,5,17.534246575342465
534,534,6,35.06849315068493
535,535,7,43.83561643835616
536,536,8,39.45205479452055
537,537,9,24.10958904109589
538,538,10,17.534246575342465
539,539,11,15.342465753424655
540,540,12,15.342465753424655
541,541,13,15.342465753424655
542,542,14,17.534246575342465
543,543,15,21.91780821917808
544,544,16,30.68493150684931
545,545,17,39.45205479452055
546,546,18,43.83561643835616
547,547,19,43.83561643835616
548,548,20,39.45205479452055
549,549,21,30.68493150684931
550,550,22,19.726027397260275
551,551,23,10.95890410958904
552,552,0,6.575342465753424
553,553,1,4.383561643835616
554,554,2,4.383561643835616
555,555,3,4.383561643835616
556,556,4,6.575342465753424
557,557,5,17.534246575342465
558,558,6,35.06849315068493
559,559,7,43.83561643835616
560,560,8,39.45205479452055
561,561,9,24.10958904109589
562,562,10,17.534246575342465
563,563,11,15.342465753424655
564,564,12,15.342465753424655
565,565,13,15.342465753424655
566,566,14,17.534246575342465
567,567,15,21.91780821917808
568,568,16,30.68493150684931
569,569,17,39.45205479452055
570,570,18,43.83561643835616
571,571,19,43.83561643835616
572,572,20,39.45205479452055
573,573,21,30.68493150684931
574,574,22,19.726027397260275
575,575,23,10.95890410958904
576,576,0,6.575342465753424
577,577,1,4.383561643835616
578,578,2,4.383561643835616
579,579,3,4.383561643835616
580,580,4,6.575342465753424
581,581,5,17.534246575342465
582,582,6,35.06849315068493
583,583,7,43.83561643835616
584,584,8,39.45205479452055
585,585,9,24.10958904109589
586,586,10,17.534246575342465
587,587,11,15.342465753424655
588,588,12,15.342465753424655
589,589,13,15.342465753424655
590,590,14,17.534246575342465
591,591,15,21.91780821917808
592,592,16,30.68493150684931
593,593,17,39.45205479452055
594,594,18,43.83561643835616
595,595,19,43.83561643835616
596,596,20,39.45205479452055
597,597,21,30.68493150684931
598,598,22,19.726027397260275
599,599,23,10.95890410958904
600,600,0,6.575342465753424
601,601,1,4.383561643835616
602,602,2,4.383561643835616
603,603,3,4.383561643835616
604,604,4,6.575342465753424
605,605,5,17.534246575342465
606,606,6,35.06849315068493
607,607,7,43.83561643835616
608,608,8,39.45205479452055
609,609,9,24.10958904109589
610,610,10,17.534246575342465
611,611,11,15.342465753424655
612,612,12,15.342465753424655
613,613,13,15.342465753424655
614,614,14,17.534246575342465
615,615,15,21.91780821917808
616,616,16,30.68493150684931
617,617,17,39.45205479452055
618,618,18,43.83561643835616
619,619,19,43.83561643835616
620,620,20,39.45205479452055
621,621,21,30.68493150684931
622,622,22,19.726027397260275
623,623,23,10.95890410958904
624,624,0,6.575342465753424
625,625,1,4.383561643835616
626,626,2,4.383561643835616
627,627,3,4.383561643835616
628,628,4,6.575342465753424
629,629,5,17.534246575342465
630,630,6,35.06849315068493
631,631,7,43.83561643835616
632,632,8,39.45205479452055
633,633,9,24.10958904109589
634,634,10,17.534246575342465
635,635,11,15.342465753424655
636,636,12,15.342465753424655
637,637,13,15.342465753424655
638,638,14,17.534246575342465
639,639,15,21.91780821917808
640,640,16,30.68493150684931
641,641,17,39.45205479452055
642,642,18,43.83561643835616
643,643,19,43.83561643835616
644,644,20,39.45205479452055
645,645,21,30.68493150684931
646,646,22,19.726027397260275
647,647,23,10.95890410958904
648,648,0,6.575342465753424
649,649,1,4.383561643835616
650,650,2,4.383561643835616
651,651,3,4.383561643835616
652,652,4,6.575342465753424
653,653,5,17.534246575342465
654,654,6,35.06849315068493
655,655,7,43.83561643835616
656,656,8,39.45205479452055
657,657,9,24.10958904109589
658,658,10,17.534246575342465
659,659,11,15.342465753424655
660,660,12,15.342465753424655
661,661,13,15.342465753424655
662,662,14,17.534246575342465
663,663,15,21.91780821917808
664,664,16,30.68493150684931
665,665,17,39.45205479452055
666,666,18,43.83561643835616
667,667,19,43.83561643835616
668,668,20,39.45205479452055
669,669,21,30.68493150684931
670,670,22,19.726027397260275
671,671,23,10.95890410958904
672,672,0,6.575342465753424
673,673,1,4.383561643835616
674,674,2,4.383561643835616
675,675,3,4.383561643835616
676,676,4,6.575342465753424
677,677,5,17.534246575342465
678,678,6,35.06849315068493
679,679,7,43.83561643835616
680,680,8,39.45205479452055
681,681,9,24.10958904109589
682,682,10,17.534246575342465
683,683,11,15.342465753424655
684,684,12,15.342465753424655
685,685,13,15.342465753424655
686,686,14,17.534246575342465
687,687,15,21.91780821917808
688,688,16,30.68493150684931
689,689,17,39.45205479452055
690,690,18,43.83561643835616
691,691,19,43.83561643835616
692,692,20,39.45205479452055
693,693,21,30.68493150684931
694,694,22,19.726027397260275
695,695,23,10.95890410958904
696,696,0,6.575342465753424
697,697,1,4.383561643835616
698,698,2,4.383561643835616
699,699,3,4.383561643835616
700,700,4,6.575342465753424
701,701,5,17.534246575342465
702,702,6,35.06849315068493
703,703,7,43.83561643835616
704,704,8,39.45205479452055
705,705,9,24.10958904109589
706,706,10,17.534246575342465
707,707,11,15.342465753424655
708,708,12,15.342465753424655
709,709,13,15.342465753424655
710,710,14,17.534246575342465
711,711,15,21.91780821917808
712,712,16,30.68493150684931
713,713,17,39.45205479452055
714,714,18,43.83561643835616
715,715,19,43.83561643835616
716,716,20,39.45205479452055
717,717,21,30.68493150684931
718,718,22,19.726027397260275
719,719,23,10.95890410958904
720,720,0,6.575342465753424
721,721,1,4.383561643835616
722,722,2,4.383561643835616
723,723,3,4.383561643835616
724,724,4,6.575342465753424
725,725,5,17.534246575342465
726,726,6,35.06849315068493
727,727,7,43.83561643835616
728,728,8,39.45205479452055
729,729,9,24.10958904109589
730,730,10,17.534246575342465
731,731,11,15.342465753424655
732,732,12,15.342465753424655
733,733,13,15.342465753424655
734,734,14,17.534246575342465
735,735,15,21.91780821917808
736,736,16,30.68493150684931
737,737,17,39.45205479452055
738,738,18,43.83561643835616
739,739,19,43.83561643835616
740,740,20,39.45205479452055
741,741,21,30.68493150684931
742,742,22,19.726027397260275
743,743,23,10.95890410958904
744,744,0,6.575342465753424
745,745,1,4.383561643835616
746,746,2,4.383561643835616
747,747,3,4.383561643835616
748,748,4,6.575342465753424
749,749,5,17.534246575342465
750,750,6,35.06849315068493
751,751,7,43.83561643835616
752,752,8,39.45205479452055
753,753,9,24.10958904109589
754,754,10,17.534246575342465
755,755,11,15.342465753424655
756,756,12,15.342465753424655
757,757,13,15.342465753424655
758,758,14,17.534246575342465
759,759,15,21.91780821917808
760,760,16,30.68493150684931
761,761,17,39.45205479452055
762,762,18,43.83561643835616
763,763,19,43.83561643835616
764,764,20,39.45205479452055
765,765,21,30.68493150684931
766,766,22,19.726027397260275
767,767,23,10.95890410958904
768,768,0,6.575342465753424
769,769,1,4.383561643835616
770,770,2,4.383561643835616
771,771,3,4.383561643835616
772,772,4,6.575342465753424
773,773,5,17.534246575342465
774,774,6,35.06849315068493
775,775,7,43.83561643835616
776,776,8,39.45205479452055
777,777,9,24.10958904109589
778,778,10,17.534246575342465
779,779,11,15.342465753424655
780,780,12,15.342465753424655
781,781,13,15.342465753424655
782,782,14,17.534246575342465
783,783,15,21.91780821917808
784,784,16,30.68493150684931
785,785,17,39.45205479452055
786,786,18,43.83561643835616
787,787,19,43.83561643835616
788,788,20,39.45205479452055
789,789,21,30.68493150684931
790,790,22,19.726027397260275
791,791,23,10.95890410958904
792,792,0,6.575342465753424
793,793,1,4.383561643835616
794,794,2,4.383561643835616
795,795,3,4.383561643835616
796,796,4,6.575342465753424
797,797,5,17.534246575342465
798,798,6,35.06849315068493
799,799,7,43.83561643835616
800,800,8,39.45205479452055
801,801,9,24.10958904109589
802,802,10,17.534246575342465
803,803,11,15.342465753424655
804,804,12,15.342465753424655
805,805,13,15.342465753424655
806,806,14,17.534246575342465
807,807,15,21.91780821917808
808,808,16,30.68493150684931
809,809,17,39.45205479452055
810,810,18,43.83561643835616
811,811,19,43.83561643835616
812,812,20,39.45205479452055
813,813,21,30.68493150684931
814,814,22,19.726027397260275
815,815,23,10.95890410958904
816,816,0,6.575342465753424
817,817,1,4.383561643835616
818,818,2,4.383561643835616
819,819,3,4.383561643835616
820,820,4,6.575342465753424
821,821,5,17.534246575342465
822,822,6,35.06849315068493
823,823,7,43.83561643835616
824,824,8,39.45205479452055
825,825,9,24.10958904109589
826,826,10,17.534246575342465
827,827,11,15.342465753424655
828,828,12,15.342465753424655
829,829,13,15.342465753424655
830,830,14,17.534246575342465
831,831,15,21.91780821917808
832,832,16,30.68493150684931
833,833,17,39.45205479452055
834,834,18,43.83561643835616
835,835,19,43.83561643835616
836,836,20,39.45205479452055
837,837,21,30.68493150684931
838,838,22,19.726027397260275
839,839,23,10.95890410958904
840,840,0,6.575342465753424
841,841,1,4.383561643835616
842,842,2,4.383561643835616
843,843,3,4.383561643835616
844,844,4,6.575342465753424
845,845,5,17.534246575342465
846,846,6,35.06849315068493
847,847,7,43.83561643835616
848,848,8,39.45205479452055
849,849,9,24.10958904109589
850,850,10,17.534246575342465
851,851,11,15.342465753424655
852,852,12,15.342465753424655
853,853,13,15.342465753424655
854,854,14,17.534246575342465
855,855,15,21.91780821917808
856,856,16,30.68493150684931
857,857,17,39.45205479452055
858,858,18,43.83561643835616
859,859,19,43.83561643835616
860,860,20,39.45205479452055
861,861,21,30.68493150684931
862,862,22,19.726027397260275
863,863,23,10.95890410958904
864,864,0,6.575342465753424
865,865,1,4.383561643835616
866,866,2,4.383561643835616
867,867,3,4.383561643835616
868,868,4,6.575342465753424
869,869,5,17.534246575342465
870,870,6,35.06849315068493
871,871,7,43.83561643835616
872,872,8,39.45205479452055
873,873,9,24.10958904109589
874,874,10,17.534246575342465
875,875,11,15.342465753424655
876,876,12,15.342465753424655
877,877,13,15.342465753424655
878,878,14,17.534246575342465
879,879,15,21.91780821917808
880,880,16,30.68493150684931
881,881,17,39.45205479452055
882,882,18,43.83561643835616
883,883,19,43.83561643835616
884,884,20,39.45205479452055
885,885,21,30.68493150684931
886,886,22,19.726027397260275
887,887,23,10.95890410958904
888,888,0,6.575342465753424
889,889,1,4.383561643835616
890,890,2,4.383561643835616
891,891,3,4.383561643835616
892,892,4,6.575342465753424
893,893,5,17.534246575342465
894,894,6,35.06849315068493
895,895,7,43.83561643835616
896,896,8,39.45205479452055
897,897,9,24.10958904109589
898,898,10,17.534246575342465
899,899,11,15.342465753424655
900,900,12,15.342465753424655
901,901,13,15.342465753424655
902,902,14,17.534246575342465
903,903,15,21.91780821917808
904,904,16,30.68493150684931
905,905,17,39.45205479452055
906,906,18,43.83561643835616
907,907,19,43.83561643835616
908,908,20,39.45205479452055
909,909,21,30.68493150684931
910,910,22,19.726027397260275
911,911,23,10.95890410958904
912,912,0,6.575342465753424
913,913,1,4.383561643835616
914,914,2,4.383561643835616
915,915,3,4.383561643835616
916,916,4,6.575342465753424
917,917,5,17.534246575342465
918,918,6,35.06849315068493
919,919,7,43.83561643835616
920,920,8,39.45205479452055
921,921,9,24.10958904109589
922,922,10,17.534246575342465
923,923,11,15.342465753424655
924,924,12,15.342465753424655
925,925,13,15.342465753424655
926,926,14,17.534246575342465
927,927,15,21.91780821917808
928,928,16,30.68493150684931
929,929,17,39.45205479452055
930,930,18,43.83561643835616
931,931,19,43.83561643835616
932,932,20,39.45205479452055
933,933,21,30.68493150684931
934,934,22,19.726027397260275
935,935,23,10.95890410958904
936,936,0,6.575342465753424
937,937,1,4.383561643835616
938,938,2,4.383561643835616
939,939,3,4.383561643835616
940,940,4,6.575342465753424
941,941,5,17.534246575342465
942,942,6,35.06849315068493
943,943,7,43.83561643835616
944,944,8,39.45205479452055
945,945,9,24.10958904109589
946,946,10,17.534246575342465
947,947,11,15.342465753424655
948,948,12,15.342465753424655
949,949,13,15.342465753424655
950,950,14,17.534246575342465
951,951,15,21.91780821917808
952,952,16,30.68493150684931
953,953,17,39.45205479452055
954,954,18,43.83561643835616
955,955,19,43.83561643835616
956,956,20,39.45205479452055
957,957,21,30.68493150684931
958,958,22,19.726027397260275
959,959,23,10.95890410958904
960,960,0,6.575342465753424
961,961,1,4.383561643835616
962,962,2,4.383561643835616
963,963,3,4.383561643835616
964,964,4,6.575342465753424
965,965,5,17.534246575342465
966,966,6,35.06849315068493
967,967,7,43.83561643835616
968,968,8,39.45205479452055
969,969,9,24.10958904109589
970,970,10,17.534246575342465
971,971,11,15.342465753424655
972,972,12,15.342465753424655
973,973,13,15.342465753424655
974,974,14,17.534246575342465
975,975,15,21.91780821917808
976,976,16,30.68493150684931
977,977,17,39.45205479452055
978,978,18,43.83561643835616
979,979,19,43.83561643835616
980,980,20,39.45205479452055
981,981,21,30.68493150684931
982,982,22,19.726027397260275
983,983,23,10.95890410958904
984,984,0,6.575342465753424
985,985,1,4.383561643835616
986,986,2,4.383561643835616
987,987,3,4.383561643835616
988,988,4,6.575342465753424
989,989,5,17.534246575342465
990,990,6,35.06849315068493
991,991,7,43.83561643835616
992,992,8,39.45205479452055
993,993,9,24.10958904109589
994,994,10,17.534246575342465
995,995,11,15.342465753424655
996,996,12,15.342465753424655
997,997,13,15.342465753424655
998,998,14,17.534246575342465
999,999,15,21.91780821917808
1000,1000,16,30.68493150684931
1001,1001,17,39.45205479452055
1002,1002,18,43.83561643835616
1003,1003,19,43.83561643835616
1004,1004,20,39.45205479452055
1005,1005,21,30.68493150684931
1006,1006,22,19.726027397260275
1007,1007,23,10.95890410958904
1008,1008,0,6.575342465753424
1009,1009,1,4.383561643835616
1010,1010,2,4.383561643835616
1011,1011,3,4.383561643835616
1012,1012,4,6.575342465753424
1013,1013,5,17.534246575342465
1014,1014,6,35.06849315068493
1015,1015,7,43.83561643835616
1016,1016,8,39.45205479452055
1017,1017,9,24.10958904109589
1018,1018,10,17.534246575342465
1019,1019,11,15.342465753424655
1020,1020,12,15.342465753424655
1021,1021,13,15.342465753424655
1022,1022,14,17.534246575342465
1023,1023,15,21.91780821917808
1024,1024,16,30.68493150684931
1025,1025,17,39.45205479452055
1026,1026,18,43.83561643835616
1027,1027,19,43.83561643835616
1028,1028,20,39.45205479452055
1029,1029,21,30.68493150684931
1030,1030,22,19.726027397260275
1031,1031,23,10.95890410958904
1032,1032,0,6.575342465753424
1033,1033,1,4.383561643835616
1034,1034,2,4.383561643835616
1035,1035,3,4.383561643835616
1036,1036,4,6.575342465753424
1037,1037,5,17.534246575342465
1038,1038,6,35.06849315068493
1039,1039,7,43.83561643835616
1040,1040,8,39.45205479452055
1041,1041,9,24.10958904109589
1042,1042,10,17.534246575342465
1043,1043,11,15.342465753424655
1044,1044,12,15.342465753424655
1045,1045,13,15.342465753424655
1046,1046,14,17.534246575342465
1047,1047,15,21.91780821917808
1048,1048,16,30.68493150684931
1049,1049,17,39.45205479452055
1050,1050,18,43.83561643835616
1051,1051,19,43.83561643835616
1052,1052,20,39.45205479452055
1053,1053,21,30.68493150684931
1054,1054,22,19.726027397260275
1055,1055,23,10.95890410958904
1056,1056,0,6.575342465753424
1057,1057,1,4.383561643835616
1058,1058,2,4.383561643835616
1059,1059,3,4.383561643835616
1060,1060,4,6.575342465753424
1061,1061,5,17.534246575342465
1062,1062,6,35.06849315068493
1063,1063,7,43.83561643835616
1064,1064,8,39.45205479452055
1065,1065,9,24.10958904109589
1066,1066,10,17.534246575342465
1067,1067,11,15.342465753424655
1068,1068,12,15.342465753424655
1069,1069,13,15.342465753424655
1070,1070,14,17.534246575342465
1071,1071,15,21.91780821917808
1072,1072,16,30.68493150684931
1073,1073,17,39.45205479452055
1074,1074,18,43.83561643835616
1075,1075,19,43.83561643835616
1076,1076,20,39.45205479452055
1077,1077,21,30.68493150684931
1078,1078,22,19.726027397260275
1079,1079,23,10.95890410958904
1080,1080,0,6.575342465753424
1081,1081,1,4.383561643835616
1082,1082,2,4.383561643835616
1083,1083,3,4.383561643835616
1084,1084,4,6.575342465753424
1085,1085,5,17.534246575342465
1086,1086,6,35.06849315068493
1087,1087,7,43.83561643835616
1088,1088,8,39.45205479452055
1089,1089,9,24.10958904109589
1090,1090,10,17.534246575342465
1091,1091,11,15.342465753424655
1092,1092,12,15.342465753424655
1093,1093,13,15.342465753424655
1094,1094,14,17.534246575342465
1095,1095,15,21.91780821917808
1096,1096,16,30.68493150684931
1097,1097,17,39.45205479452055
1098,1098,18,43.83561643835616
1099,1099,19,43.83561643835616
1100,1100,20,39.45205479452055
1101,1101,21,30.68493150684931
1102,1102,22,19.726027397260275
1103,1103,23,10.95890410958904
1104,1104,0,6.575342465753424
1105,1105,1,4.383561643835616
1106,1106,2,4.383561643835616
1107,1107,3,4.383561643835616
1108,1108,4,6.575342465753424
1109,1109,5,17.534246575342465
1110,1110,6,35.06849315068493
1111,1111,7,43.83561643835616
1112,1112,8,39.45205479452055
1113,1113,9,24.10958904109589
1114,1114,10,17.534246575342465
1115,1115,11,15.342465753424655
1116,1116,12,15.342465753424655
1117,1117,13,15.342465753424655
1118,1118,14,17.534246575342465
1119,1119,15,21.91780821917808
1120,1120,16,30.68493150684931
1121,1121,17,39.45205479452055
1122,1122,18,43.83561643835616
1123,1123,19,43.83561643835616
1124,1124,20,39.45205479452055
1125,1125,21,30.68493150684931
1126,1126,22,19.726027397260275
1127,1127,23,10.95890410958904
1128,1128,0,6.575342465753424
1129,1129,1,4.383561643835616
1130,1130,2,4.383561643835616
1131,1131,3,4.383561643835616
1132,1132,4,6.575342465753424
1133,1133,5,17.534246575342465
1134,1134,6,35.06849315068493
1135,1135,7,43.83561643835616
1136,1136,8,39.45205479452055
1137,1137,9,24.10958904109589
1138,1138,10,17.534246575342465
1139,1139,11,15.342465753424655
1140,1140,12,15.342465753424655
1141,1141,13,15.342465753424655
1142,1142,14,17.534246575342465
1143,1143,15,21.91780821917808
1144,1144,16,30.68493150684931
1145,1145,17,39.45205479452055
1146,1146,18,43.83561643835616
1147,1147,19,43.83561643835616
1148,1148,20,39.45205479452055
1149,1149,21,30.68493150684931
1150,1150,22,19.726027397260275
1151,1151,23,10.95890410958904
1152,1152,0,6.575342465753424
1153,1153,1,4.383561643835616
1154,1154,2,4.383561643835616
1155,1155,3,4.383561643835616
1156,1156,4,6.575342465753424
1157,1157,5,17.534246575342465
1158,1158,6,35.06849315068493
1159,1159,7,43.83561643835616
1160,1160,8,39.45205479452055
1161,1161,9,24.10958904109589
1162,1162,10,17.534246575342465
1163,1163,11,15.342465753424655
1164,1164,12,15.342465753424655
1165,1165,13,15.342465753424655
1166,1166,14,17.534246575342465
1167,1167,15,21.91780821917808
1168,1168,16,30.68493150684931
1169,1169,17,39.45205479452055
1170,1170,18,43.83561643835616
1171,1171,19,43.83561643835616
1172,1172,20,39.45205479452055
1173,1173,21,30.68493150684931
1174,1174,22,19.726027397260275
1175,1175,23,10.95890410958904
1176,1176,0,6.575342465753424
1177,1177,1,4.383561643835616
1178,1178,2,4.383561643835616
1179,1179,3,4.383561643835616
1180,1180,4,6.575342465753424
1181,1181,5,17.534246575342465
1182,1182,6,35.06849315068493
1183,1183,7,43.83561643835616
1184,1184,8,39.45205479452055
1185,1185,9,24.10958904109589
1186,1186,10,17.534246575342465
1187,1187,11,15.342465753424655
1188,1188,12,15.342465753424655
1189,1189,13,15.342465753424655
1190,1190,14,17.534246575342465
1191,1191,15,21.91780821917808
1192,1192,16,30.68493150684931
1193,1193,17,39.45205479452055
1194,1194,18,43.83561643835616
1195,1195,19,43.83561643835616
1196,1196,20,39.45205479452055
1197,1197,21,30.68493150684931
1198,1198,22,19.726027397260275
1199,1199,23,10.95890410958904
1200,1200,0,6.575342465753424
1201,1201,1,4.383561643835616
1202,1202,2,4.383561643835616
1203,1203,3,4.383561643835616
1204,1204,4,6.575342465753424
1205,1205,5,17.534246575342465
1206,1206,6,35.06849315068493
1207,1207,7,43.83561643835616
1208,1208,8,39.45205479452055
1209,1209,9,24.10958904109589
1210,1210,10,17.534246575342465
1211,1211,11,15.342465753424655
1212,1212,12,15.342465753424655
1213,1213,13,15.342465753424655
1214,1214,14,17.534246575342465
1215,1215,15,21.91780821917808
1216,1216,16,30.68493150684931
1217,1217,17,39.45205479452055
1218,1218,18,43.83561643835616
1219,1219,19,43.83561643835616
1220,1220,20,39.45205479452055
1221,1221,21,30.68493150684931
1222,1222,22,19.726027397260275
1223,1223,23,10.95890410958904
1224,1224,0,6.575342465753424
1225,1225,1,4.383561643835616
1226,1226,2,4.383561643835616
1227,1227,3,4.383561643835616
1228,1228,4,6.575342465753424
1229,1229,5,17.534246575342465
1230,1230,6,35.06849315068493
1231,1231,7,43.83561643835616
1232,1232,8,39.45205479452055
1233,1233,9,24.10958904109589
1234,1234,10,17.534246575342465
1235,1235,11,15.342465753424655
1236,1236,12,15.342465753424655
1237,1237,13,15.342465753424655
1238,1238,14,17.534246575342465
1239,1239,15,21.91780821917808
1240,1240,16,30.68493150684931
1241,1241,17,39.45205479452055
1242,1242,18,43.83561643835616
1243,1243,19,43.83561643835616
1244,1244,20,39.45205479452055
1245,1245,21,30.68493150684931
1246,1246,22,19.726027397260275
1247,1247,23,10.95890410958904
1248,1248,0,6.575342465753424
1249,1249,1,4.383561643835616
1250,1250,2,4.383561643835616
1251,1251,3,4.383561643835616
1252,1252,4,6.575342465753424
1253,1253,5,17.534246575342465
1254,1254,6,35.06849315068493
1255,1255,7,43.83561643835616
1256,1256,8,39.45205479452055
1257,1257,9,24.10958904109589
1258,1258,10,17.534246575342465
1259,1259,11,15.342465753424655
1260,1260,12,15.342465753424655
1261,1261,13,15.342465753424655
1262,1262,14,17.534246575342465
1263,1263,15,21.91780821917808
1264,1264,16,30.68493150684931
1265,1265,17,39.45205479452055
1266,1266,18,43.83561643835616
1267,1267,19,43.83561643835616
1268,1268,20,39.45205479452055
1269,1269,21,30.68493150684931
1270,1270,22,19.726027397260275
1271,1271,23,10.95890410958904
1272,1272,0,6.575342465753424
1273,1273,1,4.383561643835616
1274,1274,2,4.383561643835616
1275,1275,3,4.383561643835616
1276,1276,4,6.575342465753424
1277,1277,5,17.534246575342465
1278,1278,6,35.06849315068493
1279,1279,7,43.83561643835616
1280,1280,8,39.45205479452055
1281,1281,9,24.10958904109589
1282,1282,10,17.534246575342465
1283,1283,11,15.342465753424655
1284,1284,12,15.342465753424655
1285,1285,13,15.342465753424655
1286,1286,14,17.534246575342465
1287,1287,15,21.91780821917808
1288,1288,16,30.68493150684931
1289,1289,17,39.45205479452055
1290,1290,18,43.83561643835616
1291,1291,19,43.83561643835616
1292,1292,20,39.45205479452055
1293,1293,21,30.68493150684931
1294,1294,22,19.726027397260275
1295,1295,23,10.95890410958904
1296,1296,0,6.575342465753424
1297,1297,1,4.383561643835616
1298,1298,2,4.383561643835616
1299,1299,3,4.383561643835616
1300,1300,4,6.575342465753424
1301,1301,5,17.534246575342465
1302,1302,6,35.06849315068493
1303,1303,7,43.83561643835616
1304,1304,8,39.45205479452055
1305,1305,9,24.10958904109589
1306,1306,10,17.534246575342465
1307,1307,11,15.342465753424655
1308,1308,12,15.342465753424655
1309,1309,13,15.342465753424655
1310,1310,14,17.534246575342465
1311,1311,15,21.91780821917808
1312,1312,16,30.68493150684931
1313,1313,17,39.45205479452055
1314,1314,18,43.83561643835616
1315,1315,19,43.83561643835616
1316,1316,20,39.45205479452055
1317,1317,21,30.68493150684931
1318,1318,22,19.726027397260275
1319,1319,23,10.95890410958904
1320,1320,0,6.575342465753424
1321,1321,1,4.383561643835616
1322,1322,2,4.383561643835616
1323,1323,3,4.383561643835616
1324,1324,4,6.575342465753424
1325,1325,5,17.534246575342465
1326,1326,6,35.06849315068493
1327,1327,7,43.83561643835616
1328,1328,8,39.45205479452055
1329,1329,9,24.10958904109589
1330,1330,10,17.534246575342465
1331,1331,11,15.342465753424655
1332,1332,12,15.342465753424655
1333,1333,13,15.342465753424655
1334,1334,14,17.534246575342465
1335,1335,15,21.91780821917808
1336,1336,16,30.68493150684931
1337,1337,17,39.45205479452055
1338,1338,18,43.83561643835616
1339,1339,19,43.83561643835616
1340,1340,20,39.45205479452055
1341,1341,21,30.68493150684931
1342,1342,22,19.726027397260275
1343,1343,23,10.95890410958904
1344,1344,0,6.575342465753424
1345,1345,1,4.383561643835616
1346,1346,2,4.383561643835616
1347,1347,3,4.383561643835616
1348,1348,4,6.575342465753424
1349,1349,5,17.534246575342465
1350,1350,6,35.06849315068493
1351,1351,7,43.83561643835616
1352,1352,8,39.45205479452055
1353,1353,9,24.10958904109589
1354,1354,10,17.534246575342465
1355,1355,11,15.342465753424655
1356,1356,12,15.342465753424655
1357,1357,13,15.342465753424655
1358,1358,14,17.534246575342465
1359,1359,15,21.91780821917808
1360,1360,16,30.68493150684931
1361,1361,17,39.45205479452055
1362,1362,18,43.83561643835616
1363,1363,19,43.83561643835616
1364,1364,20,39.45205479452055
1365,1365,21,30.68493150684931
1366,1366,22,19.726027397260275
1367,1367,23,10.95890410958904
1368,1368,0,6.575342465753424
1369,1369,1,4.383561643835616
1370,1370,2,4.383561643835616
1371,1371,3,4.383561643835616
1372,1372,4,6.575342465753424
1373,1373,5,17.534246575342465
1374,1374,6,35.06849315068493
1375,1375,7,43.83561643835616
1376,1376,8,39.45205479452055
1377,1377,9,24.10958904109589
1378,1378,10,17.534246575342465
1379,1379,11,15.342465753424655
1380,1380,12,15.342465753424655
1381,1381,13,15.342465753424655
1382,1382,14,17.534246575342465
1383,1383,15,21.91780821917808
1384,1384,16,30.68493150684931
1385,1385,17,39.45205479452055
1386,1386,18,43.83561643835616
1387,1387,19,43.83561643835616
1388,1388,20,39.45205479452055
1389,1389,21,30.68493150684931
1390,1390,22,19.726027397260275
1391,1391,23,10.95890410958904
1392,1392,0,6.575342465753424
1393,1393,1,4.383561643835616
1394,1394,2,4.383561643835616
1395,1395,3,4.383561643835616
1396,1396,4,6.575342465753424
1397,1397,5,17.534246575342465
1398,1398,6,35.06849315068493
1399,1399,7,43.83561643835616
1400,1400,8,39.45205479452055
1401,1401,9,24.10958904109589
1402,1402,10,17.534246575342465
1403,1403,11,15.342465753424655
1404,1404,12,15.342465753424655
1405,1405,13,15.342465753424655
1406,1406,14,17.534246575342465
1407,1407,15,21.91780821917808
1408,1408,16,30.68493150684931
1409,1409,17,39.45205479452055
1410,1410,18,43.83561643835616
1411,1411,19,43.83561643835616
1412,1412,20,39.45205479452055
1413,1413,21,30.68493150684931
1414,1414,22,19.726027397260275
1415,1415,23,10.95890410958904
1416,1416,0,6.575342465753424
1417,1417,1,4.383561643835616
1418,1418,2,4.383561643835616
1419,1419,3,4.383561643835616
1420,1420,4,6.575342465753424
1421,1421,5,17.534246575342465
1422,1422,6,35.06849315068493
1423,1423,7,43.83561643835616
1424,1424,8,39.45205479452055
1425,1425,9,24.10958904109589
1426,1426,10,17.534246575342465
1427,1427,11,15.342465753424655
1428,1428,12,15.342465753424655
1429,1429,13,15.342465753424655
1430,1430,14,17.534246575342465
1431,1431,15,21.91780821917808
1432,1432,16,30.68493150684931
1433,1433,17,39.45205479452055
1434,1434,18,43.83561643835616
1435,1435,19,43.83561643835616
1436,1436,20,39.45205479452055
1437,1437,21,30.68493150684931
1438,1438,22,19.726027397260275
1439,1439,23,10.95890410958904
1440,1440,0,6.575342465753424
1441,1441,1,4.383561643835616
1442,1442,2,4.383561643835616
1443,1443,3,4.383561643835616
1444,1444,4,6.575342465753424
1445,1445,5,17.534246575342465
1446,1446,6,35.06849315068493
1447,1447,7,43.83561643835616
1448,1448,8,39.45205479452055
1449,1449,9,24.10958904109589
1450,1450,10,17.534246575342465
1451,1451,11,15.342465753424655
1452,1452,12,15.342465753424655
1453,1453,13,15.342465753424655
1454,1454,14,17.534246575342465
1455,1455,15,21.91780821917808
1456,1456,16,30.68493150684931
1457,1457,17,39.45205479452055
1458,1458,18,43.83561643835616
1459,1459,19,43.83561643835616
1460,1460,20,39.45205479452055
1461,1461,21,30.68493150684931
1462,1462,22,19.726027397260275
1463,1463,23,10.95890410958904
1464,1464,0,6.575342465753424
1465,1465,1,4.383561643835616
1466,1466,2,4.383561643835616
1467,1467,3,4.383561643835616
1468,1468,4,6.575342465753424
1469,1469,5,17.534246575342465
1470,1470,6,35.06849315068493
1471,1471,7,43.83561643835616
1472,1472,8,39.45205479452055
1473,1473,9,24.10958904109589
1474,1474,10,17.534246575342465
1475,1475,11,15.342465753424655
1476,1476,12,15.342465753424655
1477,1477,13,15.342465753424655
1478,1478,14,17.534246575342465
1479,1479,15,21.91780821917808
1480,1480,16,30.68493150684931
1481,1481,17,39.45205479452055
1482,1482,18,43.83561643835616
1483,1483,19,43.83561643835616
1484,1484,20,39.45205479452055
1485,1485,21,30.68493150684931
1486,1486,22,19.726027397260275
1487,1487,23,10.95890410958904
1488,1488,0,6.575342465753424
1489,1489,1,4.383561643835616
1490,1490,2,4.383561643835616
1491,1491,3,4.383561643835616
1492,1492,4,6.575342465753424
1493,1493,5,17.534246575342465
1494,1494,6,35.06849315068493
1495,1495,7,43.83561643835616
1496,1496,8,39.45205479452055
1497,1497,9,24.10958904109589
1498,1498,10,17.534246575342465
1499,1499,11,15.342465753424655
1500,1500,12,15.342465753424655
1501,1501,13,15.342465753424655
1502,1502,14,17.534246575342465
1503,1503,15,21.91780821917808
1504,1504,16,30.68493150684931
1505,1505,17,39.45205479452055
1506,1506,18,43.83561643835616
1507,1507,19,43.83561643835616
1508,1508,20,39.45205479452055
1509,1509,21,30.68493150684931
1510,1510,22,19.726027397260275
1511,1511,23,10.95890410958904
1512,1512,0,6.575342465753424
1513,1513,1,4.383561643835616
1514,1514,2,4.383561643835616
1515,1515,3,4.383561643835616
1516,1516,4,6.575342465753424
1517,1517,5,17.534246575342465
1518,1518,6,35.06849315068493
1519,1519,7,43.83561643835616
1520,1520,8,39.45205479452055
1521,1521,9,24.10958904109589
1522,1522,10,17.534246575342465
1523,1523,11,15.342465753424655
1524,1524,12,15.342465753424655
1525,1525,13,15.342465753424655
1526,1526,14,17.534246575342465
1527,1527,15,21.91780821917808
1528,1528,16,30.68493150684931
1529,1529,17,39.45205479452055
1530,1530,18,43.83561643835616
1531,1531,19,43.83561643835616
1532,1532,20,39.45205479452055
1533,1533,21,30.68493150684931
1534,1534,22,19.726027397260275
1535,1535,23,10.95890410958904
1536,1536,0,6.575342465753424
1537,1537,1,4.383561643835616
1538,1538,2,4.383561643835616
1539,1539,3,4.383561643835616
1540,1540,4,6.575342465753424
1541,1541,5,17.534246575342465
1542,1542,6,35.06849315068493
1543,1543,7,43.83561643835616
1544,1544,8,39.45205479452055
1545,1545,9,24.10958904109589
1546,1546,10,17.534246575342465
1547,1547,11,15.342465753424655
1548,1548,12,15.342465753424655
1549,1549,13,15.342465753424655
1550,1550,14,17.534246575342465
1551,1551,15,21.91780821917808
1552,1552,16,30.68493150684931
1553,1553,17,39.45205479452055
1554,1554,18,43.83561643835616
1555,1555,19,43.83561643835616
1556,1556,20,39.45205479452055
1557,1557,21,30.68493150684931
1558,1558,22,19.726027397260275
1559,1559,23,10.95890410958904
1560,1560,0,6.575342465753424
1561,1561,1,4.383561643835616
1562,1562,2,4.383561643835616
1563,1563,3,4.383561643835616
1564,1564,4,6.575342465753424
1565,1565,5,17.534246575342465
1566,1566,6,35.06849315068493
1567,1567,7,43.83561643835616
1568,1568,8,39.45205479452055
1569,1569,9,24.10958904109589
1570,1570,10,17.534246575342465
1571,1571,11,15.342465753424655
1572,1572,12,15.342465753424655
1573,1573,13,15.342465753424655
1574,1574,14,17.534246575342465
1575,1575,15,21.91780821917808
1576,1576,16,30.68493150684931
1577,1577,17,39.45205479452055
1578,1578,18,43.83561643835616
1579,1579,19,43.83561643835616
1580,1580,20,39.45205479452055
1581,1581,21,30.68493150684931
1582,1582,22,19.726027397260275
1583,1583,23,10.95890410958904
1584,1584,0,6.575342465753424
1585,1585,1,4.383561643835616
1586,1586,2,4.383561643835616
1587,1587,3,4.383561643835616
1588,1588,4,6.575342465753424
1589,1589,5,17.534246575342465
1590,1590,6,35.06849315068493
1591,1591,7,43.83561643835616
1592,1592,8,39.45205479452055
1593,1593,9,24.10958904109589
1594,1594,10,17.534246575342465
1595,1595,11,15.342465753424655
1596,1596,12,15.342465753424655
1597,1597,13,15.342465753424655
1598,1598,14,17.534246575342465
1599,1599,15,21.91780821917808
1600,1600,16,30.68493150684931
1601,1601,17,39.45205479452055
1602,1602,18,43.83561643835616
1603,1603,19,43.83561643835616
1604,1604,20,39.45205479452055
1605,1605,21,30.68493150684931
1606,1606,22,19.726027397260275
1607,1607,23,10.95890410958904
1608,1608,0,6.575342465753424
1609,1609,1,4.383561643835616
1610,1610,2,4.383561643835616
1611,1611,3,4.383561643835616
1612,1612,4,6.575342465753424
1613,1613,5,17.534246575342465
1614,1614,6,35.06849315068493
1615,1615,7,43.83561643835616
1616,1616,8,39.45205479452055
1617,1617,9,24.10958904109589
1618,1618,10,17.534246575342465
1619,1619,11,15.342465753424655
1620,1620,12,15.342465753424655
1621,1621,13,15.342465753424655
1622,1622,14,17.534246575342465
1623,1623,15,21.91780821917808
1624,1624,16,30.68493150684931
1625,1625,17,39.45205479452055
1626,1626,18,43.83561643835616
1627,1627,19,43.83561643835616
1628,1628,20,39.45205479452055
1629,1629,21,30.68493150684931
1630,1630,22,19.726027397260275
1631,1631,23,10.95890410958904
1632,1632,0,6.575342465753424
1633,1633,1,4.383561643835616
1634,1634,2,4.383561643835616
1635,1635,3,4.383561643835616
1636,1636,4,6.575342465753424
1637,1637,5,17.534246575342465
1638,1638,6,35.06849315068493
1639,1639,7,43.83561643835616
1640,1640,8,39.45205479452055
1641,1641,9,24.10958904109589
1642,1642,10,17.534246575342465
1643,1643,11,15.342465753424655
1644,1644,12,15.342465753424655
1645,1645,13,15.342465753424655
1646,1646,14,17.534246575342465
1647,1647,15,21.91780821917808
1648,1648,16,30.68493150684931
1649,1649,17,39.45205479452055
1650,1650,18,43.83561643835616
1651,1651,19,43.83561643835616
1652,1652,20,39.45205479452055
1653,1653,21,30.68493150684931
1654,1654,22,19.726027397260275
1655,1655,23,10.95890410958904
1656,1656,0,6.575342465753424
1657,1657,1,4.383561643835616
1658,1658,2,4.383561643835616
1659,1659,3,4.383561643835616
1660,1660,4,6.575342465753424
1661,1661,5,17.534246575342465
1662,1662,6,35.06849315068493
1663,1663,7,43.83561643835616
1664,1664,8,39.45205479452055
1665,1665,9,24.10958904109589
1666,1666,10,17.534246575342465
1667,1667,11,15.342465753424655
1668,1668,12,15.342465753424655
1669,1669,13,15.342465753424655
1670,1670,14,17.534246575342465
1671,1671,15,21.91780821917808
1672,1672,16,30.68493150684931
1673,1673,17,39.45205479452055
1674,1674,18,43.83561643835616
1675,1675,19,43.83561643835616
1676,1676,20,39.45205479452055
1677,1677,21,30.68493150684931
1678,1678,22,19.726027397260275
1679,1679,23,10.95890410958904
1680,1680,0,6.575342465753424
1681,1681,1,4.383561643835616
1682,1682,2,4.383561643835616
1683,1683,3,4.383561643835616
1684,1684,4,6.575342465753424
1685,1685,5,17.534246575342465
1686,1686,6,35.06849315068493
1687,1687,7,43.83561643835616
1688,1688,8,39.45205479452055
1689,1689,9,24.10958904109589
1690,1690,10,17.534246575342465
1691,1691,11,15.342465753424655
1692,1692,12,15.342465753424655
1693,1693,13,15.342465753424655
1694,1694,14,17.534246575342465
1695,1695,15,21.91780821917808
1696,1696,16,30.68493150684931
1697,1697,17,39.45205479452055
1698,1698,18,43.83561643835616
1699,1699,19,43.83561643835616
1700,1700,20,39.45205479452055
1701,1701,21,30.68493150684931
1702,1702,22,19.726027397260275
1703,1703,23,10.95890410958904
1704,1704,0,6.575342465753424
1705,1705,1,4.383561643835616
1706,1706,2,4.383561643835616
1707,1707,3,4.383561643835616
1708,1708,4,6.575342465753424
1709,1709,5,17.534246575342465
1710,1710,6,35.06849315068493
1711,1711,7,43.83561643835616
1712,1712,8,39.45205479452055
1713,1713,9,24.10958904109589
1714,1714,10,17.534246575342465
1715,1715,11,15.342465753424655
1716,1716,12,15.342465753424655
1717,1717,13,15.342465753424655
1718,1718,14,17.534246575342465
1719,1719,15,21.91780821917808
1720,1720,16,30.68493150684931
1721,1721,17,39.45205479452055
1722,1722,18,43.83561643835616
1723,1723,19,43.83561643835616
1724,1724,20,39.45205479452055
1725,1725,21,30.68493150684931
1726,1726,22,19.726027397260275
1727,1727,23,10.95890410958904
1728,1728,0,6.575342465753424
1729,1729,1,4.383561643835616
1730,1730,2,4.383561643835616
1731,1731,3,4.383561643835616
1732,1732,4,6.575342465753424
1733,1733,5,17.534246575342465
1734,1734,6,35.06849315068493
1735,1735,7,43.83561643835616
1736,1736,8,39.45205479452055
1737,1737,9,24.10958904109589
1738,1738,10,17.534246575342465
1739,1739,11,15.342465753424655
1740,1740,12,15.342465753424655
1741,1741,13,15.342465753424655
1742,1742,14,17.534246575342465
1743,1743,15,21.91780821917808
1744,1744,16,30.68493150684931
1745,1745,17,39.45205479452055
1746,1746,18,43.83561643835616
1747,1747,19,43.83561643835616
1748,1748,20,39.45205479452055
1749,1749,21,30.68493150684931
1750,1750,22,19.726027397260275
1751,1751,23,10.95890410958904
1752,1752,0,6.575342465753424
1753,1753,1,4.383561643835616
1754,1754,2,4.383561643835616
1755,1755,3,4.383561643835616
1756,1756,4,6.575342465753424
1757,1757,5,17.534246575342465
1758,1758,6,35.06849315068493
1759,1759,7,43.83561643835616
1760,1760,8,39.45205479452055
1761,1761,9,24.10958904109589
1762,1762,10,17.534246575342465
1763,1763,11,15.342465753424655
1764,1764,12,15.342465753424655
1765,1765,13,15.342465753424655
1766,1766,14,17.534246575342465
1767,1767,15,21.91780821917808
1768,1768,16,30.68493150684931
1769,1769,17,39.45205479452055
1770,1770,18,43.83561643835616
1771,1771,19,43.83561643835616
1772,1772,20,39.45205479452055
1773,1773,21,30.68493150684931
1774,1774,22,19.726027397260275
1775,1775,23,10.95890410958904
1776,1776,0,6.575342465753424
1777,1777,1,4.383561643835616
1778,1778,2,4.383561643835616
1779,1779,3,4.383561643835616
1780,1780,4,6.575342465753424
1781,1781,5,17.534246575342465
1782,1782,6,35.06849315068493
1783,1783,7,43.83561643835616
1784,1784,8,39.45205479452055
1785,1785,9,24.10958904109589
1786,1786,10,17.534246575342465
1787,1787,11,15.342465753424655
1788,1788,12,15.342465753424655
1789,1789,13,15.342465753424655
1790,1790,14,17.534246575342465
1791,1791,15,21.91780821917808
1792,1792,16,30.68493150684931
1793,1793,17,39.45205479452055
1794,1794,18,43.83561643835616
1795,1795,19,43.83561643835616
1796,1796,20,39.45205479452055
1797,1797,21,30.68493150684931
1798,1798,22,19.726027397260275
1799,1799,23,10.95890410958904
1800,1800,0,6.575342465753424
1801,1801,1,4.383561643835616
1802,1802,2,4.383561643835616
1803,1803,3,4.383561643835616
1804,1804,4,6.575342465753424
1805,1805,5,17.534246575342465
1806,1806,6,35.06849315068493
1807,1807,7,43.83561643835616
1808,1808,8,39.45205479452055
1809,1809,9,24.10958904109589
1810,1810,10,17.534246575342465
1811,1811,11,15.342465753424655
1812,1812,12,15.342465753424655
1813,1813,13,15.342465753424655
1814,1814,14,17.534246575342465
1815,1815,15,21.91780821917808
1816,1816,16,30.68493150684931
1817,1817,17,39.45205479452055
1818,1818,18,43.83561643835616
1819,1819,19,43.83561643835616
1820,1820,20,39.45205479452055
1821,1821,21,30.68493150684931
1822,1822,22,19.726027397260275
1823,1823,23,10.95890410958904
1824,1824,0,6.575342465753424
1825,1825,1,4.383561643835616
1826,1826,2,4.383561643835616
1827,1827,3,4.383561643835616
1828,1828,4,6.575342465753424
1829,1829,5,17.534246575342465
1830,1830,6,35.06849315068493
1831,1831,7,43.83561643835616
1832,1832,8,39.45205479452055
1833,1833,9,24.10958904109589
1834,1834,10,17.534246575342465
1835,1835,11,15.342465753424655
1836,1836,12,15.342465753424655
1837,1837,13,15.342465753424655
1838,1838,14,17.534246575342465
1839,1839,15,21.91780821917808
1840,1840,16,30.68493150684931
1841,1841,17,39.45205479452055
1842,1842,18,43.83561643835616
1843,1843,19,43.83561643835616
1844,1844,20,39.45205479452055
1845,1845,21,30.68493150684931
1846,1846,22,19.726027397260275
1847,1847,23,10.95890410958904
1848,1848,0,6.575342465753424
1849,1849,1,4.383561643835616
1850,1850,2,4.383561643835616
1851,1851,3,4.383561643835616
1852,1852,4,6.575342465753424
1853,1853,5,17.534246575342465
1854,1854,6,35.06849315068493
1855,1855,7,43.83561643835616
1856,1856,8,39.45205479452055
1857,1857,9,24.10958904109589
1858,1858,10,17.534246575342465
1859,1859,11,15.342465753424655
1860,1860,12,15.342465753424655
1861,1861,13,15.342465753424655
1862,1862,14,17.534246575342465
1863,1863,15,21.91780821917808
1864,1864,16,30.68493150684931
1865,1865,17,39.45205479452055
1866,1866,18,43.83561643835616
1867,1867,19,43.83561643835616
1868,1868,20,39.45205479452055
1869,1869,21,30.68493150684931
1870,1870,22,19.726027397260275
1871,1871,23,10.95890410958904
1872,1872,0,6.575342465753424
1873,1873,1,4.383561643835616
1874,1874,2,4.383561643835616
1875,1875,3,4.383561643835616
1876,1876,4,6.575342465753424
1877,1877,5,17.534246575342465
1878,1878,6,35.06849315068493
1879,1879,7,43.83561643835616
1880,1880,8,39.45205479452055
1881,1881,9,24.10958904109589
1882,1882,10,17.534246575342465
1883,1883,11,15.342465753424655
1884,1884,12,15.342465753424655
1885,1885,13,15.342465753424655
1886,1886,14,17.534246575342465
1887,1887,15,21.91780821917808
1888,1888,16,30.68493150684931
1889,1889,17,39.45205479452055
1890,1890,18,43.83561643835616
1891,1891,19,43.83561643835616
1892,1892,20,39.45205479452055
1893,1893,21,30.68493150684931
1894,1894,22,19.726027397260275
1895,1895,23,10.95890410958904
1896,1896,0,6.575342465753424
1897,1897,1,4.383561643835616
1898,1898,2,4.383561643835616
1899,1899,3,4.383561643835616
1900,1900,4,6.575342465753424
1901,1901,5,17.534246575342465
1902,1902,6,35.06849315068493
1903,1903,7,43.83561643835616
1904,1904,8,39.45205479452055
1905,1905,9,24.10958904109589
1906,1906,10,17.534246575342465
1907,1907,11,15.342465753424655
1908,1908,12,15.342465753424655
1909,1909,13,15.342465753424655
1910,1910,14,17.534246575342465
1911,1911,15,21.91780821917808
1912,1912,16,30.68493150684931
1913,1913,17,39.45205479452055
1914,1914,18,43.83561643835616
1915,1915,19,43.83561643835616
1916,1916,20,39.45205479452055
1917,1917,21,30.68493150684931
1918,1918,22,19.726027397260275
1919,1919,23,10.95890410958904
1920,1920,0,6.575342465753424
1921,1921,1,4.383561643835616
1922,1922,2,4.383561643835616
1923,1923,3,4.383561643835616
1924,1924,4,6.575342465753424
1925,1925,5,17.534246575342465
1926,1926,6,35.06849315068493
1927,1927,7,43.83561643835616
1928,1928,8,39.45205479452055
1929,1929,9,24.10958904109589
1930,1930,10,17.534246575342465
1931,1931,11,15.342465753424655
1932,1932,12,15.342465753424655
1933,1933,13,15.342465753424655
1934,1934,14,17.534246575342465
1935,1935,15,21.91780821917808
1936,1936,16,30.68493150684931
1937,1937,17,39.45205479452055
1938,1938,18,43.83561643835616
1939,1939,19,43.83561643835616
1940,1940,20,39.45205479452055
1941,1941,21,30.68493150684931
1942,1942,22,19.726027397260275
1943,1943,23,10.95890410958904
1944,1944,0,6.575342465753424
1945,1945,1,4.383561643835616
1946,1946,2,4.383561643835616
1947,1947,3,4.383561643835616
1948,1948,4,6.575342465753424
1949,1949,5,17.534246575342465
1950,1950,6,35.06849315068493
1951,1951,7,43.83561643835616
1952,1952,8,39.45205479452055
1953,1953,9,24.10958904109589
1954,1954,10,17.534246575342465
1955,1955,11,15.342465753424655
1956,1956,12,15.342465753424655
1957,1957,13,15.342465753424655
1958,1958,14,17.534246575342465
1959,1959,15,21.91780821917808
1960,1960,16,30.68493150684931
1961,1961,17,39.45205479452055
1962,1962,18,43.83561643835616
1963,1963,19,43.83561643835616
1964,1964,20,39.45205479452055
1965,1965,21,30.68493150684931
1966,1966,22,19.726027397260275
1967,1967,23,10.95890410958904
1968,1968,0,6.575342465753424
1969,1969,1,4.383561643835616
1970,1970,2,4.383561643835616
1971,1971,3,4.383561643835616
1972,1972,4,6.575342465753424
1973,1973,5,17.534246575342465
1974,1974,6,35.06849315068493
1975,1975,7,43.83561643835616
1976,1976,8,39.45205479452055
1977,1977,9,24.10958904109589
1978,1978,10,17.534246575342465
1979,1979,11,15.342465753424655
1980,1980,12,15.342465753424655
1981,1981,13,15.342465753424655
1982,1982,14,17.534246575342465
1983,1983,15,21.91780821917808
1984,1984,16,30.68493150684931
1985,1985,17,39.45205479452055
1986,1986,18,43.83561643835616
1987,1987,19,43.83561643835616
1988,1988,20,39.45205479452055
1989,1989,21,30.68493150684931
1990,1990,22,19.726027397260275
1991,1991,23,10.95890410958904
1992,1992,0,6.575342465753424
1993,1993,1,4.383561643835616
1994,1994,2,4.383561643835616
1995,1995,3,4.383561643835616
1996,1996,4,6.575342465753424
1997,1997,5,17.534246575342465
1998,1998,6,35.06849315068493
1999,1999,7,43.83561643835616
2000,2000,8,39.45205479452055
2001,2001,9,24.10958904109589
2002,2002,10,17.534246575342465
2003,2003,11,15.342465753424655
2004,2004,12,15.342465753424655
2005,2005,13,15.342465753424655
2006,2006,14,17.534246575342465
2007,2007,15,21.91780821917808
2008,2008,16,30.68493150684931
2009,2009,17,39.45205479452055
2010,2010,18,43.83561643835616
2011,2011,19,43.83561643835616
2012,2012,20,39.45205479452055
2013,2013,21,30.68493150684931
2014,2014,22,19.726027397260275
2015,2015,23,10.95890410958904
2016,2016,0,6.575342465753424
2017,2017,1,4.383561643835616
2018,2018,2,4.383561643835616
2019,2019,3,4.383561643835616
2020,2020,4,6.575342465753424
2021,2021,5,17.534246575342465
2022,2022,6,35.06849315068493
2023,2023,7,43.83561643835616
2024,2024,8,39.45205479452055
2025,2025,9,24.10958904109589
2026,2026,10,17.534246575342465
2027,2027,11,15.342465753424655
2028,2028,12,15.342465753424655
2029,2029,13,15.342465753424655
2030,2030,14,17.534246575342465
2031,2031,15,21.91780821917808
2032,2032,16,30.68493150684931
2033,2033,17,39.45205479452055
2034,2034,18,43.83561643835616
2035,2035,19,43.83561643835616
2036,2036,20,39.45205479452055
2037,2037,21,30.68493150684931
2038,2038,22,19.726027397260275
2039,2039,23,10.95890410958904
2040,2040,0,6.575342465753424
2041,2041,1,4.383561643835616
2042,2042,2,4.383561643835616
2043,2043,3,4.383561643835616
2044,2044,4,6.575342465753424
2045,2045,5,17.534246575342465
2046,2046,6,35.06849315068493
2047,2047,7,43.83561643835616
2048,2048,8,39.45205479452055
2049,2049,9,24.10958904109589
2050,2050,10,17.534246575342465
2051,2051,11,15.342465753424655
2052,2052,12,15.342465753424655
2053,2053,13,15.342465753424655
2054,2054,14,17.534246575342465
2055,2055,15,21.91780821917808
2056,2056,16,30.68493150684931
2057,2057,17,39.45205479452055
2058,2058,18,43.83561643835616
2059,2059,19,43.83561643835616
2060,2060,20,39.45205479452055
2061,2061,21,30.68493150684931
2062,2062,22,19.726027397260275
2063,2063,23,10.95890410958904
2064,2064,0,6.575342465753424
2065,2065,1,4.383561643835616
2066,2066,2,4.383561643835616
2067,2067,3,4.383561643835616
2068,2068,4,6.575342465753424
2069,2069,5,17.534246575342465
2070,2070,6,35.06849315068493
2071,2071,7,43.83561643835616
2072,2072,8,39.45205479452055
2073,2073,9,24.10958904109589
2074,2074,10,17.534246575342465
2075,2075,11,15.342465753424655
2076,2076,12,15.342465753424655
2077,2077,13,15.342465753424655
2078,2078,14,17.534246575342465
2079,2079,15,21.91780821917808
2080,2080,16,30.68493150684931
2081,2081,17,39.45205479452055
2082,2082,18,43.83561643835616
2083,2083,19,43.83561643835616
2084,2084,20,39.45205479452055
2085,2085,21,30.68493150684931
2086,2086,22,19.726027397260275
2087,2087,23,10.95890410958904
2088,2088,0,6.575342465753424
2089,2089,1,4.383561643835616
2090,2090,2,4.383561643835616
2091,2091,3,4.383561643835616
2092,2092,4,6.575342465753424
2093,2093,5,17.534246575342465
2094,2094,6,35.06849315068493
2095,2095,7,43.83561643835616
2096,2096,8,39.45205479452055
2097,2097,9,24.10958904109589
2098,2098,10,17.534246575342465
2099,2099,11,15.342465753424655
2100,2100,12,15.342465753424655
2101,2101,13,15.342465753424655
2102,2102,14,17.534246575342465
2103,2103,15,21.91780821917808
2104,2104,16,30.68493150684931
2105,2105,17,39.45205479452055
2106,2106,18,43.83561643835616
2107,2107,19,43.83561643835616
2108,2108,20,39.45205479452055
2109,2109,21,30.68493150684931
2110,2110,22,19.726027397260275
2111,2111,23,10.95890410958904
2112,2112,0,6.575342465753424
2113,2113,1,4.383561643835616
2114,2114,2,4.383561643835616
2115,2115,3,4.383561643835616
2116,2116,4,6.575342465753424
2117,2117,5,17.534246575342465
2118,2118,6,35.06849315068493
2119,2119,7,43.83561643835616
2120,2120,8,39.45205479452055
2121,2121,9,24.10958904109589
2122,2122,10,17.534246575342465
2123,2123,11,15.342465753424655
2124,2124,12,15.342465753424655
2125,2125,13,15.342465753424655
2126,2126,14,17.534246575342465
2127,2127,15,21.91780821917808
2128,2128,16,30.68493150684931
2129,2129,17,39.45205479452055
2130,2130,18,43.83561643835616
2131,2131,19,43.83561643835616
2132,2132,20,39.45205479452055
2133,2133,21,30.68493150684931
2134,2134,22,19.726027397260275
2135,2135,23,10.95890410958904
2136,2136,0,6.575342465753424
2137,2137,1,4.383561643835616
2138,2138,2,4.383561643835616
2139,2139,3,4.383561643835616
2140,2140,4,6.575342465753424
2141,2141,5,17.534246575342465
2142,2142,6,35.06849315068493
2143,2143,7,43.83561643835616
2144,2144,8,39.45205479452055
2145,2145,9,24.10958904109589
2146,2146,10,17.534246575342465
2147,2147,11,15.342465753424655
2148,2148,12,15.342465753424655
2149,2149,13,15.342465753424655
2150,2150,14,17.534246575342465
2151,2151,15,21.91780821917808
2152,2152,16,30.68493150684931
2153,2153,17,39.45205479452055
2154,2154,18,43.83561643835616
2155,2155,19,43.83561643835616
2156,2156,20,39.45205479452055
2157,2157,21,30.68493150684931
2158,2158,22,19.726027397260275
2159,2159,23,10.95890410958904
2160,2160,0,6.575342465753424
2161,2161,1,4.383561643835616
2162,2162,2,4.383561643835616
2163,2163,3,4.383561643835616
2164,2164,4,6.575342465753424
2165,2165,5,17.534246575342465
2166,2166,6,35.06849315068493
2167,2167,7,43.83561643835616
2168,2168,8,39.45205479452055
2169,2169,9,24.10958904109589
2170,2170,10,17.534246575342465
2171,2171,11,15.342465753424655
2172,2172,12,15.342465753424655
2173,2173,13,15.342465753424655
2174,2174,14,17.534246575342465
2175,2175,15,21.91780821917808
2176,2176,16,30.68493150684931
2177,2177,17,39.45205479452055
2178,2178,18,43.83561643835616
2179,2179,19,43.83561643835616
2180,2180,20,39.45205479452055
2181,2181,21,30.68493150684931
2182,2182,22,19.726027397260275
2183,2183,23,10.95890410958904
2184,2184,0,6.575342465753424
2185,2185,1,4.383561643835616
2186,2186,2,4.383561643835616
2187,2187,3,4.383561643835616
2188,2188,4,6.575342465753424
2189,2189,5,17.534246575342465
2190,2190,6,35.06849315068493
2191,2191,7,43.83561643835616
2192,2192,8,39.45205479452055
2193,2193,9,24.10958904109589
2194,2194,10,17.534246575342465
2195,2195,11,15.342465753424655
2196,2196,12,15.342465753424655
2197,2197,13,15.342465753424655
2198,2198,14,17.534246575342465
2199,2199,15,21.91780821917808
2200,2200,16,30.68493150684931
2201,2201,17,39.45205479452055
2202,2202,18,43.83561643835616
2203,2203,19,43.83561643835616
2204,2204,20,39.45205479452055
2205,2205,21,30.68493150684931
2206,2206,22,19.726027397260275
2207,2207,23,10.95890410958904
2208,2208,0,6.575342465753424
2209,2209,1,4.383561643835616
2210,2210,2,4.383561643835616
2211,2211,3,4.383561643835616
2212,2212,4,6.575342465753424
2213,2213,5,17.534246575342465
2214,2214,6,35.06849315068493
2215,2215,7,43.83561643835616
2216,2216,8,39.45205479452055
2217,2217,9,24.10958904109589
2218,2218,10,17.534246575342465
2219,2219,11,15.342465753424655
2220,2220,12,15.342465753424655
2221,2221,13,15.342465753424655
2222,2222,14,17.534246575342465
2223,2223,15,21.91780821917808
2224,2224,16,30.68493150684931
2225,2225,17,39.45205479452055
2226,2226,18,43.83561643835616
2227,2227,19,43.83561643835616
2228,2228,20,39.45205479452055
2229,2229,21,30.68493150684931
2230,2230,22,19.726027397260275
2231,2231,23,10.95890410958904
2232,2232,0,6.575342465753424
2233,2233,1,4.383561643835616
2234,2234,2,4.383561643835616
2235,2235,3,4.383561643835616
2236,2236,4,6.575342465753424
2237,2237,5,17.534246575342465
2238,2238,6,35.06849315068493
2239,2239,7,43.83561643835616
2240,2240,8,39.45205479452055
2241,2241,9,24.10958904109589
2242,2242,10,17.534246575342465
2243,2243,11,15.342465753424655
2244,2244,12,15.342465753424655
2245,2245,13,15.342465753424655
2246,2246,14,17.534246575342465
2247,2247,15,21.91780821917808
2248,2248,16,30.68493150684931
2249,2249,17,39.45205479452055
2250,2250,18,43.83561643835616
2251,2251,19,43.83561643835616
2252,2252,20,39.45205479452055
2253,2253,21,30.68493150684931
2254,2254,22,19.726027397260275
2255,2255,23,10.95890410958904
2256,2256,0,6.575342465753424
2257,2257,1,4.383561643835616
2258,2258,2,4.383561643835616
2259,2259,3,4.383561643835616
2260,2260,4,6.575342465753424
2261,2261,5,17.534246575342465
2262,2262,6,35.06849315068493
2263,2263,7,43.83561643835616
2264,2264,8,39.45205479452055
2265,2265,9,24.10958904109589
2266,2266,10,17.534246575342465
2267,2267,11,15.342465753424655
2268,2268,12,15.342465753424655
2269,2269,13,15.342465753424655
2270,2270,14,17.534246575342465
2271,2271,15,21.91780821917808
2272,2272,16,30.68493150684931
2273,2273,17,39.45205479452055
2274,2274,18,43.83561643835616
2275,2275,19,43.83561643835616
2276,2276,20,39.45205479452055
2277,2277,21,30.68493150684931
2278,2278,22,19.726027397260275
2279,2279,23,10.95890410958904
2280,2280,0,6.575342465753424
2281,2281,1,4.383561643835616
2282,2282,2,4.383561643835616
2283,2283,3,4.383561643835616
2284,2284,4,6.575342465753424
2285,2285,5,17.534246575342465
2286,2286,6,35.06849315068493
2287,2287,7,43.83561643835616
2288,2288,8,39.45205479452055
2289,2289,9,24.10958904109589
2290,2290,10,17.534246575342465
2291,2291,11,15.342465753424655
2292,2292,12,15.342465753424655
2293,2293,13,15.342465753424655
2294,2294,14,17.534246575342465
2295,2295,15,21.91780821917808
2296,2296,16,30.68493150684931
2297,2297,17,39.45205479452055
2298,2298,18,43.83561643835616
2299,2299,19,43.83561643835616
2300,2300,20,39.45205479452055
2301,2301,21,30.68493150684931
2302,2302,22,19.726027397260275
2303,2303,23,10.95890410958904
2304,2304,0,6.575342465753424
2305,2305,1,4.383561643835616
2306,2306,2,4.383561643835616
2307,2307,3,4.383561643835616
2308,2308,4,6.575342465753424
2309,2309,5,17.534246575342465
2310,2310,6,35.06849315068493
2311,2311,7,43.83561643835616
2312,2312,8,39.45205479452055
2313,2313,9,24.10958904109589
2314,2314,10,17.534246575342465
2315,2315,11,15.342465753424655
2316,2316,12,15.342465753424655
2317,2317,13,15.342465753424655
2318,2318,14,17.534246575342465
2319,2319,15,21.91780821917808
2320,2320,16,30.68493150684931
2321,2321,17,39.45205479452055
2322,2322,18,43.83561643835616
2323,2323,19,43.83561643835616
2324,2324,20,39.45205479452055
2325,2325,21,30.68493150684931
2326,2326,22,19.726027397260275
2327,2327,23,10.95890410958904
2328,2328,0,6.575342465753424
2329,2329,1,4.383561643835616
2330,2330,2,4.383561643835616
2331,2331,3,4.383561643835616
2332,2332,4,6.575342465753424
2333,2333,5,17.534246575342465
2334,2334,6,35.06849315068493
2335,2335,7,43.83561643835616
2336,2336,8,39.45205479452055
2337,2337,9,24.10958904109589
2338,2338,10,17.534246575342465
2339,2339,11,15.342465753424655
2340,2340,12,15.342465753424655
2341,2341,13,15.342465753424655
2342,2342,14,17.534246575342465
2343,2343,15,21.91780821917808
2344,2344,16,30.68493150684931
2345,2345,17,39.45205479452055
2346,2346,18,43.83561643835616
2347,2347,19,43.83561643835616
2348,2348,20,39.45205479452055
2349,2349,21,30.68493150684931
2350,2350,22,19.726027397260275
2351,2351,23,10.95890410958904
2352,2352,0,6.575342465753424
2353,2353,1,4.383561643835616
2354,2354,2,4.383561643835616
2355,2355,3,4.383561643835616
2356,2356,4,6.575342465753424
2357,2357,5,17.534246575342465
2358,2358,6,35.06849315068493
2359,2359,7,43.83561643835616
2360,2360,8,39.45205479452055
2361,2361,9,24.10958904109589
2362,2362,10,17.534246575342465
2363,2363,11,15.342465753424655
2364,2364,12,15.342465753424655
2365,2365,13,15.342465753424655
2366,2366,14,17.534246575342465
2367,2367,15,21.91780821917808
2368,2368,16,30.68493150684931
2369,2369,17,39.45205479452055
2370,2370,18,43.83561643835616
2371,2371,19,43.83561643835616
2372,2372,20,39.45205479452055
2373,2373,21,30.68493150684931
2374,2374,22,19.726027397260275
2375,2375,23,10.95890410958904
2376,2376,0,6.575342465753424
2377,2377,1,4.383561643835616
2378,2378,2,4.383561643835616
2379,2379,3,4.383561643835616
2380,2380,4,6.575342465753424
2381,2381,5,17.534246575342465
2382,2382,6,35.06849315068493
2383,2383,7,43.83561643835616
2384,2384,8,39.45205479452055
2385,2385,9,24.10958904109589
2386,2386,10,17.534246575342465
2387,2387,11,15.342465753424655
2388,2388,12,15.342465753424655
2389,2389,13,15.342465753424655
2390,2390,14,17.534246575342465
2391,2391,15,21.91780821917808
2392,2392,16,30.68493150684931
2393,2393,17,39.45205479452055
2394,2394,18,43.83561643835616
2395,2395,19,43.83561643835616
2396,2396,20,39.45205479452055
2397,2397,21,30.68493150684931
2398,2398,22,19.726027397260275
2399,2399,23,10.95890410958904
2400,2400,0,6.575342465753424
2401,2401,1,4.383561643835616
2402,2402,2,4.383561643835616
2403,2403,3,4.383561643835616
2404,2404,4,6.575342465753424
2405,2405,5,17.534246575342465
2406,2406,6,35.06849315068493
2407,2407,7,43.83561643835616
2408,2408,8,39.45205479452055
2409,2409,9,24.10958904109589
2410,2410,10,17.534246575342465
2411,2411,11,15.342465753424655
2412,2412,12,15.342465753424655
2413,2413,13,15.342465753424655
2414,2414,14,17.534246575342465
2415,2415,15,21.91780821917808
2416,2416,16,30.68493150684931
2417,2417,17,39.45205479452055
2418,2418,18,43.83561643835616
2419,2419,19,43.83561643835616
2420,2420,20,39.45205479452055
2421,2421,21,30.68493150684931
2422,2422,22,19.726027397260275
2423,2423,23,10.95890410958904
2424,2424,0,6.575342465753424
2425,2425,1,4.383561643835616
2426,2426,2,4.383561643835616
2427,2427,3,4.383561643835616
2428,2428,4,6.575342465753424
2429,2429,5,17.534246575342465
2430,2430,6,35.06849315068493
2431,2431,7,43.83561643835616
2432,2432,8,39.45205479452055
2433,2433,9,24.10958904109589
2434,2434,10,17.534246575342465
2435,2435,11,15.342465753424655
2436,2436,12,15.342465753424655
2437,2437,13,15.342465753424655
2438,2438,14,17.534246575342465
2439,2439,15,21.91780821917808
2440,2440,16,30.68493150684931
2441,2441,17,39.45205479452055
2442,2442,18,43.83561643835616
2443,2443,19,43.83561643835616
2444,2444,20,39.45205479452055
2445,2445,21,30.68493150684931
2446,2446,22,19.726027397260275
2447,2447,23,10.95890410958904
2448,2448,0,6.575342465753424
2449,2449,1,4.383561643835616
2450,2450,2,4.383561643835616
2451,2451,3,4.383561643835616
2452,2452,4,6.575342465753424
2453,2453,5,17.534246575342465
2454,2454,6,35.06849315068493
2455,2455,7,43.83561643835616
2456,2456,8,39.45205479452055
2457,2457,9,24.10958904109589
2458,2458,10,17.534246575342465
2459,2459,11,15.342465753424655
2460,2460,12,15.342465753424655
2461,2461,13,15.342465753424655
2462,2462,14,17.534246575342465
2463,2463,15,21.91780821917808
2464,2464,16,30.68493150684931
2465,2465,17,39.45205479452055
2466,2466,18,43.83561643835616
2467,2467,19,43.83561643835616
2468,2468,20,39.45205479452055
2469,2469,21,30.68493150684931
2470,2470,22,19.726027397260275
2471,2471,23,10.95890410958904
2472,2472,0,6.575342465753424
2473,2473,1,4.383561643835616
2474,2474,2,4.383561643835616
2475,2475,3,4.383561643835616
2476,2476,4,6.575342465753424
2477,2477,5,17.534246575342465
2478,2478,6,35.06849315068493
2479,2479,7,43.83561643835616
2480,2480,8,39.45205479452055
2481,2481,9,24.10958904109589
2482,2482,10,17.534246575342465
2483,2483,11,15.342465753424655
2484,2484,12,15.342465753424655
2485,2485,13,15.342465753424655
2486,2486,14,17.534246575342465
2487,2487,15,21.91780821917808
2488,2488,16,30.68493150684931
2489,2489,17,39.45205479452055
2490,2490,18,43.83561643835616
2491,2491,19,43.83561643835616
2492,2492,20,39.45205479452055
2493,2493,21,30.68493150684931
2494,2494,22,19.726027397260275
2495,2495,23,10.95890410958904
2496,2496,0,6.575342465753424
2497,2497,1,4.383561643835616
2498,2498,2,4.383561643835616
2499,2499,3,4.383561643835616
2500,2500,4,6.575342465753424
2501,2501,5,17.534246575342465
2502,2502,6,35.06849315068493
2503,2503,7,43.83561643835616
2504,2504,8,39.45205479452055
2505,2505,9,24.10958904109589
2506,2506,10,17.534246575342465
2507,2507,11,15.342465753424655
2508,2508,12,15.342465753424655
2509,2509,13,15.342465753424655
2510,2510,14,17.534246575342465
2511,2511,15,21.91780821917808
2512,2512,16,30.68493150684931
2513,2513,17,39.45205479452055
2514,2514,18,43.83561643835616
2515,2515,19,43.83561643835616
2516,2516,20,39.45205479452055
2517,2517,21,30.68493150684931
2518,2518,22,19.726027397260275
2519,2519,23,10.95890410958904
2520,2520,0,6.575342465753424
2521,2521,1,4.383561643835616
2522,2522,2,4.383561643835616
2523,2523,3,4.383561643835616
2524,2524,4,6.575342465753424
2525,2525,5,17.534246575342465
2526,2526,6,35.06849315068493
2527,2527,7,43.83561643835616
2528,2528,8,39.45205479452055
2529,2529,9,24.10958904109589
2530,2530,10,17.534246575342465
2531,2531,11,15.342465753424655
2532,2532,12,15.342465753424655
2533,2533,13,15.342465753424655
2534,2534,14,17.534246575342465
2535,2535,15,21.91780821917808
2536,2536,16,30.68493150684931
2537,2537,17,39.45205479452055
2538,2538,18,43.83561643835616
2539,2539,19,43.83561643835616
2540,2540,20,39.45205479452055
2541,2541,21,30.68493150684931
2542,2542,22,19.726027397260275
2543,2543,23,10.95890410958904
2544,2544,0,6.575342465753424
2545,2545,1,4.383561643835616
2546,2546,2,4.383561643835616
2547,2547,3,4.383561643835616
2548,2548,4,6.575342465753424
2549,2549,5,17.534246575342465
2550,2550,6,35.06849315068493
2551,2551,7,43.83561643835616
2552,2552,8,39.45205479452055
2553,2553,9,24.10958904109589
2554,2554,10,17.534246575342465
2555,2555,11,15.342465753424655
2556,2556,12,15.342465753424655
2557,2557,13,15.342465753424655
2558,2558,14,17.534246575342465
2559,2559,15,21.91780821917808
2560,2560,16,30.68493150684931
2561,2561,17,39.45205479452055
2562,2562,18,43.83561643835616
2563,2563,19,43.83561643835616
2564,2564,20,39.45205479452055
2565,2565,21,30.68493150684931
2566,2566,22,19.726027397260275
2567,2567,23,10.95890410958904
2568,2568,0,6.575342465753424
2569,2569,1,4.383561643835616
2570,2570,2,4.383561643835616
2571,2571,3,4.383561643835616
2572,2572,4,6.575342465753424
2573,2573,5,17.534246575342465
2574,2574,6,35.06849315068493
2575,2575,7,43.83561643835616
2576,2576,8,39.45205479452055
2577,2577,9,24.10958904109589
2578,2578,10,17.534246575342465
2579,2579,11,15.342465753424655
2580,2580,12,15.342465753424655
2581,2581,13,15.342465753424655
2582,2582,14,17.534246575342465
2583,2583,15,21.91780821917808
2584,2584,16,30.68493150684931
2585,2585,17,39.45205479452055
2586,2586,18,43.83561643835616
2587,2587,19,43.83561643835616
2588,2588,20,39.45205479452055
2589,2589,21,30.68493150684931
2590,2590,22,19.726027397260275
2591,2591,23,10.95890410958904
2592,2592,0,6.575342465753424
2593,2593,1,4.383561643835616
2594,2594,2,4.383561643835616
2595,2595,3,4.383561643835616
2596,2596,4,6.575342465753424
2597,2597,5,17.534246575342465
2598,2598,6,35.06849315068493
2599,2599,7,43.83561643835616
2600,2600,8,39.45205479452055
2601,2601,9,24.10958904109589
2602,2602,10,17.534246575342465
2603,2603,11,15.342465753424655
2604,2604,12,15.342465753424655
2605,2605,13,15.342465753424655
2606,2606,14,17.534246575342465
2607,2607,15,21.91780821917808
2608,2608,16,30.68493150684931
2609,2609,17,39.45205479452055
2610,2610,18,43.83561643835616
2611,2611,19,43.83561643835616
2612,2612,20,39.45205479452055
2613,2613,21,30.68493150684931
2614,2614,22,19.726027397260275
2615,2615,23,10.95890410958904
2616,2616,0,6.575342465753424
2617,2617,1,4.383561643835616
2618,2618,2,4.383561643835616
2619,2619,3,4.383561643835616
2620,2620,4,6.575342465753424
2621,2621,5,17.534246575342465
2622,2622,6,35.06849315068493
2623,2623,7,43.83561643835616
2624,2624,8,39.45205479452055
2625,2625,9,24.10958904109589
2626,2626,10,17.534246575342465
2627,2627,11,15.342465753424655
2628,2628,12,15.342465753424655
2629,2629,13,15.342465753424655
2630,2630,14,17.534246575342465
2631,2631,15,21.91780821917808
2632,2632,16,30.68493150684931
2633,2633,17,39.45205479452055
2634,2634,18,43.83561643835616
2635,2635,19,43.83561643835616
2636,2636,20,39.45205479452055
2637,2637,21,30.68493150684931
2638,2638,22,19.726027397260275
2639,2639,23,10.95890410958904
2640,2640,0,6.575342465753424
2641,2641,1,4.383561643835616
2642,2642,2,4.383561643835616
2643,2643,3,4.383561643835616
2644,2644,4,6.575342465753424
2645,2645,5,17.534246575342465
2646,2646,6,35.06849315068493
2647,2647,7,43.83561643835616
2648,2648,8,39.45205479452055
2649,2649,9,24.10958904109589
2650,2650,10,17.534246575342465
2651,2651,11,15.342465753424655
2652,2652,12,15.342465753424655
2653,2653,13,15.342465753424655
2654,2654,14,17.534246575342465
2655,2655,15,21.91780821917808
2656,2656,16,30.68493150684931
2657,2657,17,39.45205479452055
2658,2658,18,43.83561643835616
2659,2659,19,43.83561643835616
2660,2660,20,39.45205479452055
2661,2661,21,30.68493150684931
2662,2662,22,19.726027397260275
2663,2663,23,10.95890410958904
2664,2664,0,6.575342465753424
2665,2665,1,4.383561643835616
2666,2666,2,4.383561643835616
2667,2667,3,4.383561643835616
2668,2668,4,6.575342465753424
2669,2669,5,17.534246575342465
2670,2670,6,35.06849315068493
2671,2671,7,43.83561643835616
2672,2672,8,39.45205479452055
2673,2673,9,24.10958904109589
2674,2674,10,17.534246575342465
2675,2675,11,15.342465753424655
2676,2676,12,15.342465753424655
2677,2677,13,15.342465753424655
2678,2678,14,17.534246575342465
2679,2679,15,21.91780821917808
2680,2680,16,30.68493150684931
2681,2681,17,39.45205479452055
2682,2682,18,43.83561643835616
2683,2683,19,43.83561643835616
2684,2684,20,39.45205479452055
2685,2685,21,30.68493150684931
2686,2686,22,19.726027397260275
2687,2687,23,10.95890410958904
2688,2688,0,6.575342465753424
2689,2689,1,4.383561643835616
2690,2690,2,4.383561643835616
2691,2691,3,4.383561643835616
2692,2692,4,6.575342465753424
2693,2693,5,17.534246575342465
2694,2694,6,35.06849315068493
2695,2695,7,43.83561643835616
2696,2696,8,39.45205479452055
2697,2697,9,24.10958904109589
2698,2698,10,17.534246575342465
2699,2699,11,15.342465753424655
2700,2700,12,15.342465753424655
2701,2701,13,15.342465753424655
2702,2702,14,17.534246575342465
2703,2703,15,21.91780821917808
2704,2704,16,30.68493150684931
2705,2705,17,39.45205479452055
2706,2706,18,43.83561643835616
2707,2707,19,43.83561643835616
2708,2708,20,39.45205479452055
2709,2709,21,30.68493150684931
2710,2710,22,19.726027397260275
2711,2711,23,10.95890410958904
2712,2712,0,6.575342465753424
2713,2713,1,4.383561643835616
2714,2714,2,4.383561643835616
2715,2715,3,4.383561643835616
2716,2716,4,6.575342465753424
2717,2717,5,17.534246575342465
2718,2718,6,35.06849315068493
2719,2719,7,43.83561643835616
2720,2720,8,39.45205479452055
2721,2721,9,24.10958904109589
2722,2722,10,17.534246575342465
2723,2723,11,15.342465753424655
2724,2724,12,15.342465753424655
2725,2725,13,15.342465753424655
2726,2726,14,17.534246575342465
2727,2727,15,21.91780821917808
2728,2728,16,30.68493150684931
2729,2729,17,39.45205479452055
2730,2730,18,43.83561643835616
2731,2731,19,43.83561643835616
2732,2732,20,39.45205479452055
2733,2733,21,30.68493150684931
2734,2734,22,19.726027397260275
2735,2735,23,10.95890410958904
2736,2736,0,6.575342465753424
2737,2737,1,4.383561643835616
2738,2738,2,4.383561643835616
2739,2739,3,4.383561643835616
2740,2740,4,6.575342465753424
2741,2741,5,17.534246575342465
2742,2742,6,35.06849315068493
2743,2743,7,43.83561643835616
2744,2744,8,39.45205479452055
2745,2745,9,24.10958904109589
2746,2746,10,17.534246575342465
2747,2747,11,15.342465753424655
2748,2748,12,15.342465753424655
2749,2749,13,15.342465753424655
2750,2750,14,17.534246575342465
2751,2751,15,21.91780821917808
2752,2752,16,30.68493150684931
2753,2753,17,39.45205479452055
2754,2754,18,43.83561643835616
2755,2755,19,43.83561643835616
2756,2756,20,39.45205479452055
2757,2757,21,30.68493150684931
2758,2758,22,19.726027397260275
2759,2759,23,10.95890410958904
2760,2760,0,6.575342465753424
2761,2761,1,4.383561643835616
2762,2762,2,4.383561643835616
2763,2763,3,4.383561643835616
2764,2764,4,6.575342465753424
2765,2765,5,17.534246575342465
2766,2766,6,35.06849315068493
2767,2767,7,43.83561643835616
2768,2768,8,39.45205479452055
2769,2769,9,24.10958904109589
2770,2770,10,17.534246575342465
2771,2771,11,15.342465753424655
2772,2772,12,15.342465753424655
2773,2773,13,15.342465753424655
2774,2774,14,17.534246575342465
2775,2775,15,21.91780821917808
2776,2776,16,30.68493150684931
2777,2777,17,39.45205479452055
2778,2778,18,43.83561643835616
2779,2779,19,43.83561643835616
2780,2780,20,39.45205479452055
2781,2781,21,30.68493150684931
2782,2782,22,19.726027397260275
2783,2783,23,10.95890410958904
2784,2784,0,6.575342465753424
2785,2785,1,4.383561643835616
2786,2786,2,4.383561643835616
2787,2787,3,4.383561643835616
2788,2788,4,6.575342465753424
2789,2789,5,17.534246575342465
2790,2790,6,35.06849315068493
2791,2791,7,43.83561643835616
2792,2792,8,39.45205479452055
2793,2793,9,24.10958904109589
2794,2794,10,17.534246575342465
2795,2795,11,15.342465753424655
2796,2796,12,15.342465753424655
2797,2797,13,15.342465753424655
2798,2798,14,17.534246575342465
2799,2799,15,21.91780821917808
2800,2800,16,30.68493150684931
2801,2801,17,39.45205479452055
2802,2802,18,43.83561643835616
2803,2803,19,43.83561643835616
2804,2804,20,39.45205479452055
2805,2805,21,30.68493150684931
2806,2806,22,19.726027397260275
2807,2807,23,10.95890410958904
2808,2808,0,6.575342465753424
2809,2809,1,4.383561643835616
2810,2810,2,4.383561643835616
2811,2811,3,4.383561643835616
2812,2812,4,6.575342465753424
2813,2813,5,17.534246575342465
2814,2814,6,35.06849315068493
2815,2815,7,43.83561643835616
2816,2816,8,39.45205479452055
2817,2817,9,24.10958904109589
2818,2818,10,17.534246575342465
2819,2819,11,15.342465753424655
2820,2820,12,15.342465753424655
2821,2821,13,15.342465753424655
2822,2822,14,17.534246575342465
2823,2823,15,21.91780821917808
2824,2824,16,30.68493150684931
2825,2825,17,39.45205479452055
2826,2826,18,43.83561643835616
2827,2827,19,43.83561643835616
2828,2828,20,39.45205479452055
2829,2829,21,30.68493150684931
2830,2830,22,19.726027397260275
2831,2831,23,10.95890410958904
2832,2832,0,6.575342465753424
2833,2833,1,4.383561643835616
2834,2834,2,4.383561643835616
2835,2835,3,4.383561643835616
2836,2836,4,6.575342465753424
2837,2837,5,17.534246575342465
2838,2838,6,35.06849315068493
2839,2839,7,43.83561643835616
2840,2840,8,39.45205479452055
2841,2841,9,24.10958904109589
2842,2842,10,17.534246575342465
2843,2843,11,15.342465753424655
2844,2844,12,15.342465753424655
2845,2845,13,15.342465753424655
2846,2846,14,17.534246575342465
2847,2847,15,21.91780821917808
2848,2848,16,30.68493150684931
2849,2849,17,39.45205479452055
2850,2850,18,43.83561643835616
2851,2851,19,43.83561643835616
2852,2852,20,39.45205479452055
2853,2853,21,30.68493150684931
2854,2854,22,19.726027397260275
2855,2855,23,10.95890410958904
2856,2856,0,6.575342465753424
2857,2857,1,4.383561643835616
2858,2858,2,4.383561643835616
2859,2859,3,4.383561643835616
2860,2860,4,6.575342465753424
2861,2861,5,17.534246575342465
2862,2862,6,35.06849315068493
2863,2863,7,43.83561643835616
2864,2864,8,39.45205479452055
2865,2865,9,24.10958904109589
2866,2866,10,17.534246575342465
2867,2867,11,15.342465753424655
2868,2868,12,15.342465753424655
2869,2869,13,15.342465753424655
2870,2870,14,17.534246575342465
2871,2871,15,21.91780821917808
2872,2872,16,30.68493150684931
2873,2873,17,39.45205479452055
2874,2874,18,43.83561643835616
2875,2875,19,43.83561643835616
2876,2876,20,39.45205479452055
2877,2877,21,30.68493150684931
2878,2878,22,19.726027397260275
2879,2879,23,10.95890410958904
2880,2880,0,6.575342465753424
2881,2881,1,4.383561643835616
2882,2882,2,4.383561643835616
2883,2883,3,4.383561643835616
2884,2884,4,6.575342465753424
2885,2885,5,17.534246575342465
2886,2886,6,35.06849315068493
2887,2887,7,43.83561643835616
2888,2888,8,39.45205479452055
2889,2889,9,24.10958904109589
2890,2890,10,17.534246575342465
2891,2891,11,15.342465753424655
2892,2892,12,15.342465753424655
2893,2893,13,15.342465753424655
2894,2894,14,17.534246575342465
2895,2895,15,21.91780821917808
2896,2896,16,30.68493150684931
2897,2897,17,39.45205479452055
2898,2898,18,43.83561643835616
2899,2899,19,43.83561643835616
2900,2900,20,39.45205479452055
2901,2901,21,30.68493150684931
2902,2902,22,19.726027397260275
2903,2903,23,10.95890410958904
2904,2904,0,6.575342465753424
2905,2905,1,4.383561643835616
2906,2906,2,4.383561643835616
2907,2907,3,4.383561643835616
2908,2908,4,6.575342465753424
2909,2909,5,17.534246575342465
2910,2910,6,35.06849315068493
2911,2911,7,43.83561643835616
2912,2912,8,39.45205479452055
2913,2913,9,24.10958904109589
2914,2914,10,17.534246575342465
2915,2915,11,15.342465753424655
2916,2916,12,15.342465753424655
2917,2917,13,15.342465753424655
2918,2918,14,17.534246575342465
2919,2919,15,21.91780821917808
2920,2920,16,30.68493150684931
2921,2921,17,39.45205479452055
2922,2922,18,43.83561643835616
2923,2923,19,43.83561643835616
2924,2924,20,39.45205479452055
2925,2925,21,30.68493150684931
2926,2926,22,19.726027397260275
2927,2927,23,10.95890410958904
2928,2928,0,6.575342465753424
2929,2929,1,4.383561643835616
2930,2930,2,4.383561643835616
2931,2931,3,4.383561643835616
2932,2932,4,6.575342465753424
2933,2933,5,17.534246575342465
2934,2934,6,35.06849315068493
2935,2935,7,43.83561643835616
2936,2936,8,39.45205479452055
2937,2937,9,24.10958904109589
2938,2938,10,17.534246575342465
2939,2939,11,15.342465753424655
2940,2940,12,15.342465753424655
2941,2941,13,15.342465753424655
2942,2942,14,17.534246575342465
2943,2943,15,21.91780821917808
2944,2944,16,30.68493150684931
2945,2945,17,39.45205479452055
2946,2946,18,43.83561643835616
2947,2947,19,43.83561643835616
2948,2948,20,39.45205479452055
2949,2949,21,30.68493150684931
2950,2950,22,19.726027397260275
2951,2951,23,10.95890410958904
2952,2952,0,6.575342465753424
2953,2953,1,4.383561643835616
2954,2954,2,4.383561643835616
2955,2955,3,4.383561643835616
2956,2956,4,6.575342465753424
2957,2957,5,17.534246575342465
2958,2958,6,35.06849315068493
2959,2959,7,43.83561643835616
2960,2960,8,39.45205479452055
2961,2961,9,24.10958904109589
2962,2962,10,17.534246575342465
2963,2963,11,15.342465753424655
2964,2964,12,15.342465753424655
2965,2965,13,15.342465753424655
2966,2966,14,17.534246575342465
2967,2967,15,21.91780821917808
2968,2968,16,30.68493150684931
2969,2969,17,39.45205479452055
2970,2970,18,43.83561643835616
2971,2971,19,43.83561643835616
2972,2972,20,39.45205479452055
2973,2973,21,30.68493150684931
2974,2974,22,19.726027397260275
2975,2975,23,10.95890410958904
2976,2976,0,6.575342465753424
2977,2977,1,4.383561643835616
2978,2978,2,4.383561643835616
2979,2979,3,4.383561643835616
2980,2980,4,6.575342465753424
2981,2981,5,17.534246575342465
2982,2982,6,35.06849315068493
2983,2983,7,43.83561643835616
2984,2984,8,39.45205479452055
2985,2985,9,24.10958904109589
2986,2986,10,17.534246575342465
2987,2987,11,15.342465753424655
2988,2988,12,15.342465753424655
2989,2989,13,15.342465753424655
2990,2990,14,17.534246575342465
2991,2991,15,21.91780821917808
2992,2992,16,30.68493150684931
2993,2993,17,39.45205479452055
2994,2994,18,43.83561643835616
2995,2995,19,43.83561643835616
2996,2996,20,39.45205479452055
2997,2997,21,30.68493150684931
2998,2998,22,19.726027397260275
2999,2999,23,10.95890410958904
3000,3000,0,6.575342465753424
3001,3001,1,4.383561643835616
3002,3002,2,4.383561643835616
3003,3003,3,4.383561643835616
3004,3004,4,6.575342465753424
3005,3005,5,17.534246575342465
3006,3006,6,35.06849315068493
3007,3007,7,43.83561643835616
3008,3008,8,39.45205479452055
3009,3009,9,24.10958904109589
3010,3010,10,17.534246575342465
3011,3011,11,15.342465753424655
3012,3012,12,15.342465753424655
3013,3013,13,15.342465753424655
3014,3014,14,17.534246575342465
3015,3015,15,21.91780821917808
3016,3016,16,30.68493150684931
3017,3017,17,39.45205479452055
3018,3018,18,43.83561643835616
3019,3019,19,43.83561643835616
3020,3020,20,39.45205479452055
3021,3021,21,30.68493150684931
3022,3022,22,19.726027397260275
3023,3023,23,10.95890410958904
3024,3024,0,6.575342465753424
3025,3025,1,4.383561643835616
3026,3026,2,4.383561643835616
3027,3027,3,4.383561643835616
3028,3028,4,6.575342465753424
3029,3029,5,17.534246575342465
3030,3030,6,35.06849315068493
3031,3031,7,43.83561643835616
3032,3032,8,39.45205479452055
3033,3033,9,24.10958904109589
3034,3034,10,17.534246575342465
3035,3035,11,15.342465753424655
3036,3036,12,15.342465753424655
3037,3037,13,15.342465753424655
3038,3038,14,17.534246575342465
3039,3039,15,21.91780821917808
3040,3040,16,30.68493150684931
3041,3041,17,39.45205479452055
3042,3042,18,43.83561643835616
3043,3043,19,43.83561643835616
3044,3044,20,39.45205479452055
3045,3045,21,30.68493150684931
3046,3046,22,19.726027397260275
3047,3047,23,10.95890410958904
3048,3048,0,6.575342465753424
3049,3049,1,4.383561643835616
3050,3050,2,4.383561643835616
3051,3051,3,4.383561643835616
3052,3052,4,6.575342465753424
3053,3053,5,17.534246575342465
3054,3054,6,35.06849315068493
3055,3055,7,43.83561643835616
3056,3056,8,39.45205479452055
3057,3057,9,24.10958904109589
3058,3058,10,17.534246575342465
3059,3059,11,15.342465753424655
3060,3060,12,15.342465753424655
3061,3061,13,15.342465753424655
3062,3062,14,17.534246575342465
3063,3063,15,21.91780821917808
3064,3064,16,30.68493150684931
3065,3065,17,39.45205479452055
3066,3066,18,43.83561643835616
3067,3067,19,43.83561643835616
3068,3068,20,39.45205479452055
3069,3069,21,30.68493150684931
3070,3070,22,19.726027397260275
3071,3071,23,10.95890410958904
3072,3072,0,6.575342465753424
3073,3073,1,4.383561643835616
3074,3074,2,4.383561643835616
3075,3075,3,4.383561643835616
3076,3076,4,6.575342465753424
3077,3077,5,17.534246575342465
3078,3078,6,35.06849315068493
3079,3079,7,43.83561643835616
3080,3080,8,39.45205479452055
3081,3081,9,24.10958904109589
3082,3082,10,17.534246575342465
3083,3083,11,15.342465753424655
3084,3084,12,15.342465753424655
3085,3085,13,15.342465753424655
3086,3086,14,17.534246575342465
3087,3087,15,21.91780821917808
3088,3088,16,30.68493150684931
3089,3089,17,39.45205479452055
3090,3090,18,43.83561643835616
3091,3091,19,43.83561643835616
3092,3092,20,39.45205479452055
3093,3093,21,30.68493150684931
3094,3094,22,19.726027397260275
3095,3095,23,10.95890410958904
3096,3096,0,6.575342465753424
3097,3097,1,4.383561643835616
3098,3098,2,4.383561643835616
3099,3099,3,4.383561643835616
3100,3100,4,6.575342465753424
3101,3101,5,17.534246575342465
3102,3102,6,35.06849315068493
3103,3103,7,43.83561643835616
3104,3104,8,39.45205479452055
3105,3105,9,24.10958904109589
3106,3106,10,17.534246575342465
3107,3107,11,15.342465753424655
3108,3108,12,15.342465753424655
3109,3109,13,15.342465753424655
3110,3110,14,17.534246575342465
3111,3111,15,21.91780821917808
3112,3112,16,30.68493150684931
3113,3113,17,39.45205479452055
3114,3114,18,43.83561643835616
3115,3115,19,43.83561643835616
3116,3116,20,39.45205479452055
3117,3117,21,30.68493150684931
3118,3118,22,19.726027397260275
3119,3119,23,10.95890410958904
3120,3120,0,6.575342465753424
3121,3121,1,4.383561643835616
3122,3122,2,4.383561643835616
3123,3123,3,4.383561643835616
3124,3124,4,6.575342465753424
3125,3125,5,17.534246575342465
3126,3126,6,35.06849315068493
3127,3127,7,43.83561643835616
3128,3128,8,39.45205479452055
3129,3129,9,24.10958904109589
3130,3130,10,17.534246575342465
3131,3131,11,15.342465753424655
3132,3132,12,15.342465753424655
3133,3133,13,15.342465753424655
3134,3134,14,17.534246575342465
3135,3135,15,21.91780821917808
3136,3136,16,30.68493150684931
3137,3137,17,39.45205479452055
3138,3138,18,43.83561643835616
3139,3139,19,43.83561643835616
3140,3140,20,39.45205479452055
3141,3141,21,30.68493150684931
3142,3142,22,19.726027397260275
3143,3143,23,10.95890410958904
3144,3144,0,6.575342465753424
3145,3145,1,4.383561643835616
3146,3146,2,4.383561643835616
3147,3147,3,4.383561643835616
3148,3148,4,6.575342465753424
3149,3149,5,17.534246575342465
3150,3150,6,35.06849315068493
3151,3151,7,43.83561643835616
3152,3152,8,39.45205479452055
3153,3153,9,24.10958904109589
3154,3154,10,17.534246575342465
3155,3155,11,15.342465753424655
3156,3156,12,15.342465753424655
3157,3157,13,15.342465753424655
3158,3158,14,17.534246575342465
3159,3159,15,21.91780821917808
3160,3160,16,30.68493150684931
3161,3161,17,39.45205479452055
3162,3162,18,43.83561643835616
3163,3163,19,43.83561643835616
3164,3164,20,39.45205479452055
3165,3165,21,30.68493150684931
3166,3166,22,19.726027397260275
3167,3167,23,10.95890410958904
3168,3168,0,6.575342465753424
3169,3169,1,4.383561643835616
3170,3170,2,4.383561643835616
3171,3171,3,4.383561643835616
3172,3172,4,6.575342465753424
3173,3173,5,17.534246575342465
3174,3174,6,35.06849315068493
3175,3175,7,43.83561643835616
3176,3176,8,39.45205479452055
3177,3177,9,24.10958904109589
3178,3178,10,17.534246575342465
3179,3179,11,15.342465753424655
3180,3180,12,15.342465753424655
3181,3181,13,15.342465753424655
3182,3182,14,17.534246575342465
3183,3183,15,21.91780821917808
3184,3184,16,30.68493150684931
3185,3185,17,39.45205479452055
3186,3186,18,43.83561643835616
3187,3187,19,43.83561643835616
3188,3188,20,39.45205479452055
3189,3189,21,30.68493150684931
3190,3190,22,19.726027397260275
3191,3191,23,10.95890410958904
3192,3192,0,6.575342465753424
3193,3193,1,4.383561643835616
3194,3194,2,4.383561643835616
3195,3195,3,4.383561643835616
3196,3196,4,6.575342465753424
3197,3197,5,17.534246575342465
3198,3198,6,35.06849315068493
3199,3199,7,43.83561643835616
3200,3200,8,39.45205479452055
3201,3201,9,24.10958904109589
3202,3202,10,17.534246575342465
3203,3203,11,15.342465753424655
3204,3204,12,15.342465753424655
3205,3205,13,15.342465753424655
3206,3206,14,17.534246575342465
3207,3207,15,21.91780821917808
3208,3208,16,30.68493150684931
3209,3209,17,39.45205479452055
3210,3210,18,43.83561643835616
3211,3211,19,43.83561643835616
3212,3212,20,39.45205479452055
3213,3213,21,30.68493150684931
3214,3214,22,19.726027397260275
3215,3215,23,10.95890410958904
3216,3216,0,6.575342465753424
3217,3217,1,4.383561643835616
3218,3218,2,4.383561643835616
3219,3219,3,4.383561643835616
3220,3220,4,6.575342465753424
3221,3221,5,17.534246575342465
3222,3222,6,35.06849315068493
3223,3223,7,43.83561643835616
3224,3224,8,39.45205479452055
3225,3225,9,24.10958904109589
3226,3226,10,17.534246575342465
3227,3227,11,15.342465753424655
3228,3228,12,15.342465753424655
3229,3229,13,15.342465753424655
3230,3230,14,17.534246575342465
3231,3231,15,21.91780821917808
3232,3232,16,30.68493150684931
3233,3233,17,39.45205479452055
3234,3234,18,43.83561643835616
3235,3235,19,43.83561643835616
3236,3236,20,39.45205479452055
3237,3237,21,30.68493150684931
3238,3238,22,19.726027397260275
3239,3239,23,10.95890410958904
3240,3240,0,6.575342465753424
3241,3241,1,4.383561643835616
3242,3242,2,4.383561643835616
3243,3243,3,4.383561643835616
3244,3244,4,6.575342465753424
3245,3245,5,17.534246575342465
3246,3246,6,35.06849315068493
3247,3247,7,43.83561643835616
3248,3248,8,39.45205479452055
3249,3249,9,24.10958904109589
3250,3250,10,17.534246575342465
3251,3251,11,15.342465753424655
3252,3252,12,15.342465753424655
3253,3253,13,15.342465753424655
3254,3254,14,17.534246575342465
3255,3255,15,21.91780821917808
3256,3256,16,30.68493150684931
3257,3257,17,39.45205479452055
3258,3258,18,43.83561643835616
3259,3259,19,43.83561643835616
3260,3260,20,39.45205479452055
3261,3261,21,30.68493150684931
3262,3262,22,19.726027397260275
3263,3263,23,10.95890410958904
3264,3264,0,6.575342465753424
3265,3265,1,4.383561643835616
3266,3266,2,4.383561643835616
3267,3267,3,4.383561643835616
3268,3268,4,6.575342465753424
3269,3269,5,17.534246575342465
3270,3270,6,35.06849315068493
3271,3271,7,43.83561643835616
3272,3272,8,39.45205479452055
3273,3273,9,24.10958904109589
3274,3274,10,17.534246575342465
3275,3275,11,15.342465753424655
3276,3276,12,15.342465753424655
3277,3277,13,15.342465753424655
3278,3278,14,17.534246575342465
3279,3279,15,21.91780821917808
3280,3280,16,30.68493150684931
3281,3281,17,39.45205479452055
3282,3282,18,43.83561643835616
3283,3283,19,43.83561643835616
3284,3284,20,39.45205479452055
3285,3285,21,30.68493150684931
3286,3286,22,19.726027397260275
3287,3287,23,10.95890410958904
3288,3288,0,6.575342465753424
3289,3289,1,4.383561643835616
3290,3290,2,4.383561643835616
3291,3291,3,4.383561643835616
3292,3292,4,6.575342465753424
3293,3293,5,17.534246575342465
3294,3294,6,35.06849315068493
3295,3295,7,43.83561643835616
3296,3296,8,39.45205479452055
3297,3297,9,24.10958904109589
3298,3298,10,17.534246575342465
3299,3299,11,15.342465753424655
3300,3300,12,15.342465753424655
3301,3301,13,15.342465753424655
3302,3302,14,17.534246575342465
3303,3303,15,21.91780821917808
3304,3304,16,30.68493150684931
3305,3305,17,39.45205479452055
3306,3306,18,43.83561643835616
3307,3307,19,43.83561643835616
3308,3308,20,39.45205479452055
3309,3309,21,30.68493150684931
3310,3310,22,19.726027397260275
3311,3311,23,10.95890410958904
3312,3312,0,6.575342465753424
3313,3313,1,4.383561643835616
3314,3314,2,4.383561643835616
3315,3315,3,4.383561643835616
3316,3316,4,6.575342465753424
3317,3317,5,17.534246575342465
3318,3318,6,35.06849315068493
3319,3319,7,43.83561643835616
3320,3320,8,39.45205479452055
3321,3321,9,24.10958904109589
3322,3322,10,17.534246575342465
3323,3323,11,15.342465753424655
3324,3324,12,15.342465753424655
3325,3325,13,15.342465753424655
3326,3326,14,17.534246575342465
3327,3327,15,21.91780821917808
3328,3328,16,30.68493150684931
3329,3329,17,39.45205479452055
3330,3330,18,43.83561643835616
3331,3331,19,43.83561643835616
3332,3332,20,39.45205479452055
3333,3333,21,30.68493150684931
3334,3334,22,19.726027397260275
3335,3335,23,10.95890410958904
3336,3336,0,6.575342465753424
3337,3337,1,4.383561643835616
3338,3338,2,4.383561643835616
3339,3339,3,4.383561643835616
3340,3340,4,6.575342465753424
3341,3341,5,17.534246575342465
3342,3342,6,35.06849315068493
3343,3343,7,43.83561643835616
3344,3344,8,39.45205479452055
3345,3345,9,24.10958904109589
3346,3346,10,17.534246575342465
3347,3347,11,15.342465753424655
3348,3348,12,15.342465753424655
3349,3349,13,15.342465753424655
3350,3350,14,17.534246575342465
3351,3351,15,21.91780821917808
3352,3352,16,30.68493150684931
3353,3353,17,39.45205479452055
3354,3354,18,43.83561643835616
3355,3355,19,43.83561643835616
3356,3356,20,39.45205479452055
3357,3357,21,30.68493150684931
3358,3358,22,19.726027397260275
3359,3359,23,10.95890410958904
3360,3360,0,6.575342465753424
3361,3361,1,4.383561643835616
3362,3362,2,4.383561643835616
3363,3363,3,4.383561643835616
3364,3364,4,6.575342465753424
3365,3365,5,17.534246575342465
3366,3366,6,35.06849315068493
3367,3367,7,43.83561643835616
3368,3368,8,39.45205479452055
3369,3369,9,24.10958904109589
3370,3370,10,17.534246575342465
3371,3371,11,15.342465753424655
3372,3372,12,15.342465753424655
3373,3373,13,15.342465753424655
3374,3374,14,17.534246575342465
3375,3375,15,21.91780821917808
3376,3376,16,30.68493150684931
3377,3377,17,39.45205479452055
3378,3378,18,43.83561643835616
3379,3379,19,43.83561643835616
3380,3380,20,39.45205479452055
3381,3381,21,30.68493150684931
3382,3382,22,19.726027397260275
3383,3383,23,10.95890410958904
3384,3384,0,6.575342465753424
3385,3385,1,4.383561643835616
3386,3386,2,4.383561643835616
3387,3387,3,4.383561643835616
3388,3388,4,6.575342465753424
3389,3389,5,17.534246575342465
3390,3390,6,35.06849315068493
3391,3391,7,43.83561643835616
3392,3392,8,39.45205479452055
3393,3393,9,24.10958904109589
3394,3394,10,17.534246575342465
3395,3395,11,15.342465753424655
3396,3396,12,15.342465753424655
3397,3397,13,15.342465753424655
3398,3398,14,17.534246575342465
3399,3399,15,21.91780821917808
3400,3400,16,30.68493150684931
3401,3401,17,39.45205479452055
3402,3402,18,43.83561643835616
3403,3403,19,43.83561643835616
3404,3404,20,39.45205479452055
3405,3405,21,30.68493150684931
3406,3406,22,19.726027397260275
3407,3407,23,10.95890410958904
3408,3408,0,6.575342465753424
3409,3409,1,4.383561643835616
3410,3410,2,4.383561643835616
3411,3411,3,4.383561643835616
3412,3412,4,6.575342465753424
3413,3413,5,17.534246575342465
3414,3414,6,35.06849315068493
3415,3415,7,43.83561643835616
3416,3416,8,39.45205479452055
3417,3417,9,24.10958904109589
3418,3418,10,17.534246575342465
3419,3419,11,15.342465753424655
3420,3420,12,15.342465753424655
3421,3421,13,15.342465753424655
3422,3422,14,17.534246575342465
3423,3423,15,21.91780821917808
3424,3424,16,30.68493150684931
3425,3425,17,39.45205479452055
3426,3426,18,43.83561643835616
3427,3427,19,43.83561643835616
3428,3428,20,39.45205479452055
3429,3429,21,30.68493150684931
3430,3430,22,19.726027397260275
3431,3431,23,10.95890410958904
3432,3432,0,6.575342465753424
3433,3433,1,4.383561643835616
3434,3434,2,4.383561643835616
3435,3435,3,4.383561643835616
3436,3436,4,6.575342465753424
3437,3437,5,17.534246575342465
3438,3438,6,35.06849315068493
3439,3439,7,43.83561643835616
3440,3440,8,39.45205479452055
3441,3441,9,24.10958904109589
3442,3442,10,17.534246575342465
3443,3443,11,15.342465753424655
3444,3444,12,15.342465753424655
3445,3445,13,15.342465753424655
3446,3446,14,17.534246575342465
3447,3447,15,21.91780821917808
3448,3448,16,30.68493150684931
3449,3449,17,39.45205479452055
3450,3450,18,43.83561643835616
3451,3451,19,43.83561643835616
3452,3452,20,39.45205479452055
3453,3453,21,30.68493150684931
3454,3454,22,19.726027397260275
3455,3455,23,10.95890410958904
3456,3456,0,6.575342465753424
3457,3457,1,4.383561643835616
3458,3458,2,4.383561643835616
3459,3459,3,4.383561643835616
3460,3460,4,6.575342465753424
3461,3461,5,17.534246575342465
3462,3462,6,35.06849315068493
3463,3463,7,43.83561643835616
3464,3464,8,39.45205479452055
3465,3465,9,24.10958904109589
3466,3466,10,17.534246575342465
3467,3467,11,15.342465753424655
3468,3468,12,15.342465753424655
3469,3469,13,15.342465753424655
3470,3470,14,17.534246575342465
3471,3471,15,21.91780821917808
3472,3472,16,30.68493150684931
3473,3473,17,39.45205479452055
3474,3474,18,43.83561643835616
3475,3475,19,43.83561643835616
3476,3476,20,39.45205479452055
3477,3477,21,30.68493150684931
3478,3478,22,19.726027397260275
3479,3479,23,10.95890410958904
3480,3480,0,6.575342465753424
3481,3481,1,4.383561643835616
3482,3482,2,4.383561643835616
3483,3483,3,4.383561643835616
3484,3484,4,6.575342465753424
3485,3485,5,17.534246575342465
3486,3486,6,35.06849315068493
3487,3487,7,43.83561643835616
3488,3488,8,39.45205479452055
3489,3489,9,24.10958904109589
3490,3490,10,17.534246575342465
3491,3491,11,15.342465753424655
3492,3492,12,15.342465753424655
3493,3493,13,15.342465753424655
3494,3494,14,17.534246575342465
3495,3495,15,21.91780821917808
3496,3496,16,30.68493150684931
3497,3497,17,39.45205479452055
3498,3498,18,43.83561643835616
3499,3499,19,43.83561643835616
3500,3500,20,39.45205479452055
3501,3501,21,30.68493150684931
3502,3502,22,19.726027397260275
3503,3503,23,10.95890410958904
3504,3504,0,6.575342465753424
3505,3505,1,4.383561643835616
3506,3506,2,4.383561643835616
3507,3507,3,4.383561643835616
3508,3508,4,6.575342465753424
3509,3509,5,17.534246575342465
3510,3510,6,35.06849315068493
3511,3511,7,43.83561643835616
3512,3512,8,39.45205479452055
3513,3513,9,24.10958904109589
3514,3514,10,17.534246575342465
3515,3515,11,15.342465753424655
3516,3516,12,15.342465753424655
3517,3517,13,15.342465753424655
3518,3518,14,17.534246575342465
3519,3519,15,21.91780821917808
3520,3520,16,30.68493150684931
3521,3521,17,39.45205479452055
3522,3522,18,43.83561643835616
3523,3523,19,43.83561643835616
3524,3524,20,39.45205479452055
3525,3525,21,30.68493150684931
3526,3526,22,19.726027397260275
3527,3527,23,10.95890410958904
3528,3528,0,6.575342465753424
3529,3529,1,4.383561643835616
3530,3530,2,4.383561643835616
3531,3531,3,4.383561643835616
3532,3532,4,6.575342465753424
3533,3533,5,17.534246575342465
3534,3534,6,35.06849315068493
3535,3535,7,43.83561643835616
3536,3536,8,39.45205479452055
3537,3537,9,24.10958904109589
3538,3538,10,17.534246575342465
3539,3539,11,15.342465753424655
3540,3540,12,15.342465753424655
3541,3541,13,15.342465753424655
3542,3542,14,17.534246575342465
3543,3543,15,21.91780821917808
3544,3544,16,30.68493150684931
3545,3545,17,39.45205479452055
3546,3546,18,43.83561643835616
3547,3547,19,43.83561643835616
3548,3548,20,39.45205479452055
3549,3549,21,30.68493150684931
3550,3550,22,19.726027397260275
3551,3551,23,10.95890410958904
3552,3552,0,6.575342465753424
3553,3553,1,4.383561643835616
3554,3554,2,4.383561643835616
3555,3555,3,4.383561643835616
3556,3556,4,6.575342465753424
3557,3557,5,17.534246575342465
3558,3558,6,35.06849315068493
3559,3559,7,43.83561643835616
3560,3560,8,39.45205479452055
3561,3561,9,24.10958904109589
3562,3562,10,17.534246575342465
3563,3563,11,15.342465753424655
3564,3564,12,15.342465753424655
3565,3565,13,15.342465753424655
3566,3566,14,17.534246575342465
3567,3567,15,21.91780821917808
3568,3568,16,30.68493150684931
3569,3569,17,39.45205479452055
3570,3570,18,43.83561643835616
3571,3571,19,43.83561643835616
3572,3572,20,39.45205479452055
3573,3573,21,30.68493150684931
3574,3574,22,19.726027397260275
3575,3575,23,10.95890410958904
3576,3576,0,6.575342465753424
3577,3577,1,4.383561643835616
3578,3578,2,4.383561643835616
3579,3579,3,4.383561643835616
3580,3580,4,6.575342465753424
3581,3581,5,17.534246575342465
3582,3582,6,35.06849315068493
3583,3583,7,43.83561643835616
3584,3584,8,39.45205479452055
3585,3585,9,24.10958904109589
3586,3586,10,17.534246575342465
3587,3587,11,15.342465753424655
3588,3588,12,15.342465753424655
3589,3589,13,15.342465753424655
3590,3590,14,17.534246575342465
3591,3591,15,21.91780821917808
3592,3592,16,30.68493150684931
3593,3593,17,39.45205479452055
3594,3594,18,43.83561643835616
3595,3595,19,43.83561643835616
3596,3596,20,39.45205479452055
3597,3597,21,30.68493150684931
3598,3598,22,19.726027397260275
3599,3599,23,10.95890410958904
3600,3600,0,6.575342465753424
3601,3601,1,4.383561643835616
3602,3602,2,4.383561643835616
3603,3603,3,4.383561643835616
3604,3604,4,6.575342465753424
3605,3605,5,17.534246575342465
3606,3606,6,35.06849315068493
3607,3607,7,43.83561643835616
3608,3608,8,39.45205479452055
3609,3609,9,24.10958904109589
3610,3610,10,17.534246575342465
3611,3611,11,15.342465753424655
3612,3612,12,15.342465753424655
3613,3613,13,15.342465753424655
3614,3614,14,17.534246575342465
3615,3615,15,21.91780821917808
3616,3616,16,30.68493150684931
3617,3617,17,39.45205479452055
3618,3618,18,43.83561643835616
3619,3619,19,43.83561643835616
3620,3620,20,39.45205479452055
3621,3621,21,30.68493150684931
3622,3622,22,19.726027397260275
3623,3623,23,10.95890410958904
3624,3624,0,6.575342465753424
3625,3625,1,4.383561643835616
3626,3626,2,4.383561643835616
3627,3627,3,4.383561643835616
3628,3628,4,6.575342465753424
3629,3629,5,17.534246575342465
3630,3630,6,35.06849315068493
3631,3631,7,43.83561643835616
3632,3632,8,39.45205479452055
3633,3633,9,24.10958904109589
3634,3634,10,17.534246575342465
3635,3635,11,15.342465753424655
3636,3636,12,15.342465753424655
3637,3637,13,15.342465753424655
3638,3638,14,17.534246575342465
3639,3639,15,21.91780821917808
3640,3640,16,30.68493150684931
3641,3641,17,39.45205479452055
3642,3642,18,43.83561643835616
3643,3643,19,43.83561643835616
3644,3644,20,39.45205479452055
3645,3645,21,30.68493150684931
3646,3646,22,19.726027397260275
3647,3647,23,10.95890410958904
3648,3648,0,6.575342465753424
3649,3649,1,4.383561643835616
3650,3650,2,4.383561643835616
3651,3651,3,4.383561643835616
3652,3652,4,6.575342465753424
3653,3653,5,17.534246575342465
3654,3654,6,35.06849315068493
3655,3655,7,43.83561643835616
3656,3656,8,39.45205479452055
3657,3657,9,24.10958904109589
3658,3658,10,17.534246575342465
3659,3659,11,15.342465753424655
3660,3660,12,15.342465753424655
3661,3661,13,15.342465753424655
3662,3662,14,17.534246575342465
3663,3663,15,21.91780821917808
3664,3664,16,30.68493150684931
3665,3665,17,39.45205479452055
3666,3666,18,43.83561643835616
3667,3667,19,43.83561643835616
3668,3668,20,39.45205479452055
3669,3669,21,30.68493150684931
3670,3670,22,19.726027397260275
3671,3671,23,10.95890410958904
3672,3672,0,6.575342465753424
3673,3673,1,4.383561643835616
3674,3674,2,4.383561643835616
3675,3675,3,4.383561643835616
3676,3676,4,6.575342465753424
3677,3677,5,17.534246575342465
3678,3678,6,35.06849315068493
3679,3679,7,43.83561643835616
3680,3680,8,39.45205479452055
3681,3681,9,24.10958904109589
3682,3682,10,17.534246575342465
3683,3683,11,15.342465753424655
3684,3684,12,15.342465753424655
3685,3685,13,15.342465753424655
3686,3686,14,17.534246575342465
3687,3687,15,21.91780821917808
3688,3688,16,30.68493150684931
3689,3689,17,39.45205479452055
3690,3690,18,43.83561643835616
3691,3691,19,43.83561643835616
3692,3692,20,39.45205479452055
3693,3693,21,30.68493150684931
3694,3694,22,19.726027397260275
3695,3695,23,10.95890410958904
3696,3696,0,6.575342465753424
3697,3697,1,4.383561643835616
3698,3698,2,4.383561643835616
3699,3699,3,4.383561643835616
3700,3700,4,6.575342465753424
3701,3701,5,17.534246575342465
3702,3702,6,35.06849315068493
3703,3703,7,43.83561643835616
3704,3704,8,39.45205479452055
3705,3705,9,24.10958904109589
3706,3706,10,17.534246575342465
3707,3707,11,15.342465753424655
3708,3708,12,15.342465753424655
3709,3709,13,15.342465753424655
3710,3710,14,17.534246575342465
3711,3711,15,21.91780821917808
3712,3712,16,30.68493150684931
3713,3713,17,39.45205479452055
3714,3714,18,43.83561643835616
3715,3715,19,43.83561643835616
3716,3716,20,39.45205479452055
3717,3717,21,30.68493150684931
3718,3718,22,19.726027397260275
3719,3719,23,10.95890410958904
3720,3720,0,6.575342465753424
3721,3721,1,4.383561643835616
3722,3722,2,4.383561643835616
3723,3723,3,4.383561643835616
3724,3724,4,6.575342465753424
3725,3725,5,17.534246575342465
3726,3726,6,35.06849315068493
3727,3727,7,43.83561643835616
3728,3728,8,39.45205479452055
3729,3729,9,24.10958904109589
3730,3730,10,17.534246575342465
3731,3731,11,15.342465753424655
3732,3732,12,15.342465753424655
3733,3733,13,15.342465753424655
3734,3734,14,17.534246575342465
3735,3735,15,21.91780821917808
3736,3736,16,30.68493150684931
3737,3737,17,39.45205479452055
3738,3738,18,43.83561643835616
3739,3739,19,43.83561643835616
3740,3740,20,39.45205479452055
3741,3741,21,30.68493150684931
3742,3742,22,19.726027397260275
3743,3743,23,10.95890410958904
3744,3744,0,6.575342465753424
3745,3745,1,4.383561643835616
3746,3746,2,4.383561643835616
3747,3747,3,4.383561643835616
3748,3748,4,6.575342465753424
3749,3749,5,17.534246575342465
3750,3750,6,35.06849315068493
3751,3751,7,43.83561643835616
3752,3752,8,39.45205479452055
3753,3753,9,24.10958904109589
3754,3754,10,17.534246575342465
3755,3755,11,15.342465753424655
3756,3756,12,15.342465753424655
3757,3757,13,15.342465753424655
3758,3758,14,17.534246575342465
3759,3759,15,21.91780821917808
3760,3760,16,30.68493150684931
3761,3761,17,39.45205479452055
3762,3762,18,43.83561643835616
3763,3763,19,43.83561643835616
3764,3764,20,39.45205479452055
3765,3765,21,30.68493150684931
3766,3766,22,19.726027397260275
3767,3767,23,10.95890410958904
3768,3768,0,6.575342465753424
3769,3769,1,4.383561643835616
3770,3770,2,4.383561643835616
3771,3771,3,4.383561643835616
3772,3772,4,6.575342465753424
3773,3773,5,17.534246575342465
3774,3774,6,35.06849315068493
3775,3775,7,43.83561643835616
3776,3776,8,39.45205479452055
3777,3777,9,24.10958904109589
3778,3778,10,17.534246575342465
3779,3779,11,15.342465753424655
3780,3780,12,15.342465753424655
3781,3781,13,15.342465753424655
3782,3782,14,17.534246575342465
3783,3783,15,21.91780821917808
3784,3784,16,30.68493150684931
3785,3785,17,39.45205479452055
3786,3786,18,43.83561643835616
3787,3787,19,43.83561643835616
3788,3788,20,39.45205479452055
3789,3789,21,30.68493150684931
3790,3790,22,19.726027397260275
3791,3791,23,10.95890410958904
3792,3792,0,6.575342465753424
3793,3793,1,4.383561643835616
3794,3794,2,4.383561643835616
3795,3795,3,4.383561643835616
3796,3796,4,6.575342465753424
3797,3797,5,17.534246575342465
3798,3798,6,35.06849315068493
3799,3799,7,43.83561643835616
3800,3800,8,39.45205479452055
3801,3801,9,24.10958904109589
3802,3802,10,17.534246575342465
3803,3803,11,15.342465753424655
3804,3804,12,15.342465753424655
3805,3805,13,15.342465753424655
3806,3806,14,17.534246575342465
3807,3807,15,21.91780821917808
3808,3808,16,30.68493150684931
3809,3809,17,39.45205479452055
3810,3810,18,43.83561643835616
3811,3811,19,43.83561643835616
3812,3812,20,39.45205479452055
3813,3813,21,30.68493150684931
3814,3814,22,19.726027397260275
3815,3815,23,10.95890410958904
3816,3816,0,6.575342465753424
3817,3817,1,4.383561643835616
3818,3818,2,4.383561643835616
3819,3819,3,4.383561643835616
3820,3820,4,6.575342465753424
3821,3821,5,17.534246575342465
3822,3822,6,35.06849315068493
3823,3823,7,43.83561643835616
3824,3824,8,39.45205479452055
3825,3825,9,24.10958904109589
3826,3826,10,17.534246575342465
3827,3827,11,15.342465753424655
3828,3828,12,15.342465753424655
3829,3829,13,15.342465753424655
3830,3830,14,17.534246575342465
3831,3831,15,21.91780821917808
3832,3832,16,30.68493150684931
3833,3833,17,39.45205479452055
3834,3834,18,43.83561643835616
3835,3835,19,43.83561643835616
3836,3836,20,39.45205479452055
3837,3837,21,30.68493150684931
3838,3838,22,19.726027397260275
3839,3839,23,10.95890410958904
3840,3840,0,6.575342465753424
3841,3841,1,4.383561643835616
3842,3842,2,4.383561643835616
3843,3843,3,4.383561643835616
3844,3844,4,6.575342465753424
3845,3845,5,17.534246575342465
3846,3846,6,35.06849315068493
3847,3847,7,43.83561643835616
3848,3848,8,39.45205479452055
3849,3849,9,24.10958904109589
3850,3850,10,17.534246575342465
3851,3851,11,15.342465753424655
3852,3852,12,15.342465753424655
3853,3853,13,15.342465753424655
3854,3854,14,17.534246575342465
3855,3855,15,21.91780821917808
3856,3856,16,30.68493150684931
3857,3857,17,39.45205479452055
3858,3858,18,43.83561643835616
3859,3859,19,43.83561643835616
3860,3860,20,39.45205479452055
3861,3861,21,30.68493150684931
3862,3862,22,19.726027397260275
3863,3863,23,10.95890410958904
3864,3864,0,6.575342465753424
3865,3865,1,4.383561643835616
3866,3866,2,4.383561643835616
3867,3867,3,4.383561643835616
3868,3868,4,6.575342465753424
3869,3869,5,17.534246575342465
3870,3870,6,35.06849315068493
3871,3871,7,43.83561643835616
3872,3872,8,39.45205479452055
3873,3873,9,24.10958904109589
3874,3874,10,17.534246575342465
3875,3875,11,15.342465753424655
3876,3876,12,15.342465753424655
3877,3877,13,15.342465753424655
3878,3878,14,17.534246575342465
3879,3879,15,21.91780821917808
3880,3880,16,30.68493150684931
3881,3881,17,39.45205479452055
3882,3882,18,43.83561643835616
3883,3883,19,43.83561643835616
3884,3884,20,39.45205479452055
3885,3885,21,30.68493150684931
3886,3886,22,19.726027397260275
3887,3887,23,10.95890410958904
3888,3888,0,6.575342465753424
3889,3889,1,4.383561643835616
3890,3890,2,4.383561643835616
3891,3891,3,4.383561643835616
3892,3892,4,6.575342465753424
3893,3893,5,17.534246575342465
3894,3894,6,35.06849315068493
3895,3895,7,43.83561643835616
3896,3896,8,39.45205479452055
3897,3897,9,24.10958904109589
3898,3898,10,17.534246575342465
3899,3899,11,15.342465753424655
3900,3900,12,15.342465753424655
3901,3901,13,15.342465753424655
3902,3902,14,17.534246575342465
3903,3903,15,21.91780821917808
3904,3904,16,30.68493150684931
3905,3905,17,39.45205479452055
3906,3906,18,43.83561643835616
3907,3907,19,43.83561643835616
3908,3908,20,39.45205479452055
3909,3909,21,30.68493150684931
3910,3910,22,19.726027397260275
3911,3911,23,10.95890410958904
3912,3912,0,6.575342465753424
3913,3913,1,4.383561643835616
3914,3914,2,4.383561643835616
3915,3915,3,4.383561643835616
3916,3916,4,6.575342465753424
3917,3917,5,17.534246575342465
3918,3918,6,35.06849315068493
3919,3919,7,43.83561643835616
3920,3920,8,39.45205479452055
3921,3921,9,24.10958904109589
3922,3922,10,17.534246575342465
3923,3923,11,15.342465753424655
3924,3924,12,15.342465753424655
3925,3925,13,15.342465753424655
3926,3926,14,17.534246575342465
3927,3927,15,21.91780821917808
3928,3928,16,30.68493150684931
3929,3929,17,39.45205479452055
3930,3930,18,43.83561643835616
3931,3931,19,43.83561643835616
3932,3932,20,39.45205479452055
3933,3933,21,30.68493150684931
3934,3934,22,19.726027397260275
3935,3935,23,10.95890410958904
3936,3936,0,6.575342465753424
3937,3937,1,4.383561643835616
3938,3938,2,4.383561643835616
3939,3939,3,4.383561643835616
3940,3940,4,6.575342465753424
3941,3941,5,17.534246575342465
3942,3942,6,35.06849315068493
3943,3943,7,43.83561643835616
3944,3944,8,39.45205479452055
3945,3945,9,24.10958904109589
3946,3946,10,17.534246575342465
3947,3947,11,15.342465753424655
3948,3948,12,15.342465753424655
3949,3949,13,15.342465753424655
3950,3950,14,17.534246575342465
3951,3951,15,21.91780821917808
3952,3952,16,30.68493150684931
3953,3953,17,39.45205479452055
3954,3954,18,43.83561643835616
3955,3955,19,43.83561643835616
3956,3956,20,39.45205479452055
3957,3957,21,30.68493150684931
3958,3958,22,19.726027397260275
3959,3959,23,10.95890410958904
3960,3960,0,6.575342465753424
3961,3961,1,4.383561643835616
3962,3962,2,4.383561643835616
3963,3963,3,4.383561643835616
3964,3964,4,6.575342465753424
3965,3965,5,17.534246575342465
3966,3966,6,35.06849315068493
3967,3967,7,43.83561643835616
3968,3968,8,39.45205479452055
3969,3969,9,24.10958904109589
3970,3970,10,17.534246575342465
3971,3971,11,15.342465753424655
3972,3972,12,15.342465753424655
3973,3973,13,15.342465753424655
3974,3974,14,17.534246575342465
3975,3975,15,21.91780821917808
3976,3976,16,30.68493150684931
3977,3977,17,39.45205479452055
3978,3978,18,43.83561643835616
3979,3979,19,43.83561643835616
3980,3980,20,39.45205479452055
3981,3981,21,30.68493150684931
3982,3982,22,19.726027397260275
3983,3983,23,10.95890410958904
3984,3984,0,6.575342465753424
3985,3985,1,4.383561643835616
3986,3986,2,4.383561643835616
3987,3987,3,4.383561643835616
3988,3988,4,6.575342465753424
3989,3989,5,17.534246575342465
3990,3990,6,35.06849315068493
3991,3991,7,43.83561643835616
3992,3992,8,39.45205479452055
3993,3993,9,24.10958904109589
3994,3994,10,17.534246575342465
3995,3995,11,15.342465753424655
3996,3996,12,15.342465753424655
3997,3997,13,15.342465753424655
3998,3998,14,17.534246575342465
3999,3999,15,21.91780821917808
4000,4000,16,30.68493150684931
4001,4001,17,39.45205479452055
4002,4002,18,43.83561643835616
4003,4003,19,43.83561643835616
4004,4004,20,39.45205479452055
4005,4005,21,30.68493150684931
4006,4006,22,19.726027397260275
4007,4007,23,10.95890410958904
4008,4008,0,6.575342465753424
4009,4009,1,4.383561643835616
4010,4010,2,4.383561643835616
4011,4011,3,4.383561643835616
4012,4012,4,6.575342465753424
4013,4013,5,17.534246575342465
4014,4014,6,35.06849315068493
4015,4015,7,43.83561643835616
4016,4016,8,39.45205479452055
4017,4017,9,24.10958904109589
4018,4018,10,17.534246575342465
4019,4019,11,15.342465753424655
4020,4020,12,15.342465753424655
4021,4021,13,15.342465753424655
4022,4022,14,17.534246575342465
4023,4023,15,21.91780821917808
4024,4024,16,30.68493150684931
4025,4025,17,39.45205479452055
4026,4026,18,43.83561643835616
4027,4027,19,43.83561643835616
4028,4028,20,39.45205479452055
4029,4029,21,30.68493150684931
4030,4030,22,19.726027397260275
4031,4031,23,10.95890410958904
4032,4032,0,6.575342465753424
4033,4033,1,4.383561643835616
4034,4034,2,4.383561643835616
4035,4035,3,4.383561643835616
4036,4036,4,6.575342465753424
4037,4037,5,17.534246575342465
4038,4038,6,35.06849315068493
4039,4039,7,43.83561643835616
4040,4040,8,39.45205479452055
4041,4041,9,24.10958904109589
4042,4042,10,17.534246575342465
4043,4043,11,15.342465753424655
4044,4044,12,15.342465753424655
4045,4045,13,15.342465753424655
4046,4046,14,17.534246575342465
4047,4047,15,21.91780821917808
4048,4048,16,30.68493150684931
4049,4049,17,39.45205479452055
4050,4050,18,43.83561643835616
4051,4051,19,43.83561643835616
4052,4052,20,39.45205479452055
4053,4053,21,30.68493150684931
4054,4054,22,19.726027397260275
4055,4055,23,10.95890410958904
4056,4056,0,6.575342465753424
4057,4057,1,4.383561643835616
4058,4058,2,4.383561643835616
4059,4059,3,4.383561643835616
4060,4060,4,6.575342465753424
4061,4061,5,17.534246575342465
4062,4062,6,35.06849315068493
4063,4063,7,43.83561643835616
4064,4064,8,39.45205479452055
4065,4065,9,24.10958904109589
4066,4066,10,17.534246575342465
4067,4067,11,15.342465753424655
4068,4068,12,15.342465753424655
4069,4069,13,15.342465753424655
4070,4070,14,17.534246575342465
4071,4071,15,21.91780821917808
4072,4072,16,30.68493150684931
4073,4073,17,39.45205479452055
4074,4074,18,43.83561643835616
4075,4075,19,43.83561643835616
4076,4076,20,39.45205479452055
4077,4077,21,30.68493150684931
4078,4078,22,19.726027397260275
4079,4079,23,10.95890410958904
4080,4080,0,6.575342465753424
4081,4081,1,4.383561643835616
4082,4082,2,4.383561643835616
4083,4083,3,4.383561643835616
4084,4084,4,6.575342465753424
4085,4085,5,17.534246575342465
4086,4086,6,35.06849315068493
4087,4087,7,43.83561643835616
4088,4088,8,39.45205479452055
4089,4089,9,24.10958904109589
4090,4090,10,17.534246575342465
4091,4091,11,15.342465753424655
4092,4092,12,15.342465753424655
4093,4093,13,15.342465753424655
4094,4094,14,17.534246575342465
4095,4095,15,21.91780821917808
4096,4096,16,30.68493150684931
4097,4097,17,39.45205479452055
4098,4098,18,43.83561643835616
4099,4099,19,43.83561643835616
4100,4100,20,39.45205479452055
4101,4101,21,30.68493150684931
4102,4102,22,19.726027397260275
4103,4103,23,10.95890410958904
4104,4104,0,6.575342465753424
4105,4105,1,4.383561643835616
4106,4106,2,4.383561643835616
4107,4107,3,4.383561643835616
4108,4108,4,6.575342465753424
4109,4109,5,17.534246575342465
4110,4110,6,35.06849315068493
4111,4111,7,43.83561643835616
4112,4112,8,39.45205479452055
4113,4113,9,24.10958904109589
4114,4114,10,17.534246575342465
4115,4115,11,15.342465753424655
4116,4116,12,15.342465753424655
4117,4117,13,15.342465753424655
4118,4118,14,17.534246575342465
4119,4119,15,21.91780821917808
4120,4120,16,30.68493150684931
4121,4121,17,39.45205479452055
4122,4122,18,43.83561643835616
4123,4123,19,43.83561643835616
4124,4124,20,39.45205479452055
4125,4125,21,30.68493150684931
4126,4126,22,19.726027397260275
4127,4127,23,10.95890410958904
4128,4128,0,6.575342465753424
4129,4129,1,4.383561643835616
4130,4130,2,4.383561643835616
4131,4131,3,4.383561643835616
4132,4132,4,6.575342465753424
4133,4133,5,17.534246575342465
4134,4134,6,35.06849315068493
4135,4135,7,43.83561643835616
4136,4136,8,39.45205479452055
4137,4137,9,24.10958904109589
4138,4138,10,17.534246575342465
4139,4139,11,15.342465753424655
4140,4140,12,15.342465753424655
4141,4141,13,15.342465753424655
4142,4142,14,17.534246575342465
4143,4143,15,21.91780821917808
4144,4144,16,30.68493150684931
4145,4145,17,39.45205479452055
4146,4146,18,43.83561643835616
4147,4147,19,43.83561643835616
4148,4148,20,39.45205479452055
4149,4149,21,30.68493150684931
4150,4150,22,19.726027397260275
4151,4151,23,10.95890410958904
4152,4152,0,6.575342465753424
4153,4153,1,4.383561643835616
4154,4154,2,4.383561643835616
4155,4155,3,4.383561643835616
4156,4156,4,6.575342465753424
4157,4157,5,17.534246575342465
4158,4158,6,35.06849315068493
4159,4159,7,43.83561643835616
4160,4160,8,39.45205479452055
4161,4161,9,24.10958904109589
4162,4162,10,17.534246575342465
4163,4163,11,15.342465753424655
4164,4164,12,15.342465753424655
4165,4165,13,15.342465753424655
4166,4166,14,17.534246575342465
4167,4167,15,21.91780821917808
4168,4168,16,30.68493150684931
4169,4169,17,39.45205479452055
4170,4170,18,43.83561643835616
4171,4171,19,43.83561643835616
4172,4172,20,39.45205479452055
4173,4173,21,30.68493150684931
4174,4174,22,19.726027397260275
4175,4175,23,10.95890410958904
4176,4176,0,6.575342465753424
4177,4177,1,4.383561643835616
4178,4178,2,4.383561643835616
4179,4179,3,4.383561643835616
4180,4180,4,6.575342465753424
4181,4181,5,17.534246575342465
4182,4182,6,35.06849315068493
4183,4183,7,43.83561643835616
4184,4184,8,39.45205479452055
4185,4185,9,24.10958904109589
4186,4186,10,17.534246575342465
4187,4187,11,15.342465753424655
4188,4188,12,15.342465753424655
4189,4189,13,15.342465753424655
4190,4190,14,17.534246575342465
4191,4191,15,21.91780821917808
4192,4192,16,30.68493150684931
4193,4193,17,39.45205479452055
4194,4194,18,43.83561643835616
4195,4195,19,43.83561643835616
4196,4196,20,39.45205479452055
4197,4197,21,30.68493150684931
4198,4198,22,19.726027397260275
4199,4199,23,10.95890410958904
4200,4200,0,6.575342465753424
4201,4201,1,4.383561643835616
4202,4202,2,4.383561643835616
4203,4203,3,4.383561643835616
4204,4204,4,6.575342465753424
4205,4205,5,17.534246575342465
4206,4206,6,35.06849315068493
4207,4207,7,43.83561643835616
4208,4208,8,39.45205479452055
4209,4209,9,24.10958904109589
4210,4210,10,17.534246575342465
4211,4211,11,15.342465753424655
4212,4212,12,15.342465753424655
4213,4213,13,15.342465753424655
4214,4214,14,17.534246575342465
4215,4215,15,21.91780821917808
4216,4216,16,30.68493150684931
4217,4217,17,39.45205479452055
4218,4218,18,43.83561643835616
4219,4219,19,43.83561643835616
4220,4220,20,39.45205479452055
4221,4221,21,30.68493150684931
4222,4222,22,19.726027397260275
4223,4223,23,10.95890410958904
4224,4224,0,6.575342465753424
4225,4225,1,4.383561643835616
4226,4226,2,4.383561643835616
4227,4227,3,4.383561643835616
4228,4228,4,6.575342465753424
4229,4229,5,17.534246575342465
4230,4230,6,35.06849315068493
4231,4231,7,43.83561643835616
4232,4232,8,39.45205479452055
4233,4233,9,24.10958904109589
4234,4234,10,17.534246575342465
4235,4235,11,15.342465753424655
4236,4236,12,15.342465753424655
4237,4237,13,15.342465753424655
4238,4238,14,17.534246575342465
4239,4239,15,21.91780821917808
4240,4240,16,30.68493150684931
4241,4241,17,39.45205479452055
4242,4242,18,43.83561643835616
4243,4243,19,43.83561643835616
4244,4244,20,39.45205479452055
4245,4245,21,30.68493150684931
4246,4246,22,19.726027397260275
4247,4247,23,10.95890410958904
4248,4248,0,6.575342465753424
4249,4249,1,4.383561643835616
4250,4250,2,4.383561643835616
4251,4251,3,4.383561643835616
4252,4252,4,6.575342465753424
4253,4253,5,17.534246575342465
4254,4254,6,35.06849315068493
4255,4255,7,43.83561643835616
4256,4256,8,39.45205479452055
4257,4257,9,24.10958904109589
4258,4258,10,17.534246575342465
4259,4259,11,15.342465753424655
4260,4260,12,15.342465753424655
4261,4261,13,15.342465753424655
4262,4262,14,17.534246575342465
4263,4263,15,21.91780821917808
4264,4264,16,30.68493150684931
4265,4265,17,39.45205479452055
4266,4266,18,43.83561643835616
4267,4267,19,43.83561643835616
4268,4268,20,39.45205479452055
4269,4269,21,30.68493150684931
4270,4270,22,19.726027397260275
4271,4271,23,10.95890410958904
4272,4272,0,6.575342465753424
4273,4273,1,4.383561643835616
4274,4274,2,4.383561643835616
4275,4275,3,4.383561643835616
4276,4276,4,6.575342465753424
4277,4277,5,17.534246575342465
4278,4278,6,35.06849315068493
4279,4279,7,43.83561643835616
4280,4280,8,39.45205479452055
4281,4281,9,24.10958904109589
4282,4282,10,17.534246575342465
4283,4283,11,15.342465753424655
4284,4284,12,15.342465753424655
4285,4285,13,15.342465753424655
4286,4286,14,17.534246575342465
4287,4287,15,21.91780821917808
4288,4288,16,30.68493150684931
4289,4289,17,39.45205479452055
4290,4290,18,43.83561643835616
4291,4291,19,43.83561643835616
4292,4292,20,39.45205479452055
4293,4293,21,30.68493150684931
4294,4294,22,19.726027397260275
4295,4295,23,10.95890410958904
4296,4296,0,6.575342465753424
4297,4297,1,4.383561643835616
4298,4298,2,4.383561643835616
4299,4299,3,4.383561643835616
4300,4300,4,6.575342465753424
4301,4301,5,17.534246575342465
4302,4302,6,35.06849315068493
4303,4303,7,43.83561643835616
4304,4304,8,39.45205479452055
4305,4305,9,24.10958904109589
4306,4306,10,17.534246575342465
4307,4307,11,15.342465753424655
4308,4308,12,15.342465753424655
4309,4309,13,15.342465753424655
4310,4310,14,17.534246575342465
4311,4311,15,21.91780821917808
4312,4312,16,30.68493150684931
4313,4313,17,39.45205479452055
4314,4314,18,43.83561643835616
4315,4315,19,43.83561643835616
4316,4316,20,39.45205479452055
4317,4317,21,30.68493150684931
4318,4318,22,19.726027397260275
4319,4319,23,10.95890410958904
4320,4320,0,6.575342465753424
4321,4321,1,4.383561643835616
4322,4322,2,4.383561643835616
4323,4323,3,4.383561643835616
4324,4324,4,6.575342465753424
4325,4325,5,17.534246575342465
4326,4326,6,35.06849315068493
4327,4327,7,43.83561643835616
4328,4328,8,39.45205479452055
4329,4329,9,24.10958904109589
4330,4330,10,17.534246575342465
4331,4331,11,15.342465753424655
4332,4332,12,15.342465753424655
4333,4333,13,15.342465753424655
4334,4334,14,17.534246575342465
4335,4335,15,21.91780821917808
4336,4336,16,30.68493150684931
4337,4337,17,39.45205479452055
4338,4338,18,43.83561643835616
4339,4339,19,43.83561643835616
4340,4340,20,39.45205479452055
4341,4341,21,30.68493150684931
4342,4342,22,19.726027397260275
4343,4343,23,10.95890410958904
4344,4344,0,6.575342465753424
4345,4345,1,4.383561643835616
4346,4346,2,4.383561643835616
4347,4347,3,4.383561643835616
4348,4348,4,6.575342465753424
4349,4349,5,17.534246575342465
4350,4350,6,35.06849315068493
4351,4351,7,43.83561643835616
4352,4352,8,39.45205479452055
4353,4353,9,24.10958904109589
4354,4354,10,17.534246575342465
4355,4355,11,15.342465753424655
4356,4356,12,15.342465753424655
4357,4357,13,15.342465753424655
4358,4358,14,17.534246575342465
4359,4359,15,21.91780821917808
4360,4360,16,30.68493150684931
4361,4361,17,39.45205479452055
4362,4362,18,43.83561643835616
4363,4363,19,43.83561643835616
4364,4364,20,39.45205479452055
4365,4365,21,30.68493150684931
4366,4366,22,19.726027397260275
4367,4367,23,10.95890410958904
4368,4368,0,6.575342465753424
4369,4369,1,4.383561643835616
4370,4370,2,4.383561643835616
4371,4371,3,4.383561643835616
4372,4372,4,6.575342465753424
4373,4373,5,17.534246575342465
4374,4374,6,35.06849315068493
4375,4375,7,43.83561643835616
4376,4376,8,39.45205479452055
4377,4377,9,24.10958904109589
4378,4378,10,17.534246575342465
4379,4379,11,15.342465753424655
4380,4380,12,15.342465753424655
4381,4381,13,15.342465753424655
4382,4382,14,17.534246575342465
4383,4383,15,21.91780821917808
4384,4384,16,30.68493150684931
4385,4385,17,39.45205479452055
4386,4386,18,43.83561643835616
4387,4387,19,43.83561643835616
4388,4388,20,39.45205479452055
4389,4389,21,30.68493150684931
4390,4390,22,19.726027397260275
4391,4391,23,10.95890410958904
4392,4392,0,6.575342465753424
4393,4393,1,4.383561643835616
4394,4394,2,4.383561643835616
4395,4395,3,4.383561643835616
4396,4396,4,6.575342465753424
4397,4397,5,17.534246575342465
4398,4398,6,35.06849315068493
4399,4399,7,43.83561643835616
4400,4400,8,39.45205479452055
4401,4401,9,24.10958904109589
4402,4402,10,17.534246575342465
4403,4403,11,15.342465753424655
4404,4404,12,15.342465753424655
4405,4405,13,15.342465753424655
4406,4406,14,17.534246575342465
4407,4407,15,21.91780821917808
4408,4408,16,30.68493150684931
4409,4409,17,39.45205479452055
4410,4410,18,43.83561643835616
4411,4411,19,43.83561643835616
4412,4412,20,39.45205479452055
4413,4413,21,30.68493150684931
4414,4414,22,19.726027397260275
4415,4415,23,10.95890410958904
4416,4416,0,6.575342465753424
4417,4417,1,4.383561643835616
4418,4418,2,4.383561643835616
4419,4419,3,4.383561643835616
4420,4420,4,6.575342465753424
4421,4421,5,17.534246575342465
4422,4422,6,35.06849315068493
4423,4423,7,43.83561643835616
4424,4424,8,39.45205479452055
4425,4425,9,24.10958904109589
4426,4426,10,17.534246575342465
4427,4427,11,15.342465753424655
4428,4428,12,15.342465753424655
4429,4429,13,15.342465753424655
4430,4430,14,17.534246575342465
4431,4431,15,21.91780821917808
4432,4432,16,30.68493150684931
4433,4433,17,39.45205479452055
4434,4434,18,43.83561643835616
4435,4435,19,43.83561643835616
4436,4436,20,39.45205479452055
4437,4437,21,30.68493150684931
4438,4438,22,19.726027397260275
4439,4439,23,10.95890410958904
4440,4440,0,6.575342465753424
4441,4441,1,4.383561643835616
4442,4442,2,4.383561643835616
4443,4443,3,4.383561643835616
4444,4444,4,6.575342465753424
4445,4445,5,17.534246575342465
4446,4446,6,35.06849315068493
4447,4447,7,43.83561643835616
4448,4448,8,39.45205479452055
4449,4449,9,24.10958904109589
4450,4450,10,17.534246575342465
4451,4451,11,15.342465753424655
4452,4452,12,15.342465753424655
4453,4453,13,15.342465753424655
4454,4454,14,17.534246575342465
4455,4455,15,21.91780821917808
4456,4456,16,30.68493150684931
4457,4457,17,39.45205479452055
4458,4458,18,43.83561643835616
4459,4459,19,43.83561643835616
4460,4460,20,39.45205479452055
4461,4461,21,30.68493150684931
4462,4462,22,19.726027397260275
4463,4463,23,10.95890410958904
4464,4464,0,6.575342465753424
4465,4465,1,4.383561643835616
4466,4466,2,4.383561643835616
4467,4467,3,4.383561643835616
4468,4468,4,6.575342465753424
4469,4469,5,17.534246575342465
4470,4470,6,35.06849315068493
4471,4471,7,43.83561643835616
4472,4472,8,39.45205479452055
4473,4473,9,24.10958904109589
4474,4474,10,17.534246575342465
4475,4475,11,15.342465753424655
4476,4476,12,15.342465753424655
4477,4477,13,15.342465753424655
4478,4478,14,17.534246575342465
4479,4479,15,21.91780821917808
4480,4480,16,30.68493150684931
4481,4481,17,39.45205479452055
4482,4482,18,43.83561643835616
4483,4483,19,43.83561643835616
4484,4484,20,39.45205479452055
4485,4485,21,30.68493150684931
4486,4486,22,19.726027397260275
4487,4487,23,10.95890410958904
4488,4488,0,6.575342465753424
4489,4489,1,4.383561643835616
4490,4490,2,4.383561643835616
4491,4491,3,4.383561643835616
4492,4492,4,6.575342465753424
4493,4493,5,17.534246575342465
4494,4494,6,35.06849315068493
4495,4495,7,43.83561643835616
4496,4496,8,39.45205479452055
4497,4497,9,24.10958904109589
4498,4498,10,17.534246575342465
4499,4499,11,15.342465753424655
4500,4500,12,15.342465753424655
4501,4501,13,15.342465753424655
4502,4502,14,17.534246575342465
4503,4503,15,21.91780821917808
4504,4504,16,30.68493150684931
4505,4505,17,39.45205479452055
4506,4506,18,43.83561643835616
4507,4507,19,43.83561643835616
4508,4508,20,39.45205479452055
4509,4509,21,30.68493150684931
4510,4510,22,19.726027397260275
4511,4511,23,10.95890410958904
4512,4512,0,6.575342465753424
4513,4513,1,4.383561643835616
4514,4514,2,4.383561643835616
4515,4515,3,4.383561643835616
4516,4516,4,6.575342465753424
4517,4517,5,17.534246575342465
4518,4518,6,35.06849315068493
4519,4519,7,43.83561643835616
4520,4520,8,39.45205479452055
4521,4521,9,24.10958904109589
4522,4522,10,17.534246575342465
4523,4523,11,15.342465753424655
4524,4524,12,15.342465753424655
4525,4525,13,15.342465753424655
4526,4526,14,17.534246575342465
4527,4527,15,21.91780821917808
4528,4528,16,30.68493150684931
4529,4529,17,39.45205479452055
4530,4530,18,43.83561643835616
4531,4531,19,43.83561643835616
4532,4532,20,39.45205479452055
4533,4533,21,30.68493150684931
4534,4534,22,19.726027397260275
4535,4535,23,10.95890410958904
4536,4536,0,6.575342465753424
4537,4537,1,4.383561643835616
4538,4538,2,4.383561643835616
4539,4539,3,4.383561643835616
4540,4540,4,6.575342465753424
4541,4541,5,17.534246575342465
4542,4542,6,35.06849315068493
4543,4543,7,43.83561643835616
4544,4544,8,39.45205479452055
4545,4545,9,24.10958904109589
4546,4546,10,17.534246575342465
4547,4547,11,15.342465753424655
4548,4548,12,15.342465753424655
4549,4549,13,15.342465753424655
4550,4550,14,17.534246575342465
4551,4551,15,21.91780821917808
4552,4552,16,30.68493150684931
4553,4553,17,39.45205479452055
4554,4554,18,43.83561643835616
4555,4555,19,43.83561643835616
4556,4556,20,39.45205479452055
4557,4557,21,30.68493150684931
4558,4558,22,19.726027397260275
4559,4559,23,10.95890410958904
4560,4560,0,6.575342465753424
4561,4561,1,4.383561643835616
4562,4562,2,4.383561643835616
4563,4563,3,4.383561643835616
4564,4564,4,6.575342465753424
4565,4565,5,17.534246575342465
4566,4566,6,35.06849315068493
4567,4567,7,43.83561643835616
4568,4568,8,39.45205479452055
4569,4569,9,24.10958904109589
4570,4570,10,17.534246575342465
4571,4571,11,15.342465753424655
4572,4572,12,15.342465753424655
4573,4573,13,15.342465753424655
4574,4574,14,17.534246575342465
4575,4575,15,21.91780821917808
4576,4576,16,30.68493150684931
4577,4577,17,39.45205479452055
4578,4578,18,43.83561643835616
4579,4579,19,43.83561643835616
4580,4580,20,39.45205479452055
4581,4581,21,30.68493150684931
4582,4582,22,19.726027397260275
4583,4583,23,10.95890410958904
4584,4584,0,6.575342465753424
4585,4585,1,4.383561643835616
4586,4586,2,4.383561643835616
4587,4587,3,4.383561643835616
4588,4588,4,6.575342465753424
4589,4589,5,17.534246575342465
4590,4590,6,35.06849315068493
4591,4591,7,43.83561643835616
4592,4592,8,39.45205479452055
4593,4593,9,24.10958904109589
4594,4594,10,17.534246575342465
4595,4595,11,15.342465753424655
4596,4596,12,15.342465753424655
4597,4597,13,15.342465753424655
4598,4598,14,17.534246575342465
4599,4599,15,21.91780821917808
4600,4600,16,30.68493150684931
4601,4601,17,39.45205479452055
4602,4602,18,43.83561643835616
4603,4603,19,43.83561643835616
4604,4604,20,39.45205479452055
4605,4605,21,30.68493150684931
4606,4606,22,19.726027397260275
4607,4607,23,10.95890410958904
4608,4608,0,6.575342465753424
4609,4609,1,4.383561643835616
4610,4610,2,4.383561643835616
4611,4611,3,4.383561643835616
4612,4612,4,6.575342465753424
4613,4613,5,17.534246575342465
4614,4614,6,35.06849315068493
4615,4615,7,43.83561643835616
4616,4616,8,39.45205479452055
4617,4617,9,24.10958904109589
4618,4618,10,17.534246575342465
4619,4619,11,15.342465753424655
4620,4620,12,15.342465753424655
4621,4621,13,15.342465753424655
4622,4622,14,17.534246575342465
4623,4623,15,21.91780821917808
4624,4624,16,30.68493150684931
4625,4625,17,39.45205479452055
4626,4626,18,43.83561643835616
4627,4627,19,43.83561643835616
4628,4628,20,39.45205479452055
4629,4629,21,30.68493150684931
4630,4630,22,19.726027397260275
4631,4631,23,10.95890410958904
4632,4632,0,6.575342465753424
4633,4633,1,4.383561643835616
4634,4634,2,4.383561643835616
4635,4635,3,4.383561643835616
4636,4636,4,6.575342465753424
4637,4637,5,17.534246575342465
4638,4638,6,35.06849315068493
4639,4639,7,43.83561643835616
4640,4640,8,39.45205479452055
4641,4641,9,24.10958904109589
4642,4642,10,17.534246575342465
4643,4643,11,15.342465753424655
4644,4644,12,15.342465753424655
4645,4645,13,15.342465753424655
4646,4646,14,17.534246575342465
4647,4647,15,21.91780821917808
4648,4648,16,30.68493150684931
4649,4649,17,39.45205479452055
4650,4650,18,43.83561643835616
4651,4651,19,43.83561643835616
4652,4652,20,39.45205479452055
4653,4653,21,30.68493150684931
4654,4654,22,19.726027397260275
4655,4655,23,10.95890410958904
4656,4656,0,6.575342465753424
4657,4657,1,4.383561643835616
4658,4658,2,4.383561643835616
4659,4659,3,4.383561643835616
4660,4660,4,6.575342465753424
4661,4661,5,17.534246575342465
4662,4662,6,35.06849315068493
4663,4663,7,43.83561643835616
4664,4664,8,39.45205479452055
4665,4665,9,24.10958904109589
4666,4666,10,17.534246575342465
4667,4667,11,15.342465753424655
4668,4668,12,15.342465753424655
4669,4669,13,15.342465753424655
4670,4670,14,17.534246575342465
4671,4671,15,21.91780821917808
4672,4672,16,30.68493150684931
4673,4673,17,39.45205479452055
4674,4674,18,43.83561643835616
4675,4675,19,43.83561643835616
4676,4676,20,39.45205479452055
4677,4677,21,30.68493150684931
4678,4678,22,19.726027397260275
4679,4679,23,10.95890410958904
4680,4680,0,6.575342465753424
4681,4681,1,4.383561643835616
4682,4682,2,4.383561643835616
4683,4683,3,4.383561643835616
4684,4684,4,6.575342465753424
4685,4685,5,17.534246575342465
4686,4686,6,35.06849315068493
4687,4687,7,43.83561643835616
4688,4688,8,39.45205479452055
4689,4689,9,24.10958904109589
4690,4690,10,17.534246575342465
4691,4691,11,15.342465753424655
4692,4692,12,15.342465753424655
4693,4693,13,15.342465753424655
4694,4694,14,17.534246575342465
4695,4695,15,21.91780821917808
4696,4696,16,30.68493150684931
4697,4697,17,39.45205479452055
4698,4698,18,43.83561643835616
4699,4699,19,43.83561643835616
4700,4700,20,39.45205479452055
4701,4701,21,30.68493150684931
4702,4702,22,19.726027397260275
4703,4703,23,10.95890410958904
4704,4704,0,6.575342465753424
4705,4705,1,4.383561643835616
4706,4706,2,4.383561643835616
4707,4707,3,4.383561643835616
4708,4708,4,6.575342465753424
4709,4709,5,17.534246575342465
4710,4710,6,35.06849315068493
4711,4711,7,43.83561643835616
4712,4712,8,39.45205479452055
4713,4713,9,24.10958904109589
4714,4714,10,17.534246575342465
4715,4715,11,15.342465753424655
4716,4716,12,15.342465753424655
4717,4717,13,15.342465753424655
4718,4718,14,17.534246575342465
4719,4719,15,21.91780821917808
4720,4720,16,30.68493150684931
4721,4721,17,39.45205479452055
4722,4722,18,43.83561643835616
4723,4723,19,43.83561643835616
4724,4724,20,39.45205479452055
4725,4725,21,30.68493150684931
4726,4726,22,19.726027397260275
4727,4727,23,10.95890410958904
4728,4728,0,6.575342465753424
4729,4729,1,4.383561643835616
4730,4730,2,4.383561643835616
4731,4731,3,4.383561643835616
4732,4732,4,6.575342465753424
4733,4733,5,17.534246575342465
4734,4734,6,35.06849315068493
4735,4735,7,43.83561643835616
4736,4736,8,39.45205479452055
4737,4737,9,24.10958904109589
4738,4738,10,17.534246575342465
4739,4739,11,15.342465753424655
4740,4740,12,15.342465753424655
4741,4741,13,15.342465753424655
4742,4742,14,17.534246575342465
4743,4743,15,21.91780821917808
4744,4744,16,30.68493150684931
4745,4745,17,39.45205479452055
4746,4746,18,43.83561643835616
4747,4747,19,43.83561643835616
4748,4748,20,39.45205479452055
4749,4749,21,30.68493150684931
4750,4750,22,19.726027397260275
4751,4751,23,10.95890410958904
4752,4752,0,6.575342465753424
4753,4753,1,4.383561643835616
4754,4754,2,4.383561643835616
4755,4755,3,4.383561643835616
4756,4756,4,6.575342465753424
4757,4757,5,17.534246575342465
4758,4758,6,35.06849315068493
4759,4759,7,43.83561643835616
4760,4760,8,39.45205479452055
4761,4761,9,24.10958904109589
4762,4762,10,17.534246575342465
4763,4763,11,15.342465753424655
4764,4764,12,15.342465753424655
4765,4765,13,15.342465753424655
4766,4766,14,17.534246575342465
4767,4767,15,21.91780821917808
4768,4768,16,30.68493150684931
4769,4769,17,39.45205479452055
4770,4770,18,43.83561643835616
4771,4771,19,43.83561643835616
4772,4772,20,39.45205479452055
4773,4773,21,30.68493150684931
4774,4774,22,19.726027397260275
4775,4775,23,10.95890410958904
4776,4776,0,6.575342465753424
4777,4777,1,4.383561643835616
4778,4778,2,4.383561643835616
4779,4779,3,4.383561643835616
4780,4780,4,6.575342465753424
4781,4781,5,17.534246575342465
4782,4782,6,35.06849315068493
4783,4783,7,43.83561643835616
4784,4784,8,39.45205479452055
4785,4785,9,24.10958904109589
4786,4786,10,17.534246575342465
4787,4787,11,15.342465753424655
4788,4788,12,15.342465753424655
4789,4789,13,15.342465753424655
4790,4790,14,17.534246575342465
4791,4791,15,21.91780821917808
4792,4792,16,30.68493150684931
4793,4793,17,39.45205479452055
4794,4794,18,43.83561643835616
4795,4795,19,43.83561643835616
4796,4796,20,39.45205479452055
4797,4797,21,30.68493150684931
4798,4798,22,19.726027397260275
4799,4799,23,10.95890410958904
4800,4800,0,6.575342465753424
4801,4801,1,4.383561643835616
4802,4802,2,4.383561643835616
4803,4803,3,4.383561643835616
4804,4804,4,6.575342465753424
4805,4805,5,17.534246575342465
4806,4806,6,35.06849315068493
4807,4807,7,43.83561643835616
4808,4808,8,39.45205479452055
4809,4809,9,24.10958904109589
4810,4810,10,17.534246575342465
4811,4811,11,15.342465753424655
4812,4812,12,15.342465753424655
4813,4813,13,15.342465753424655
4814,4814,14,17.534246575342465
4815,4815,15,21.91780821917808
4816,4816,16,30.68493150684931
4817,4817,17,39.45205479452055
4818,4818,18,43.83561643835616
4819,4819,19,43.83561643835616
4820,4820,20,39.45205479452055
4821,4821,21,30.68493150684931
4822,4822,22,19.726027397260275
4823,4823,23,10.95890410958904
4824,4824,0,6.575342465753424
4825,4825,1,4.383561643835616
4826,4826,2,4.383561643835616
4827,4827,3,4.383561643835616
4828,4828,4,6.575342465753424
4829,4829,5,17.534246575342465
4830,4830,6,35.06849315068493
4831,4831,7,43.83561643835616
4832,4832,8,39.45205479452055
4833,4833,9,24.10958904109589
4834,4834,10,17.534246575342465
4835,4835,11,15.342465753424655
4836,4836,12,15.342465753424655
4837,4837,13,15.342465753424655
4838,4838,14,17.534246575342465
4839,4839,15,21.91780821917808
4840,4840,16,30.68493150684931
4841,4841,17,39.45205479452055
4842,4842,18,43.83561643835616
4843,4843,19,43.83561643835616
4844,4844,20,39.45205479452055
4845,4845,21,30.68493150684931
4846,4846,22,19.726027397260275
4847,4847,23,10.95890410958904
4848,4848,0,6.575342465753424
4849,4849,1,4.383561643835616
4850,4850,2,4.383561643835616
4851,4851,3,4.383561643835616
4852,4852,4,6.575342465753424
4853,4853,5,17.534246575342465
4854,4854,6,35.06849315068493
4855,4855,7,43.83561643835616
4856,4856,8,39.45205479452055
4857,4857,9,24.10958904109589
4858,4858,10,17.534246575342465
4859,4859,11,15.342465753424655
4860,4860,12,15.342465753424655
4861,4861,13,15.342465753424655
4862,4862,14,17.534246575342465
4863,4863,15,21.91780821917808
4864,4864,16,30.68493150684931
4865,4865,17,39.45205479452055
4866,4866,18,43.83561643835616
4867,4867,19,43.83561643835616
4868,4868,20,39.45205479452055
4869,4869,21,30.68493150684931
4870,4870,22,19.726027397260275
4871,4871,23,10.95890410958904
4872,4872,0,6.575342465753424
4873,4873,1,4.383561643835616
4874,4874,2,4.383561643835616
4875,4875,3,4.383561643835616
4876,4876,4,6.575342465753424
4877,4877,5,17.534246575342465
4878,4878,6,35.06849315068493
4879,4879,7,43.83561643835616
4880,4880,8,39.45205479452055
4881,4881,9,24.10958904109589
4882,4882,10,17.534246575342465
4883,4883,11,15.342465753424655
4884,4884,12,15.342465753424655
4885,4885,13,15.342465753424655
4886,4886,14,17.534246575342465
4887,4887,15,21.91780821917808
4888,4888,16,30.68493150684931
4889,4889,17,39.45205479452055
4890,4890,18,43.83561643835616
4891,4891,19,43.83561643835616
4892,4892,20,39.45205479452055
4893,4893,21,30.68493150684931
4894,4894,22,19.726027397260275
4895,4895,23,10.95890410958904
4896,4896,0,6.575342465753424
4897,4897,1,4.383561643835616
4898,4898,2,4.383561643835616
4899,4899,3,4.383561643835616
4900,4900,4,6.575342465753424
4901,4901,5,17.534246575342465
4902,4902,6,35.06849315068493
4903,4903,7,43.83561643835616
4904,4904,8,39.45205479452055
4905,4905,9,24.10958904109589
4906,4906,10,17.534246575342465
4907,4907,11,15.342465753424655
4908,4908,12,15.342465753424655
4909,4909,13,15.342465753424655
4910,4910,14,17.534246575342465
4911,4911,15,21.91780821917808
4912,4912,16,30.68493150684931
4913,4913,17,39.45205479452055
4914,4914,18,43.83561643835616
4915,4915,19,43.83561643835616
4916,4916,20,39.45205479452055
4917,4917,21,30.68493150684931
4918,4918,22,19.726027397260275
4919,4919,23,10.95890410958904
4920,4920,0,6.575342465753424
4921,4921,1,4.383561643835616
4922,4922,2,4.383561643835616
4923,4923,3,4.383561643835616
4924,4924,4,6.575342465753424
4925,4925,5,17.534246575342465
4926,4926,6,35.06849315068493
4927,4927,7,43.83561643835616
4928,4928,8,39.45205479452055
4929,4929,9,24.10958904109589
4930,4930,10,17.534246575342465
4931,4931,11,15.342465753424655
4932,4932,12,15.342465753424655
4933,4933,13,15.342465753424655
4934,4934,14,17.534246575342465
4935,4935,15,21.91780821917808
4936,4936,16,30.68493150684931
4937,4937,17,39.45205479452055
4938,4938,18,43.83561643835616
4939,4939,19,43.83561643835616
4940,4940,20,39.45205479452055
4941,4941,21,30.68493150684931
4942,4942,22,19.726027397260275
4943,4943,23,10.95890410958904
4944,4944,0,6.575342465753424
4945,4945,1,4.383561643835616
4946,4946,2,4.383561643835616
4947,4947,3,4.383561643835616
4948,4948,4,6.575342465753424
4949,4949,5,17.534246575342465
4950,4950,6,35.06849315068493
4951,4951,7,43.83561643835616
4952,4952,8,39.45205479452055
4953,4953,9,24.10958904109589
4954,4954,10,17.534246575342465
4955,4955,11,15.342465753424655
4956,4956,12,15.342465753424655
4957,4957,13,15.342465753424655
4958,4958,14,17.534246575342465
4959,4959,15,21.91780821917808
4960,4960,16,30.68493150684931
4961,4961,17,39.45205479452055
4962,4962,18,43.83561643835616
4963,4963,19,43.83561643835616
4964,4964,20,39.45205479452055
4965,4965,21,30.68493150684931
4966,4966,22,19.726027397260275
4967,4967,23,10.95890410958904
4968,4968,0,6.575342465753424
4969,4969,1,4.383561643835616
4970,4970,2,4.383561643835616
4971,4971,3,4.383561643835616
4972,4972,4,6.575342465753424
4973,4973,5,17.534246575342465
4974,4974,6,35.06849315068493
4975,4975,7,43.83561643835616
4976,4976,8,39.45205479452055
4977,4977,9,24.10958904109589
4978,4978,10,17.534246575342465
4979,4979,11,15.342465753424655
4980,4980,12,15.342465753424655
4981,4981,13,15.342465753424655
4982,4982,14,17.534246575342465
4983,4983,15,21.91780821917808
4984,4984,16,30.68493150684931
4985,4985,17,39.45205479452055
4986,4986,18,43.83561643835616
4987,4987,19,43.83561643835616
4988,4988,20,39.45205479452055
4989,4989,21,30.68493150684931
4990,4990,22,19.726027397260275
4991,4991,23,10.95890410958904
4992,4992,0,6.575342465753424
4993,4993,1,4.383561643835616
4994,4994,2,4.383561643835616
4995,4995,3,4.383561643835616
4996,4996,4,6.575342465753424
4997,4997,5,17.534246575342465
4998,4998,6,35.06849315068493
4999,4999,7,43.83561643835616
5000,5000,8,39.45205479452055
5001,5001,9,24.10958904109589
5002,5002,10,17.534246575342465
5003,5003,11,15.342465753424655
5004,5004,12,15.342465753424655
5005,5005,13,15.342465753424655
5006,5006,14,17.534246575342465
5007,5007,15,21.91780821917808
5008,5008,16,30.68493150684931
5009,5009,17,39.45205479452055
5010,5010,18,43.83561643835616
5011,5011,19,43.83561643835616
5012,5012,20,39.45205479452055
5013,5013,21,30.68493150684931
5014,5014,22,19.726027397260275
5015,5015,23,10.95890410958904
5016,5016,0,6.575342465753424
5017,5017,1,4.383561643835616
5018,5018,2,4.383561643835616
5019,5019,3,4.383561643835616
5020,5020,4,6.575342465753424
5021,5021,5,17.534246575342465
5022,5022,6,35.06849315068493
5023,5023,7,43.83561643835616
5024,5024,8,39.45205479452055
5025,5025,9,24.10958904109589
5026,5026,10,17.534246575342465
5027,5027,11,15.342465753424655
5028,5028,12,15.342465753424655
5029,5029,13,15.342465753424655
5030,5030,14,17.534246575342465
5031,5031,15,21.91780821917808
5032,5032,16,30.68493150684931
5033,5033,17,39.45205479452055
5034,5034,18,43.83561643835616
5035,5035,19,43.83561643835616
5036,5036,20,39.45205479452055
5037,5037,21,30.68493150684931
5038,5038,22,19.726027397260275
5039,5039,23,10.95890410958904
5040,5040,0,6.575342465753424
5041,5041,1,4.383561643835616
5042,5042,2,4.383561643835616
5043,5043,3,4.383561643835616
5044,5044,4,6.575342465753424
5045,5045,5,17.534246575342465
5046,5046,6,35.06849315068493
5047,5047,7,43.83561643835616
5048,5048,8,39.45205479452055
5049,5049,9,24.10958904109589
5050,5050,10,17.534246575342465
5051,5051,11,15.342465753424655
5052,5052,12,15.342465753424655
5053,5053,13,15.342465753424655
5054,5054,14,17.534246575342465
5055,5055,15,21.91780821917808
5056,5056,16,30.68493150684931
5057,5057,17,39.45205479452055
5058,5058,18,43.83561643835616
5059,5059,19,43.83561643835616
5060,5060,20,39.45205479452055
5061,5061,21,30.68493150684931
5062,5062,22,19.726027397260275
5063,5063,23,10.95890410958904
5064,5064,0,6.575342465753424
5065,5065,1,4.383561643835616
5066,5066,2,4.383561643835616
5067,5067,3,4.383561643835616
5068,5068,4,6.575342465753424
5069,5069,5,17.534246575342465
5070,5070,6,35.06849315068493
5071,5071,7,43.83561643835616
5072,5072,8,39.45205479452055
5073,5073,9,24.10958904109589
5074,5074,10,17.534246575342465
5075,5075,11,15.342465753424655
5076,5076,12,15.342465753424655
5077,5077,13,15.342465753424655
5078,5078,14,17.534246575342465
5079,5079,15,21.91780821917808
5080,5080,16,30.68493150684931
5081,5081,17,39.45205479452055
5082,5082,18,43.83561643835616
5083,5083,19,43.83561643835616
5084,5084,20,39.45205479452055
5085,5085,21,30.68493150684931
5086,5086,22,19.726027397260275
5087,5087,23,10.95890410958904
5088,5088,0,6.575342465753424
5089,5089,1,4.383561643835616
5090,5090,2,4.383561643835616
5091,5091,3,4.383561643835616
5092,5092,4,6.575342465753424
5093,5093,5,17.534246575342465
5094,5094,6,35.06849315068493
5095,5095,7,43.83561643835616
5096,5096,8,39.45205479452055
5097,5097,9,24.10958904109589
5098,5098,10,17.534246575342465
5099,5099,11,15.342465753424655
5100,5100,12,15.342465753424655
5101,5101,13,15.342465753424655
5102,5102,14,17.534246575342465
5103,5103,15,21.91780821917808
5104,5104,16,30.68493150684931
5105,5105,17,39.45205479452055
5106,5106,18,43.83561643835616
5107,5107,19,43.83561643835616
5108,5108,20,39.45205479452055
5109,5109,21,30.68493150684931
5110,5110,22,19.726027397260275
5111,5111,23,10.95890410958904
5112,5112,0,6.575342465753424
5113,5113,1,4.383561643835616
5114,5114,2,4.383561643835616
5115,5115,3,4.383561643835616
5116,5116,4,6.575342465753424
5117,5117,5,17.534246575342465
5118,5118,6,35.06849315068493
5119,5119,7,43.83561643835616
5120,5120,8,39.45205479452055
5121,5121,9,24.10958904109589
5122,5122,10,17.534246575342465
5123,5123,11,15.342465753424655
5124,5124,12,15.342465753424655
5125,5125,13,15.342465753424655
5126,5126,14,17.534246575342465
5127,5127,15,21.91780821917808
5128,5128,16,30.68493150684931
5129,5129,17,39.45205479452055
5130,5130,18,43.83561643835616
5131,5131,19,43.83561643835616
5132,5132,20,39.45205479452055
5133,5133,21,30.68493150684931
5134,5134,22,19.726027397260275
5135,5135,23,10.95890410958904
5136,5136,0,6.575342465753424
5137,5137,1,4.383561643835616
5138,5138,2,4.383561643835616
5139,5139,3,4.383561643835616
5140,5140,4,6.575342465753424
5141,5141,5,17.534246575342465
5142,5142,6,35.06849315068493
5143,5143,7,43.83561643835616
5144,5144,8,39.45205479452055
5145,5145,9,24.10958904109589
5146,5146,10,17.534246575342465
5147,5147,11,15.342465753424655
5148,5148,12,15.342465753424655
5149,5149,13,15.342465753424655
5150,5150,14,17.534246575342465
5151,5151,15,21.91780821917808
5152,5152,16,30.68493150684931
5153,5153,17,39.45205479452055
5154,5154,18,43.83561643835616
5155,5155,19,43.83561643835616
5156,5156,20,39.45205479452055
5157,5157,21,30.68493150684931
5158,5158,22,19.726027397260275
5159,5159,23,10.95890410958904
5160,5160,0,6.575342465753424
5161,5161,1,4.383561643835616
5162,5162,2,4.383561643835616
5163,5163,3,4.383561643835616
5164,5164,4,6.575342465753424
5165,5165,5,17.534246575342465
5166,5166,6,35.06849315068493
5167,5167,7,43.83561643835616
5168,5168,8,39.45205479452055
5169,5169,9,24.10958904109589
5170,5170,10,17.534246575342465
5171,5171,11,15.342465753424655
5172,5172,12,15.342465753424655
5173,5173,13,15.342465753424655
5174,5174,14,17.534246575342465
5175,5175,15,21.91780821917808
5176,5176,16,30.68493150684931
5177,5177,17,39.45205479452055
5178,5178,18,43.83561643835616
5179,5179,19,43.83561643835616
5180,5180,20,39.45205479452055
5181,5181,21,30.68493150684931
5182,5182,22,19.726027397260275
5183,5183,23,10.95890410958904
5184,5184,0,6.575342465753424
5185,5185,1,4.383561643835616
5186,5186,2,4.383561643835616
5187,5187,3,4.383561643835616
5188,5188,4,6.575342465753424
5189,5189,5,17.534246575342465
5190,5190,6,35.06849315068493
5191,5191,7,43.83561643835616
5192,5192,8,39.45205479452055
5193,5193,9,24.10958904109589
5194,5194,10,17.534246575342465
5195,5195,11,15.342465753424655
5196,5196,12,15.342465753424655
5197,5197,13,15.342465753424655
5198,5198,14,17.534246575342465
5199,5199,15,21.91780821917808
5200,5200,16,30.68493150684931
5201,5201,17,39.45205479452055
5202,5202,18,43.83561643835616
5203,5203,19,43.83561643835616
5204,5204,20,39.45205479452055
5205,5205,21,30.68493150684931
5206,5206,22,19.726027397260275
5207,5207,23,10.95890410958904
5208,5208,0,6.575342465753424
5209,5209,1,4.383561643835616
5210,5210,2,4.383561643835616
5211,5211,3,4.383561643835616
5212,5212,4,6.575342465753424
5213,5213,5,17.534246575342465
5214,5214,6,35.06849315068493
5215,5215,7,43.83561643835616
5216,5216,8,39.45205479452055
5217,5217,9,24.10958904109589
5218,5218,10,17.534246575342465
5219,5219,11,15.342465753424655
5220,5220,12,15.342465753424655
5221,5221,13,15.342465753424655
5222,5222,14,17.534246575342465
5223,5223,15,21.91780821917808
5224,5224,16,30.68493150684931
5225,5225,17,39.45205479452055
5226,5226,18,43.83561643835616
5227,5227,19,43.83561643835616
5228,5228,20,39.45205479452055
5229,5229,21,30.68493150684931
5230,5230,22,19.726027397260275
5231,5231,23,10.95890410958904
5232,5232,0,6.575342465753424
5233,5233,1,4.383561643835616
5234,5234,2,4.383561643835616
5235,5235,3,4.383561643835616
5236,5236,4,6.575342465753424
5237,5237,5,17.534246575342465
5238,5238,6,35.06849315068493
5239,5239,7,43.83561643835616
5240,5240,8,39.45205479452055
5241,5241,9,24.10958904109589
5242,5242,10,17.534246575342465
5243,5243,11,15.342465753424655
5244,5244,12,15.342465753424655
5245,5245,13,15.342465753424655
5246,5246,14,17.534246575342465
5247,5247,15,21.91780821917808
5248,5248,16,30.68493150684931
5249,5249,17,39.45205479452055
5250,5250,18,43.83561643835616
5251,5251,19,43.83561643835616
5252,5252,20,39.45205479452055
5253,5253,21,30.68493150684931
5254,5254,22,19.726027397260275
5255,5255,23,10.95890410958904
5256,5256,0,6.575342465753424
5257,5257,1,4.383561643835616
5258,5258,2,4.383561643835616
5259,5259,3,4.383561643835616
5260,5260,4,6.575342465753424
5261,5261,5,17.534246575342465
5262,5262,6,35.06849315068493
5263,5263,7,43.83561643835616
5264,5264,8,39.45205479452055
5265,5265,9,24.10958904109589
5266,5266,10,17.534246575342465
5267,5267,11,15.342465753424655
5268,5268,12,15.342465753424655
5269,5269,13,15.342465753424655
5270,5270,14,17.534246575342465
5271,5271,15,21.91780821917808
5272,5272,16,30.68493150684931
5273,5273,17,39.45205479452055
5274,5274,18,43.83561643835616
5275,5275,19,43.83561643835616
5276,5276,20,39.45205479452055
5277,5277,21,30.68493150684931
5278,5278,22,19.726027397260275
5279,5279,23,10.95890410958904
5280,5280,0,6.575342465753424
5281,5281,1,4.383561643835616
5282,5282,2,4.383561643835616
5283,5283,3,4.383561643835616
5284,5284,4,6.575342465753424
5285,5285,5,17.534246575342465
5286,5286,6,35.06849315068493
5287,5287,7,43.83561643835616
5288,5288,8,39.45205479452055
5289,5289,9,24.10958904109589
5290,5290,10,17.534246575342465
5291,5291,11,15.342465753424655
5292,5292,12,15.342465753424655
5293,5293,13,15.342465753424655
5294,5294,14,17.534246575342465
5295,5295,15,21.91780821917808
5296,5296,16,30.68493150684931
5297,5297,17,39.45205479452055
5298,5298,18,43.83561643835616
5299,5299,19,43.83561643835616
5300,5300,20,39.45205479452055
5301,5301,21,30.68493150684931
5302,5302,22,19.726027397260275
5303,5303,23,10.95890410958904
5304,5304,0,6.575342465753424
5305,5305,1,4.383561643835616
5306,5306,2,4.383561643835616
5307,5307,3,4.383561643835616
5308,5308,4,6.575342465753424
5309,5309,5,17.534246575342465
5310,5310,6,35.06849315068493
5311,5311,7,43.83561643835616
5312,5312,8,39.45205479452055
5313,5313,9,24.10958904109589
5314,5314,10,17.534246575342465
5315,5315,11,15.342465753424655
5316,5316,12,15.342465753424655
5317,5317,13,15.342465753424655
5318,5318,14,17.534246575342465
5319,5319,15,21.91780821917808
5320,5320,16,30.68493150684931
5321,5321,17,39.45205479452055
5322,5322,18,43.83561643835616
5323,5323,19,43.83561643835616
5324,5324,20,39.45205479452055
5325,5325,21,30.68493150684931
5326,5326,22,19.726027397260275
5327,5327,23,10.95890410958904
5328,5328,0,6.575342465753424
5329,5329,1,4.383561643835616
5330,5330,2,4.383561643835616
5331,5331,3,4.383561643835616
5332,5332,4,6.575342465753424
5333,5333,5,17.534246575342465
5334,5334,6,35.06849315068493
5335,5335,7,43.83561643835616
5336,5336,8,39.45205479452055
5337,5337,9,24.10958904109589
5338,5338,10,17.534246575342465
5339,5339,11,15.342465753424655
5340,5340,12,15.342465753424655
5341,5341,13,15.342465753424655
5342,5342,14,17.534246575342465
5343,5343,15,21.91780821917808
5344,5344,16,30.68493150684931
5345,5345,17,39.45205479452055
5346,5346,18,43.83561643835616
5347,5347,19,43.83561643835616
5348,5348,20,39.45205479452055
5349,5349,21,30.68493150684931
5350,5350,22,19.726027397260275
5351,5351,23,10.95890410958904
5352,5352,0,6.575342465753424
5353,5353,1,4.383561643835616
5354,5354,2,4.383561643835616
5355,5355,3,4.383561643835616
5356,5356,4,6.575342465753424
5357,5357,5,17.534246575342465
5358,5358,6,35.06849315068493
5359,5359,7,43.83561643835616
5360,5360,8,39.45205479452055
5361,5361,9,24.10958904109589
5362,5362,10,17.534246575342465
5363,5363,11,15.342465753424655
5364,5364,12,15.342465753424655
5365,5365,13,15.342465753424655
5366,5366,14,17.534246575342465
5367,5367,15,21.91780821917808
5368,5368,16,30.68493150684931
5369,5369,17,39.45205479452055
5370,5370,18,43.83561643835616
5371,5371,19,43.83561643835616
5372,5372,20,39.45205479452055
5373,5373,21,30.68493150684931
5374,5374,22,19.726027397260275
5375,5375,23,10.95890410958904
5376,5376,0,6.575342465753424
5377,5377,1,4.383561643835616
5378,5378,2,4.383561643835616
5379,5379,3,4.383561643835616
5380,5380,4,6.575342465753424
5381,5381,5,17.534246575342465
5382,5382,6,35.06849315068493
5383,5383,7,43.83561643835616
5384,5384,8,39.45205479452055
5385,5385,9,24.10958904109589
5386,5386,10,17.534246575342465
5387,5387,11,15.342465753424655
5388,5388,12,15.342465753424655
5389,5389,13,15.342465753424655
5390,5390,14,17.534246575342465
5391,5391,15,21.91780821917808
5392,5392,16,30.68493150684931
5393,5393,17,39.45205479452055
5394,5394,18,43.83561643835616
5395,5395,19,43.83561643835616
5396,5396,20,39.45205479452055
5397,5397,21,30.68493150684931
5398,5398,22,19.726027397260275
5399,5399,23,10.95890410958904
5400,5400,0,6.575342465753424
5401,5401,1,4.383561643835616
5402,5402,2,4.383561643835616
5403,5403,3,4.383561643835616
5404,5404,4,6.575342465753424
5405,5405,5,17.534246575342465
5406,5406,6,35.06849315068493
5407,5407,7,43.83561643835616
5408,5408,8,39.45205479452055
5409,5409,9,24.10958904109589
5410,5410,10,17.534246575342465
5411,5411,11,15.342465753424655
5412,5412,12,15.342465753424655
5413,5413,13,15.342465753424655
5414,5414,14,17.534246575342465
5415,5415,15,21.91780821917808
5416,5416,16,30.68493150684931
5417,5417,17,39.45205479452055
5418,5418,18,43.83561643835616
5419,5419,19,43.83561643835616
5420,5420,20,39.45205479452055
5421,5421,21,30.68493150684931
5422,5422,22,19.726027397260275
5423,5423,23,10.95890410958904
5424,5424,0,6.575342465753424
5425,5425,1,4.383561643835616
5426,5426,2,4.383561643835616
5427,5427,3,4.383561643835616
5428,5428,4,6.575342465753424
5429,5429,5,17.534246575342465
5430,5430,6,35.06849315068493
5431,5431,7,43.83561643835616
5432,5432,8,39.45205479452055
5433,5433,9,24.10958904109589
5434,5434,10,17.534246575342465
5435,5435,11,15.342465753424655
5436,5436,12,15.342465753424655
5437,5437,13,15.342465753424655
5438,5438,14,17.534246575342465
5439,5439,15,21.91780821917808
5440,5440,16,30.68493150684931
5441,5441,17,39.45205479452055
5442,5442,18,43.83561643835616
5443,5443,19,43.83561643835616
5444,5444,20,39.45205479452055
5445,5445,21,30.68493150684931
5446,5446,22,19.726027397260275
5447,5447,23,10.95890410958904
5448,5448,0,6.575342465753424
5449,5449,1,4.383561643835616
5450,5450,2,4.383561643835616
5451,5451,3,4.383561643835616
5452,5452,4,6.575342465753424
5453,5453,5,17.534246575342465
5454,5454,6,35.06849315068493
5455,5455,7,43.83561643835616
5456,5456,8,39.45205479452055
5457,5457,9,24.10958904109589
5458,5458,10,17.534246575342465
5459,5459,11,15.342465753424655
5460,5460,12,15.342465753424655
5461,5461,13,15.342465753424655
5462,5462,14,17.534246575342465
5463,5463,15,21.91780821917808
5464,5464,16,30.68493150684931
5465,5465,17,39.45205479452055
5466,5466,18,43.83561643835616
5467,5467,19,43.83561643835616
5468,5468,20,39.45205479452055
5469,5469,21,30.68493150684931
5470,5470,22,19.726027397260275
5471,5471,23,10.95890410958904
5472,5472,0,6.575342465753424
5473,5473,1,4.383561643835616
5474,5474,2,4.383561643835616
5475,5475,3,4.383561643835616
5476,5476,4,6.575342465753424
5477,5477,5,17.534246575342465
5478,5478,6,35.06849315068493
5479,5479,7,43.83561643835616
5480,5480,8,39.45205479452055
5481,5481,9,24.10958904109589
5482,5482,10,17.534246575342465
5483,5483,11,15.342465753424655
5484,5484,12,15.342465753424655
5485,5485,13,15.342465753424655
5486,5486,14,17.534246575342465
5487,5487,15,21.91780821917808
5488,5488,16,30.68493150684931
5489,5489,17,39.45205479452055
5490,5490,18,43.83561643835616
5491,5491,19,43.83561643835616
5492,5492,20,39.45205479452055
5493,5493,21,30.68493150684931
5494,5494,22,19.726027397260275
5495,5495,23,10.95890410958904
5496,5496,0,6.575342465753424
5497,5497,1,4.383561643835616
5498,5498,2,4.383561643835616
5499,5499,3,4.383561643835616
5500,5500,4,6.575342465753424
5501,5501,5,17.534246575342465
5502,5502,6,35.06849315068493
5503,5503,7,43.83561643835616
5504,5504,8,39.45205479452055
5505,5505,9,24.10958904109589
5506,5506,10,17.534246575342465
5507,5507,11,15.342465753424655
5508,5508,12,15.342465753424655
5509,5509,13,15.342465753424655
5510,5510,14,17.534246575342465
5511,5511,15,21.91780821917808
5512,5512,16,30.68493150684931
5513,5513,17,39.45205479452055
5514,5514,18,43.83561643835616
5515,5515,19,43.83561643835616
5516,5516,20,39.45205479452055
5517,5517,21,30.68493150684931
5518,5518,22,19.726027397260275
5519,5519,23,10.95890410958904
5520,5520,0,6.575342465753424
5521,5521,1,4.383561643835616
5522,5522,2,4.383561643835616
5523,5523,3,4.383561643835616
5524,5524,4,6.575342465753424
5525,5525,5,17.534246575342465
5526,5526,6,35.06849315068493
5527,5527,7,43.83561643835616
5528,5528,8,39.45205479452055
5529,5529,9,24.10958904109589
5530,5530,10,17.534246575342465
5531,5531,11,15.342465753424655
5532,5532,12,15.342465753424655
5533,5533,13,15.342465753424655
5534,5534,14,17.534246575342465
5535,5535,15,21.91780821917808
5536,5536,16,30.68493150684931
5537,5537,17,39.45205479452055
5538,5538,18,43.83561643835616
5539,5539,19,43.83561643835616
5540,5540,20,39.45205479452055
5541,5541,21,30.68493150684931
5542,5542,22,19.726027397260275
5543,5543,23,10.95890410958904
5544,5544,0,6.575342465753424
5545,5545,1,4.383561643835616
5546,5546,2,4.383561643835616
5547,5547,3,4.383561643835616
5548,5548,4,6.575342465753424
5549,5549,5,17.534246575342465
5550,5550,6,35.06849315068493
5551,5551,7,43.83561643835616
5552,5552,8,39.45205479452055
5553,5553,9,24.10958904109589
5554,5554,10,17.534246575342465
5555,5555,11,15.342465753424655
5556,5556,12,15.342465753424655
5557,5557,13,15.342465753424655
5558,5558,14,17.534246575342465
5559,5559,15,21.91780821917808
5560,5560,16,30.68493150684931
5561,5561,17,39.45205479452055
5562,5562,18,43.83561643835616
5563,5563,19,43.83561643835616
5564,5564,20,39.45205479452055
5565,5565,21,30.68493150684931
5566,5566,22,19.726027397260275
5567,5567,23,10.95890410958904
5568,5568,0,6.575342465753424
5569,5569,1,4.383561643835616
5570,5570,2,4.383561643835616
5571,5571,3,4.383561643835616
5572,5572,4,6.575342465753424
5573,5573,5,17.534246575342465
5574,5574,6,35.06849315068493
5575,5575,7,43.83561643835616
5576,5576,8,39.45205479452055
5577,5577,9,24.10958904109589
5578,5578,10,17.534246575342465
5579,5579,11,15.342465753424655
5580,5580,12,15.342465753424655
5581,5581,13,15.342465753424655
5582,5582,14,17.534246575342465
5583,5583,15,21.91780821917808
5584,5584,16,30.68493150684931
5585,5585,17,39.45205479452055
5586,5586,18,43.83561643835616
5587,5587,19,43.83561643835616
5588,5588,20,39.45205479452055
5589,5589,21,30.68493150684931
5590,5590,22,19.726027397260275
5591,5591,23,10.95890410958904
5592,5592,0,6.575342465753424
5593,5593,1,4.383561643835616
5594,5594,2,4.383561643835616
5595,5595,3,4.383561643835616
5596,5596,4,6.575342465753424
5597,5597,5,17.534246575342465
5598,5598,6,35.06849315068493
5599,5599,7,43.83561643835616
5600,5600,8,39.45205479452055
5601,5601,9,24.10958904109589
5602,5602,10,17.534246575342465
5603,5603,11,15.342465753424655
5604,5604,12,15.342465753424655
5605,5605,13,15.342465753424655
5606,5606,14,17.534246575342465
5607,5607,15,21.91780821917808
5608,5608,16,30.68493150684931
5609,5609,17,39.45205479452055
5610,5610,18,43.83561643835616
5611,5611,19,43.83561643835616
5612,5612,20,39.45205479452055
5613,5613,21,30.68493150684931
5614,5614,22,19.726027397260275
5615,5615,23,10.95890410958904
5616,5616,0,6.575342465753424
5617,5617,1,4.383561643835616
5618,5618,2,4.383561643835616
5619,5619,3,4.383561643835616
5620,5620,4,6.575342465753424
5621,5621,5,17.534246575342465
5622,5622,6,35.06849315068493
5623,5623,7,43.83561643835616
5624,5624,8,39.45205479452055
5625,5625,9,24.10958904109589
5626,5626,10,17.534246575342465
5627,5627,11,15.342465753424655
5628,5628,12,15.342465753424655
5629,5629,13,15.342465753424655
5630,5630,14,17.534246575342465
5631,5631,15,21.91780821917808
5632,5632,16,30.68493150684931
5633,5633,17,39.45205479452055
5634,5634,18,43.83561643835616
5635,5635,19,43.83561643835616
5636,5636,20,39.45205479452055
5637,5637,21,30.68493150684931
5638,5638,22,19.726027397260275
5639,5639,23,10.95890410958904
5640,5640,0,6.575342465753424
5641,5641,1,4.383561643835616
5642,5642,2,4.383561643835616
5643,5643,3,4.383561643835616
5644,5644,4,6.575342465753424
5645,5645,5,17.534246575342465
5646,5646,6,35.06849315068493
5647,5647,7,43.83561643835616
5648,5648,8,39.45205479452055
5649,5649,9,24.10958904109589
5650,5650,10,17.534246575342465
5651,5651,11,15.342465753424655
5652,5652,12,15.342465753424655
5653,5653,13,15.342465753424655
5654,5654,14,17.534246575342465
5655,5655,15,21.91780821917808
5656,5656,16,30.68493150684931
5657,5657,17,39.45205479452055
5658,5658,18,43.83561643835616
5659,5659,19,43.83561643835616
5660,5660,20,39.45205479452055
5661,5661,21,30.68493150684931
5662,5662,22,19.726027397260275
5663,5663,23,10.95890410958904
5664,5664,0,6.575342465753424
5665,5665,1,4.383561643835616
5666,5666,2,4.383561643835616
5667,5667,3,4.383561643835616
5668,5668,4,6.575342465753424
5669,5669,5,17.534246575342465
5670,5670,6,35.06849315068493
5671,5671,7,43.83561643835616
5672,5672,8,39.45205479452055
5673,5673,9,24.10958904109589
5674,5674,10,17.534246575342465
5675,5675,11,15.342465753424655
5676,5676,12,15.342465753424655
5677,5677,13,15.342465753424655
5678,5678,14,17.534246575342465
5679,5679,15,21.91780821917808
5680,5680,16,30.68493150684931
5681,5681,17,39.45205479452055
5682,5682,18,43.83561643835616
5683,5683,19,43.83561643835616
5684,5684,20,39.45205479452055
5685,5685,21,30.68493150684931
5686,5686,22,19.726027397260275
5687,5687,23,10.95890410958904
5688,5688,0,6.575342465753424
5689,5689,1,4.383561643835616
5690,5690,2,4.383561643835616
5691,5691,3,4.383561643835616
5692,5692,4,6.575342465753424
5693,5693,5,17.534246575342465
5694,5694,6,35.06849315068493
5695,5695,7,43.83561643835616
5696,5696,8,39.45205479452055
5697,5697,9,24.10958904109589
5698,5698,10,17.534246575342465
5699,5699,11,15.342465753424655
5700,5700,12,15.342465753424655
5701,5701,13,15.342465753424655
5702,5702,14,17.534246575342465
5703,5703,15,21.91780821917808
5704,5704,16,30.68493150684931
5705,5705,17,39.45205479452055
5706,5706,18,43.83561643835616
5707,5707,19,43.83561643835616
5708,5708,20,39.45205479452055
5709,5709,21,30.68493150684931
5710,5710,22,19.726027397260275
5711,5711,23,10.95890410958904
5712,5712,0,6.575342465753424
5713,5713,1,4.383561643835616
5714,5714,2,4.383561643835616
5715,5715,3,4.383561643835616
5716,5716,4,6.575342465753424
5717,5717,5,17.534246575342465
5718,5718,6,35.06849315068493
5719,5719,7,43.83561643835616
5720,5720,8,39.45205479452055
5721,5721,9,24.10958904109589
5722,5722,10,17.534246575342465
5723,5723,11,15.342465753424655
5724,5724,12,15.342465753424655
5725,5725,13,15.342465753424655
5726,5726,14,17.534246575342465
5727,5727,15,21.91780821917808
5728,5728,16,30.68493150684931
5729,5729,17,39.45205479452055
5730,5730,18,43.83561643835616
5731,5731,19,43.83561643835616
5732,5732,20,39.45205479452055
5733,5733,21,30.68493150684931
5734,5734,22,19.726027397260275
5735,5735,23,10.95890410958904
5736,5736,0,6.575342465753424
5737,5737,1,4.383561643835616
5738,5738,2,4.383561643835616
5739,5739,3,4.383561643835616
5740,5740,4,6.575342465753424
5741,5741,5,17.534246575342465
5742,5742,6,35.06849315068493
5743,5743,7,43.83561643835616
5744,5744,8,39.45205479452055
5745,5745,9,24.10958904109589
5746,5746,10,17.534246575342465
5747,5747,11,15.342465753424655
5748,5748,12,15.342465753424655
5749,5749,13,15.342465753424655
5750,5750,14,17.534246575342465
5751,5751,15,21.91780821917808
5752,5752,16,30.68493150684931
5753,5753,17,39.45205479452055
5754,5754,18,43.83561643835616
5755,5755,19,43.83561643835616
5756,5756,20,39.45205479452055
5757,5757,21,30.68493150684931
5758,5758,22,19.726027397260275
5759,5759,23,10.95890410958904
5760,5760,0,6.575342465753424
5761,5761,1,4.383561643835616
5762,5762,2,4.383561643835616
5763,5763,3,4.383561643835616
5764,5764,4,6.575342465753424
5765,5765,5,17.534246575342465
5766,5766,6,35.06849315068493
5767,5767,7,43.83561643835616
5768,5768,8,39.45205479452055
5769,5769,9,24.10958904109589
5770,5770,10,17.534246575342465
5771,5771,11,15.342465753424655
5772,5772,12,15.342465753424655
5773,5773,13,15.342465753424655
5774,5774,14,17.534246575342465
5775,5775,15,21.91780821917808
5776,5776,16,30.68493150684931
5777,5777,17,39.45205479452055
5778,5778,18,43.83561643835616
5779,5779,19,43.83561643835616
5780,5780,20,39.45205479452055
5781,5781,21,30.68493150684931
5782,5782,22,19.726027397260275
5783,5783,23,10.95890410958904
5784,5784,0,6.575342465753424
5785,5785,1,4.383561643835616
5786,5786,2,4.383561643835616
5787,5787,3,4.383561643835616
5788,5788,4,6.575342465753424
5789,5789,5,17.534246575342465
5790,5790,6,35.06849315068493
5791,5791,7,43.83561643835616
5792,5792,8,39.45205479452055
5793,5793,9,24.10958904109589
5794,5794,10,17.534246575342465
5795,5795,11,15.342465753424655
5796,5796,12,15.342465753424655
5797,5797,13,15.342465753424655
5798,5798,14,17.534246575342465
5799,5799,15,21.91780821917808
5800,5800,16,30.68493150684931
5801,5801,17,39.45205479452055
5802,5802,18,43.83561643835616
5803,5803,19,43.83561643835616
5804,5804,20,39.45205479452055
5805,5805,21,30.68493150684931
5806,5806,22,19.726027397260275
5807,5807,23,10.95890410958904
5808,5808,0,6.575342465753424
5809,5809,1,4.383561643835616
5810,5810,2,4.383561643835616
5811,5811,3,4.383561643835616
5812,5812,4,6.575342465753424
5813,5813,5,17.534246575342465
5814,5814,6,35.06849315068493
5815,5815,7,43.83561643835616
5816,5816,8,39.45205479452055
5817,5817,9,24.10958904109589
5818,5818,10,17.534246575342465
5819,5819,11,15.342465753424655
5820,5820,12,15.342465753424655
5821,5821,13,15.342465753424655
5822,5822,14,17.534246575342465
5823,5823,15,21.91780821917808
5824,5824,16,30.68493150684931
5825,5825,17,39.45205479452055
5826,5826,18,43.83561643835616
5827,5827,19,43.83561643835616
5828,5828,20,39.45205479452055
5829,5829,21,30.68493150684931
5830,5830,22,19.726027397260275
5831,5831,23,10.95890410958904
5832,5832,0,6.575342465753424
5833,5833,1,4.383561643835616
5834,5834,2,4.383561643835616
5835,5835,3,4.383561643835616
5836,5836,4,6.575342465753424
5837,5837,5,17.534246575342465
5838,5838,6,35.06849315068493
5839,5839,7,43.83561643835616
5840,5840,8,39.45205479452055
5841,5841,9,24.10958904109589
5842,5842,10,17.534246575342465
5843,5843,11,15.342465753424655
5844,5844,12,15.342465753424655
5845,5845,13,15.342465753424655
5846,5846,14,17.534246575342465
5847,5847,15,21.91780821917808
5848,5848,16,30.68493150684931
5849,5849,17,39.45205479452055
5850,5850,18,43.83561643835616
5851,5851,19,43.83561643835616
5852,5852,20,39.45205479452055
5853,5853,21,30.68493150684931
5854,5854,22,19.726027397260275
5855,5855,23,10.95890410958904
5856,5856,0,6.575342465753424
5857,5857,1,4.383561643835616
5858,5858,2,4.383561643835616
5859,5859,3,4.383561643835616
5860,5860,4,6.575342465753424
5861,5861,5,17.534246575342465
5862,5862,6,35.06849315068493
5863,5863,7,43.83561643835616
5864,5864,8,39.45205479452055
5865,5865,9,24.10958904109589
5866,5866,10,17.534246575342465
5867,5867,11,15.342465753424655
5868,5868,12,15.342465753424655
5869,5869,13,15.342465753424655
5870,5870,14,17.534246575342465
5871,5871,15,21.91780821917808
5872,5872,16,30.68493150684931
5873,5873,17,39.45205479452055
5874,5874,18,43.83561643835616
5875,5875,19,43.83561643835616
5876,5876,20,39.45205479452055
5877,5877,21,30.68493150684931
5878,5878,22,19.726027397260275
5879,5879,23,10.95890410958904
5880,5880,0,6.575342465753424
5881,5881,1,4.383561643835616
5882,5882,2,4.383561643835616
5883,5883,3,4.383561643835616
5884,5884,4,6.575342465753424
5885,5885,5,17.534246575342465
5886,5886,6,35.06849315068493
5887,5887,7,43.83561643835616
5888,5888,8,39.45205479452055
5889,5889,9,24.10958904109589
5890,5890,10,17.534246575342465
5891,5891,11,15.342465753424655
5892,5892,12,15.342465753424655
5893,5893,13,15.342465753424655
5894,5894,14,17.534246575342465
5895,5895,15,21.91780821917808
5896,5896,16,30.68493150684931
5897,5897,17,39.45205479452055
5898,5898,18,43.83561643835616
5899,5899,19,43.83561643835616
5900,5900,20,39.45205479452055
5901,5901,21,30.68493150684931
5902,5902,22,19.726027397260275
5903,5903,23,10.95890410958904
5904,5904,0,6.575342465753424
5905,5905,1,4.383561643835616
5906,5906,2,4.383561643835616
5907,5907,3,4.383561643835616
5908,5908,4,6.575342465753424
5909,5909,5,17.534246575342465
5910,5910,6,35.06849315068493
5911,5911,7,43.83561643835616
5912,5912,8,39.45205479452055
5913,5913,9,24.10958904109589
5914,5914,10,17.534246575342465
5915,5915,11,15.342465753424655
5916,5916,12,15.342465753424655
5917,5917,13,15.342465753424655
5918,5918,14,17.534246575342465
5919,5919,15,21.91780821917808
5920,5920,16,30.68493150684931
5921,5921,17,39.45205479452055
5922,5922,18,43.83561643835616
5923,5923,19,43.83561643835616
5924,5924,20,39.45205479452055
5925,5925,21,30.68493150684931
5926,5926,22,19.726027397260275
5927,5927,23,10.95890410958904
5928,5928,0,6.575342465753424
5929,5929,1,4.383561643835616
5930,5930,2,4.383561643835616
5931,5931,3,4.383561643835616
5932,5932,4,6.575342465753424
5933,5933,5,17.534246575342465
5934,5934,6,35.06849315068493
5935,5935,7,43.83561643835616
5936,5936,8,39.45205479452055
5937,5937,9,24.10958904109589
5938,5938,10,17.534246575342465
5939,5939,11,15.342465753424655
5940,5940,12,15.342465753424655
5941,5941,13,15.342465753424655
5942,5942,14,17.534246575342465
5943,5943,15,21.91780821917808
5944,5944,16,30.68493150684931
5945,5945,17,39.45205479452055
5946,5946,18,43.83561643835616
5947,5947,19,43.83561643835616
5948,5948,20,39.45205479452055
5949,5949,21,30.68493150684931
5950,5950,22,19.726027397260275
5951,5951,23,10.95890410958904
5952,5952,0,6.575342465753424
5953,5953,1,4.383561643835616
5954,5954,2,4.383561643835616
5955,5955,3,4.383561643835616
5956,5956,4,6.575342465753424
5957,5957,5,17.534246575342465
5958,5958,6,35.06849315068493
5959,5959,7,43.83561643835616
5960,5960,8,39.45205479452055
5961,5961,9,24.10958904109589
5962,5962,10,17.534246575342465
5963,5963,11,15.342465753424655
5964,5964,12,15.342465753424655
5965,5965,13,15.342465753424655
5966,5966,14,17.534246575342465
5967,5967,15,21.91780821917808
5968,5968,16,30.68493150684931
5969,5969,17,39.45205479452055
5970,5970,18,43.83561643835616
5971,5971,19,43.83561643835616
5972,5972,20,39.45205479452055
5973,5973,21,30.68493150684931
5974,5974,22,19.726027397260275
5975,5975,23,10.95890410958904
5976,5976,0,6.575342465753424
5977,5977,1,4.383561643835616
5978,5978,2,4.383561643835616
5979,5979,3,4.383561643835616
5980,5980,4,6.575342465753424
5981,5981,5,17.534246575342465
5982,5982,6,35.06849315068493
5983,5983,7,43.83561643835616
5984,5984,8,39.45205479452055
5985,5985,9,24.10958904109589
5986,5986,10,17.534246575342465
5987,5987,11,15.342465753424655
5988,5988,12,15.342465753424655
5989,5989,13,15.342465753424655
5990,5990,14,17.534246575342465
5991,5991,15,21.91780821917808
5992,5992,16,30.68493150684931
5993,5993,17,39.45205479452055
5994,5994,18,43.83561643835616
5995,5995,19,43.83561643835616
5996,5996,20,39.45205479452055
5997,5997,21,30.68493150684931
5998,5998,22,19.726027397260275
5999,5999,23,10.95890410958904
6000,6000,0,6.575342465753424
6001,6001,1,4.383561643835616
6002,6002,2,4.383561643835616
6003,6003,3,4.383561643835616
6004,6004,4,6.575342465753424
6005,6005,5,17.534246575342465
6006,6006,6,35.06849315068493
6007,6007,7,43.83561643835616
6008,6008,8,39.45205479452055
6009,6009,9,24.10958904109589
6010,6010,10,17.534246575342465
6011,6011,11,15.342465753424655
6012,6012,12,15.342465753424655
6013,6013,13,15.342465753424655
6014,6014,14,17.534246575342465
6015,6015,15,21.91780821917808
6016,6016,16,30.68493150684931
6017,6017,17,39.45205479452055
6018,6018,18,43.83561643835616
6019,6019,19,43.83561643835616
6020,6020,20,39.45205479452055
6021,6021,21,30.68493150684931
6022,6022,22,19.726027397260275
6023,6023,23,10.95890410958904
6024,6024,0,6.575342465753424
6025,6025,1,4.383561643835616
6026,6026,2,4.383561643835616
6027,6027,3,4.383561643835616
6028,6028,4,6.575342465753424
6029,6029,5,17.534246575342465
6030,6030,6,35.06849315068493
6031,6031,7,43.83561643835616
6032,6032,8,39.45205479452055
6033,6033,9,24.10958904109589
6034,6034,10,17.534246575342465
6035,6035,11,15.342465753424655
6036,6036,12,15.342465753424655
6037,6037,13,15.342465753424655
6038,6038,14,17.534246575342465
6039,6039,15,21.91780821917808
6040,6040,16,30.68493150684931
6041,6041,17,39.45205479452055
6042,6042,18,43.83561643835616
6043,6043,19,43.83561643835616
6044,6044,20,39.45205479452055
6045,6045,21,30.68493150684931
6046,6046,22,19.726027397260275
6047,6047,23,10.95890410958904
6048,6048,0,6.575342465753424
6049,6049,1,4.383561643835616
6050,6050,2,4.383561643835616
6051,6051,3,4.383561643835616
6052,6052,4,6.575342465753424
6053,6053,5,17.534246575342465
6054,6054,6,35.06849315068493
6055,6055,7,43.83561643835616
6056,6056,8,39.45205479452055
6057,6057,9,24.10958904109589
6058,6058,10,17.534246575342465
6059,6059,11,15.342465753424655
6060,6060,12,15.342465753424655
6061,6061,13,15.342465753424655
6062,6062,14,17.534246575342465
6063,6063,15,21.91780821917808
6064,6064,16,30.68493150684931
6065,6065,17,39.45205479452055
6066,6066,18,43.83561643835616
6067,6067,19,43.83561643835616
6068,6068,20,39.45205479452055
6069,6069,21,30.68493150684931
6070,6070,22,19.726027397260275
6071,6071,23,10.95890410958904
6072,6072,0,6.575342465753424
6073,6073,1,4.383561643835616
6074,6074,2,4.383561643835616
6075,6075,3,4.383561643835616
6076,6076,4,6.575342465753424
6077,6077,5,17.534246575342465
6078,6078,6,35.06849315068493
6079,6079,7,43.83561643835616
6080,6080,8,39.45205479452055
6081,6081,9,24.10958904109589
6082,6082,10,17.534246575342465
6083,6083,11,15.342465753424655
6084,6084,12,15.342465753424655
6085,6085,13,15.342465753424655
6086,6086,14,17.534246575342465
6087,6087,15,21.91780821917808
6088,6088,16,30.68493150684931
6089,6089,17,39.45205479452055
6090,6090,18,43.83561643835616
6091,6091,19,43.83561643835616
6092,6092,20,39.45205479452055
6093,6093,21,30.68493150684931
6094,6094,22,19.726027397260275
6095,6095,23,10.95890410958904
6096,6096,0,6.575342465753424
6097,6097,1,4.383561643835616
6098,6098,2,4.383561643835616
6099,6099,3,4.383561643835616
6100,6100,4,6.575342465753424
6101,6101,5,17.534246575342465
6102,6102,6,35.06849315068493
6103,6103,7,43.83561643835616
6104,6104,8,39.45205479452055
6105,6105,9,24.10958904109589
6106,6106,10,17.534246575342465
6107,6107,11,15.342465753424655
6108,6108,12,15.342465753424655
6109,6109,13,15.342465753424655
6110,6110,14,17.534246575342465
6111,6111,15,21.91780821917808
6112,6112,16,30.68493150684931
6113,6113,17,39.45205479452055
6114,6114,18,43.83561643835616
6115,6115,19,43.83561643835616
6116,6116,20,39.45205479452055
6117,6117,21,30.68493150684931
6118,6118,22,19.726027397260275
6119,6119,23,10.95890410958904
6120,6120,0,6.575342465753424
6121,6121,1,4.383561643835616
6122,6122,2,4.383561643835616
6123,6123,3,4.383561643835616
6124,6124,4,6.575342465753424
6125,6125,5,17.534246575342465
6126,6126,6,35.06849315068493
6127,6127,7,43.83561643835616
6128,6128,8,39.45205479452055
6129,6129,9,24.10958904109589
6130,6130,10,17.534246575342465
6131,6131,11,15.342465753424655
6132,6132,12,15.342465753424655
6133,6133,13,15.342465753424655
6134,6134,14,17.534246575342465
6135,6135,15,21.91780821917808
6136,6136,16,30.68493150684931
6137,6137,17,39.45205479452055
6138,6138,18,43.83561643835616
6139,6139,19,43.83561643835616
6140,6140,20,39.45205479452055
6141,6141,21,30.68493150684931
6142,6142,22,19.726027397260275
6143,6143,23,10.95890410958904
6144,6144,0,6.575342465753424
6145,6145,1,4.383561643835616
6146,6146,2,4.383561643835616
6147,6147,3,4.383561643835616
6148,6148,4,6.575342465753424
6149,6149,5,17.534246575342465
6150,6150,6,35.06849315068493
6151,6151,7,43.83561643835616
6152,6152,8,39.45205479452055
6153,6153,9,24.10958904109589
6154,6154,10,17.534246575342465
6155,6155,11,15.342465753424655
6156,6156,12,15.342465753424655
6157,6157,13,15.342465753424655
6158,6158,14,17.534246575342465
6159,6159,15,21.91780821917808
6160,6160,16,30.68493150684931
6161,6161,17,39.45205479452055
6162,6162,18,43.83561643835616
6163,6163,19,43.83561643835616
6164,6164,20,39.45205479452055
6165,6165,21,30.68493150684931
6166,6166,22,19.726027397260275
6167,6167,23,10.95890410958904
6168,6168,0,6.575342465753424
6169,6169,1,4.383561643835616
6170,6170,2,4.383561643835616
6171,6171,3,4.383561643835616
6172,6172,4,6.575342465753424
6173,6173,5,17.534246575342465
6174,6174,6,35.06849315068493
6175,6175,7,43.83561643835616
6176,6176,8,39.45205479452055
6177,6177,9,24.10958904109589
6178,6178,10,17.534246575342465
6179,6179,11,15.342465753424655
6180,6180,12,15.342465753424655
6181,6181,13,15.342465753424655
6182,6182,14,17.534246575342465
6183,6183,15,21.91780821917808
6184,6184,16,30.68493150684931
6185,6185,17,39.45205479452055
6186,6186,18,43.83561643835616
6187,6187,19,43.83561643835616
6188,6188,20,39.45205479452055
6189,6189,21,30.68493150684931
6190,6190,22,19.726027397260275
6191,6191,23,10.95890410958904
6192,6192,0,6.575342465753424
6193,6193,1,4.383561643835616
6194,6194,2,4.383561643835616
6195,6195,3,4.383561643835616
6196,6196,4,6.575342465753424
6197,6197,5,17.534246575342465
6198,6198,6,35.06849315068493
6199,6199,7,43.83561643835616
6200,6200,8,39.45205479452055
6201,6201,9,24.10958904109589
6202,6202,10,17.534246575342465
6203,6203,11,15.342465753424655
6204,6204,12,15.342465753424655
6205,6205,13,15.342465753424655
6206,6206,14,17.534246575342465
6207,6207,15,21.91780821917808
6208,6208,16,30.68493150684931
6209,6209,17,39.45205479452055
6210,6210,18,43.83561643835616
6211,6211,19,43.83561643835616
6212,6212,20,39.45205479452055
6213,6213,21,30.68493150684931
6214,6214,22,19.726027397260275
6215,6215,23,10.95890410958904
6216,6216,0,6.575342465753424
6217,6217,1,4.383561643835616
6218,6218,2,4.383561643835616
6219,6219,3,4.383561643835616
6220,6220,4,6.575342465753424
6221,6221,5,17.534246575342465
6222,6222,6,35.06849315068493
6223,6223,7,43.83561643835616
6224,6224,8,39.45205479452055
6225,6225,9,24.10958904109589
6226,6226,10,17.534246575342465
6227,6227,11,15.342465753424655
6228,6228,12,15.342465753424655
6229,6229,13,15.342465753424655
6230,6230,14,17.534246575342465
6231,6231,15,21.91780821917808
6232,6232,16,30.68493150684931
6233,6233,17,39.45205479452055
6234,6234,18,43.83561643835616
6235,6235,19,43.83561643835616
6236,6236,20,39.45205479452055
6237,6237,21,30.68493150684931
6238,6238,22,19.726027397260275
6239,6239,23,10.95890410958904
6240,6240,0,6.575342465753424
6241,6241,1,4.383561643835616
6242,6242,2,4.383561643835616
6243,6243,3,4.383561643835616
6244,6244,4,6.575342465753424
6245,6245,5,17.534246575342465
6246,6246,6,35.06849315068493
6247,6247,7,43.83561643835616
6248,6248,8,39.45205479452055
6249,6249,9,24.10958904109589
6250,6250,10,17.534246575342465
6251,6251,11,15.342465753424655
6252,6252,12,15.342465753424655
6253,6253,13,15.342465753424655
6254,6254,14,17.534246575342465
6255,6255,15,21.91780821917808
6256,6256,16,30.68493150684931
6257,6257,17,39.45205479452055
6258,6258,18,43.83561643835616
6259,6259,19,43.83561643835616
6260,6260,20,39.45205479452055
6261,6261,21,30.68493150684931
6262,6262,22,19.726027397260275
6263,6263,23,10.95890410958904
6264,6264,0,6.575342465753424
6265,6265,1,4.383561643835616
6266,6266,2,4.383561643835616
6267,6267,3,4.383561643835616
6268,6268,4,6.575342465753424
6269,6269,5,17.534246575342465
6270,6270,6,35.06849315068493
6271,6271,7,43.83561643835616
6272,6272,8,39.45205479452055
6273,6273,9,24.10958904109589
6274,6274,10,17.534246575342465
6275,6275,11,15.342465753424655
6276,6276,12,15.342465753424655
6277,6277,13,15.342465753424655
6278,6278,14,17.534246575342465
6279,6279,15,21.91780821917808
6280,6280,16,30.68493150684931
6281,6281,17,39.45205479452055
6282,6282,18,43.83561643835616
6283,6283,19,43.83561643835616
6284,6284,20,39.45205479452055
6285,6285,21,30.68493150684931
6286,6286,22,19.726027397260275
6287,6287,23,10.95890410958904
6288,6288,0,6.575342465753424
6289,6289,1,4.383561643835616
6290,6290,2,4.383561643835616
6291,6291,3,4.383561643835616
6292,6292,4,6.575342465753424
6293,6293,5,17.534246575342465
6294,6294,6,35.06849315068493
6295,6295,7,43.83561643835616
6296,6296,8,39.45205479452055
6297,6297,9,24.10958904109589
6298,6298,10,17.534246575342465
6299,6299,11,15.342465753424655
6300,6300,12,15.342465753424655
6301,6301,13,15.342465753424655
6302,6302,14,17.534246575342465
6303,6303,15,21.91780821917808
6304,6304,16,30.68493150684931
6305,6305,17,39.45205479452055
6306,6306,18,43.83561643835616
6307,6307,19,43.83561643835616
6308,6308,20,39.45205479452055
6309,6309,21,30.68493150684931
6310,6310,22,19.726027397260275
6311,6311,23,10.95890410958904
6312,6312,0,6.575342465753424
6313,6313,1,4.383561643835616
6314,6314,2,4.383561643835616
6315,6315,3,4.383561643835616
6316,6316,4,6.575342465753424
6317,6317,5,17.534246575342465
6318,6318,6,35.06849315068493
6319,6319,7,43.83561643835616
6320,6320,8,39.45205479452055
6321,6321,9,24.10958904109589
6322,6322,10,17.534246575342465
6323,6323,11,15.342465753424655
6324,6324,12,15.342465753424655
6325,6325,13,15.342465753424655
6326,6326,14,17.534246575342465
6327,6327,15,21.91780821917808
6328,6328,16,30.68493150684931
6329,6329,17,39.45205479452055
6330,6330,18,43.83561643835616
6331,6331,19,43.83561643835616
6332,6332,20,39.45205479452055
6333,6333,21,30.68493150684931
6334,6334,22,19.726027397260275
6335,6335,23,10.95890410958904
6336,6336,0,6.575342465753424
6337,6337,1,4.383561643835616
6338,6338,2,4.383561643835616
6339,6339,3,4.383561643835616
6340,6340,4,6.575342465753424
6341,6341,5,17.534246575342465
6342,6342,6,35.06849315068493
6343,6343,7,43.83561643835616
6344,6344,8,39.45205479452055
6345,6345,9,24.10958904109589
6346,6346,10,17.534246575342465
6347,6347,11,15.342465753424655
6348,6348,12,15.342465753424655
6349,6349,13,15.342465753424655
6350,6350,14,17.534246575342465
6351,6351,15,21.91780821917808
6352,6352,16,30.68493150684931
6353,6353,17,39.45205479452055
6354,6354,18,43.83561643835616
6355,6355,19,43.83561643835616
6356,6356,20,39.45205479452055
6357,6357,21,30.68493150684931
6358,6358,22,19.726027397260275
6359,6359,23,10.95890410958904
6360,6360,0,6.575342465753424
6361,6361,1,4.383561643835616
6362,6362,2,4.383561643835616
6363,6363,3,4.383561643835616
6364,6364,4,6.575342465753424
6365,6365,5,17.534246575342465
6366,6366,6,35.06849315068493
6367,6367,7,43.83561643835616
6368,6368,8,39.45205479452055
6369,6369,9,24.10958904109589
6370,6370,10,17.534246575342465
6371,6371,11,15.342465753424655
6372,6372,12,15.342465753424655
6373,6373,13,15.342465753424655
6374,6374,14,17.534246575342465
6375,6375,15,21.91780821917808
6376,6376,16,30.68493150684931
6377,6377,17,39.45205479452055
6378,6378,18,43.83561643835616
6379,6379,19,43.83561643835616
6380,6380,20,39.45205479452055
6381,6381,21,30.68493150684931
6382,6382,22,19.726027397260275
6383,6383,23,10.95890410958904
6384,6384,0,6.575342465753424
6385,6385,1,4.383561643835616
6386,6386,2,4.383561643835616
6387,6387,3,4.383561643835616
6388,6388,4,6.575342465753424
6389,6389,5,17.534246575342465
6390,6390,6,35.06849315068493
6391,6391,7,43.83561643835616
6392,6392,8,39.45205479452055
6393,6393,9,24.10958904109589
6394,6394,10,17.534246575342465
6395,6395,11,15.342465753424655
6396,6396,12,15.342465753424655
6397,6397,13,15.342465753424655
6398,6398,14,17.534246575342465
6399,6399,15,21.91780821917808
6400,6400,16,30.68493150684931
6401,6401,17,39.45205479452055
6402,6402,18,43.83561643835616
6403,6403,19,43.83561643835616
6404,6404,20,39.45205479452055
6405,6405,21,30.68493150684931
6406,6406,22,19.726027397260275
6407,6407,23,10.95890410958904
6408,6408,0,6.575342465753424
6409,6409,1,4.383561643835616
6410,6410,2,4.383561643835616
6411,6411,3,4.383561643835616
6412,6412,4,6.575342465753424
6413,6413,5,17.534246575342465
6414,6414,6,35.06849315068493
6415,6415,7,43.83561643835616
6416,6416,8,39.45205479452055
6417,6417,9,24.10958904109589
6418,6418,10,17.534246575342465
6419,6419,11,15.342465753424655
6420,6420,12,15.342465753424655
6421,6421,13,15.342465753424655
6422,6422,14,17.534246575342465
6423,6423,15,21.91780821917808
6424,6424,16,30.68493150684931
6425,6425,17,39.45205479452055
6426,6426,18,43.83561643835616
6427,6427,19,43.83561643835616
6428,6428,20,39.45205479452055
6429,6429,21,30.68493150684931
6430,6430,22,19.726027397260275
6431,6431,23,10.95890410958904
6432,6432,0,6.575342465753424
6433,6433,1,4.383561643835616
6434,6434,2,4.383561643835616
6435,6435,3,4.383561643835616
6436,6436,4,6.575342465753424
6437,6437,5,17.534246575342465
6438,6438,6,35.06849315068493
6439,6439,7,43.83561643835616
6440,6440,8,39.45205479452055
6441,6441,9,24.10958904109589
6442,6442,10,17.534246575342465
6443,6443,11,15.342465753424655
6444,6444,12,15.342465753424655
6445,6445,13,15.342465753424655
6446,6446,14,17.534246575342465
6447,6447,15,21.91780821917808
6448,6448,16,30.68493150684931
6449,6449,17,39.45205479452055
6450,6450,18,43.83561643835616
6451,6451,19,43.83561643835616
6452,6452,20,39.45205479452055
6453,6453,21,30.68493150684931
6454,6454,22,19.726027397260275
6455,6455,23,10.95890410958904
6456,6456,0,6.575342465753424
6457,6457,1,4.383561643835616
6458,6458,2,4.383561643835616
6459,6459,3,4.383561643835616
6460,6460,4,6.575342465753424
6461,6461,5,17.534246575342465
6462,6462,6,35.06849315068493
6463,6463,7,43.83561643835616
6464,6464,8,39.45205479452055
6465,6465,9,24.10958904109589
6466,6466,10,17.534246575342465
6467,6467,11,15.342465753424655
6468,6468,12,15.342465753424655
6469,6469,13,15.342465753424655
6470,6470,14,17.534246575342465
6471,6471,15,21.91780821917808
6472,6472,16,30.68493150684931
6473,6473,17,39.45205479452055
6474,6474,18,43.83561643835616
6475,6475,19,43.83561643835616
6476,6476,20,39.45205479452055
6477,6477,21,30.68493150684931
6478,6478,22,19.726027397260275
6479,6479,23,10.95890410958904
6480,6480,0,6.575342465753424
6481,6481,1,4.383561643835616
6482,6482,2,4.383561643835616
6483,6483,3,4.383561643835616
6484,6484,4,6.575342465753424
6485,6485,5,17.534246575342465
6486,6486,6,35.06849315068493
6487,6487,7,43.83561643835616
6488,6488,8,39.45205479452055
6489,6489,9,24.10958904109589
6490,6490,10,17.534246575342465
6491,6491,11,15.342465753424655
6492,6492,12,15.342465753424655
6493,6493,13,15.342465753424655
6494,6494,14,17.534246575342465
6495,6495,15,21.91780821917808
6496,6496,16,30.68493150684931
6497,6497,17,39.45205479452055
6498,6498,18,43.83561643835616
6499,6499,19,43.83561643835616
6500,6500,20,39.45205479452055
6501,6501,21,30.68493150684931
6502,6502,22,19.726027397260275
6503,6503,23,10.95890410958904
6504,6504,0,6.575342465753424
6505,6505,1,4.383561643835616
6506,6506,2,4.383561643835616
6507,6507,3,4.383561643835616
6508,6508,4,6.575342465753424
6509,6509,5,17.534246575342465
6510,6510,6,35.06849315068493
6511,6511,7,43.83561643835616
6512,6512,8,39.45205479452055
6513,6513,9,24.10958904109589
6514,6514,10,17.534246575342465
6515,6515,11,15.342465753424655
6516,6516,12,15.342465753424655
6517,6517,13,15.342465753424655
6518,6518,14,17.534246575342465
6519,6519,15,21.91780821917808
6520,6520,16,30.68493150684931
6521,6521,17,39.45205479452055
6522,6522,18,43.83561643835616
6523,6523,19,43.83561643835616
6524,6524,20,39.45205479452055
6525,6525,21,30.68493150684931
6526,6526,22,19.726027397260275
6527,6527,23,10.95890410958904
6528,6528,0,6.575342465753424
6529,6529,1,4.383561643835616
6530,6530,2,4.383561643835616
6531,6531,3,4.383561643835616
6532,6532,4,6.575342465753424
6533,6533,5,17.534246575342465
6534,6534,6,35.06849315068493
6535,6535,7,43.83561643835616
6536,6536,8,39.45205479452055
6537,6537,9,24.10958904109589
6538,6538,10,17.534246575342465
6539,6539,11,15.342465753424655
6540,6540,12,15.342465753424655
6541,6541,13,15.342465753424655
6542,6542,14,17.534246575342465
6543,6543,15,21.91780821917808
6544,6544,16,30.68493150684931
6545,6545,17,39.45205479452055
6546,6546,18,43.83561643835616
6547,6547,19,43.83561643835616
6548,6548,20,39.45205479452055
6549,6549,21,30.68493150684931
6550,6550,22,19.726027397260275
6551,6551,23,10.95890410958904
6552,6552,0,6.575342465753424
6553,6553,1,4.383561643835616
6554,6554,2,4.383561643835616
6555,6555,3,4.383561643835616
6556,6556,4,6.575342465753424
6557,6557,5,17.534246575342465
6558,6558,6,35.06849315068493
6559,6559,7,43.83561643835616
6560,6560,8,39.45205479452055
6561,6561,9,24.10958904109589
6562,6562,10,17.534246575342465
6563,6563,11,15.342465753424655
6564,6564,12,15.342465753424655
6565,6565,13,15.342465753424655
6566,6566,14,17.534246575342465
6567,6567,15,21.91780821917808
6568,6568,16,30.68493150684931
6569,6569,17,39.45205479452055
6570,6570,18,43.83561643835616
6571,6571,19,43.83561643835616
6572,6572,20,39.45205479452055
6573,6573,21,30.68493150684931
6574,6574,22,19.726027397260275
6575,6575,23,10.95890410958904
6576,6576,0,6.575342465753424
6577,6577,1,4.383561643835616
6578,6578,2,4.383561643835616
6579,6579,3,4.383561643835616
6580,6580,4,6.575342465753424
6581,6581,5,17.534246575342465
6582,6582,6,35.06849315068493
6583,6583,7,43.83561643835616
6584,6584,8,39.45205479452055
6585,6585,9,24.10958904109589
6586,6586,10,17.534246575342465
6587,6587,11,15.342465753424655
6588,6588,12,15.342465753424655
6589,6589,13,15.342465753424655
6590,6590,14,17.534246575342465
6591,6591,15,21.91780821917808
6592,6592,16,30.68493150684931
6593,6593,17,39.45205479452055
6594,6594,18,43.83561643835616
6595,6595,19,43.83561643835616
6596,6596,20,39.45205479452055
6597,6597,21,30.68493150684931
6598,6598,22,19.726027397260275
6599,6599,23,10.95890410958904
6600,6600,0,6.575342465753424
6601,6601,1,4.383561643835616
6602,6602,2,4.383561643835616
6603,6603,3,4.383561643835616
6604,6604,4,6.575342465753424
6605,6605,5,17.534246575342465
6606,6606,6,35.06849315068493
6607,6607,7,43.83561643835616
6608,6608,8,39.45205479452055
6609,6609,9,24.10958904109589
6610,6610,10,17.534246575342465
6611,6611,11,15.342465753424655
6612,6612,12,15.342465753424655
6613,6613,13,15.342465753424655
6614,6614,14,17.534246575342465
6615,6615,15,21.91780821917808
6616,6616,16,30.68493150684931
6617,6617,17,39.45205479452055
6618,6618,18,43.83561643835616
6619,6619,19,43.83561643835616
6620,6620,20,39.45205479452055
6621,6621,21,30.68493150684931
6622,6622,22,19.726027397260275
6623,6623,23,10.95890410958904
6624,6624,0,6.575342465753424
6625,6625,1,4.383561643835616
6626,6626,2,4.383561643835616
6627,6627,3,4.383561643835616
6628,6628,4,6.575342465753424
6629,6629,5,17.534246575342465
6630,6630,6,35.06849315068493
6631,6631,7,43.83561643835616
6632,6632,8,39.45205479452055
6633,6633,9,24.10958904109589
6634,6634,10,17.534246575342465
6635,6635,11,15.342465753424655
6636,6636,12,15.342465753424655
6637,6637,13,15.342465753424655
6638,6638,14,17.534246575342465
6639,6639,15,21.91780821917808
6640,6640,16,30.68493150684931
6641,6641,17,39.45205479452055
6642,6642,18,43.83561643835616
6643,6643,19,43.83561643835616
6644,6644,20,39.45205479452055
6645,6645,21,30.68493150684931
6646,6646,22,19.726027397260275
6647,6647,23,10.95890410958904
6648,6648,0,6.575342465753424
6649,6649,1,4.383561643835616
6650,6650,2,4.383561643835616
6651,6651,3,4.383561643835616
6652,6652,4,6.575342465753424
6653,6653,5,17.534246575342465
6654,6654,6,35.06849315068493
6655,6655,7,43.83561643835616
6656,6656,8,39.45205479452055
6657,6657,9,24.10958904109589
6658,6658,10,17.534246575342465
6659,6659,11,15.342465753424655
6660,6660,12,15.342465753424655
6661,6661,13,15.342465753424655
6662,6662,14,17.534246575342465
6663,6663,15,21.91780821917808
6664,6664,16,30.68493150684931
6665,6665,17,39.45205479452055
6666,6666,18,43.83561643835616
6667,6667,19,43.83561643835616
6668,6668,20,39.45205479452055
6669,6669,21,30.68493150684931
6670,6670,22,19.726027397260275
6671,6671,23,10.95890410958904
6672,6672,0,6.575342465753424
6673,6673,1,4.383561643835616
6674,6674,2,4.383561643835616
6675,6675,3,4.383561643835616
6676,6676,4,6.575342465753424
6677,6677,5,17.534246575342465
6678,6678,6,35.06849315068493
6679,6679,7,43.83561643835616
6680,6680,8,39.45205479452055
6681,6681,9,24.10958904109589
6682,6682,10,17.534246575342465
6683,6683,11,15.342465753424655
6684,6684,12,15.342465753424655
6685,6685,13,15.342465753424655
6686,6686,14,17.534246575342465
6687,6687,15,21.91780821917808
6688,6688,16,30.68493150684931
6689,6689,17,39.45205479452055
6690,6690,18,43.83561643835616
6691,6691,19,43.83561643835616
6692,6692,20,39.45205479452055
6693,6693,21,30.68493150684931
6694,6694,22,19.726027397260275
6695,6695,23,10.95890410958904
6696,6696,0,6.575342465753424
6697,6697,1,4.383561643835616
6698,6698,2,4.383561643835616
6699,6699,3,4.383561643835616
6700,6700,4,6.575342465753424
6701,6701,5,17.534246575342465
6702,6702,6,35.06849315068493
6703,6703,7,43.83561643835616
6704,6704,8,39.45205479452055
6705,6705,9,24.10958904109589
6706,6706,10,17.534246575342465
6707,6707,11,15.342465753424655
6708,6708,12,15.342465753424655
6709,6709,13,15.342465753424655
6710,6710,14,17.534246575342465
6711,6711,15,21.91780821917808
6712,6712,16,30.68493150684931
6713,6713,17,39.45205479452055
6714,6714,18,43.83561643835616
6715,6715,19,43.83561643835616
6716,6716,20,39.45205479452055
6717,6717,21,30.68493150684931
6718,6718,22,19.726027397260275
6719,6719,23,10.95890410958904
6720,6720,0,6.575342465753424
6721,6721,1,4.383561643835616
6722,6722,2,4.383561643835616
6723,6723,3,4.383561643835616
6724,6724,4,6.575342465753424
6725,6725,5,17.534246575342465
6726,6726,6,35.06849315068493
6727,6727,7,43.83561643835616
6728,6728,8,39.45205479452055
6729,6729,9,24.10958904109589
6730,6730,10,17.534246575342465
6731,6731,11,15.342465753424655
6732,6732,12,15.342465753424655
6733,6733,13,15.342465753424655
6734,6734,14,17.534246575342465
6735,6735,15,21.91780821917808
6736,6736,16,30.68493150684931
6737,6737,17,39.45205479452055
6738,6738,18,43.83561643835616
6739,6739,19,43.83561643835616
6740,6740,20,39.45205479452055
6741,6741,21,30.68493150684931
6742,6742,22,19.726027397260275
6743,6743,23,10.95890410958904
6744,6744,0,6.575342465753424
6745,6745,1,4.383561643835616
6746,6746,2,4.383561643835616
6747,6747,3,4.383561643835616
6748,6748,4,6.575342465753424
6749,6749,5,17.534246575342465
6750,6750,6,35.06849315068493
6751,6751,7,43.83561643835616
6752,6752,8,39.45205479452055
6753,6753,9,24.10958904109589
6754,6754,10,17.534246575342465
6755,6755,11,15.342465753424655
6756,6756,12,15.342465753424655
6757,6757,13,15.342465753424655
6758,6758,14,17.534246575342465
6759,6759,15,21.91780821917808
6760,6760,16,30.68493150684931
6761,6761,17,39.45205479452055
6762,6762,18,43.83561643835616
6763,6763,19,43.83561643835616
6764,6764,20,39.45205479452055
6765,6765,21,30.68493150684931
6766,6766,22,19.726027397260275
6767,6767,23,10.95890410958904
6768,6768,0,6.575342465753424
6769,6769,1,4.383561643835616
6770,6770,2,4.383561643835616
6771,6771,3,4.383561643835616
6772,6772,4,6.575342465753424
6773,6773,5,17.534246575342465
6774,6774,6,35.06849315068493
6775,6775,7,43.83561643835616
6776,6776,8,39.45205479452055
6777,6777,9,24.10958904109589
6778,6778,10,17.534246575342465
6779,6779,11,15.342465753424655
6780,6780,12,15.342465753424655
6781,6781,13,15.342465753424655
6782,6782,14,17.534246575342465
6783,6783,15,21.91780821917808
6784,6784,16,30.68493150684931
6785,6785,17,39.45205479452055
6786,6786,18,43.83561643835616
6787,6787,19,43.83561643835616
6788,6788,20,39.45205479452055
6789,6789,21,30.68493150684931
6790,6790,22,19.726027397260275
6791,6791,23,10.95890410958904
6792,6792,0,6.575342465753424
6793,6793,1,4.383561643835616
6794,6794,2,4.383561643835616
6795,6795,3,4.383561643835616
6796,6796,4,6.575342465753424
6797,6797,5,17.534246575342465
6798,6798,6,35.06849315068493
6799,6799,7,43.83561643835616
6800,6800,8,39.45205479452055
6801,6801,9,24.10958904109589
6802,6802,10,17.534246575342465
6803,6803,11,15.342465753424655
6804,6804,12,15.342465753424655
6805,6805,13,15.342465753424655
6806,6806,14,17.534246575342465
6807,6807,15,21.91780821917808
6808,6808,16,30.68493150684931
6809,6809,17,39.45205479452055
6810,6810,18,43.83561643835616
6811,6811,19,43.83561643835616
6812,6812,20,39.45205479452055
6813,6813,21,30.68493150684931
6814,6814,22,19.726027397260275
6815,6815,23,10.95890410958904
6816,6816,0,6.575342465753424
6817,6817,1,4.383561643835616
6818,6818,2,4.383561643835616
6819,6819,3,4.383561643835616
6820,6820,4,6.575342465753424
6821,6821,5,17.534246575342465
6822,6822,6,35.06849315068493
6823,6823,7,43.83561643835616
6824,6824,8,39.45205479452055
6825,6825,9,24.10958904109589
6826,6826,10,17.534246575342465
6827,6827,11,15.342465753424655
6828,6828,12,15.342465753424655
6829,6829,13,15.342465753424655
6830,6830,14,17.534246575342465
6831,6831,15,21.91780821917808
6832,6832,16,30.68493150684931
6833,6833,17,39.45205479452055
6834,6834,18,43.83561643835616
6835,6835,19,43.83561643835616
6836,6836,20,39.45205479452055
6837,6837,21,30.68493150684931
6838,6838,22,19.726027397260275
6839,6839,23,10.95890410958904
6840,6840,0,6.575342465753424
6841,6841,1,4.383561643835616
6842,6842,2,4.383561643835616
6843,6843,3,4.383561643835616
6844,6844,4,6.575342465753424
6845,6845,5,17.534246575342465
6846,6846,6,35.06849315068493
6847,6847,7,43.83561643835616
6848,6848,8,39.45205479452055
6849,6849,9,24.10958904109589
6850,6850,10,17.534246575342465
6851,6851,11,15.342465753424655
6852,6852,12,15.342465753424655
6853,6853,13,15.342465753424655
6854,6854,14,17.534246575342465
6855,6855,15,21.91780821917808
6856,6856,16,30.68493150684931
6857,6857,17,39.45205479452055
6858,6858,18,43.83561643835616
6859,6859,19,43.83561643835616
6860,6860,20,39.45205479452055
6861,6861,21,30.68493150684931
6862,6862,22,19.726027397260275
6863,6863,23,10.95890410958904
6864,6864,0,6.575342465753424
6865,6865,1,4.383561643835616
6866,6866,2,4.383561643835616
6867,6867,3,4.383561643835616
6868,6868,4,6.575342465753424
6869,6869,5,17.534246575342465
6870,6870,6,35.06849315068493
6871,6871,7,43.83561643835616
6872,6872,8,39.45205479452055
6873,6873,9,24.10958904109589
6874,6874,10,17.534246575342465
6875,6875,11,15.342465753424655
6876,6876,12,15.342465753424655
6877,6877,13,15.342465753424655
6878,6878,14,17.534246575342465
6879,6879,15,21.91780821917808
6880,6880,16,30.68493150684931
6881,6881,17,39.45205479452055
6882,6882,18,43.83561643835616
6883,6883,19,43.83561643835616
6884,6884,20,39.45205479452055
6885,6885,21,30.68493150684931
6886,6886,22,19.726027397260275
6887,6887,23,10.95890410958904
6888,6888,0,6.575342465753424
6889,6889,1,4.383561643835616
6890,6890,2,4.383561643835616
6891,6891,3,4.383561643835616
6892,6892,4,6.575342465753424
6893,6893,5,17.534246575342465
6894,6894,6,35.06849315068493
6895,6895,7,43.83561643835616
6896,6896,8,39.45205479452055
6897,6897,9,24.10958904109589
6898,6898,10,17.534246575342465
6899,6899,11,15.342465753424655
6900,6900,12,15.342465753424655
6901,6901,13,15.342465753424655
6902,6902,14,17.534246575342465
6903,6903,15,21.91780821917808
6904,6904,16,30.68493150684931
6905,6905,17,39.45205479452055
6906,6906,18,43.83561643835616
6907,6907,19,43.83561643835616
6908,6908,20,39.45205479452055
6909,6909,21,30.68493150684931
6910,6910,22,19.726027397260275
6911,6911,23,10.95890410958904
6912,6912,0,6.575342465753424
6913,6913,1,4.383561643835616
6914,6914,2,4.383561643835616
6915,6915,3,4.383561643835616
6916,6916,4,6.575342465753424
6917,6917,5,17.534246575342465
6918,6918,6,35.06849315068493
6919,6919,7,43.83561643835616
6920,6920,8,39.45205479452055
6921,6921,9,24.10958904109589
6922,6922,10,17.534246575342465
6923,6923,11,15.342465753424655
6924,6924,12,15.342465753424655
6925,6925,13,15.342465753424655
6926,6926,14,17.534246575342465
6927,6927,15,21.91780821917808
6928,6928,16,30.68493150684931
6929,6929,17,39.45205479452055
6930,6930,18,43.83561643835616
6931,6931,19,43.83561643835616
6932,6932,20,39.45205479452055
6933,6933,21,30.68493150684931
6934,6934,22,19.726027397260275
6935,6935,23,10.95890410958904
6936,6936,0,6.575342465753424
6937,6937,1,4.383561643835616
6938,6938,2,4.383561643835616
6939,6939,3,4.383561643835616
6940,6940,4,6.575342465753424
6941,6941,5,17.534246575342465
6942,6942,6,35.06849315068493
6943,6943,7,43.83561643835616
6944,6944,8,39.45205479452055
6945,6945,9,24.10958904109589
6946,6946,10,17.534246575342465
6947,6947,11,15.342465753424655
6948,6948,12,15.342465753424655
6949,6949,13,15.342465753424655
6950,6950,14,17.534246575342465
6951,6951,15,21.91780821917808
6952,6952,16,30.68493150684931
6953,6953,17,39.45205479452055
6954,6954,18,43.83561643835616
6955,6955,19,43.83561643835616
6956,6956,20,39.45205479452055
6957,6957,21,30.68493150684931
6958,6958,22,19.726027397260275
6959,6959,23,10.95890410958904
6960,6960,0,6.575342465753424
6961,6961,1,4.383561643835616
6962,6962,2,4.383561643835616
6963,6963,3,4.383561643835616
6964,6964,4,6.575342465753424
6965,6965,5,17.534246575342465
6966,6966,6,35.06849315068493
6967,6967,7,43.83561643835616
6968,6968,8,39.45205479452055
6969,6969,9,24.10958904109589
6970,6970,10,17.534246575342465
6971,6971,11,15.342465753424655
6972,6972,12,15.342465753424655
6973,6973,13,15.342465753424655
6974,6974,14,17.534246575342465
6975,6975,15,21.91780821917808
6976,6976,16,30.68493150684931
6977,6977,17,39.45205479452055
6978,6978,18,43.83561643835616
6979,6979,19,43.83561643835616
6980,6980,20,39.45205479452055
6981,6981,21,30.68493150684931
6982,6982,22,19.726027397260275
6983,6983,23,10.95890410958904
6984,6984,0,6.575342465753424
6985,6985,1,4.383561643835616
6986,6986,2,4.383561643835616
6987,6987,3,4.383561643835616
6988,6988,4,6.575342465753424
6989,6989,5,17.534246575342465
6990,6990,6,35.06849315068493
6991,6991,7,43.83561643835616
6992,6992,8,39.45205479452055
6993,6993,9,24.10958904109589
6994,6994,10,17.534246575342465
6995,6995,11,15.342465753424655
6996,6996,12,15.342465753424655
6997,6997,13,15.342465753424655
6998,6998,14,17.534246575342465
6999,6999,15,21.91780821917808
7000,7000,16,30.68493150684931
7001,7001,17,39.45205479452055
7002,7002,18,43.83561643835616
7003,7003,19,43.83561643835616
7004,7004,20,39.45205479452055
7005,7005,21,30.68493150684931
7006,7006,22,19.726027397260275
7007,7007,23,10.95890410958904
7008,7008,0,6.575342465753424
7009,7009,1,4.383561643835616
7010,7010,2,4.383561643835616
7011,7011,3,4.383561643835616
7012,7012,4,6.575342465753424
7013,7013,5,17.534246575342465
7014,7014,6,35.06849315068493
7015,7015,7,43.83561643835616
7016,7016,8,39.45205479452055
7017,7017,9,24.10958904109589
7018,7018,10,17.534246575342465
7019,7019,11,15.342465753424655
7020,7020,12,15.342465753424655
7021,7021,13,15.342465753424655
7022,7022,14,17.534246575342465
7023,7023,15,21.91780821917808
7024,7024,16,30.68493150684931
7025,7025,17,39.45205479452055
7026,7026,18,43.83561643835616
7027,7027,19,43.83561643835616
7028,7028,20,39.45205479452055
7029,7029,21,30.68493150684931
7030,7030,22,19.726027397260275
7031,7031,23,10.95890410958904
7032,7032,0,6.575342465753424
7033,7033,1,4.383561643835616
7034,7034,2,4.383561643835616
7035,7035,3,4.383561643835616
7036,7036,4,6.575342465753424
7037,7037,5,17.534246575342465
7038,7038,6,35.06849315068493
7039,7039,7,43.83561643835616
7040,7040,8,39.45205479452055
7041,7041,9,24.10958904109589
7042,7042,10,17.534246575342465
7043,7043,11,15.342465753424655
7044,7044,12,15.342465753424655
7045,7045,13,15.342465753424655
7046,7046,14,17.534246575342465
7047,7047,15,21.91780821917808
7048,7048,16,30.68493150684931
7049,7049,17,39.45205479452055
7050,7050,18,43.83561643835616
7051,7051,19,43.83561643835616
7052,7052,20,39.45205479452055
7053,7053,21,30.68493150684931
7054,7054,22,19.726027397260275
7055,7055,23,10.95890410958904
7056,7056,0,6.575342465753424
7057,7057,1,4.383561643835616
7058,7058,2,4.383561643835616
7059,7059,3,4.383561643835616
7060,7060,4,6.575342465753424
7061,7061,5,17.534246575342465
7062,7062,6,35.06849315068493
7063,7063,7,43.83561643835616
7064,7064,8,39.45205479452055
7065,7065,9,24.10958904109589
7066,7066,10,17.534246575342465
7067,7067,11,15.342465753424655
7068,7068,12,15.342465753424655
7069,7069,13,15.342465753424655
7070,7070,14,17.534246575342465
7071,7071,15,21.91780821917808
7072,7072,16,30.68493150684931
7073,7073,17,39.45205479452055
7074,7074,18,43.83561643835616
7075,7075,19,43.83561643835616
7076,7076,20,39.45205479452055
7077,7077,21,30.68493150684931
7078,7078,22,19.726027397260275
7079,7079,23,10.95890410958904
7080,7080,0,6.575342465753424
7081,7081,1,4.383561643835616
7082,7082,2,4.383561643835616
7083,7083,3,4.383561643835616
7084,7084,4,6.575342465753424
7085,7085,5,17.534246575342465
7086,7086,6,35.06849315068493
7087,7087,7,43.83561643835616
7088,7088,8,39.45205479452055
7089,7089,9,24.10958904109589
7090,7090,10,17.534246575342465
7091,7091,11,15.342465753424655
7092,7092,12,15.342465753424655
7093,7093,13,15.342465753424655
7094,7094,14,17.534246575342465
7095,7095,15,21.91780821917808
7096,7096,16,30.68493150684931
7097,7097,17,39.45205479452055
7098,7098,18,43.83561643835616
7099,7099,19,43.83561643835616
7100,7100,20,39.45205479452055
7101,7101,21,30.68493150684931
7102,7102,22,19.726027397260275
7103,7103,23,10.95890410958904
7104,7104,0,6.575342465753424
7105,7105,1,4.383561643835616
7106,7106,2,4.383561643835616
7107,7107,3,4.383561643835616
7108,7108,4,6.575342465753424
7109,7109,5,17.534246575342465
7110,7110,6,35.06849315068493
7111,7111,7,43.83561643835616
7112,7112,8,39.45205479452055
7113,7113,9,24.10958904109589
7114,7114,10,17.534246575342465
7115,7115,11,15.342465753424655
7116,7116,12,15.342465753424655
7117,7117,13,15.342465753424655
7118,7118,14,17.534246575342465
7119,7119,15,21.91780821917808
7120,7120,16,30.68493150684931
7121,7121,17,39.45205479452055
7122,7122,18,43.83561643835616
7123,7123,19,43.83561643835616
7124,7124,20,39.45205479452055
7125,7125,21,30.68493150684931
7126,7126,22,19.726027397260275
7127,7127,23,10.95890410958904
7128,7128,0,6.575342465753424
7129,7129,1,4.383561643835616
7130,7130,2,4.383561643835616
7131,7131,3,4.383561643835616
7132,7132,4,6.575342465753424
7133,7133,5,17.534246575342465
7134,7134,6,35.06849315068493
7135,7135,7,43.83561643835616
7136,7136,8,39.45205479452055
7137,7137,9,24.10958904109589
7138,7138,10,17.534246575342465
7139,7139,11,15.342465753424655
7140,7140,12,15.342465753424655
7141,7141,13,15.342465753424655
7142,7142,14,17.534246575342465
7143,7143,15,21.91780821917808
7144,7144,16,30.68493150684931
7145,7145,17,39.45205479452055
7146,7146,18,43.83561643835616
7147,7147,19,43.83561643835616
7148,7148,20,39.45205479452055
7149,7149,21,30.68493150684931
7150,7150,22,19.726027397260275
7151,7151,23,10.95890410958904
7152,7152,0,6.575342465753424
7153,7153,1,4.383561643835616
7154,7154,2,4.383561643835616
7155,7155,3,4.383561643835616
7156,7156,4,6.575342465753424
7157,7157,5,17.534246575342465
7158,7158,6,35.06849315068493
7159,7159,7,43.83561643835616
7160,7160,8,39.45205479452055
7161,7161,9,24.10958904109589
7162,7162,10,17.534246575342465
7163,7163,11,15.342465753424655
7164,7164,12,15.342465753424655
7165,7165,13,15.342465753424655
7166,7166,14,17.534246575342465
7167,7167,15,21.91780821917808
7168,7168,16,30.68493150684931
7169,7169,17,39.45205479452055
7170,7170,18,43.83561643835616
7171,7171,19,43.83561643835616
7172,7172,20,39.45205479452055
7173,7173,21,30.68493150684931
7174,7174,22,19.726027397260275
7175,7175,23,10.95890410958904
7176,7176,0,6.575342465753424
7177,7177,1,4.383561643835616
7178,7178,2,4.383561643835616
7179,7179,3,4.383561643835616
7180,7180,4,6.575342465753424
7181,7181,5,17.534246575342465
7182,7182,6,35.06849315068493
7183,7183,7,43.83561643835616
7184,7184,8,39.45205479452055
7185,7185,9,24.10958904109589
7186,7186,10,17.534246575342465
7187,7187,11,15.342465753424655
7188,7188,12,15.342465753424655
7189,7189,13,15.342465753424655
7190,7190,14,17.534246575342465
7191,7191,15,21.91780821917808
7192,7192,16,30.68493150684931
7193,7193,17,39.45205479452055
7194,7194,18,43.83561643835616
7195,7195,19,43.83561643835616
7196,7196,20,39.45205479452055
7197,7197,21,30.68493150684931
7198,7198,22,19.726027397260275
7199,7199,23,10.95890410958904
7200,7200,0,6.575342465753424
7201,7201,1,4.383561643835616
7202,7202,2,4.383561643835616
7203,7203,3,4.383561643835616
7204,7204,4,6.575342465753424
7205,7205,5,17.534246575342465
7206,7206,6,35.06849315068493
7207,7207,7,43.83561643835616
7208,7208,8,39.45205479452055
7209,7209,9,24.10958904109589
7210,7210,10,17.534246575342465
7211,7211,11,15.342465753424655
7212,7212,12,15.342465753424655
7213,7213,13,15.342465753424655
7214,7214,14,17.534246575342465
7215,7215,15,21.91780821917808
7216,7216,16,30.68493150684931
7217,7217,17,39.45205479452055
7218,7218,18,43.83561643835616
7219,7219,19,43.83561643835616
7220,7220,20,39.45205479452055
7221,7221,21,30.68493150684931
7222,7222,22,19.726027397260275
7223,7223,23,10.95890410958904
7224,7224,0,6.575342465753424
7225,7225,1,4.383561643835616
7226,7226,2,4.383561643835616
7227,7227,3,4.383561643835616
7228,7228,4,6.575342465753424
7229,7229,5,17.534246575342465
7230,7230,6,35.06849315068493
7231,7231,7,43.83561643835616
7232,7232,8,39.45205479452055
7233,7233,9,24.10958904109589
7234,7234,10,17.534246575342465
7235,7235,11,15.342465753424655
7236,7236,12,15.342465753424655
7237,7237,13,15.342465753424655
7238,7238,14,17.534246575342465
7239,7239,15,21.91780821917808
7240,7240,16,30.68493150684931
7241,7241,17,39.45205479452055
7242,7242,18,43.83561643835616
7243,7243,19,43.83561643835616
7244,7244,20,39.45205479452055
7245,7245,21,30.68493150684931
7246,7246,22,19.726027397260275
7247,7247,23,10.95890410958904
7248,7248,0,6.575342465753424
7249,7249,1,4.383561643835616
7250,7250,2,4.383561643835616
7251,7251,3,4.383561643835616
7252,7252,4,6.575342465753424
7253,7253,5,17.534246575342465
7254,7254,6,35.06849315068493
7255,7255,7,43.83561643835616
7256,7256,8,39.45205479452055
7257,7257,9,24.10958904109589
7258,7258,10,17.534246575342465
7259,7259,11,15.342465753424655
7260,7260,12,15.342465753424655
7261,7261,13,15.342465753424655
7262,7262,14,17.534246575342465
7263,7263,15,21.91780821917808
7264,7264,16,30.68493150684931
7265,7265,17,39.45205479452055
7266,7266,18,43.83561643835616
7267,7267,19,43.83561643835616
7268,7268,20,39.45205479452055
7269,7269,21,30.68493150684931
7270,7270,22,19.726027397260275
7271,7271,23,10.95890410958904
7272,7272,0,6.575342465753424
7273,7273,1,4.383561643835616
7274,7274,2,4.383561643835616
7275,7275,3,4.383561643835616
7276,7276,4,6.575342465753424
7277,7277,5,17.534246575342465
7278,7278,6,35.06849315068493
7279,7279,7,43.83561643835616
7280,7280,8,39.45205479452055
7281,7281,9,24.10958904109589
7282,7282,10,17.534246575342465
7283,7283,11,15.342465753424655
7284,7284,12,15.342465753424655
7285,7285,13,15.342465753424655
7286,7286,14,17.534246575342465
7287,7287,15,21.91780821917808
7288,7288,16,30.68493150684931
7289,7289,17,39.45205479452055
7290,7290,18,43.83561643835616
7291,7291,19,43.83561643835616
7292,7292,20,39.45205479452055
7293,7293,21,30.68493150684931
7294,7294,22,19.726027397260275
7295,7295,23,10.95890410958904
7296,7296,0,6.575342465753424
7297,7297,1,4.383561643835616
7298,7298,2,4.383561643835616
7299,7299,3,4.383561643835616
7300,7300,4,6.575342465753424
7301,7301,5,17.534246575342465
7302,7302,6,35.06849315068493
7303,7303,7,43.83561643835616
7304,7304,8,39.45205479452055
7305,7305,9,24.10958904109589
7306,7306,10,17.534246575342465
7307,7307,11,15.342465753424655
7308,7308,12,15.342465753424655
7309,7309,13,15.342465753424655
7310,7310,14,17.534246575342465
7311,7311,15,21.91780821917808
7312,7312,16,30.68493150684931
7313,7313,17,39.45205479452055
7314,7314,18,43.83561643835616
7315,7315,19,43.83561643835616
7316,7316,20,39.45205479452055
7317,7317,21,30.68493150684931
7318,7318,22,19.726027397260275
7319,7319,23,10.95890410958904
7320,7320,0,6.575342465753424
7321,7321,1,4.383561643835616
7322,7322,2,4.383561643835616
7323,7323,3,4.383561643835616
7324,7324,4,6.575342465753424
7325,7325,5,17.534246575342465
7326,7326,6,35.06849315068493
7327,7327,7,43.83561643835616
7328,7328,8,39.45205479452055
7329,7329,9,24.10958904109589
7330,7330,10,17.534246575342465
7331,7331,11,15.342465753424655
7332,7332,12,15.342465753424655
7333,7333,13,15.342465753424655
7334,7334,14,17.534246575342465
7335,7335,15,21.91780821917808
7336,7336,16,30.68493150684931
7337,7337,17,39.45205479452055
7338,7338,18,43.83561643835616
7339,7339,19,43.83561643835616
7340,7340,20,39.45205479452055
7341,7341,21,30.68493150684931
7342,7342,22,19.726027397260275
7343,7343,23,10.95890410958904
7344,7344,0,6.575342465753424
7345,7345,1,4.383561643835616
7346,7346,2,4.383561643835616
7347,7347,3,4.383561643835616
7348,7348,4,6.575342465753424
7349,7349,5,17.534246575342465
7350,7350,6,35.06849315068493
7351,7351,7,43.83561643835616
7352,7352,8,39.45205479452055
7353,7353,9,24.10958904109589
7354,7354,10,17.534246575342465
7355,7355,11,15.342465753424655
7356,7356,12,15.342465753424655
7357,7357,13,15.342465753424655
7358,7358,14,17.534246575342465
7359,7359,15,21.91780821917808
7360,7360,16,30.68493150684931
7361,7361,17,39.45205479452055
7362,7362,18,43.83561643835616
7363,7363,19,43.83561643835616
7364,7364,20,39.45205479452055
7365,7365,21,30.68493150684931
7366,7366,22,19.726027397260275
7367,7367,23,10.95890410958904
7368,7368,0,6.575342465753424
7369,7369,1,4.383561643835616
7370,7370,2,4.383561643835616
7371,7371,3,4.383561643835616
7372,7372,4,6.575342465753424
7373,7373,5,17.534246575342465
7374,7374,6,35.06849315068493
7375,7375,7,43.83561643835616
7376,7376,8,39.45205479452055
7377,7377,9,24.10958904109589
7378,7378,10,17.534246575342465
7379,7379,11,15.342465753424655
7380,7380,12,15.342465753424655
7381,7381,13,15.342465753424655
7382,7382,14,17.534246575342465
7383,7383,15,21.91780821917808
7384,7384,16,30.68493150684931
7385,7385,17,39.45205479452055
7386,7386,18,43.83561643835616
7387,7387,19,43.83561643835616
7388,7388,20,39.45205479452055
7389,7389,21,30.68493150684931
7390,7390,22,19.726027397260275
7391,7391,23,10.95890410958904
7392,7392,0,6.575342465753424
7393,7393,1,4.383561643835616
7394,7394,2,4.383561643835616
7395,7395,3,4.383561643835616
7396,7396,4,6.575342465753424
7397,7397,5,17.534246575342465
7398,7398,6,35.06849315068493
7399,7399,7,43.83561643835616
7400,7400,8,39.45205479452055
7401,7401,9,24.10958904109589
7402,7402,10,17.534246575342465
7403,7403,11,15.342465753424655
7404,7404,12,15.342465753424655
7405,7405,13,15.342465753424655
7406,7406,14,17.534246575342465
7407,7407,15,21.91780821917808
7408,7408,16,30.68493150684931
7409,7409,17,39.45205479452055
7410,7410,18,43.83561643835616
7411,7411,19,43.83561643835616
7412,7412,20,39.45205479452055
7413,7413,21,30.68493150684931
7414,7414,22,19.726027397260275
7415,7415,23,10.95890410958904
7416,7416,0,6.575342465753424
7417,7417,1,4.383561643835616
7418,7418,2,4.383561643835616
7419,7419,3,4.383561643835616
7420,7420,4,6.575342465753424
7421,7421,5,17.534246575342465
7422,7422,6,35.06849315068493
7423,7423,7,43.83561643835616
7424,7424,8,39.45205479452055
7425,7425,9,24.10958904109589
7426,7426,10,17.534246575342465
7427,7427,11,15.342465753424655
7428,7428,12,15.342465753424655
7429,7429,13,15.342465753424655
7430,7430,14,17.534246575342465
7431,7431,15,21.91780821917808
7432,7432,16,30.68493150684931
7433,7433,17,39.45205479452055
7434,7434,18,43.83561643835616
7435,7435,19,43.83561643835616
7436,7436,20,39.45205479452055
7437,7437,21,30.68493150684931
7438,7438,22,19.726027397260275
7439,7439,23,10.95890410958904
7440,7440,0,6.575342465753424
7441,7441,1,4.383561643835616
7442,7442,2,4.383561643835616
7443,7443,3,4.383561643835616
7444,7444,4,6.575342465753424
7445,7445,5,17.534246575342465
7446,7446,6,35.06849315068493
7447,7447,7,43.83561643835616
7448,7448,8,39.45205479452055
7449,7449,9,24.10958904109589
7450,7450,10,17.534246575342465
7451,7451,11,15.342465753424655
7452,7452,12,15.342465753424655
7453,7453,13,15.342465753424655
7454,7454,14,17.534246575342465
7455,7455,15,21.91780821917808
7456,7456,16,30.68493150684931
7457,7457,17,39.45205479452055
7458,7458,18,43.83561643835616
7459,7459,19,43.83561643835616
7460,7460,20,39.45205479452055
7461,7461,21,30.68493150684931
7462,7462,22,19.726027397260275
7463,7463,23,10.95890410958904
7464,7464,0,6.575342465753424
7465,7465,1,4.383561643835616
7466,7466,2,4.383561643835616
7467,7467,3,4.383561643835616
7468,7468,4,6.575342465753424
7469,7469,5,17.534246575342465
7470,7470,6,35.06849315068493
7471,7471,7,43.83561643835616
7472,7472,8,39.45205479452055
7473,7473,9,24.10958904109589
7474,7474,10,17.534246575342465
7475,7475,11,15.342465753424655
7476,7476,12,15.342465753424655
7477,7477,13,15.342465753424655
7478,7478,14,17.534246575342465
7479,7479,15,21.91780821917808
7480,7480,16,30.68493150684931
7481,7481,17,39.45205479452055
7482,7482,18,43.83561643835616
7483,7483,19,43.83561643835616
7484,7484,20,39.45205479452055
7485,7485,21,30.68493150684931
7486,7486,22,19.726027397260275
7487,7487,23,10.95890410958904
7488,7488,0,6.575342465753424
7489,7489,1,4.383561643835616
7490,7490,2,4.383561643835616
7491,7491,3,4.383561643835616
7492,7492,4,6.575342465753424
7493,7493,5,17.534246575342465
7494,7494,6,35.06849315068493
7495,7495,7,43.83561643835616
7496,7496,8,39.45205479452055
7497,7497,9,24.10958904109589
7498,7498,10,17.534246575342465
7499,7499,11,15.342465753424655
7500,7500,12,15.342465753424655
7501,7501,13,15.342465753424655
7502,7502,14,17.534246575342465
7503,7503,15,21.91780821917808
7504,7504,16,30.68493150684931
7505,7505,17,39.45205479452055
7506,7506,18,43.83561643835616
7507,7507,19,43.83561643835616
7508,7508,20,39.45205479452055
7509,7509,21,30.68493150684931
7510,7510,22,19.726027397260275
7511,7511,23,10.95890410958904
7512,7512,0,6.575342465753424
7513,7513,1,4.383561643835616
7514,7514,2,4.383561643835616
7515,7515,3,4.383561643835616
7516,7516,4,6.575342465753424
7517,7517,5,17.534246575342465
7518,7518,6,35.06849315068493
7519,7519,7,43.83561643835616
7520,7520,8,39.45205479452055
7521,7521,9,24.10958904109589
7522,7522,10,17.534246575342465
7523,7523,11,15.342465753424655
7524,7524,12,15.342465753424655
7525,7525,13,15.342465753424655
7526,7526,14,17.534246575342465
7527,7527,15,21.91780821917808
7528,7528,16,30.68493150684931
7529,7529,17,39.45205479452055
7530,7530,18,43.83561643835616
7531,7531,19,43.83561643835616
7532,7532,20,39.45205479452055
7533,7533,21,30.68493150684931
7534,7534,22,19.726027397260275
7535,7535,23,10.95890410958904
7536,7536,0,6.575342465753424
7537,7537,1,4.383561643835616
7538,7538,2,4.383561643835616
7539,7539,3,4.383561643835616
7540,7540,4,6.575342465753424
7541,7541,5,17.534246575342465
7542,7542,6,35.06849315068493
7543,7543,7,43.83561643835616
7544,7544,8,39.45205479452055
7545,7545,9,24.10958904109589
7546,7546,10,17.534246575342465
7547,7547,11,15.342465753424655
7548,7548,12,15.342465753424655
7549,7549,13,15.342465753424655
7550,7550,14,17.534246575342465
7551,7551,15,21.91780821917808
7552,7552,16,30.68493150684931
7553,7553,17,39.45205479452055
7554,7554,18,43.83561643835616
7555,7555,19,43.83561643835616
7556,7556,20,39.45205479452055
7557,7557,21,30.68493150684931
7558,7558,22,19.726027397260275
7559,7559,23,10.95890410958904
7560,7560,0,6.575342465753424
7561,7561,1,4.383561643835616
7562,7562,2,4.383561643835616
7563,7563,3,4.383561643835616
7564,7564,4,6.575342465753424
7565,7565,5,17.534246575342465
7566,7566,6,35.06849315068493
7567,7567,7,43.83561643835616
7568,7568,8,39.45205479452055
7569,7569,9,24.10958904109589
7570,7570,10,17.534246575342465
7571,7571,11,15.342465753424655
7572,7572,12,15.342465753424655
7573,7573,13,15.342465753424655
7574,7574,14,17.534246575342465
7575,7575,15,21.91780821917808
7576,7576,16,30.68493150684931
7577,7577,17,39.45205479452055
7578,7578,18,43.83561643835616
7579,7579,19,43.83561643835616
7580,7580,20,39.45205479452055
7581,7581,21,30.68493150684931
7582,7582,22,19.726027397260275
7583,7583,23,10.95890410958904
7584,7584,0,6.575342465753424
7585,7585,1,4.383561643835616
7586,7586,2,4.383561643835616
7587,7587,3,4.383561643835616
7588,7588,4,6.575342465753424
7589,7589,5,17.534246575342465
7590,7590,6,35.06849315068493
7591,7591,7,43.83561643835616
7592,7592,8,39.45205479452055
7593,7593,9,24.10958904109589
7594,7594,10,17.534246575342465
7595,7595,11,15.342465753424655
7596,7596,12,15.342465753424655
7597,7597,13,15.342465753424655
7598,7598,14,17.534246575342465
7599,7599,15,21.91780821917808
7600,7600,16,30.68493150684931
7601,7601,17,39.45205479452055
7602,7602,18,43.83561643835616
7603,7603,19,43.83561643835616
7604,7604,20,39.45205479452055
7605,7605,21,30.68493150684931
7606,7606,22,19.726027397260275
7607,7607,23,10.95890410958904
7608,7608,0,6.575342465753424
7609,7609,1,4.383561643835616
7610,7610,2,4.383561643835616
7611,7611,3,4.383561643835616
7612,7612,4,6.575342465753424
7613,7613,5,17.534246575342465
7614,7614,6,35.06849315068493
7615,7615,7,43.83561643835616
7616,7616,8,39.45205479452055
7617,7617,9,24.10958904109589
7618,7618,10,17.534246575342465
7619,7619,11,15.342465753424655
7620,7620,12,15.342465753424655
7621,7621,13,15.342465753424655
7622,7622,14,17.534246575342465
7623,7623,15,21.91780821917808
7624,7624,16,30.68493150684931
7625,7625,17,39.45205479452055
7626,7626,18,43.83561643835616
7627,7627,19,43.83561643835616
7628,7628,20,39.45205479452055
7629,7629,21,30.68493150684931
7630,7630,22,19.726027397260275
7631,7631,23,10.95890410958904
7632,7632,0,6.575342465753424
7633,7633,1,4.383561643835616
7634,7634,2,4.383561643835616
7635,7635,3,4.383561643835616
7636,7636,4,6.575342465753424
7637,7637,5,17.534246575342465
7638,7638,6,35.06849315068493
7639,7639,7,43.83561643835616
7640,7640,8,39.45205479452055
7641,7641,9,24.10958904109589
7642,7642,10,17.534246575342465
7643,7643,11,15.342465753424655
7644,7644,12,15.342465753424655
7645,7645,13,15.342465753424655
7646,7646,14,17.534246575342465
7647,7647,15,21.91780821917808
7648,7648,16,30.68493150684931
7649,7649,17,39.45205479452055
7650,7650,18,43.83561643835616
7651,7651,19,43.83561643835616
7652,7652,20,39.45205479452055
7653,7653,21,30.68493150684931
7654,7654,22,19.726027397260275
7655,7655,23,10.95890410958904
7656,7656,0,6.575342465753424
7657,7657,1,4.383561643835616
7658,7658,2,4.383561643835616
7659,7659,3,4.383561643835616
7660,7660,4,6.575342465753424
7661,7661,5,17.534246575342465
7662,7662,6,35.06849315068493
7663,7663,7,43.83561643835616
7664,7664,8,39.45205479452055
7665,7665,9,24.10958904109589
7666,7666,10,17.534246575342465
7667,7667,11,15.342465753424655
7668,7668,12,15.342465753424655
7669,7669,13,15.342465753424655
7670,7670,14,17.534246575342465
7671,7671,15,21.91780821917808
7672,7672,16,30.68493150684931
7673,7673,17,39.45205479452055
7674,7674,18,43.83561643835616
7675,7675,19,43.83561643835616
7676,7676,20,39.45205479452055
7677,7677,21,30.68493150684931
7678,7678,22,19.726027397260275
7679,7679,23,10.95890410958904
7680,7680,0,6.575342465753424
7681,7681,1,4.383561643835616
7682,7682,2,4.383561643835616
7683,7683,3,4.383561643835616
7684,7684,4,6.575342465753424
7685,7685,5,17.534246575342465
7686,7686,6,35.06849315068493
7687,7687,7,43.83561643835616
7688,7688,8,39.45205479452055
7689,7689,9,24.10958904109589
7690,7690,10,17.534246575342465
7691,7691,11,15.342465753424655
7692,7692,12,15.342465753424655
7693,7693,13,15.342465753424655
7694,7694,14,17.534246575342465
7695,7695,15,21.91780821917808
7696,7696,16,30.68493150684931
7697,7697,17,39.45205479452055
7698,7698,18,43.83561643835616
7699,7699,19,43.83561643835616
7700,7700,20,39.45205479452055
7701,7701,21,30.68493150684931
7702,7702,22,19.726027397260275
7703,7703,23,10.95890410958904
7704,7704,0,6.575342465753424
7705,7705,1,4.383561643835616
7706,7706,2,4.383561643835616
7707,7707,3,4.383561643835616
7708,7708,4,6.575342465753424
7709,7709,5,17.534246575342465
7710,7710,6,35.06849315068493
7711,7711,7,43.83561643835616
7712,7712,8,39.45205479452055
7713,7713,9,24.10958904109589
7714,7714,10,17.534246575342465
7715,7715,11,15.342465753424655
7716,7716,12,15.342465753424655
7717,7717,13,15.342465753424655
7718,7718,14,17.534246575342465
7719,7719,15,21.91780821917808
7720,7720,16,30.68493150684931
7721,7721,17,39.45205479452055
7722,7722,18,43.83561643835616
7723,7723,19,43.83561643835616
7724,7724,20,39.45205479452055
7725,7725,21,30.68493150684931
7726,7726,22,19.726027397260275
7727,7727,23,10.95890410958904
7728,7728,0,6.575342465753424
7729,7729,1,4.383561643835616
7730,7730,2,4.383561643835616
7731,7731,3,4.383561643835616
7732,7732,4,6.575342465753424
7733,7733,5,17.534246575342465
7734,7734,6,35.06849315068493
7735,7735,7,43.83561643835616
7736,7736,8,39.45205479452055
7737,7737,9,24.10958904109589
7738,7738,10,17.534246575342465
7739,7739,11,15.342465753424655
7740,7740,12,15.342465753424655
7741,7741,13,15.342465753424655
7742,7742,14,17.534246575342465
7743,7743,15,21.91780821917808
7744,7744,16,30.68493150684931
7745,7745,17,39.45205479452055
7746,7746,18,43.83561643835616
7747,7747,19,43.83561643835616
7748,7748,20,39.45205479452055
7749,7749,21,30.68493150684931
7750,7750,22,19.726027397260275
7751,7751,23,10.95890410958904
7752,7752,0,6.575342465753424
7753,7753,1,4.383561643835616
7754,7754,2,4.383561643835616
7755,7755,3,4.383561643835616
7756,7756,4,6.575342465753424
7757,7757,5,17.534246575342465
7758,7758,6,35.06849315068493
7759,7759,7,43.83561643835616
7760,7760,8,39.45205479452055
7761,7761,9,24.10958904109589
7762,7762,10,17.534246575342465
7763,7763,11,15.342465753424655
7764,7764,12,15.342465753424655
7765,7765,13,15.342465753424655
7766,7766,14,17.534246575342465
7767,7767,15,21.91780821917808
7768,7768,16,30.68493150684931
7769,7769,17,39.45205479452055
7770,7770,18,43.83561643835616
7771,7771,19,43.83561643835616
7772,7772,20,39.45205479452055
7773,7773,21,30.68493150684931
7774,7774,22,19.726027397260275
7775,7775,23,10.95890410958904
7776,7776,0,6.575342465753424
7777,7777,1,4.383561643835616
7778,7778,2,4.383561643835616
7779,7779,3,4.383561643835616
7780,7780,4,6.575342465753424
7781,7781,5,17.534246575342465
7782,7782,6,35.06849315068493
7783,7783,7,43.83561643835616
7784,7784,8,39.45205479452055
7785,7785,9,24.10958904109589
7786,7786,10,17.534246575342465
7787,7787,11,15.342465753424655
7788,7788,12,15.342465753424655
7789,7789,13,15.342465753424655
7790,7790,14,17.534246575342465
7791,7791,15,21.91780821917808
7792,7792,16,30.68493150684931
7793,7793,17,39.45205479452055
7794,7794,18,43.83561643835616
7795,7795,19,43.83561643835616
7796,7796,20,39.45205479452055
7797,7797,21,30.68493150684931
7798,7798,22,19.726027397260275
7799,7799,23,10.95890410958904
7800,7800,0,6.575342465753424
7801,7801,1,4.383561643835616
7802,7802,2,4.383561643835616
7803,7803,3,4.383561643835616
7804,7804,4,6.575342465753424
7805,7805,5,17.534246575342465
7806,7806,6,35.06849315068493
7807,7807,7,43.83561643835616
7808,7808,8,39.45205479452055
7809,7809,9,24.10958904109589
7810,7810,10,17.534246575342465
7811,7811,11,15.342465753424655
7812,7812,12,15.342465753424655
7813,7813,13,15.342465753424655
7814,7814,14,17.534246575342465
7815,7815,15,21.91780821917808
7816,7816,16,30.68493150684931
7817,7817,17,39.45205479452055
7818,7818,18,43.83561643835616
7819,7819,19,43.83561643835616
7820,7820,20,39.45205479452055
7821,7821,21,30.68493150684931
7822,7822,22,19.726027397260275
7823,7823,23,10.95890410958904
7824,7824,0,6.575342465753424
7825,7825,1,4.383561643835616
7826,7826,2,4.383561643835616
7827,7827,3,4.383561643835616
7828,7828,4,6.575342465753424
7829,7829,5,17.534246575342465
7830,7830,6,35.06849315068493
7831,7831,7,43.83561643835616
7832,7832,8,39.45205479452055
7833,7833,9,24.10958904109589
7834,7834,10,17.534246575342465
7835,7835,11,15.342465753424655
7836,7836,12,15.342465753424655
7837,7837,13,15.342465753424655
7838,7838,14,17.534246575342465
7839,7839,15,21.91780821917808
7840,7840,16,30.68493150684931
7841,7841,17,39.45205479452055
7842,7842,18,43.83561643835616
7843,7843,19,43.83561643835616
7844,7844,20,39.45205479452055
7845,7845,21,30.68493150684931
7846,7846,22,19.726027397260275
7847,7847,23,10.95890410958904
7848,7848,0,6.575342465753424
7849,7849,1,4.383561643835616
7850,7850,2,4.383561643835616
7851,7851,3,4.383561643835616
7852,7852,4,6.575342465753424
7853,7853,5,17.534246575342465
7854,7854,6,35.06849315068493
7855,7855,7,43.83561643835616
7856,7856,8,39.45205479452055
7857,7857,9,24.10958904109589
7858,7858,10,17.534246575342465
7859,7859,11,15.342465753424655
7860,7860,12,15.342465753424655
7861,7861,13,15.342465753424655
7862,7862,14,17.534246575342465
7863,7863,15,21.91780821917808
7864,7864,16,30.68493150684931
7865,7865,17,39.45205479452055
7866,7866,18,43.83561643835616
7867,7867,19,43.83561643835616
7868,7868,20,39.45205479452055
7869,7869,21,30.68493150684931
7870,7870,22,19.726027397260275
7871,7871,23,10.95890410958904
7872,7872,0,6.575342465753424
7873,7873,1,4.383561643835616
7874,7874,2,4.383561643835616
7875,7875,3,4.383561643835616
7876,7876,4,6.575342465753424
7877,7877,5,17.534246575342465
7878,7878,6,35.06849315068493
7879,7879,7,43.83561643835616
7880,7880,8,39.45205479452055
7881,7881,9,24.10958904109589
7882,7882,10,17.534246575342465
7883,7883,11,15.342465753424655
7884,7884,12,15.342465753424655
7885,7885,13,15.342465753424655
7886,7886,14,17.534246575342465
7887,7887,15,21.91780821917808
7888,7888,16,30.68493150684931
7889,7889,17,39.45205479452055
7890,7890,18,43.83561643835616
7891,7891,19,43.83561643835616
7892,7892,20,39.45205479452055
7893,7893,21,30.68493150684931
7894,7894,22,19.726027397260275
7895,7895,23,10.95890410958904
7896,7896,0,6.575342465753424
7897,7897,1,4.383561643835616
7898,7898,2,4.383561643835616
7899,7899,3,4.383561643835616
7900,7900,4,6.575342465753424
7901,7901,5,17.534246575342465
7902,7902,6,35.06849315068493
7903,7903,7,43.83561643835616
7904,7904,8,39.45205479452055
7905,7905,9,24.10958904109589
7906,7906,10,17.534246575342465
7907,7907,11,15.342465753424655
7908,7908,12,15.342465753424655
7909,7909,13,15.342465753424655
7910,7910,14,17.534246575342465
7911,7911,15,21.91780821917808
7912,7912,16,30.68493150684931
7913,7913,17,39.45205479452055
7914,7914,18,43.83561643835616
7915,7915,19,43.83561643835616
7916,7916,20,39.45205479452055
7917,7917,21,30.68493150684931
7918,7918,22,19.726027397260275
7919,7919,23,10.95890410958904
7920,7920,0,6.575342465753424
7921,7921,1,4.383561643835616
7922,7922,2,4.383561643835616
7923,7923,3,4.383561643835616
7924,7924,4,6.575342465753424
7925,7925,5,17.534246575342465
7926,7926,6,35.06849315068493
7927,7927,7,43.83561643835616
7928,7928,8,39.45205479452055
7929,7929,9,24.10958904109589
7930,7930,10,17.534246575342465
7931,7931,11,15.342465753424655
7932,7932,12,15.342465753424655
7933,7933,13,15.342465753424655
7934,7934,14,17.534246575342465
7935,7935,15,21.91780821917808
7936,7936,16,30.68493150684931
7937,7937,17,39.45205479452055
7938,7938,18,43.83561643835616
7939,7939,19,43.83561643835616
7940,7940,20,39.45205479452055
7941,7941,21,30.68493150684931
7942,7942,22,19.726027397260275
7943,7943,23,10.95890410958904
7944,7944,0,6.575342465753424
7945,7945,1,4.383561643835616
7946,7946,2,4.383561643835616
7947,7947,3,4.383561643835616
7948,7948,4,6.575342465753424
7949,7949,5,17.534246575342465
7950,7950,6,35.06849315068493
7951,7951,7,43.83561643835616
7952,7952,8,39.45205479452055
7953,7953,9,24.10958904109589
7954,7954,10,17.534246575342465
7955,7955,11,15.342465753424655
7956,7956,12,15.342465753424655
7957,7957,13,15.342465753424655
7958,7958,14,17.534246575342465
7959,7959,15,21.91780821917808
7960,7960,16,30.68493150684931
7961,7961,17,39.45205479452055
7962,7962,18,43.83561643835616
7963,7963,19,43.83561643835616
7964,7964,20,39.45205479452055
7965,7965,21,30.68493150684931
7966,7966,22,19.726027397260275
7967,7967,23,10.95890410958904
7968,7968,0,6.575342465753424
7969,7969,1,4.383561643835616
7970,7970,2,4.383561643835616
7971,7971,3,4.383561643835616
7972,7972,4,6.575342465753424
7973,7973,5,17.534246575342465
7974,7974,6,35.06849315068493
7975,7975,7,43.83561643835616
7976,7976,8,39.45205479452055
7977,7977,9,24.10958904109589
7978,7978,10,17.534246575342465
7979,7979,11,15.342465753424655
7980,7980,12,15.342465753424655
7981,7981,13,15.342465753424655
7982,7982,14,17.534246575342465
7983,7983,15,21.91780821917808
7984,7984,16,30.68493150684931
7985,7985,17,39.45205479452055
7986,7986,18,43.83561643835616
7987,7987,19,43.83561643835616
7988,7988,20,39.45205479452055
7989,7989,21,30.68493150684931
7990,7990,22,19.726027397260275
7991,7991,23,10.95890410958904
7992,7992,0,6.575342465753424
7993,7993,1,4.383561643835616
7994,7994,2,4.383561643835616
7995,7995,3,4.383561643835616
7996,7996,4,6.575342465753424
7997,7997,5,17.534246575342465
7998,7998,6,35.06849315068493
7999,7999,7,43.83561643835616
8000,8000,8,39.45205479452055
8001,8001,9,24.10958904109589
8002,8002,10,17.534246575342465
8003,8003,11,15.342465753424655
8004,8004,12,15.342465753424655
8005,8005,13,15.342465753424655
8006,8006,14,17.534246575342465
8007,8007,15,21.91780821917808
8008,8008,16,30.68493150684931
8009,8009,17,39.45205479452055
8010,8010,18,43.83561643835616
8011,8011,19,43.83561643835616
8012,8012,20,39.45205479452055
8013,8013,21,30.68493150684931
8014,8014,22,19.726027397260275
8015,8015,23,10.95890410958904
8016,8016,0,6.575342465753424
8017,8017,1,4.383561643835616
8018,8018,2,4.383561643835616
8019,8019,3,4.383561643835616
8020,8020,4,6.575342465753424
8021,8021,5,17.534246575342465
8022,8022,6,35.06849315068493
8023,8023,7,43.83561643835616
8024,8024,8,39.45205479452055
8025,8025,9,24.10958904109589
8026,8026,10,17.534246575342465
8027,8027,11,15.342465753424655
8028,8028,12,15.342465753424655
8029,8029,13,15.342465753424655
8030,8030,14,17.534246575342465
8031,8031,15,21.91780821917808
8032,8032,16,30.68493150684931
8033,8033,17,39.45205479452055
8034,8034,18,43.83561643835616
8035,8035,19,43.83561643835616
8036,8036,20,39.45205479452055
8037,8037,21,30.68493150684931
8038,8038,22,19.726027397260275
8039,8039,23,10.95890410958904
8040,8040,0,6.575342465753424
8041,8041,1,4.383561643835616
8042,8042,2,4.383561643835616
8043,8043,3,4.383561643835616
8044,8044,4,6.575342465753424
8045,8045,5,17.534246575342465
8046,8046,6,35.06849315068493
8047,8047,7,43.83561643835616
8048,8048,8,39.45205479452055
8049,8049,9,24.10958904109589
8050,8050,10,17.534246575342465
8051,8051,11,15.342465753424655
8052,8052,12,15.342465753424655
8053,8053,13,15.342465753424655
8054,8054,14,17.534246575342465
8055,8055,15,21.91780821917808
8056,8056,16,30.68493150684931
8057,8057,17,39.45205479452055
8058,8058,18,43.83561643835616
8059,8059,19,43.83561643835616
8060,8060,20,39.45205479452055
8061,8061,21,30.68493150684931
8062,8062,22,19.726027397260275
8063,8063,23,10.95890410958904
8064,8064,0,6.575342465753424
8065,8065,1,4.383561643835616
8066,8066,2,4.383561643835616
8067,8067,3,4.383561643835616
8068,8068,4,6.575342465753424
8069,8069,5,17.534246575342465
8070,8070,6,35.06849315068493
8071,8071,7,43.83561643835616
8072,8072,8,39.45205479452055
8073,8073,9,24.10958904109589
8074,8074,10,17.534246575342465
8075,8075,11,15.342465753424655
8076,8076,12,15.342465753424655
8077,8077,13,15.342465753424655
8078,8078,14,17.534246575342465
8079,8079,15,21.91780821917808
8080,8080,16,30.68493150684931
8081,8081,17,39.45205479452055
8082,8082,18,43.83561643835616
8083,8083,19,43.83561643835616
8084,8084,20,39.45205479452055
8085,8085,21,30.68493150684931
8086,8086,22,19.726027397260275
8087,8087,23,10.95890410958904
8088,8088,0,6.575342465753424
8089,8089,1,4.383561643835616
8090,8090,2,4.383561643835616
8091,8091,3,4.383561643835616
8092,8092,4,6.575342465753424
8093,8093,5,17.534246575342465
8094,8094,6,35.06849315068493
8095,8095,7,43.83561643835616
8096,8096,8,39.45205479452055
8097,8097,9,24.10958904109589
8098,8098,10,17.534246575342465
8099,8099,11,15.342465753424655
8100,8100,12,15.342465753424655
8101,8101,13,15.342465753424655
8102,8102,14,17.534246575342465
8103,8103,15,21.91780821917808
8104,8104,16,30.68493150684931
8105,8105,17,39.45205479452055
8106,8106,18,43.83561643835616
8107,8107,19,43.83561643835616
8108,8108,20,39.45205479452055
8109,8109,21,30.68493150684931
8110,8110,22,19.726027397260275
8111,8111,23,10.95890410958904
8112,8112,0,6.575342465753424
8113,8113,1,4.383561643835616
8114,8114,2,4.383561643835616
8115,8115,3,4.383561643835616
8116,8116,4,6.575342465753424
8117,8117,5,17.534246575342465
8118,8118,6,35.06849315068493
8119,8119,7,43.83561643835616
8120,8120,8,39.45205479452055
8121,8121,9,24.10958904109589
8122,8122,10,17.534246575342465
8123,8123,11,15.342465753424655
8124,8124,12,15.342465753424655
8125,8125,13,15.342465753424655
8126,8126,14,17.534246575342465
8127,8127,15,21.91780821917808
8128,8128,16,30.68493150684931
8129,8129,17,39.45205479452055
8130,8130,18,43.83561643835616
8131,8131,19,43.83561643835616
8132,8132,20,39.45205479452055
8133,8133,21,30.68493150684931
8134,8134,22,19.726027397260275
8135,8135,23,10.95890410958904
8136,8136,0,6.575342465753424
8137,8137,1,4.383561643835616
8138,8138,2,4.383561643835616
8139,8139,3,4.383561643835616
8140,8140,4,6.575342465753424
8141,8141,5,17.534246575342465
8142,8142,6,35.06849315068493
8143,8143,7,43.83561643835616
8144,8144,8,39.45205479452055
8145,8145,9,24.10958904109589
8146,8146,10,17.534246575342465
8147,8147,11,15.342465753424655
8148,8148,12,15.342465753424655
8149,8149,13,15.342465753424655
8150,8150,14,17.534246575342465
8151,8151,15,21.91780821917808
8152,8152,16,30.68493150684931
8153,8153,17,39.45205479452055
8154,8154,18,43.83561643835616
8155,8155,19,43.83561643835616
8156,8156,20,39.45205479452055
8157,8157,21,30.68493150684931
8158,8158,22,19.726027397260275
8159,8159,23,10.95890410958904
8160,8160,0,6.575342465753424
8161,8161,1,4.383561643835616
8162,8162,2,4.383561643835616
8163,8163,3,4.383561643835616
8164,8164,4,6.575342465753424
8165,8165,5,17.534246575342465
8166,8166,6,35.06849315068493
8167,8167,7,43.83561643835616
8168,8168,8,39.45205479452055
8169,8169,9,24.10958904109589
8170,8170,10,17.534246575342465
8171,8171,11,15.342465753424655
8172,8172,12,15.342465753424655
8173,8173,13,15.342465753424655
8174,8174,14,17.534246575342465
8175,8175,15,21.91780821917808
8176,8176,16,30.68493150684931
8177,8177,17,39.45205479452055
8178,8178,18,43.83561643835616
8179,8179,19,43.83561643835616
8180,8180,20,39.45205479452055
8181,8181,21,30.68493150684931
8182,8182,22,19.726027397260275
8183,8183,23,10.95890410958904
8184,8184,0,6.575342465753424
8185,8185,1,4.383561643835616
8186,8186,2,4.383561643835616
8187,8187,3,4.383561643835616
8188,8188,4,6.575342465753424
8189,8189,5,17.534246575342465
8190,8190,6,35.06849315068493
8191,8191,7,43.83561643835616
8192,8192,8,39.45205479452055
8193,8193,9,24.10958904109589
8194,8194,10,17.534246575342465
8195,8195,11,15.342465753424655
8196,8196,12,15.342465753424655
8197,8197,13,15.342465753424655
8198,8198,14,17.534246575342465
8199,8199,15,21.91780821917808
8200,8200,16,30.68493150684931
8201,8201,17,39.45205479452055
8202,8202,18,43.83561643835616
8203,8203,19,43.83561643835616
8204,8204,20,39.45205479452055
8205,8205,21,30.68493150684931
8206,8206,22,19.726027397260275
8207,8207,23,10.95890410958904
8208,8208,0,6.575342465753424
8209,8209,1,4.383561643835616
8210,8210,2,4.383561643835616
8211,8211,3,4.383561643835616
8212,8212,4,6.575342465753424
8213,8213,5,17.534246575342465
8214,8214,6,35.06849315068493
8215,8215,7,43.83561643835616
8216,8216,8,39.45205479452055
8217,8217,9,24.10958904109589
8218,8218,10,17.534246575342465
8219,8219,11,15.342465753424655
8220,8220,12,15.342465753424655
8221,8221,13,15.342465753424655
8222,8222,14,17.534246575342465
8223,8223,15,21.91780821917808
8224,8224,16,30.68493150684931
8225,8225,17,39.45205479452055
8226,8226,18,43.83561643835616
8227,8227,19,43.83561643835616
8228,8228,20,39.45205479452055
8229,8229,21,30.68493150684931
8230,8230,22,19.726027397260275
8231,8231,23,10.95890410958904
8232,8232,0,6.575342465753424
8233,8233,1,4.383561643835616
8234,8234,2,4.383561643835616
8235,8235,3,4.383561643835616
8236,8236,4,6.575342465753424
8237,8237,5,17.534246575342465
8238,8238,6,35.06849315068493
8239,8239,7,43.83561643835616
8240,8240,8,39.45205479452055
8241,8241,9,24.10958904109589
8242,8242,10,17.534246575342465
8243,8243,11,15.342465753424655
8244,8244,12,15.342465753424655
8245,8245,13,15.342465753424655
8246,8246,14,17.534246575342465
8247,8247,15,21.91780821917808
8248,8248,16,30.68493150684931
8249,8249,17,39.45205479452055
8250,8250,18,43.83561643835616
8251,8251,19,43.83561643835616
8252,8252,20,39.45205479452055
8253,8253,21,30.68493150684931
8254,8254,22,19.726027397260275
8255,8255,23,10.95890410958904
8256,8256,0,6.575342465753424
8257,8257,1,4.383561643835616
8258,8258,2,4.383561643835616
8259,8259,3,4.383561643835616
8260,8260,4,6.575342465753424
8261,8261,5,17.534246575342465
8262,8262,6,35.06849315068493
8263,8263,7,43.83561643835616
8264,8264,8,39.45205479452055
8265,8265,9,24.10958904109589
8266,8266,10,17.534246575342465
8267,8267,11,15.342465753424655
8268,8268,12,15.342465753424655
8269,8269,13,15.342465753424655
8270,8270,14,17.534246575342465
8271,8271,15,21.91780821917808
8272,8272,16,30.68493150684931
8273,8273,17,39.45205479452055
8274,8274,18,43.83561643835616
8275,8275,19,43.83561643835616
8276,8276,20,39.45205479452055
8277,8277,21,30.68493150684931
8278,8278,22,19.726027397260275
8279,8279,23,10.95890410958904
8280,8280,0,6.575342465753424
8281,8281,1,4.383561643835616
8282,8282,2,4.383561643835616
8283,8283,3,4.383561643835616
8284,8284,4,6.575342465753424
8285,8285,5,17.534246575342465
8286,8286,6,35.06849315068493
8287,8287,7,43.83561643835616
8288,8288,8,39.45205479452055
8289,8289,9,24.10958904109589
8290,8290,10,17.534246575342465
8291,8291,11,15.342465753424655
8292,8292,12,15.342465753424655
8293,8293,13,15.342465753424655
8294,8294,14,17.534246575342465
8295,8295,15,21.91780821917808
8296,8296,16,30.68493150684931
8297,8297,17,39.45205479452055
8298,8298,18,43.83561643835616
8299,8299,19,43.83561643835616
8300,8300,20,39.45205479452055
8301,8301,21,30.68493150684931
8302,8302,22,19.726027397260275
8303,8303,23,10.95890410958904
8304,8304,0,6.575342465753424
8305,8305,1,4.383561643835616
8306,8306,2,4.383561643835616
8307,8307,3,4.383561643835616
8308,8308,4,6.575342465753424
8309,8309,5,17.534246575342465
8310,8310,6,35.06849315068493
8311,8311,7,43.83561643835616
8312,8312,8,39.45205479452055
8313,8313,9,24.10958904109589
8314,8314,10,17.534246575342465
8315,8315,11,15.342465753424655
8316,8316,12,15.342465753424655
8317,8317,13,15.342465753424655
8318,8318,14,17.534246575342465
8319,8319,15,21.91780821917808
8320,8320,16,30.68493150684931
8321,8321,17,39.45205479452055
8322,8322,18,43.83561643835616
8323,8323,19,43.83561643835616
8324,8324,20,39.45205479452055
8325,8325,21,30.68493150684931
8326,8326,22,19.726027397260275
8327,8327,23,10.95890410958904
8328,8328,0,6.575342465753424
8329,8329,1,4.383561643835616
8330,8330,2,4.383561643835616
8331,8331,3,4.383561643835616
8332,8332,4,6.575342465753424
8333,8333,5,17.534246575342465
8334,8334,6,35.06849315068493
8335,8335,7,43.83561643835616
8336,8336,8,39.45205479452055
8337,8337,9,24.10958904109589
8338,8338,10,17.534246575342465
8339,8339,11,15.342465753424655
8340,8340,12,15.342465753424655
8341,8341,13,15.342465753424655
8342,8342,14,17.534246575342465
8343,8343,15,21.91780821917808
8344,8344,16,30.68493150684931
8345,8345,17,39.45205479452055
8346,8346,18,43.83561643835616
8347,8347,19,43.83561643835616
8348,8348,20,39.45205479452055
8349,8349,21,30.68493150684931
8350,8350,22,19.726027397260275
8351,8351,23,10.95890410958904
8352,8352,0,6.575342465753424
8353,8353,1,4.383561643835616
8354,8354,2,4.383561643835616
8355,8355,3,4.383561643835616
8356,8356,4,6.575342465753424
8357,8357,5,17.534246575342465
8358,8358,6,35.06849315068493
8359,8359,7,43.83561643835616
8360,8360,8,39.45205479452055
8361,8361,9,24.10958904109589
8362,8362,10,17.534246575342465
8363,8363,11,15.342465753424655
8364,8364,12,15.342465753424655
8365,8365,13,15.342465753424655
8366,8366,14,17.534246575342465
8367,8367,15,21.91780821917808
8368,8368,16,30.68493150684931
8369,8369,17,39.45205479452055
8370,8370,18,43.83561643835616
8371,8371,19,43.83561643835616
8372,8372,20,39.45205479452055
8373,8373,21,30.68493150684931
8374,8374,22,19.726027397260275
8375,8375,23,10.95890410958904
8376,8376,0,6.575342465753424
8377,8377,1,4.383561643835616
8378,8378,2,4.383561643835616
8379,8379,3,4.383561643835616
8380,8380,4,6.575342465753424
8381,8381,5,17.534246575342465
8382,8382,6,35.06849315068493
8383,8383,7,43.83561643835616
8384,8384,8,39.45205479452055
8385,8385,9,24.10958904109589
8386,8386,10,17.534246575342465
8387,8387,11,15.342465753424655
8388,8388,12,15.342465753424655
8389,8389,13,15.342465753424655
8390,8390,14,17.534246575342465
8391,8391,15,21.91780821917808
8392,8392,16,30.68493150684931
8393,8393,17,39.45205479452055
8394,8394,18,43.83561643835616
8395,8395,19,43.83561643835616
8396,8396,20,39.45205479452055
8397,8397,21,30.68493150684931
8398,8398,22,19.726027397260275
8399,8399,23,10.95890410958904
8400,8400,0,6.575342465753424
8401,8401,1,4.383561643835616
8402,8402,2,4.383561643835616
8403,8403,3,4.383561643835616
8404,8404,4,6.575342465753424
8405,8405,5,17.534246575342465
8406,8406,6,35.06849315068493
8407,8407,7,43.83561643835616
8408,8408,8,39.45205479452055
8409,8409,9,24.10958904109589
8410,8410,10,17.534246575342465
8411,8411,11,15.342465753424655
8412,8412,12,15.342465753424655
8413,8413,13,15.342465753424655
8414,8414,14,17.534246575342465
8415,8415,15,21.91780821917808
8416,8416,16,30.68493150684931
8417,8417,17,39.45205479452055
8418,8418,18,43.83561643835616
8419,8419,19,43.83561643835616
8420,8420,20,39.45205479452055
8421,8421,21,30.68493150684931
8422,8422,22,19.726027397260275
8423,8423,23,10.95890410958904
8424,8424,0,6.575342465753424
8425,8425,1,4.383561643835616
8426,8426,2,4.383561643835616
8427,8427,3,4.383561643835616
8428,8428,4,6.575342465753424
8429,8429,5,17.534246575342465
8430,8430,6,35.06849315068493
8431,8431,7,43.83561643835616
8432,8432,8,39.45205479452055
8433,8433,9,24.10958904109589
8434,8434,10,17.534246575342465
8435,8435,11,15.342465753424655
8436,8436,12,15.342465753424655
8437,8437,13,15.342465753424655
8438,8438,14,17.534246575342465
8439,8439,15,21.91780821917808
8440,8440,16,30.68493150684931
8441,8441,17,39.45205479452055
8442,8442,18,43.83561643835616
8443,8443,19,43.83561643835616
8444,8444,20,39.45205479452055
8445,8445,21,30.68493150684931
8446,8446,22,19.726027397260275
8447,8447,23,10.95890410958904
8448,8448,0,6.575342465753424
8449,8449,1,4.383561643835616
8450,8450,2,4.383561643835616
8451,8451,3,4.383561643835616
8452,8452,4,6.575342465753424
8453,8453,5,17.534246575342465
8454,8454,6,35.06849315068493
8455,8455,7,43.83561643835616
8456,8456,8,39.45205479452055
8457,8457,9,24.10958904109589
8458,8458,10,17.534246575342465
8459,8459,11,15.342465753424655
8460,8460,12,15.342465753424655
8461,8461,13,15.342465753424655
8462,8462,14,17.534246575342465
8463,8463,15,21.91780821917808
8464,8464,16,30.68493150684931
8465,8465,17,39.45205479452055
8466,8466,18,43.83561643835616
8467,8467,19,43.83561643835616
8468,8468,20,39.45205479452055
8469,8469,21,30.68493150684931
8470,8470,22,19.726027397260275
8471,8471,23,10.95890410958904
8472,8472,0,6.575342465753424
8473,8473,1,4.383561643835616
8474,8474,2,4.383561643835616
8475,8475,3,4.383561643835616
8476,8476,4,6.575342465753424
8477,8477,5,17.534246575342465
8478,8478,6,35.06849315068493
8479,8479,7,43.83561643835616
8480,8480,8,39.45205479452055
8481,8481,9,24.10958904109589
8482,8482,10,17.534246575342465
8483,8483,11,15.342465753424655
8484,8484,12,15.342465753424655
8485,8485,13,15.342465753424655
8486,8486,14,17.534246575342465
8487,8487,15,21.91780821917808
8488,8488,16,30.68493150684931
8489,8489,17,39.45205479452055
8490,8490,18,43.83561643835616
8491,8491,19,43.83561643835616
8492,8492,20,39.45205479452055
8493,8493,21,30.68493150684931
8494,8494,22,19.726027397260275
8495,8495,23,10.95890410958904
8496,8496,0,6.575342465753424
8497,8497,1,4.383561643835616
8498,8498,2,4.383561643835616
8499,8499,3,4.383561643835616
8500,8500,4,6.575342465753424
8501,8501,5,17.534246575342465
8502,8502,6,35.06849315068493
8503,8503,7,43.83561643835616
8504,8504,8,39.45205479452055
8505,8505,9,24.10958904109589
8506,8506,10,17.534246575342465
8507,8507,11,15.342465753424655
8508,8508,12,15.342465753424655
8509,8509,13,15.342465753424655
8510,8510,14,17.534246575342465
8511,8511,15,21.91780821917808
8512,8512,16,30.68493150684931
8513,8513,17,39.45205479452055
8514,8514,18,43.83561643835616
8515,8515,19,43.83561643835616
8516,8516,20,39.45205479452055
8517,8517,21,30.68493150684931
8518,8518,22,19.726027397260275
8519,8519,23,10.95890410958904
8520,8520,0,6.575342465753424
8521,8521,1,4.383561643835616
8522,8522,2,4.383561643835616
8523,8523,3,4.383561643835616
8524,8524,4,6.575342465753424
8525,8525,5,17.534246575342465
8526,8526,6,35.06849315068493
8527,8527,7,43.83561643835616
8528,8528,8,39.45205479452055
8529,8529,9,24.10958904109589
8530,8530,10,17.534246575342465
8531,8531,11,15.342465753424655
8532,8532,12,15.342465753424655
8533,8533,13,15.342465753424655
8534,8534,14,17.534246575342465
8535,8535,15,21.91780821917808
8536,8536,16,30.68493150684931
8537,8537,17,39.45205479452055
8538,8538,18,43.83561643835616
8539,8539,19,43.83561643835616
8540,8540,20,39.45205479452055
8541,8541,21,30.68493150684931
8542,8542,22,19.726027397260275
8543,8543,23,10.95890410958904
8544,8544,0,6.575342465753424
8545,8545,1,4.383561643835616
8546,8546,2,4.383561643835616
8547,8547,3,4.383561643835616
8548,8548,4,6.575342465753424
8549,8549,5,17.534246575342465
8550,8550,6,35.06849315068493
8551,8551,7,43.83561643835616
8552,8552,8,39.45205479452055
8553,8553,9,24.10958904109589
8554,8554,10,17.534246575342465
8555,8555,11,15.342465753424655
8556,8556,12,15.342465753424655
8557,8557,13,15.342465753424655
8558,8558,14,17.534246575342465
8559,8559,15,21.91780821917808
8560,8560,16,30.68493150684931
8561,8561,17,39.45205479452055
8562,8562,18,43.83561643835616
8563,8563,19,43.83561643835616
8564,8564,20,39.45205479452055
8565,8565,21,30.68493150684931
8566,8566,22,19.726027397260275
8567,8567,23,10.95890410958904
8568,8568,0,6.575342465753424
8569,8569,1,4.383561643835616
8570,8570,2,4.383561643835616
8571,8571,3,4.383561643835616
8572,8572,4,6.575342465753424
8573,8573,5,17.534246575342465
8574,8574,6,35.06849315068493
8575,8575,7,43.83561643835616
8576,8576,8,39.45205479452055
8577,8577,9,24.10958904109589
8578,8578,10,17.534246575342465
8579,8579,11,15.342465753424655
8580,8580,12,15.342465753424655
8581,8581,13,15.342465753424655
8582,8582,14,17.534246575342465
8583,8583,15,21.91780821917808
8584,8584,16,30.68493150684931
8585,8585,17,39.45205479452055
8586,8586,18,43.83561643835616
8587,8587,19,43.83561643835616
8588,8588,20,39.45205479452055
8589,8589,21,30.68493150684931
8590,8590,22,19.726027397260275
8591,8591,23,10.95890410958904
8592,8592,0,6.575342465753424
8593,8593,1,4.383561643835616
8594,8594,2,4.383561643835616
8595,8595,3,4.383561643835616
8596,8596,4,6.575342465753424
8597,8597,5,17.534246575342465
8598,8598,6,35.06849315068493
8599,8599,7,43.83561643835616
8600,8600,8,39.45205479452055
8601,8601,9,24.10958904109589
8602,8602,10,17.534246575342465
8603,8603,11,15.342465753424655
8604,8604,12,15.342465753424655
8605,8605,13,15.342465753424655
8606,8606,14,17.534246575342465
8607,8607,15,21.91780821917808
8608,8608,16,30.68493150684931
8609,8609,17,39.45205479452055
8610,8610,18,43.83561643835616
8611,8611,19,43.83561643835616
8612,8612,20,39.45205479452055
8613,8613,21,30.68493150684931
8614,8614,22,19.726027397260275
8615,8615,23,10.95890410958904
8616,8616,0,6.575342465753424
8617,8617,1,4.383561643835616
8618,8618,2,4.383561643835616
8619,8619,3,4.383561643835616
8620,8620,4,6.575342465753424
8621,8621,5,17.534246575342465
8622,8622,6,35.06849315068493
8623,8623,7,43.83561643835616
8624,8624,8,39.45205479452055
8625,8625,9,24.10958904109589
8626,8626,10,17.534246575342465
8627,8627,11,15.342465753424655
8628,8628,12,15.342465753424655
8629,8629,13,15.342465753424655
8630,8630,14,17.534246575342465
8631,8631,15,21.91780821917808
8632,8632,16,30.68493150684931
8633,8633,17,39.45205479452055
8634,8634,18,43.83561643835616
8635,8635,19,43.83561643835616
8636,8636,20,39.45205479452055
8637,8637,21,30.68493150684931
8638,8638,22,19.726027397260275
8639,8639,23,10.95890410958904
8640,8640,0,6.575342465753424
8641,8641,1,4.383561643835616
8642,8642,2,4.383561643835616
8643,8643,3,4.383561643835616
8644,8644,4,6.575342465753424
8645,8645,5,17.534246575342465
8646,8646,6,35.06849315068493
8647,8647,7,43.83561643835616
8648,8648,8,39.45205479452055
8649,8649,9,24.10958904109589
8650,8650,10,17.534246575342465
8651,8651,11,15.342465753424655
8652,8652,12,15.342465753424655
8653,8653,13,15.342465753424655
8654,8654,14,17.534246575342465
8655,8655,15,21.91780821917808
8656,8656,16,30.68493150684931
8657,8657,17,39.45205479452055
8658,8658,18,43.83561643835616
8659,8659,19,43.83561643835616
8660,8660,20,39.45205479452055
8661,8661,21,30.68493150684931
8662,8662,22,19.726027397260275
8663,8663,23,10.95890410958904
8664,8664,0,6.575342465753424
8665,8665,1,4.383561643835616
8666,8666,2,4.383561643835616
8667,8667,3,4.383561643835616
8668,8668,4,6.575342465753424
8669,8669,5,17.534246575342465
8670,8670,6,35.06849315068493
8671,8671,7,43.83561643835616
8672,8672,8,39.45205479452055
8673,8673,9,24.10958904109589
8674,8674,10,17.534246575342465
8675,8675,11,15.342465753424655
8676,8676,12,15.342465753424655
8677,8677,13,15.342465753424655
8678,8678,14,17.534246575342465
8679,8679,15,21.91780821917808
8680,8680,16,30.68493150684931
8681,8681,17,39.45205479452055
8682,8682,18,43.83561643835616
8683,8683,19,43.83561643835616
8684,8684,20,39.45205479452055
8685,8685,21,30.68493150684931
8686,8686,22,19.726027397260275
8687,8687,23,10.95890410958904
8688,8688,0,6.575342465753424
8689,8689,1,4.383561643835616
8690,8690,2,4.383561643835616
8691,8691,3,4.383561643835616
8692,8692,4,6.575342465753424
8693,8693,5,17.534246575342465
8694,8694,6,35.06849315068493
8695,8695,7,43.83561643835616
8696,8696,8,39.45205479452055
8697,8697,9,24.10958904109589
8698,8698,10,17.534246575342465
8699,8699,11,15.342465753424655
8700,8700,12,15.342465753424655
8701,8701,13,15.342465753424655
8702,8702,14,17.534246575342465
8703,8703,15,21.91780821917808
8704,8704,16,30.68493150684931
8705,8705,17,39.45205479452055
8706,8706,18,43.83561643835616
8707,8707,19,43.83561643835616
8708,8708,20,39.45205479452055
8709,8709,21,30.68493150684931
8710,8710,22,19.726027397260275
8711,8711,23,10.95890410958904
8712,8712,0,6.575342465753424
8713,8713,1,4.383561643835616
8714,8714,2,4.383561643835616
8715,8715,3,4.383561643835616
8716,8716,4,6.575342465753424
8717,8717,5,17.534246575342465
8718,8718,6,35.06849315068493
8719,8719,7,43.83561643835616
8720,8720,8,39.45205479452055
8721,8721,9,24.10958904109589
8722,8722,10,17.534246575342465
8723,8723,11,15.342465753424655
8724,8724,12,15.342465753424655
8725,8725,13,15.342465753424655
8726,8726,14,17.534246575342465
8727,8727,15,21.91780821917808
8728,8728,16,30.68493150684931
8729,8729,17,39.45205479452055
8730,8730,18,43.83561643835616
8731,8731,19,43.83561643835616
8732,8732,20,39.45205479452055
8733,8733,21,30.68493150684931
8734,8734,22,19.726027397260275
8735,8735,23,10.95890410958904
8736,8736,0,6.575342465753424
8737,8737,1,4.383561643835616
8738,8738,2,4.383561643835616
8739,8739,3,4.383561643835616
8740,8740,4,6.575342465753424
8741,8741,5,17.534246575342465
8742,8742,6,35.06849315068493
8743,8743,7,43.83561643835616
8744,8744,8,39.45205479452055
8745,8745,9,24.10958904109589
8746,8746,10,17.534246575342465
8747,8747,11,15.342465753424655
8748,8748,12,15.342465753424655
8749,8749,13,15.342465753424655
8750,8750,14,17.534246575342465
8751,8751,15,21.91780821917808
8752,8752,16,30.68493150684931
8753,8753,17,39.45205479452055
8754,8754,18,43.83561643835616
8755,8755,19,43.83561643835616
8756,8756,20,39.45205479452055
8757,8757,21,30.68493150684931
8758,8758,22,19.726027397260275
8759,8759,23,10.95890410958904
