hour,demand_kw,pv_factor
0,919.8685661204493,0.0
1,894.4694279531526,0.0
2,925.9075415240277,0.0
3,960.921194256321,0.0
4,890.6338650110665,0.0
5,890.6345217220328,0.0
6,238.16851262029564,0.0
7,205.69738916611635,0.25881904510252074
8,156.2210245626019,0.49999999999999994
9,196.7024017434386,0.7071067811865476
10,231.4632922875015,0.8660254037844386
11,231.37080985718973,0.9659258262890683
12,259.67849086264135,1.0
13,173.46879021368807,0.9659258262890683
14,181.00328669947868,0.8660254037844387
15,227.50849883036108,0.7071067811865476
16,209.48675518662304,0.49999999999999994
17,262.56989330381094,0.258819045102521
18,113.67903697915156,1.2246467991473532e-16
19,93.50785194658835,0.0
20,208.62595075686215,0.0
21,140.9689479805386,0.0
22,902.7011281875169,0.0
23,843.0100725514617,0.0
0,878.2246910189926,0.0
1,904.4369035883947,0.0
2,853.9602569031078,0.0
3,915.0279207338269,0.0
4,875.9744524032478,0.0
5,888.3322500082689,0.0
6,150.93173551082413,0.0
7,249.0911273803575,0.25881904510252074
8,174.46011101048265,0.49999999999999994
9,132.69156284176398,0.7071067811865476
10,282.90179648412754,0.8660254037844386
11,201.1662540011591,0.9659258262890683
12,258.35454380019024,1.0
13,171.61319504480898,0.9659258262890683
14,196.87255804406277,0.8660254037844387
15,257.8744494347649,0.7071067811865476
16,279.5386631998164,0.49999999999999994
17,256.8547312475988,0.258819045102521
18,145.37406870447037,1.2246467991473532e-16
19,137.95585217642844,0.0
20,90.8591203853029,0.0
21,121.20623166421166,0.0
22,881.5744491616085,0.0
23,942.2848890487567,0.0
0,913.7447315827385,0.0
1,829.4783937854907,0.0
2,912.9633587757918,0.0
3,884.5967087833474,0.0
4,872.9231199877617,0.0
5,924.4670515536347,0.0
6,216.23998089983803,0.0
7,212.25120476464795,0.25881904510252074
8,141.43129907109446,0.49999999999999994
9,162.63150496595142,0.7071067811865476
10,263.25053725614254,0.8660254037844386
11,289.02180508489437,0.9659258262890683
12,230.8330304861884,1.0
13,242.5736409334473,0.9659258262890683
14,205.74660103975887,0.8660254037844387
15,202.15173503677318,0.7071067811865476
16,282.50103289576793,0.49999999999999994
17,304.24960114283294,0.258819045102521
18,147.11959513678664,1.2246467991473532e-16
19,190.14131591568096,0.0
20,164.46544100190536,0.0
21,124.19520981579502,0.0
22,914.4558242203366,0.0
23,961.5214626586387,0.0
0,898.5669584356019,0.0
1,962.5857462325603,0.0
2,795.2101958364102,0.0
3,932.8761001750089,0.0
4,903.4818827295269,0.0
5,888.0397059813653,0.0
6,178.6704310614201,0.0
7,95.49724341596429,0.25881904510252074
8,166.2131244864995,0.49999999999999994
9,189.28450286046984,0.7071067811865476
10,309.11576178966067,0.8660254037844386
11,229.2691912690541,0.9659258262890683
12,217.6602558842725,1.0
13,229.92971825661854,0.9659258262890683
14,286.61608470808295,0.8660254037844387
15,263.1500443863874,0.7071067811865476
16,228.80959184931845,0.49999999999999994
17,270.53069732453423,0.258819045102521
18,153.8831019739216,1.2246467991473532e-16
19,188.74579962131557,0.0
20,121.9178762449059,0.0
21,136.89351413608927,0.0
22,884.3156738747136,0.0
23,841.4594020747153,0.0
0,911.8448110825831,0.0
1,910.4422108871955,0.0
2,900.2045382656985,0.0
3,890.6165146649942,0.0
4,843.3851703179835,0.0
5,883.1741870893857,0.0
6,161.29141933892922,0.0
7,142.90890923113523,0.25881904510252074
8,168.54857153335962,0.49999999999999994
9,191.16203427258154,0.7071067811865476
10,325.4474360484212,0.8660254037844386
11,256.98311251327357,0.9659258262890683
12,260.30201562891057,1.0
13,247.0221633693533,0.9659258262890683
14,173.24915138803834,0.8660254037844387
15,248.93944498203132,0.7071067811865476
16,252.40920839764107,0.49999999999999994
17,348.5296844994115,0.258819045102521
18,142.3055614087551,1.2246467991473532e-16
19,162.0618936933445,0.0
20,148.61152921179027,0.0
21,103.25287849521871,0.0
22,945.7129125806008,0.0
23,930.0773213074709,0.0
0,931.6412778817219,0.0
1,863.6245018082104,0.0
2,956.111772437444,0.0
3,843.9259574883088,0.0
4,923.4742837520108,0.0
5,987.6182250323991,0.0
6,135.37854699477248,0.0
7,152.34809081588912,0.25881904510252074
8,178.98605460350564,0.49999999999999994
9,154.86097383535204,0.7071067811865476
10,187.9734627573547,0.8660254037844386
11,252.7425189922411,0.9659258262890683
12,207.5078514509558,1.0
13,268.9436972254073,0.9659258262890683
14,213.22303063064788,0.8660254037844387
15,311.9973762007016,0.7071067811865476
16,218.6698683065505,0.49999999999999994
17,237.11753935177296,0.258819045102521
18,182.54068869478678,1.2246467991473532e-16
19,100.7654273426418,0.0
20,159.09839738416517,0.0
21,202.28571017129713,0.0
22,835.7006706175509,0.0
23,907.3853543412922,0.0
0,910.3953117699369,0.0
1,931.2729148710924,0.0
2,850.5219715648767,0.0
3,847.181735476629,0.0
4,920.8776626246758,0.0
5,911.8793869293274,0.0
6,185.01971401383506,0.0
7,188.857928379879,0.25881904510252074
8,147.79901113686037,0.49999999999999994
9,184.29014788644014,0.7071067811865476
10,261.72289893194727,0.8660254037844386
11,221.42594327894528,0.9659258262890683
12,324.63098044579027,1.0
13,268.9533168364715,0.9659258262890683
14,202.34786011189405,0.8660254037844387
15,276.2621443453532,0.7071067811865476
16,211.01273319090714,0.49999999999999994
17,281.48338414969805,0.258819045102521
18,196.34382316029615,1.2246467991473532e-16
19,117.17270726593158,0.0
20,188.53504516977287,0.0
21,166.51123707745992,0.0
22,932.8824063997796,0.0
23,975.871719306158,0.0
0,890.1844753598851,0.0
1,869.8505534257005,0.0
2,864.419422814979,0.0
3,867.3675886013825,0.0
4,896.9159316234359,0.0
5,913.6460789926657,0.0
6,186.06763197320078,0.0
7,208.08732996144096,0.25881904510252074
8,175.5200756751163,0.49999999999999994
9,233.14136308629267,0.7071067811865476
10,239.41372667048176,0.8660254037844386
11,358.80676666358477,0.9659258262890683
12,275.0266939106003,1.0
13,215.7136977433487,0.9659258262890683
14,207.1643000775555,0.8660254037844387
15,269.2988966097274,0.7071067811865476
16,241.06148858696596,0.49999999999999994
17,278.56001976368367,0.258819045102521
18,168.9295049829418,1.2246467991473532e-16
19,147.0868434937251,0.0
20,116.1282512772638,0.0
21,89.40611101256542,0.0
22,882.1394019173191,0.0
23,934.2559517729389,0.0
0,908.5637497652082,0.0
1,850.1704488515205,0.0
2,906.9272370340473,0.0
3,915.4126951891535,0.0
4,864.6457025519546,0.0
5,906.1490042378211,0.0
6,177.32834873784,0.0
7,129.28118808677507,0.25881904510252074
8,189.31149441393134,0.49999999999999994
9,197.43138105472937,0.7071067811865476
10,293.32204972701106,0.8660254037844386
11,292.1520820813961,0.9659258262890683
12,194.89322528171635,1.0
13,212.4869984033951,0.9659258262890683
14,270.6014106883464,0.8660254037844387
15,270.5514380364884,0.7071067811865476
16,270.6019074522419,0.49999999999999994
17,404.1092596261889,0.258819045102521
18,172.83562042772667,1.2246467991473532e-16
19,195.42262560722395,0.0
20,188.1600705397281,0.0
21,176.05565005223193,0.0
22,887.3892302143862,0.0
23,930.3587688197307,0.0
0,869.0869914184972,0.0
1,890.5272557303997,0.0
2,880.5854580868358,0.0
3,903.2749655754529,0.0
4,992.5863426669404,0.0
5,825.3093922963301,0.0
6,202.45040761498055,0.0
7,110.49136515241393,0.25881904510252074
8,156.12272536842266,0.49999999999999994
9,218.55802387869466,0.7071067811865476
10,252.57120076381852,0.8660254037844386
11,206.89020888282775,0.9659258262890683
12,221.38785162960127,1.0
13,277.183909957387,0.9659258262890683
14,220.78533473131455,0.8660254037844387
15,258.658343583279,0.7071067811865476
16,251.82287359615256,0.49999999999999994
17,223.9359860957673,0.258819045102521
18,235.75776357301302,1.2246467991473532e-16
19,175.35676089272044,0.0
20,68.99429653369572,0.0
21,157.4581725907771,0.0
22,873.5285414092644,0.0
23,934.0973333918489,0.0
0,868.299170462692,0.0
1,895.410542341324,0.0
2,920.1994911592183,0.0
3,934.6302077668049,0.0
4,851.9881437177689,0.0
5,886.619950566362,0.0
6,156.00218755356175,0.0
7,148.8668306970515,0.25881904510252074
8,245.61816961124387,0.49999999999999994
9,191.19926843843822,0.7071067811865476
10,199.56464182659818,0.8660254037844386
11,286.71447788219103,0.9659258262890683
12,334.8862478805053,1.0
13,291.2986104220459,0.9659258262890683
14,189.22520136183948,0.8660254037844387
15,230.63063708534995,0.7071067811865476
16,300.67644596746493,0.49999999999999994
17,221.69322137524875,0.258819045102521
18,167.75277712584915,1.2246467991473532e-16
19,180.98536213717347,0.0
20,112.92278113687668,0.0
21,147.618985757528,0.0
22,770.3493063972371,0.0
23,859.0244943466284,0.0
0,889.8972739442736,0.0
1,850.088672721406,0.0
2,965.2964521572654,0.0
3,842.7943448815747,0.0
4,882.3982205321206,0.0
5,905.2296230914436,0.0
6,232.65093156264462,0.0
7,117.56551395282243,0.25881904510252074
8,221.52655008619837,0.49999999999999994
9,175.40932244078348,0.7071067811865476
10,210.73965395808196,0.8660254037844386
11,268.4841389705308,0.9659258262890683
12,257.9623878229388,1.0
13,225.9913249136482,0.9659258262890683
14,252.79208339960076,0.8660254037844387
15,234.5874561255296,0.7071067811865476
16,254.54069381004993,0.49999999999999994
17,276.48522698084184,0.258819045102521
18,213.4406726458141,1.2246467991473532e-16
19,100.48738004692603,0.0
20,235.32133498625066,0.0
21,71.91648801909993,0.0
22,893.9285961985767,0.0
23,923.532688259383,0.0
0,911.2396747094014,0.0
1,875.0920192071762,0.0
2,891.675109985709,0.0
3,880.2799626136467,0.0
4,876.4254097222315,0.0
5,933.984083880841,0.0
6,189.2806194386019,0.0
7,147.28361618957382,0.25881904510252074
8,210.98399501733002,0.49999999999999994
9,187.29198083506438,0.7071067811865476
10,282.5144847535584,0.8660254037844386
11,275.1851536769445,0.9659258262890683
12,216.8401995631171,1.0
13,227.59275839212123,0.9659258262890683
14,279.8917442049305,0.8660254037844387
15,274.4148106173386,0.7071067811865476
16,249.16393624143407,0.49999999999999994
17,254.69309533235128,0.258819045102521
18,201.106595831537,1.2246467991473532e-16
19,126.33714444656681,0.0
20,171.8838952468015,0.0
21,141.91229390264425,0.0
22,891.2927518709112,0.0
23,943.9510740794876,0.0
0,933.0166539595211,0.0
1,932.5403854400255,0.0
2,952.2191522861732,0.0
3,900.8401536653104,0.0
4,927.2781188517986,0.0
5,887.5893297362618,0.0
6,187.9666540995377,0.0
7,169.79427782529262,0.25881904510252074
8,178.87983859970873,0.49999999999999994
9,198.80628101747655,0.7071067811865476
10,217.2711726706611,0.8660254037844386
11,333.6954910274184,0.9659258262890683
12,209.7593047400119,1.0
13,201.43245548849072,0.9659258262890683
14,296.32443494000273,0.8660254037844387
15,281.6665077585174,0.7071067811865476
16,274.9647926820862,0.49999999999999994
17,275.1338203705712,0.258819045102521
18,149.5101290861234,1.2246467991473532e-16
19,114.10982514056674,0.0
20,153.03218232774904,0.0
21,122.91353153951553,0.0
22,939.00478933671,0.0
23,894.1177047399144,0.0
0,866.9801121282995,0.0
1,887.1445663338802,0.0
2,916.517258171025,0.0
3,877.451017887841,0.0
4,867.1111841773427,0.0
5,909.7474884596764,0.0
6,184.7986628443489,0.0
7,154.7222729851548,0.25881904510252074
8,156.1584677752671,0.49999999999999994
9,184.28199749430544,0.7071067811865476
10,192.07662634010703,0.8660254037844386
11,193.7014490249378,0.9659258262890683
12,221.26223114990256,1.0
13,241.46211393152612,0.9659258262890683
14,262.4363026239202,0.8660254037844387
15,309.0142486779821,0.7071067811865476
16,284.3063849280808,0.49999999999999994
17,243.60245880146292,0.258819045102521
18,149.23935168389244,1.2246467991473532e-16
19,109.89882541448765,0.0
20,149.2594745603044,0.0
21,138.45365444319447,0.0
22,912.9087424135236,0.0
23,866.9107622579071,0.0
0,920.7738605696469,0.0
1,961.3095565201031,0.0
2,895.6495940617257,0.0
3,916.0684688839576,0.0
4,927.6057596684445,0.0
5,883.9511811245666,0.0
6,183.96369927241668,0.0
7,175.5036960312718,0.25881904510252074
8,178.90704394195328,0.49999999999999994
9,144.07960864578135,0.7071067811865476
10,250.9804069703577,0.8660254037844386
11,269.919931649818,0.9659258262890683
12,308.0457443118017,1.0
13,288.37083304340825,0.9659258262890683
14,336.12729830046226,0.8660254037844387
15,219.30609748447802,0.7071067811865476
16,284.89282546882714,0.49999999999999994
17,257.3336802295341,0.258819045102521
18,237.59211732870688,1.2246467991473532e-16
19,117.66806858579395,0.0
20,116.41112631276896,0.0
21,126.02429418223912,0.0
22,815.0441710276077,0.0
23,878.9697991327696,0.0
0,869.6346935378521,0.0
1,906.0157514590483,0.0
2,913.6702390310863,0.0
3,975.0468335686354,0.0
4,938.016953527442,0.0
5,876.9238537735039,0.0
6,139.06341314606567,0.0
7,194.67676686026022,0.25881904510252074
8,122.1906717191743,0.49999999999999994
9,248.25835063417415,0.7071067811865476
10,297.1776048288515,0.8660254037844386
11,231.2329739158118,0.9659258262890683
12,181.4746188363649,1.0
13,304.1548949666165,0.9659258262890683
14,245.41840618989528,0.8660254037844387
15,299.5126524789385,0.7071067811865476
16,186.22289364822532,0.49999999999999994
17,226.02499908184907,0.258819045102521
18,150.20974798872732,1.2246467991473532e-16
19,151.8792237505897,0.0
20,131.99738114083024,0.0
21,174.91399729389994,0.0
22,857.2951828246962,0.0
23,894.3048205991482,0.0
0,904.8118252684759,0.0
1,920.5775533623499,0.0
2,928.4645951235556,0.0
3,855.0143163264852,0.0
4,838.6354331705751,0.0
5,951.1070728759404,0.0
6,188.29256047918366,0.0
7,145.06053853773784,0.25881904510252074
8,237.04607902090092,0.49999999999999994
9,179.62698537171434,0.7071067811865476
10,297.17188736255304,0.8660254037844386
11,252.70073925640435,0.9659258262890683
12,332.4299169952795,1.0
13,320.21363369772814,0.9659258262890683
14,240.04143406083705,0.8660254037844387
15,288.86283803817423,0.7071067811865476
16,275.8150379834059,0.49999999999999994
17,304.74526230129396,0.258819045102521
18,111.40306157679582,1.2246467991473532e-16
19,177.44205839993757,0.0
20,192.33697947398352,0.0
21,79.65042054307543,0.0
22,852.669659493369,0.0
23,818.430712889596,0.0
0,889.2237266222177,0.0
1,928.7016902318385,0.0
2,960.0942820838411,0.0
3,902.963791216791,0.0
4,965.1446218228517,0.0
5,844.7959416714043,0.0
6,106.86470242579381,0.0
7,172.77809204413524,0.25881904510252074
8,190.3626179575723,0.49999999999999994
9,173.69221007623628,0.7071067811865476
10,167.30231599840494,0.8660254037844386
11,246.43519841948847,0.9659258262890683
12,197.82121997980587,1.0
13,276.78690195320155,0.9659258262890683
14,264.6639298438739,0.8660254037844387
15,212.4048085469058,0.7071067811865476
16,229.44532330653226,0.49999999999999994
17,207.63145912444193,0.258819045102521
18,147.49283610907312,1.2246467991473532e-16
19,188.20569282004953,0.0
20,110.57095814657825,0.0
21,170.16186062071378,0.0
22,878.7896952651024,0.0
23,868.2850867095062,0.0
0,895.7187856018177,0.0
1,858.5903071032251,0.0
2,877.8540277861127,0.0
3,852.084884296446,0.0
4,978.5890053166556,0.0
5,901.4105420788692,0.0
6,147.01097968029657,0.0
7,183.55919642936888,0.25881904510252074
8,170.5068780123668,0.49999999999999994
9,166.16121601867107,0.7071067811865476
10,274.566668001737,0.8660254037844386
11,280.3003084018922,0.9659258262890683
12,228.7799540955789,1.0
13,226.9672703742128,0.9659258262890683
14,238.99793211393424,0.8660254037844387
15,157.92315341057662,0.7071067811865476
16,189.3923575120579,0.49999999999999994
17,304.67497069778096,0.258819045102521
18,215.79870854005134,1.2246467991473532e-16
19,140.03855841774487,0.0
20,173.06227852223066,0.0
21,162.45000618174146,0.0
22,1023.1552323382095,0.0
23,944.7829964573831,0.0
0,894.8832963407693,0.0
1,861.778382375983,0.0
2,835.7421471896971,0.0
3,908.1385454346889,0.0
4,869.7459701886279,0.0
5,843.109851616093,0.0
6,149.13708463029894,0.0
7,131.7380798554242,0.25881904510252074
8,242.48566540290258,0.49999999999999994
9,210.26559027797802,0.7071067811865476
10,249.68109434733532,0.8660254037844386
11,309.19776555560105,0.9659258262890683
12,253.09473230590473,1.0
13,215.54863194686945,0.9659258262890683
14,310.92496309078626,0.8660254037844387
15,271.55640174738636,0.7071067811865476
16,208.51015382694175,0.49999999999999994
17,242.38645287665568,0.258819045102521
18,114.97526986460971,1.2246467991473532e-16
19,94.68801076142655,0.0
20,187.04710190126565,0.0
21,226.37666561880522,0.0
22,844.0572970472343,0.0
23,922.5187694676229,0.0
0,873.9742972351269,0.0
1,880.5149846494121,0.0
2,876.3042430304453,0.0
3,865.4403692128074,0.0
4,901.9408651177931,0.0
5,866.7619953435585,0.0
6,185.81827303119354,0.0
7,172.99047562203452,0.25881904510252074
8,165.4420781253436,0.49999999999999994
9,138.6974535183361,0.7071067811865476
10,226.92914677726668,0.8660254037844386
11,280.2156490330302,0.9659258262890683
12,270.03668750497525,1.0
13,210.89779020805796,0.9659258262890683
14,253.97329221716905,0.8660254037844387
15,280.0554849348716,0.7071067811865476
16,183.22378875514514,0.49999999999999994
17,271.7344076951974,0.258819045102521
18,123.49504964216614,1.2246467991473532e-16
19,172.82394674372637,0.0
20,119.46963373829932,0.0
21,77.80471597341923,0.0
22,834.8983024846735,0.0
23,901.9233978664553,0.0
0,910.3889000688592,0.0
1,863.8273349958237,0.0
2,925.5436983510949,0.0
3,833.5391975092416,0.0
4,897.3568080541073,0.0
5,851.5593520095017,0.0
6,148.92655568791363,0.0
7,176.89594685265655,0.25881904510252074
8,140.5834653886419,0.49999999999999994
9,159.61777823080698,0.7071067811865476
10,290.2517123685776,0.8660254037844386
11,226.92432521907403,0.9659258262890683
12,283.4276844826057,1.0
13,204.81172581369526,0.9659258262890683
14,271.1921671166113,0.8660254037844387
15,307.66274482631604,0.7071067811865476
16,151.13421999490842,0.49999999999999994
17,218.12418978118092,0.258819045102521
18,173.0828850872216,1.2246467991473532e-16
19,141.87818455828028,0.0
20,164.84583493485235,0.0
21,125.84059253136718,0.0
22,903.463591498916,0.0
23,893.7729105843168,0.0
0,946.7112824663923,0.0
1,910.1768337320485,0.0
2,913.5041064830081,0.0
3,883.5249213551014,0.0
4,880.4957510371003,0.0
5,882.6976724872152,0.0
6,190.77808569513186,0.0
7,158.16062076718947,0.25881904510252074
8,186.59099427585653,0.49999999999999994
9,258.01603194581753,0.7071067811865476
10,284.8449881372677,0.8660254037844386
11,236.95905871328637,0.9659258262890683
12,298.0485568865578,1.0
13,233.67698507913795,0.9659258262890683
14,168.47501859288585,0.8660254037844387
15,209.67654756330384,0.7071067811865476
16,175.1683231589658,0.49999999999999994
17,235.93946063834767,0.258819045102521
18,150.73673516758205,1.2246467991473532e-16
19,217.05749249101132,0.0
20,163.0770949505665,0.0
21,141.23597884764544,0.0
22,933.1762232473395,0.0
23,811.5545876396845,0.0
0,909.4245823243426,0.0
1,930.8346077554787,0.0
2,840.8565501688063,0.0
3,945.7501617282771,0.0
4,913.5398562997766,0.0
5,883.388483443968,0.0
6,200.3112746442514,0.0
7,265.82771431217583,0.25881904510252074
8,182.2746502023398,0.49999999999999994
9,184.92882345201343,0.7071067811865476
10,231.62556401839024,0.8660254037844386
11,216.00622522140833,0.9659258262890683
12,283.21343266176984,1.0
13,215.75664696364532,0.9659258262890683
14,252.8626494887757,0.8660254037844387
15,230.89370212939534,0.7071067811865476
16,269.15919302985566,0.49999999999999994
17,263.34648421147796,0.258819045102521
18,191.50159777031598,1.2246467991473532e-16
19,129.5993440458101,0.0
20,139.20500258826516,0.0
21,110.8494513687077,0.0
22,882.2282695969556,0.0
23,915.092019721794,0.0
0,930.2795446658141,0.0
1,863.1133870328949,0.0
2,934.7842368042265,0.0
3,954.225514352198,0.0
4,916.537396128948,0.0
5,975.0718325023226,0.0
6,144.04843203585708,0.0
7,125.21381186754331,0.25881904510252074
8,103.85119004382885,0.49999999999999994
9,234.84177245956732,0.7071067811865476
10,276.1746262541623,0.8660254037844386
11,247.7766131635818,0.9659258262890683
12,261.1987450527928,1.0
13,204.98043810806493,0.9659258262890683
14,347.8300791846731,0.8660254037844387
15,255.1688472790091,0.7071067811865476
16,254.3757917841957,0.49999999999999994
17,279.03066495594766,0.258819045102521
18,169.24036926946854,1.2246467991473532e-16
19,158.95536097116525,0.0
20,118.38102178218753,0.0
21,168.85873428543982,0.0
22,975.2809798590014,0.0
23,953.8168018461992,0.0
0,963.7274650655759,0.0
1,879.5513729427526,0.0
2,860.4158071896568,0.0
3,894.9685231960141,0.0
4,902.2289964915478,0.0
5,943.7676607388379,0.0
6,107.30141481140723,0.0
7,236.18201277842456,0.25881904510252074
8,168.67968405684041,0.49999999999999994
9,157.9247572021032,0.7071067811865476
10,209.51582498959328,0.8660254037844386
11,183.80573312536922,0.9659258262890683
12,282.92682335847655,1.0
13,252.93271868753615,0.9659258262890683
14,198.40156401035784,0.8660254037844387
15,198.19684911745537,0.7071067811865476
16,236.56861202839488,0.49999999999999994
17,316.7608610115757,0.258819045102521
18,139.6163459454558,1.2246467991473532e-16
19,89.87428187527576,0.0
20,140.17027743656223,0.0
21,139.09105721009317,0.0
22,792.1245342823371,0.0
23,897.8282053392875,0.0
0,890.7626187916529,0.0
1,927.8482545925367,0.0
2,973.9582437978138,0.0
3,945.0626011819103,0.0
4,889.2444523778067,0.0
5,855.7389636503332,0.0
6,277.9343921299944,0.0
7,177.36873736057953,0.25881904510252074
8,175.55717167651784,0.49999999999999994
9,174.03499651559986,0.7071067811865476
10,257.9233904307142,0.8660254037844386
11,244.2255835230423,0.9659258262890683
12,227.05351972479053,1.0
13,228.1256423503843,0.9659258262890683
14,248.68986919136006,0.8660254037844387
15,228.2630091546494,0.7071067811865476
16,221.48616869291342,0.49999999999999994
17,254.25720910767586,0.258819045102521
18,139.80091130316578,1.2246467991473532e-16
19,210.15971954330755,0.0
20,50.0,0.0
21,193.66027407689847,0.0
22,949.8434076999051,0.0
23,817.064390703674,0.0
0,886.2924962367861,0.0
1,885.1423653601684,0.0
2,843.6995322112872,0.0
3,868.8873324963649,0.0
4,855.5769661813669,0.0
5,970.0908177369449,0.0
6,212.42713572589844,0.0
7,225.86220379976635,0.25881904510252074
8,203.8668825617294,0.49999999999999994
9,129.83792915131085,0.7071067811865476
10,229.01918934880905,0.8660254037844386
11,269.5749824491167,0.9659258262890683
12,201.11488764432218,1.0
13,278.5199372068955,0.9659258262890683
14,240.3869840736746,0.8660254037844387
15,235.0071676980161,0.7071067811865476
16,278.43839872813965,0.49999999999999994
17,267.7705324594416,0.258819045102521
18,135.5613533672368,1.2246467991473532e-16
19,196.37319213456993,0.0
20,106.7574668960041,0.0
21,174.63742427777055,0.0
22,923.7240503187354,0.0
23,887.6181424274404,0.0
0,913.0453208896847,0.0
1,849.9554569445879,0.0
2,936.961080768276,0.0
3,892.6039145422804,0.0
4,879.0910791792385,0.0
5,941.9603690334756,0.0
6,146.82625237828964,0.0
7,118.66154814545762,0.25881904510252074
8,112.73483305904385,0.49999999999999994
9,199.24039805382557,0.7071067811865476
10,198.78282590014868,0.8660254037844386
11,320.1917672793746,0.9659258262890683
12,166.72282368465113,1.0
13,317.8582547316015,0.9659258262890683
14,258.44069868810476,0.8660254037844387
15,246.1314755251843,0.7071067811865476
16,228.20323652764202,0.49999999999999994
17,265.9654445740828,0.258819045102521
18,148.49461190300607,1.2246467991473532e-16
19,194.13207528066084,0.0
20,154.56910594648159,0.0
21,156.0120704584751,0.0
22,885.4555115114458,0.0
23,897.7221750511573,0.0
0,912.3120707556824,0.0
1,831.5932642937349,0.0
2,846.0725831157715,0.0
3,929.7305637609086,0.0
4,906.8346175251177,0.0
5,892.6406665458928,0.0
6,175.73735732261574,0.0
7,188.90326821446683,0.25881904510252074
8,153.40961278762555,0.49999999999999994
9,143.8678109839075,0.7071067811865476
10,257.83381020390726,0.8660254037844386
11,210.8650888953987,0.9659258262890683
12,266.33011022857886,1.0
13,181.8966558304864,0.9659258262890683
14,291.16622549302576,0.8660254037844387
15,268.90389929652173,0.7071067811865476
16,260.241189372555,0.49999999999999994
17,289.30763935782056,0.258819045102521
18,216.61897777850305,1.2246467991473532e-16
19,190.5748026007252,0.0
20,76.36503074673419,0.0
21,98.81692133057194,0.0
22,875.0072568921728,0.0
23,901.0436420084334,0.0
0,920.7063608187649,0.0
1,870.9702474738614,0.0
2,907.4706705790832,0.0
3,869.7846827058671,0.0
4,875.539287880322,0.0
5,843.7335561260711,0.0
6,138.07067015556385,0.0
7,120.93261577534665,0.25881904510252074
8,135.9650698809067,0.49999999999999994
9,217.14567186431358,0.7071067811865476
10,212.02404444672229,0.8660254037844386
11,355.29528259349564,0.9659258262890683
12,269.73271603523557,1.0
13,257.39344494779493,0.9659258262890683
14,215.66568879275147,0.8660254037844387
15,278.01239517635963,0.7071067811865476
16,226.97448695048905,0.49999999999999994
17,254.88039258581446,0.258819045102521
18,252.4033815307518,1.2246467991473532e-16
19,146.157604011014,0.0
20,195.97093305142704,0.0
21,121.8729429949645,0.0
22,898.6004603801215,0.0
23,970.8320254254204,0.0
0,874.9213176884894,0.0
1,972.4979423198772,0.0
2,928.3100774182191,0.0
3,877.5013289642293,0.0
4,925.2963095622208,0.0
5,938.9021779850692,0.0
6,199.87239848868785,0.0
7,112.19101120438174,0.25881904510252074
8,145.91451296700527,0.49999999999999994
9,165.0992545779398,0.7071067811865476
10,247.02266283599815,0.8660254037844386
11,274.82688390202713,0.9659258262890683
12,257.10804003733017,1.0
13,196.58622565159595,0.9659258262890683
14,265.2079140402385,0.8660254037844387
15,274.42342981135295,0.7071067811865476
16,272.3916179172416,0.49999999999999994
17,293.2312290221849,0.258819045102521
18,183.35688618195616,1.2246467991473532e-16
19,168.36720316913747,0.0
20,147.19337154165413,0.0
21,83.56156265936035,0.0
22,917.1847287653035,0.0
23,908.3075074865244,0.0
0,910.8631534878149,0.0
1,848.9300569671876,0.0
2,856.7577383836694,0.0
3,942.1261141333162,0.0
4,898.4177938457339,0.0
5,927.260027894905,0.0
6,176.13273504521845,0.0
7,176.19024557982982,0.25881904510252074
8,212.5313522390399,0.49999999999999994
9,154.35821087130503,0.7071067811865476
10,253.84483107763933,0.8660254037844386
11,231.5089884517983,0.9659258262890683
12,232.62015090270737,1.0
13,237.63311506125441,0.9659258262890683
14,258.8853508653485,0.8660254037844387
15,230.8500551334609,0.7071067811865476
16,300.23024502294084,0.49999999999999994
17,214.21570791121985,0.258819045102521
18,142.52513423354563,1.2246467991473532e-16
19,132.410757669033,0.0
20,207.8791153741493,0.0
21,157.86219106046298,0.0
22,941.2737815787453,0.0
23,840.5775850785211,0.0
0,910.6820106347703,0.0
1,935.5852318249375,0.0
2,903.291359571017,0.0
3,942.619215002614,0.0
4,879.3084619959851,0.0
5,956.3738976074231,0.0
6,266.95592494477,0.0
7,160.48645758241364,0.25881904510252074
8,157.17989914396912,0.49999999999999994
9,233.13537908470803,0.7071067811865476
10,313.1828858292285,0.8660254037844386
11,229.08559891386926,0.9659258262890683
12,233.1925273161657,1.0
13,238.7286156455797,0.9659258262890683
14,196.2219795586289,0.8660254037844387
15,213.25392214063208,0.7071067811865476
16,209.83436932991728,0.49999999999999994
17,219.28809739583485,0.258819045102521
18,148.61260450452875,1.2246467991473532e-16
19,159.36858930146082,0.0
20,212.02001971256308,0.0
21,110.06583837044836,0.0
22,939.3728959390634,0.0
23,891.4404462309797,0.0
0,898.0214516139026,0.0
1,926.9927796866641,0.0
2,855.091119137508,0.0
3,915.296389847362,0.0
4,906.6580883285222,0.0
5,919.698050560326,0.0
6,186.5667457563127,0.0
7,273.2120055964358,0.25881904510252074
8,149.49040062994737,0.49999999999999994
9,153.7601217999273,0.7071067811865476
10,225.07437894300944,0.8660254037844386
11,227.7809152335898,0.9659258262890683
12,224.5045149077393,1.0
13,297.5606612443021,0.9659258262890683
14,306.8201699195942,0.8660254037844387
15,227.17014825002096,0.7071067811865476
16,216.70577707583084,0.49999999999999994
17,268.85662225545616,0.258819045102521
18,127.91107822876114,1.2246467991473532e-16
19,175.31727271022044,0.0
20,158.116920834052,0.0
21,89.37023540011072,0.0
22,961.9002080532025,0.0
23,971.8351069238208,0.0
0,875.4884523806245,0.0
1,884.4919376025606,0.0
2,911.4346156289962,0.0
3,913.378271599481,0.0
4,926.3417709069132,0.0
5,980.408181550654,0.0
6,167.922110900238,0.0
7,143.06811021846184,0.25881904510252074
8,119.82723087941892,0.49999999999999994
9,145.76279840232323,0.7071067811865476
10,248.6749210850481,0.8660254037844386
11,321.7823145407115,0.9659258262890683
12,229.29554803855314,1.0
13,258.95151806555594,0.9659258262890683
14,249.34308415708992,0.8660254037844387
15,297.53573093792335,0.7071067811865476
16,351.0772970349449,0.49999999999999994
17,228.76524908318717,0.258819045102521
18,130.42242229927112,1.2246467991473532e-16
19,191.76643508276288,0.0
20,177.27565958505247,0.0
21,223.86829302944136,0.0
22,923.3571274130386,0.0
23,885.6283163685176,0.0
0,923.6261932276924,0.0
1,944.3481432233164,0.0
2,932.8192872478945,0.0
3,920.2909612442919,0.0
4,942.6669875835662,0.0
5,946.771823617827,0.0
6,230.2863596415011,0.0
7,200.94839550358572,0.25881904510252074
8,168.31527678732581,0.49999999999999994
9,180.8685474573329,0.7071067811865476
10,298.2603586603343,0.8660254037844386
11,217.32257316051056,0.9659258262890683
12,264.74693235491605,1.0
13,234.26644750690556,0.9659258262890683
14,251.1497929173927,0.8660254037844387
15,301.1380745042919,0.7071067811865476
16,257.64396272079614,0.49999999999999994
17,251.85746192624595,0.258819045102521
18,95.60575436080323,1.2246467991473532e-16
19,179.85014264108884,0.0
20,175.819367245643,0.0
21,236.5301889322184,0.0
22,887.68887060188,0.0
23,908.7660131065576,0.0
0,909.9753473484302,0.0
1,963.098131190539,0.0
2,896.1881787045219,0.0
3,911.1608610308135,0.0
4,924.3158603886616,0.0
5,907.4643649262543,0.0
6,157.14265541797886,0.0
7,182.76359971593232,0.25881904510252074
8,217.94526999439088,0.49999999999999994
9,133.9393880235576,0.7071067811865476
10,255.31878696587503,0.8660254037844386
11,221.99516740243308,0.9659258262890683
12,297.8018651569937,1.0
13,189.072523808649,0.9659258262890683
14,227.64312610913646,0.8660254037844387
15,265.0884750025808,0.7071067811865476
16,312.62096116937363,0.49999999999999994
17,247.3699895570805,0.258819045102521
18,127.79201893227207,1.2246467991473532e-16
19,225.2462827776236,0.0
20,92.07944398335025,0.0
21,62.04776173519673,0.0
22,917.6005780021333,0.0
23,879.9178310258956,0.0
0,859.1506873147715,0.0
1,928.3342578919742,0.0
2,909.752028550848,0.0
3,877.4368547705309,0.0
4,848.7878240531642,0.0
5,934.8982931312058,0.0
6,201.00804711834644,0.0
7,171.03296544882468,0.25881904510252074
8,248.86547984190662,0.49999999999999994
9,132.1966093469539,0.7071067811865476
10,188.97899316301044,0.8660254037844386
11,222.32367720475023,0.9659258262890683
12,248.17655934578008,1.0
13,259.73357797290765,0.9659258262890683
14,240.3505576857468,0.8660254037844387
15,264.08221586057186,0.7071067811865476
16,199.93842303238225,0.49999999999999994
17,307.7505841629304,0.258819045102521
18,146.71395286429726,1.2246467991473532e-16
19,194.6918332635251,0.0
20,163.70901385510817,0.0
21,168.27012876615134,0.0
22,922.7906912092882,0.0
23,917.9083424006926,0.0
0,925.7089103947018,0.0
1,953.1661012052973,0.0
2,907.8608467880588,0.0
3,928.3601503035405,0.0
4,896.4105722285109,0.0
5,957.6046886179789,0.0
6,147.9443079176292,0.0
7,247.03761731643263,0.25881904510252074
8,173.39368197422627,0.49999999999999994
9,117.76899591527808,0.7071067811865476
10,255.12417659643157,0.8660254037844386
11,222.75793370100476,0.9659258262890683
12,283.625741959549,1.0
13,223.89504082790435,0.9659258262890683
14,232.15266267140882,0.8660254037844387
15,174.41837076217877,0.7071067811865476
16,231.90774723003693,0.49999999999999994
17,153.04482693484175,0.258819045102521
18,86.64388706057107,1.2246467991473532e-16
19,180.4165862457719,0.0
20,181.4320063460333,0.0
21,167.01830247139858,0.0
22,861.3209542748315,0.0
23,898.0915457543208,0.0
0,899.8558984363773,0.0
1,853.6654124322982,0.0
2,960.1359320706861,0.0
3,935.0944916230269,0.0
4,891.1614330468135,0.0
5,901.0754335597812,0.0
6,183.3353123179021,0.0
7,93.33060526302837,0.25881904510252074
8,165.1129046991761,0.49999999999999994
9,147.72063008008806,0.7071067811865476
10,209.93519960420338,0.8660254037844386
11,238.7559882845618,0.9659258262890683
12,321.9074610739809,1.0
13,275.6337144506804,0.9659258262890683
14,227.15284040868812,0.8660254037844387
15,272.9033112542463,0.7071067811865476
16,305.9742174634401,0.49999999999999994
17,286.98534731651074,0.258819045102521
18,152.38521479680696,1.2246467991473532e-16
19,124.12252889177705,0.0
20,177.92893254454358,0.0
21,165.73941541686997,0.0
22,935.8077288011093,0.0
23,925.4068720672788,0.0
0,941.9821086127733,0.0
1,878.5905915375773,0.0
2,952.695762625373,0.0
3,907.903984187696,0.0
4,983.0104349050106,0.0
5,872.4324872764173,0.0
6,244.43855212660998,0.0
7,182.9164313385059,0.25881904510252074
8,148.94327985542208,0.49999999999999994
9,155.64456663782713,0.7071067811865476
10,237.1861076722272,0.8660254037844386
11,266.96663785607666,0.9659258262890683
12,270.91341952142,1.0
13,227.05199984245684,0.9659258262890683
14,249.0258163095607,0.8660254037844387
15,335.6908143444746,0.7071067811865476
16,319.10172680402843,0.49999999999999994
17,267.45294678696126,0.258819045102521
18,151.520139126728,1.2246467991473532e-16
19,154.80125306873046,0.0
20,174.54071890921665,0.0
21,109.08829739206378,0.0
22,889.7049385030662,0.0
23,833.2566370448965,0.0
0,915.9689249042111,0.0
1,925.8878375881096,0.0
2,880.672541508025,0.0
3,962.9594705316013,0.0
4,850.9693734799064,0.0
5,841.4250047916072,0.0
6,183.9780727423989,0.0
7,216.88393210448618,0.25881904510252074
8,242.35710765831476,0.49999999999999994
9,156.6446294852424,0.7071067811865476
10,293.1472333372518,0.8660254037844386
11,248.4596612199717,0.9659258262890683
12,243.09490800236722,1.0
13,285.3463974994669,0.9659258262890683
14,276.09291513653676,0.8660254037844387
15,186.94431372063002,0.7071067811865476
16,309.06161398903583,0.49999999999999994
17,305.20365416589806,0.258819045102521
18,124.97749193961883,1.2246467991473532e-16
19,165.83214133749635,0.0
20,169.76120745130956,0.0
21,160.42695063295628,0.0
22,877.9877938461832,0.0
23,873.135065282478,0.0
0,898.9778371603422,0.0
1,946.9091607703746,0.0
2,921.7440061837773,0.0
3,885.1754267165558,0.0
4,930.8679484259338,0.0
5,786.058295174797,0.0
6,220.95062801488413,0.0
7,105.41144884887602,0.25881904510252074
8,160.50236234387472,0.49999999999999994
9,130.21320421495426,0.7071067811865476
10,198.21274097116378,0.8660254037844386
11,296.4330714951408,0.9659258262890683
12,231.29195194752435,1.0
13,263.86015526922864,0.9659258262890683
14,248.12317684483264,0.8660254037844387
15,269.08163308892483,0.7071067811865476
16,253.07287564241022,0.49999999999999994
17,198.6803110324572,0.258819045102521
18,189.8506727778856,1.2246467991473532e-16
19,130.2497366735475,0.0
20,87.73672405360996,0.0
21,132.8753935613635,0.0
22,960.0303916253724,0.0
23,934.0088696845397,0.0
0,886.0539146236856,0.0
1,886.0296918272628,0.0
2,887.1345979513047,0.0
3,983.0699193424336,0.0
4,915.2774180892621,0.0
5,917.2016658876428,0.0
6,216.2113381612737,0.0
7,184.55156636106054,0.25881904510252074
8,164.63831416717187,0.49999999999999994
9,167.14600603660088,0.7071067811865476
10,247.13594962343745,0.8660254037844386
11,248.51111053960634,0.9659258262890683
12,279.1051817454792,1.0
13,252.07783543229198,0.9659258262890683
14,279.3056030886232,0.8660254037844387
15,246.7713367956567,0.7071067811865476
16,253.14540761264362,0.49999999999999994
17,170.07197261871568,0.258819045102521
18,186.65310698809927,1.2246467991473532e-16
19,163.8595390359197,0.0
20,189.92040439438608,0.0
21,50.0,0.0
22,983.5349881912291,0.0
23,894.4164148737931,0.0
0,944.3273126695007,0.0
1,858.4037629149788,0.0
2,924.5109562025028,0.0
3,857.8633774730538,0.0
4,875.0492415721678,0.0
5,976.5612541546715,0.0
6,167.37270396946613,0.0
7,183.69731492718893,0.25881904510252074
8,209.80270922755017,0.49999999999999994
9,194.82727551890417,0.7071067811865476
10,256.01675620574304,0.8660254037844386
11,264.598440098649,0.9659258262890683
12,346.136623409531,1.0
13,247.6952481186566,0.9659258262890683
14,258.04396186859867,0.8660254037844387
15,292.02617584030446,0.7071067811865476
16,294.22103731831936,0.49999999999999994
17,297.4812122224152,0.258819045102521
18,175.54920888116737,1.2246467991473532e-16
19,104.27980349078067,0.0
20,215.33726129204382,0.0
21,104.14618427925248,0.0
22,912.1054186095613,0.0
23,869.8289659992257,0.0
0,897.4344661362803,0.0
1,913.1504964121392,0.0
2,912.854288618011,0.0
3,916.8768301694114,0.0
4,964.5484507623459,0.0
5,918.1413720605592,0.0
6,165.23373458837406,0.0
7,213.56348673153428,0.25881904510252074
8,222.57881955698562,0.49999999999999994
9,125.89568739452031,0.7071067811865476
10,273.89600279399434,0.8660254037844386
11,278.0469096924359,0.9659258262890683
12,238.0974598656003,1.0
13,305.02827253246477,0.9659258262890683
14,243.99777651869894,0.8660254037844387
15,255.0230581388617,0.7071067811865476
16,243.0771270286452,0.49999999999999994
17,250.6231619032587,0.258819045102521
18,106.14899652419193,1.2246467991473532e-16
19,92.39796469622823,0.0
20,213.78020252899887,0.0
21,116.12154606726689,0.0
22,860.3443060217477,0.0
23,813.8643954558514,0.0
0,874.44153009242,0.0
1,847.0764082637,0.0
2,965.6806064054548,0.0
3,940.3926835737054,0.0
4,872.4739861928911,0.0
5,990.0974322137723,0.0
6,214.27061947966376,0.0
7,162.0067446596551,0.25881904510252074
8,75.02377140505708,0.49999999999999994
9,266.6377029036297,0.7071067811865476
10,194.41710132945616,0.8660254037844386
11,184.18405012172434,0.9659258262890683
12,290.9028172803856,1.0
13,347.5900962535709,0.9659258262890683
14,305.37091274042075,0.8660254037844387
15,272.5563648020944,0.7071067811865476
16,273.79017366661145,0.49999999999999994
17,284.1366223512123,0.258819045102521
18,180.35714359147062,1.2246467991473532e-16
19,161.24765695877502,0.0
20,154.16804415807505,0.0
21,147.4962748840191,0.0
22,869.8414164453329,0.0
23,888.772996925329,0.0
0,832.2817274321845,0.0
1,896.06641492821,0.0
2,860.4563557139633,0.0
3,855.8564273113692,0.0
4,907.1957660461392,0.0
5,955.6800914537839,0.0
6,211.7326642400925,0.0
7,112.17997585507291,0.25881904510252074
8,135.4148745371865,0.49999999999999994
9,212.63084751952863,0.7071067811865476
10,210.70050425846762,0.8660254037844386
11,241.01467400011902,0.9659258262890683
12,272.0020839609821,1.0
13,211.2662218054546,0.9659258262890683
14,254.2150202458384,0.8660254037844387
15,196.6389802032718,0.7071067811865476
16,225.94529424195144,0.49999999999999994
17,262.7912773657015,0.258819045102521
18,86.28025065873322,1.2246467991473532e-16
19,167.61898951841596,0.0
20,149.21448804293274,0.0
21,172.0995981766859,0.0
22,908.9565653625865,0.0
23,954.5656171989538,0.0
0,905.0089801059163,0.0
1,882.8237783549898,0.0
2,904.8919001212913,0.0
3,921.7319211614555,0.0
4,901.9544028130282,0.0
5,901.6236676481553,0.0
6,146.92033248772978,0.0
7,148.48396329796208,0.25881904510252074
8,118.89578912801227,0.49999999999999994
9,244.98306972747758,0.7071067811865476
10,200.2454705843486,0.8660254037844386
11,222.2837920881637,0.9659258262890683
12,221.2637093772321,1.0
13,285.79697507777763,0.9659258262890683
14,238.2020128683189,0.8660254037844387
15,299.90968290694934,0.7071067811865476
16,223.06037503024527,0.49999999999999994
17,261.1597664889521,0.258819045102521
18,116.58611786960971,1.2246467991473532e-16
19,235.80596511093552,0.0
20,102.49606323881949,0.0
21,162.3928284090811,0.0
22,925.3510752372839,0.0
23,916.55196389806,0.0
0,892.5884936448916,0.0
1,894.807172010663,0.0
2,901.7524588791644,0.0
3,894.1199199348605,0.0
4,938.5551646717964,0.0
5,988.4209200636541,0.0
6,152.70032859968666,0.0
7,120.20788081683689,0.25881904510252074
8,171.46871806594982,0.49999999999999994
9,278.18837350617275,0.7071067811865476
10,217.85301728121078,0.8660254037844386
11,315.5646722177627,0.9659258262890683
12,317.10803256305763,1.0
13,227.8564703316802,0.9659258262890683
14,272.759323167411,0.8660254037844387
15,315.1358649251415,0.7071067811865476
16,234.8348903605005,0.49999999999999994
17,241.85678559590554,0.258819045102521
18,126.73276344205425,1.2246467991473532e-16
19,109.40973077228533,0.0
20,124.02889819735972,0.0
21,101.04238932950975,0.0
22,901.363338730369,0.0
23,869.2010707576543,0.0
0,909.3514364716299,0.0
1,837.764174151855,0.0
2,913.2352092885783,0.0
3,933.341158464357,0.0
4,820.2505742971418,0.0
5,914.9622627939029,0.0
6,224.10675969893168,0.0
7,126.61435925235179,0.25881904510252074
8,241.90289547350812,0.49999999999999994
9,191.76076037464182,0.7071067811865476
10,221.79952576966366,0.8660254037844386
11,247.76923689369175,0.9659258262890683
12,272.3330765008689,1.0
13,253.04021565649646,0.9659258262890683
14,271.55023969785475,0.8660254037844387
15,213.17305627682535,0.7071067811865476
16,256.7744329614431,0.49999999999999994
17,193.4514201238008,0.258819045102521
18,145.550957546052,1.2246467991473532e-16
19,113.84369434140841,0.0
20,120.57880229640934,0.0
21,199.4437270084175,0.0
22,943.6524048237708,0.0
23,924.365524836287,0.0
0,856.3074894130968,0.0
1,887.3436620122079,0.0
2,948.5239079991674,0.0
3,905.6686765455962,0.0
4,992.7731815992678,0.0
5,915.7327135757748,0.0
6,182.68196465960125,0.0
7,162.63534143189995,0.25881904510252074
8,180.3416361912913,0.49999999999999994
9,168.90120654477823,0.7071067811865476
10,278.3243470675436,0.8660254037844386
11,288.2680926717834,0.9659258262890683
12,218.56042157968201,1.0
13,196.75068185768887,0.9659258262890683
14,176.55178507586814,0.8660254037844387
15,270.31965307650177,0.7071067811865476
16,205.86533575304506,0.49999999999999994
17,163.8843762819007,0.258819045102521
18,165.54314418123857,1.2246467991473532e-16
19,249.71998069731163,0.0
20,149.75716353840426,0.0
21,183.53963097806567,0.0
22,903.2731743419026,0.0
23,896.0444138723543,0.0
0,936.7630593195107,0.0
1,888.389018232454,0.0
2,910.6956925628762,0.0
3,912.8679122478405,0.0
4,873.276381854278,0.0
5,939.681693981461,0.0
6,168.00160973218365,0.0
7,144.77019362028622,0.25881904510252074
8,196.46039374281614,0.49999999999999994
9,139.0612807283585,0.7071067811865476
10,251.12724629476514,0.8660254037844386
11,249.63524013423185,0.9659258262890683
12,293.4358226332631,1.0
13,268.98792931519813,0.9659258262890683
14,248.99892165019423,0.8660254037844387
15,282.71065196801146,0.7071067811865476
16,305.60830196069253,0.49999999999999994
17,272.3124122540745,0.258819045102521
18,150.41410479373522,1.2246467991473532e-16
19,97.52655070599361,0.0
20,107.3954534769851,0.0
21,137.79101182581329,0.0
22,875.6195119136287,0.0
23,892.5211478805821,0.0
0,902.2659969958843,0.0
1,921.1877101742692,0.0
2,897.1800488776363,0.0
3,919.4600657530481,0.0
4,902.5789765924048,0.0
5,820.9813373458452,0.0
6,137.42658424724982,0.0
7,169.2364977711354,0.25881904510252074
8,126.61221028635569,0.49999999999999994
9,198.9971491998482,0.7071067811865476
10,311.2300332937479,0.8660254037844386
11,298.7504740678927,0.9659258262890683
12,241.4622851627917,1.0
13,309.6290454739981,0.9659258262890683
14,255.94669828808446,0.8660254037844387
15,236.51656115527842,0.7071067811865476
16,225.4638934583624,0.49999999999999994
17,237.90121254047486,0.258819045102521
18,134.47292725835086,1.2246467991473532e-16
19,156.8166488950195,0.0
20,156.4229592419946,0.0
21,150.1218408061366,0.0
22,917.477526789854,0.0
23,947.6258509914536,0.0
0,937.9821654176529,0.0
1,840.6040812620039,0.0
2,797.8431546039218,0.0
3,937.372796449571,0.0
4,845.3248520633831,0.0
5,891.0093839242927,0.0
6,128.19547895762562,0.0
7,102.9207824967992,0.25881904510252074
8,196.65850912819153,0.49999999999999994
9,205.36620641210587,0.7071067811865476
10,226.9395839709312,0.8660254037844386
11,146.3583083142036,0.9659258262890683
12,228.15022206990068,1.0
13,265.6721602161019,0.9659258262890683
14,190.84353724903485,0.8660254037844387
15,257.3343967911662,0.7071067811865476
16,249.38760603308017,0.49999999999999994
17,273.1716599840435,0.258819045102521
18,154.78321473656612,1.2246467991473532e-16
19,111.07724236473777,0.0
20,197.86286006657966,0.0
21,143.6588170789212,0.0
22,898.9078184196027,0.0
23,862.6692816370721,0.0
0,882.2687099523396,0.0
1,864.607891438924,0.0
2,893.082157603063,0.0
3,968.4683392056937,0.0
4,845.1239542827458,0.0
5,835.4575440849303,0.0
6,233.84681309974434,0.0
7,166.62705291392535,0.25881904510252074
8,148.23709045360334,0.49999999999999994
9,216.59618749584305,0.7071067811865476
10,225.77537841052543,0.8660254037844386
11,323.04038854187746,0.9659258262890683
12,277.1170348535708,1.0
13,230.4835436741719,0.9659258262890683
14,336.2923285306201,0.8660254037844387
15,225.77140307986647,0.7071067811865476
16,279.68381488037227,0.49999999999999994
17,261.9717032162597,0.258819045102521
18,202.06965157595192,1.2246467991473532e-16
19,212.4604478690741,0.0
20,151.28016596263066,0.0
21,119.86328518615267,0.0
22,918.3988857175647,0.0
23,872.8913852099157,0.0
0,980.5354899010649,0.0
1,905.4614132433095,0.0
2,885.3871379475156,0.0
3,907.3872122345963,0.0
4,846.1149484188121,0.0
5,861.135438459574,0.0
6,223.01655631777703,0.0
7,148.72422884114417,0.25881904510252074
8,133.1235606927224,0.49999999999999994
9,196.46611010109143,0.7071067811865476
10,297.4281661865199,0.8660254037844386
11,278.7581324266027,0.9659258262890683
12,289.84190743223263,1.0
13,219.72819645722157,0.9659258262890683
14,193.12757333032624,0.8660254037844387
15,310.0533460782195,0.7071067811865476
16,237.09280644631457,0.49999999999999994
17,239.9666793417981,0.258819045102521
18,203.1277656739623,1.2246467991473532e-16
19,172.2492003760264,0.0
20,168.2355108832643,0.0
21,236.60009379604335,0.0
22,874.2592707847942,0.0
23,937.1136051232495,0.0
0,902.2805249958834,0.0
1,910.7436911545303,0.0
2,961.1387370565012,0.0
3,920.3134302515849,0.0
4,921.5318431619853,0.0
5,942.900293492392,0.0
6,160.40189081828458,0.0
7,141.43161330643974,0.25881904510252074
8,133.20763223915867,0.49999999999999994
9,96.34573642495992,0.7071067811865476
10,332.24828519761286,0.8660254037844386
11,205.87166537113268,0.9659258262890683
12,241.14985505656912,1.0
13,238.92746800444317,0.9659258262890683
14,262.29626791236404,0.8660254037844387
15,282.62948850157187,0.7071067811865476
16,284.41893953438984,0.49999999999999994
17,226.67690245724248,0.258819045102521
18,143.31513144854355,1.2246467991473532e-16
19,161.30319801953198,0.0
20,140.0523549526581,0.0
21,214.2938230407997,0.0
22,919.63899806553,0.0
23,929.3951114419926,0.0
0,926.5152507466966,0.0
1,946.938954299413,0.0
2,907.2408623481483,0.0
3,848.1267220817662,0.0
4,915.9875180701057,0.0
5,873.9457242483269,0.0
6,153.85533273000974,0.0
7,198.45456075020374,0.25881904510252074
8,224.53132285734543,0.49999999999999994
9,175.85086306944245,0.7071067811865476
10,262.35332050395857,0.8660254037844386
11,318.08859778540955,0.9659258262890683
12,259.63012717954274,1.0
13,354.0673245672158,0.9659258262890683
14,272.6203858252618,0.8660254037844387
15,179.5694896337673,0.7071067811865476
16,280.1336648441813,0.49999999999999994
17,265.2463353953111,0.258819045102521
18,201.59011016330982,1.2246467991473532e-16
19,176.92725405079833,0.0
20,144.46176064064906,0.0
21,101.02807054842538,0.0
22,891.639069708559,0.0
23,865.979181831628,0.0
0,876.779062007811,0.0
1,923.5431361768244,0.0
2,966.7961801740562,0.0
3,915.7868611929192,0.0
4,852.1646775185926,0.0
5,917.7841067288057,0.0
6,222.86525946582606,0.0
7,150.60868382722472,0.25881904510252074
8,169.6393133330833,0.49999999999999994
9,175.5875277891679,0.7071067811865476
10,218.60406747671038,0.8660254037844386
11,275.9312173537544,0.9659258262890683
12,245.16207405568875,1.0
13,266.7812977562811,0.9659258262890683
14,214.50031288791598,0.8660254037844387
15,232.50166798706357,0.7071067811865476
16,278.89525431311085,0.49999999999999994
17,235.08667391632932,0.258819045102521
18,219.07855404933622,1.2246467991473532e-16
19,134.0145525754159,0.0
20,158.98738903007543,0.0
21,187.30363327492358,0.0
22,843.2653706826787,0.0
23,829.567647520769,0.0
0,838.9737474171963,0.0
1,950.5033641370873,0.0
2,877.9256741643021,0.0
3,1002.3279714267301,0.0
4,877.4300960537045,0.0
5,907.3820521278815,0.0
6,236.68439810271502,0.0
7,255.24371552636492,0.25881904510252074
8,257.4601430654559,0.49999999999999994
9,223.3346492237257,0.7071067811865476
10,290.9625010324585,0.8660254037844386
11,273.70107796804734,0.9659258262890683
12,281.1344430466655,1.0
13,227.95257134685866,0.9659258262890683
14,217.27204466310772,0.8660254037844387
15,249.86502170356192,0.7071067811865476
16,243.19261509900286,0.49999999999999994
17,231.870878026909,0.258819045102521
18,177.85549789826862,1.2246467991473532e-16
19,188.21220834282042,0.0
20,153.5362754516739,0.0
21,209.1012032422105,0.0
22,854.3324354346598,0.0
23,892.2536216288113,0.0
0,871.3271071758878,0.0
1,825.3385353170776,0.0
2,896.692772566292,0.0
3,895.1300996646687,0.0
4,960.5379897296853,0.0
5,925.2324673821911,0.0
6,134.03252702683181,0.0
7,249.16370265336752,0.25881904510252074
8,223.84134782101412,0.49999999999999994
9,198.28390813874464,0.7071067811865476
10,240.94063604600672,0.8660254037844386
11,211.62243053106081,0.9659258262890683
12,235.11172895715788,1.0
13,293.5499447881674,0.9659258262890683
14,325.38345223738435,0.8660254037844387
15,311.72974113088753,0.7071067811865476
16,230.44602312854903,0.49999999999999994
17,205.21530266843956,0.258819045102521
18,155.63544987644815,1.2246467991473532e-16
19,79.26242537748594,0.0
20,162.92670856739124,0.0
21,144.09589654805325,0.0
22,881.3585399252703,0.0
23,836.2118773093282,0.0
0,920.5440042627887,0.0
1,878.6919664135236,0.0
2,853.2033265715885,0.0
3,785.109511468734,0.0
4,898.8994037979745,0.0
5,970.8900638667898,0.0
6,241.4503685819148,0.0
7,156.71614973654914,0.25881904510252074
8,150.91151758552877,0.49999999999999994
9,193.75097024300095,0.7071067811865476
10,210.06458243246834,0.8660254037844386
11,262.07167599277864,0.9659258262890683
12,280.6432111353876,1.0
13,299.0773289553723,0.9659258262890683
14,245.99383694080188,0.8660254037844387
15,241.85304999292137,0.7071067811865476
16,214.88069652973755,0.49999999999999994
17,216.9247858384056,0.258819045102521
18,140.94084432393893,1.2246467991473532e-16
19,164.69462027264711,0.0
20,186.54338504932997,0.0
21,117.8728419727862,0.0
22,959.7075427583809,0.0
23,889.1550559582972,0.0
0,899.1453082260625,0.0
1,870.111532834087,0.0
2,803.0303895890823,0.0
3,935.3618158544419,0.0
4,929.4737558836973,0.0
5,888.7468977152714,0.0
6,177.67962868899488,0.0
7,195.63756870816397,0.25881904510252074
8,112.4981657245383,0.49999999999999994
9,153.8378929061482,0.7071067811865476
10,281.7705871848731,0.8660254037844386
11,199.82842307323003,0.9659258262890683
12,261.7423172866652,1.0
13,195.7367278150638,0.9659258262890683
14,268.65719929734104,0.8660254037844387
15,248.57434070810066,0.7071067811865476
16,185.39472736377962,0.49999999999999994
17,296.58957417828685,0.258819045102521
18,120.61633692807803,1.2246467991473532e-16
19,117.58990251942475,0.0
20,158.0227678892377,0.0
21,195.9454939771486,0.0
22,859.3671272408641,0.0
23,902.4671939939188,0.0
0,917.1526600132229,0.0
1,927.7242242905257,0.0
2,907.057662211089,0.0
3,885.3188864366671,0.0
4,866.8963911740512,0.0
5,903.445755321855,0.0
6,132.11443952057573,0.0
7,58.14598066021571,0.25881904510252074
8,192.4623921663067,0.49999999999999994
9,211.15739364344782,0.7071067811865476
10,155.48270257832647,0.8660254037844386
11,209.6107718116025,0.9659258262890683
12,274.76617044020793,1.0
13,332.299818788468,0.9659258262890683
14,250.8317483070163,0.8660254037844387
15,220.87988235083463,0.7071067811865476
16,242.6841423558064,0.49999999999999994
17,304.9950567659274,0.258819045102521
18,124.16143283501859,1.2246467991473532e-16
19,118.03231973398985,0.0
20,130.6902591127187,0.0
21,111.8668556696515,0.0
22,904.9068126397918,0.0
23,964.9871383387824,0.0
0,912.9231709246411,0.0
1,889.9058599149485,0.0
2,888.3275492433783,0.0
3,837.4723676521337,0.0
4,935.3243910858864,0.0
5,896.886512119488,0.0
6,167.78080345637497,0.0
7,302.72430271379443,0.25881904510252074
8,186.95011633462744,0.49999999999999994
9,144.92835799619263,0.7071067811865476
10,232.94569615177826,0.8660254037844386
11,295.9378283678702,0.9659258262890683
12,254.53081642151056,1.0
13,192.46888086730533,0.9659258262890683
14,286.7691573830081,0.8660254037844387
15,223.27423657844025,0.7071067811865476
16,324.9319110487018,0.49999999999999994
17,293.2019226285859,0.258819045102521
18,132.10712417364996,1.2246467991473532e-16
19,201.24065446940452,0.0
20,152.71422042109614,0.0
21,184.11094700488877,0.0
22,919.389312691779,0.0
23,866.1457338003651,0.0
0,874.2580067073015,0.0
1,941.1984327032465,0.0
2,886.6089867157384,0.0
3,883.8540614703202,0.0
4,861.7950968260259,0.0
5,916.9439626237385,0.0
6,257.5009967697258,0.0
7,132.29868342982908,0.25881904510252074
8,175.96877826691033,0.49999999999999994
9,231.48882221661717,0.7071067811865476
10,246.81434435017138,0.8660254037844386
11,268.0948718499894,0.9659258262890683
12,207.50425887412482,1.0
13,267.13228388830595,0.9659258262890683
14,242.51422939981805,0.8660254037844387
15,289.4291998271945,0.7071067811865476
16,297.49544206259003,0.49999999999999994
17,353.58254568074454,0.258819045102521
18,173.18532692854302,1.2246467991473532e-16
19,163.03185266328666,0.0
20,157.77537206309344,0.0
21,135.87334828757247,0.0
22,913.5393537384676,0.0
23,888.1839435944388,0.0
0,906.7384390507846,0.0
1,952.7039014243184,0.0
2,859.7382973888143,0.0
3,945.5951424451619,0.0
4,952.6846026935946,0.0
5,895.2772589203569,0.0
6,90.12580403965622,0.0
7,150.6871205162227,0.25881904510252074
8,226.87978186244436,0.49999999999999994
9,174.08527750804473,0.7071067811865476
10,210.02791070820356,0.8660254037844386
11,229.8090031508713,0.9659258262890683
12,283.6248010601821,1.0
13,271.8693427280552,0.9659258262890683
14,240.44271603321224,0.8660254037844387
15,235.3270235274125,0.7071067811865476
16,234.32967403824713,0.49999999999999994
17,213.10359262005989,0.258819045102521
18,214.61502757877767,1.2246467991473532e-16
19,137.1071812315464,0.0
20,198.68634083301987,0.0
21,210.85264207689806,0.0
22,939.9324359259184,0.0
23,882.7351874912781,0.0
0,916.1492036134644,0.0
1,899.0321757443634,0.0
2,863.8519255707948,0.0
3,912.9743712688642,0.0
4,852.8384083536079,0.0
5,947.5071755384625,0.0
6,156.41530810806427,0.0
7,183.04638623491357,0.25881904510252074
8,186.33151486184568,0.49999999999999994
9,164.6438010518369,0.7071067811865476
10,273.467752059011,0.8660254037844386
11,231.00385373509903,0.9659258262890683
12,284.85189189828975,1.0
13,196.16081279013005,0.9659258262890683
14,255.05518318185648,0.8660254037844387
15,327.5571599623314,0.7071067811865476
16,209.986747015777,0.49999999999999994
17,222.89020117900594,0.258819045102521
18,170.5563139863566,1.2246467991473532e-16
19,157.1832712775839,0.0
20,164.02520397094236,0.0
21,169.56748520590654,0.0
22,925.3888587424708,0.0
23,944.3879936782489,0.0
0,916.3927462771405,0.0
1,890.3496938152583,0.0
2,926.9029480481092,0.0
3,975.9952773958087,0.0
4,894.6946501446971,0.0
5,861.0188278131743,0.0
6,219.2832267714789,0.0
7,170.18475344185606,0.25881904510252074
8,88.09321815943855,0.49999999999999994
9,208.89686708601687,0.7071067811865476
10,228.58687256184308,0.8660254037844386
11,246.37866870783358,0.9659258262890683
12,263.2792132227606,1.0
13,257.61998719116264,0.9659258262890683
14,278.37807268556156,0.8660254037844387
15,232.58054517720626,0.7071067811865476
16,270.52423192704333,0.49999999999999994
17,239.61813289664332,0.258819045102521
18,179.5524192355001,1.2246467991473532e-16
19,174.61469936052214,0.0
20,112.58245191821618,0.0
21,193.43928464700127,0.0
22,878.561462195438,0.0
23,932.3223119312458,0.0
0,914.6914925360536,0.0
1,973.5273470718049,0.0
2,891.0613607051259,0.0
3,886.0273281552721,0.0
4,899.2232157644906,0.0
5,887.872808686629,0.0
6,206.997676077682,0.0
7,110.34757566253649,0.25881904510252074
8,132.85270323414585,0.49999999999999994
9,132.28788313683228,0.7071067811865476
10,288.012303678943,0.8660254037844386
11,318.424534903277,0.9659258262890683
12,245.82203125850114,1.0
13,243.24713107239958,0.9659258262890683
14,252.80208652452725,0.8660254037844387
15,296.4751321043276,0.7071067811865476
16,212.90587463237705,0.49999999999999994
17,259.5347593093914,0.258819045102521
18,189.0079051912972,1.2246467991473532e-16
19,170.0437667975938,0.0
20,157.58326466394973,0.0
21,190.04184370268564,0.0
22,791.8707082800305,0.0
23,927.1150127812363,0.0
0,873.836972674903,0.0
1,826.7746841257417,0.0
2,920.4481039809992,0.0
3,954.9463418065183,0.0
4,894.5020594148923,0.0
5,938.1149818881175,0.0
6,239.49113031954582,0.0
7,227.5965781433619,0.25881904510252074
8,240.59858117485572,0.49999999999999994
9,204.68509964287568,0.7071067811865476
10,253.0173455560637,0.8660254037844386
11,185.92136752411326,0.9659258262890683
12,240.15750047480205,1.0
13,216.27013618735234,0.9659258262890683
14,336.8377086999126,0.8660254037844387
15,242.96456750270653,0.7071067811865476
16,254.92819227137943,0.49999999999999994
17,272.0594150416187,0.258819045102521
18,151.74409785489814,1.2246467991473532e-16
19,217.80204161723012,0.0
20,125.09402553062192,0.0
21,157.78429820948972,0.0
22,870.301176572078,0.0
23,847.1990995511718,0.0
0,875.5292363637886,0.0
1,898.5185281180635,0.0
2,882.8279110193096,0.0
3,872.3031608050458,0.0
4,843.7473014531266,0.0
5,896.6757770948523,0.0
6,114.8111850387599,0.0
7,205.4022385475841,0.25881904510252074
8,178.29759011738014,0.49999999999999994
9,116.69794002140279,0.7071067811865476
10,237.63163691800546,0.8660254037844386
11,219.91374377637666,0.9659258262890683
12,262.76698041676724,1.0
13,303.6180178409258,0.9659258262890683
14,174.99310121417022,0.8660254037844387
15,254.6010431658967,0.7071067811865476
16,243.59468817733438,0.49999999999999994
17,276.8536030580186,0.258819045102521
18,158.52786512950757,1.2246467991473532e-16
19,119.92122673044724,0.0
20,137.23784257333529,0.0
21,118.15896572786045,0.0
22,943.0402855439439,0.0
23,900.8524659468777,0.0
0,976.0476274301203,0.0
1,897.5735674474151,0.0
2,871.6637293235815,0.0
3,839.451424295487,0.0
4,827.8744129497622,0.0
5,836.6345622797804,0.0
6,185.68506604045933,0.0
7,195.34900092919736,0.25881904510252074
8,111.75237191871466,0.49999999999999994
9,210.80153256304462,0.7071067811865476
10,230.6775579326624,0.8660254037844386
11,255.87172047942198,0.9659258262890683
12,314.488825130217,1.0
13,285.87357263462127,0.9659258262890683
14,239.2587740837667,0.8660254037844387
15,214.35231098338852,0.7071067811865476
16,163.9273839468278,0.49999999999999994
17,221.2338672303032,0.258819045102521
18,141.5547904468922,1.2246467991473532e-16
19,110.51281891395264,0.0
20,144.7497213163078,0.0
21,153.07407531835074,0.0
22,891.0057607276768,0.0
23,873.9998967670616,0.0
0,906.746186878669,0.0
1,917.6776259827764,0.0
2,856.3840369022862,0.0
3,956.4372951898508,0.0
4,896.0564747086295,0.0
5,900.7539849177939,0.0
6,203.32857693026227,0.0
7,184.32864525054006,0.25881904510252074
8,213.1254653565298,0.49999999999999994
9,186.48496660807297,0.7071067811865476
10,225.50250501438248,0.8660254037844386
11,264.4601410082441,0.9659258262890683
12,204.25095170717353,1.0
13,254.34238823106094,0.9659258262890683
14,248.67080037422156,0.8660254037844387
15,241.67532570909842,0.7071067811865476
16,244.85849954244276,0.49999999999999994
17,174.72603818009443,0.258819045102521
18,128.05100369036154,1.2246467991473532e-16
19,153.71379604564459,0.0
20,156.39425567989602,0.0
21,108.89299436296167,0.0
22,950.628313634588,0.0
23,865.3530060714199,0.0
0,938.7782880210694,0.0
1,917.0877744748674,0.0
2,874.1509076062479,0.0
3,971.0124357043804,0.0
4,852.2545267297407,0.0
5,936.7661669444001,0.0
6,215.02329272171914,0.0
7,148.17519163693422,0.25881904510252074
8,230.69861200257316,0.49999999999999994
9,164.99813941604188,0.7071067811865476
10,261.54774517119426,0.8660254037844386
11,260.4128735508488,0.9659258262890683
12,244.62765034117808,1.0
13,282.4323309263913,0.9659258262890683
14,281.7395488220885,0.8660254037844387
15,180.05872107047276,0.7071067811865476
16,302.1736097151261,0.49999999999999994
17,183.50032047857303,0.258819045102521
18,191.3018481736663,1.2246467991473532e-16
19,195.06820547310332,0.0
20,106.36134279139208,0.0
21,133.56742848181662,0.0
22,855.7718132605626,0.0
23,891.4031587884506,0.0
0,887.6786286325704,0.0
1,931.1864212907736,0.0
2,952.4123498447843,0.0
3,955.8273524315982,0.0
4,877.5132789368679,0.0
5,891.6311250502189,0.0
6,107.66247231116199,0.0
7,142.76519734015244,0.25881904510252074
8,213.5940653238983,0.49999999999999994
9,239.62331294192927,0.7071067811865476
10,200.6260451248031,0.8660254037844386
11,226.30142963388423,0.9659258262890683
12,248.94376972164292,1.0
13,261.20644635278427,0.9659258262890683
14,217.61585920313416,0.8660254037844387
15,266.9624417785636,0.7071067811865476
16,231.04642611716335,0.49999999999999994
17,249.42190916486882,0.258819045102521
18,171.851369920148,1.2246467991473532e-16
19,150.2568907924375,0.0
20,132.54456437893725,0.0
21,145.61560784296677,0.0
22,896.4654816317866,0.0
23,885.1995588047149,0.0
0,889.6481574933159,0.0
1,963.9458868201887,0.0
2,922.4367779176496,0.0
3,888.1807872788336,0.0
4,927.8781761804295,0.0
5,886.6472204097596,0.0
6,221.92498550346565,0.0
7,189.78568768792377,0.25881904510252074
8,170.70791423983084,0.49999999999999994
9,192.9086770324111,0.7071067811865476
10,187.16495391726002,0.8660254037844386
11,204.9293012436078,0.9659258262890683
12,202.24299974403777,1.0
13,255.71772379054826,0.9659258262890683
14,319.30059997940367,0.8660254037844387
15,339.2520058477053,0.7071067811865476
16,275.5220440576303,0.49999999999999994
17,270.03377899777826,0.258819045102521
18,77.95769063389044,1.2246467991473532e-16
19,128.29304801063913,0.0
20,118.48864992367044,0.0
21,125.16609606995536,0.0
22,893.2742472566084,0.0
23,881.1163768921149,0.0
0,820.8280075849685,0.0
1,929.9164102447014,0.0
2,857.0902789704078,0.0
3,909.569874564446,0.0
4,982.9633067899989,0.0
5,863.224616336543,0.0
6,73.78849909014681,0.0
7,163.55983112479558,0.25881904510252074
8,219.03838539994285,0.49999999999999994
9,253.33389816882374,0.7071067811865476
10,200.81801622190332,0.8660254037844386
11,269.86796892946086,0.9659258262890683
12,231.38758172879787,1.0
13,245.76206582783456,0.9659258262890683
14,355.7737338806814,0.8660254037844387
15,189.88118686419386,0.7071067811865476
16,260.14958645978294,0.49999999999999994
17,268.7077268706173,0.258819045102521
18,193.4314529975739,1.2246467991473532e-16
19,153.91932613883583,0.0
20,162.3220215801641,0.0
21,134.33405730312836,0.0
22,910.7650776498043,0.0
23,886.2723089801036,0.0
0,924.862875594242,0.0
1,885.2155865582546,0.0
2,915.0840157560874,0.0
3,898.8294874526009,0.0
4,945.0420100308868,0.0
5,897.9442510564605,0.0
6,104.07870127172474,0.0
7,225.47686002855966,0.25881904510252074
8,138.77070796549523,0.49999999999999994
9,148.8493464540472,0.7071067811865476
10,226.1735482382603,0.8660254037844386
11,304.9775237268327,0.9659258262890683
12,164.57303144085216,1.0
13,375.5099413463997,0.9659258262890683
14,292.2422723626421,0.8660254037844387
15,258.92955656516637,0.7071067811865476
16,247.80423997534854,0.49999999999999994
17,261.4221629943063,0.258819045102521
18,170.84489713517354,1.2246467991473532e-16
19,175.8086234380023,0.0
20,172.22417864013795,0.0
21,153.58322725020994,0.0
22,892.1064631877069,0.0
23,893.9490686538595,0.0
0,892.2036687858928,0.0
1,945.3508038746826,0.0
2,923.7422688912345,0.0
3,782.3844546134288,0.0
4,926.2360310611905,0.0
5,907.789447788751,0.0
6,174.2516497421641,0.0
7,159.45926187644457,0.25881904510252074
8,219.96450879944052,0.49999999999999994
9,212.9010584849143,0.7071067811865476
10,219.08489328705565,0.8660254037844386
11,266.2820914849814,0.9659258262890683
12,211.13373061834855,1.0
13,194.81527340844278,0.9659258262890683
14,224.9313110164014,0.8660254037844387
15,284.49573889531035,0.7071067811865476
16,288.12500181504345,0.49999999999999994
17,270.52341680389173,0.258819045102521
18,179.0038314739199,1.2246467991473532e-16
19,170.64713148459833,0.0
20,124.3407361910819,0.0
21,167.27690178695764,0.0
22,932.0163810091072,0.0
23,930.171653192543,0.0
0,947.5565348589857,0.0
1,928.3321538880425,0.0
2,914.0579283016633,0.0
3,942.8060095326571,0.0
4,898.9391496300376,0.0
5,864.7250139508913,0.0
6,168.47732144224943,0.0
7,145.20389420774205,0.25881904510252074
8,147.99286900102473,0.49999999999999994
9,169.21925317137928,0.7071067811865476
10,218.30320316000154,0.8660254037844386
11,237.6815388144384,0.9659258262890683
12,174.25541332184858,1.0
13,258.5317482949175,0.9659258262890683
14,250.04821901448898,0.8660254037844387
15,217.31645475727237,0.7071067811865476
16,276.3698267372962,0.49999999999999994
17,287.5028055050623,0.258819045102521
18,85.69760542524104,1.2246467991473532e-16
19,119.49100885735143,0.0
20,119.23430600850807,0.0
21,112.40387595564542,0.0
22,933.1789936772699,0.0
23,892.2469544490879,0.0
0,889.4194063475755,0.0
1,819.8455054237298,0.0
2,925.416721208369,0.0
3,850.4296642058611,0.0
4,902.3973052106531,0.0
5,911.0950775183277,0.0
6,229.42634383354604,0.0
7,122.64718403523551,0.25881904510252074
8,54.21951376716699,0.49999999999999994
9,182.3539817901478,0.7071067811865476
10,322.02044726043414,0.8660254037844386
11,299.5578541175775,0.9659258262890683
12,258.38637661098505,1.0
13,230.33455257471812,0.9659258262890683
14,282.2849038654924,0.8660254037844387
15,211.05815201182125,0.7071067811865476
16,269.0543107742488,0.49999999999999994
17,270.2188063666651,0.258819045102521
18,192.4083962999552,1.2246467991473532e-16
19,260.3864015564431,0.0
20,165.69663868715068,0.0
21,129.64145497170006,0.0
22,898.9770275123202,0.0
23,829.2369638044353,0.0
0,872.2114747564377,0.0
1,883.6287024754758,0.0
2,879.0364640826162,0.0
3,906.0941948813489,0.0
4,867.103202704712,0.0
5,944.8412266929788,0.0
6,175.0082825967279,0.0
7,174.6279871544554,0.25881904510252074
8,161.88421133948327,0.49999999999999994
9,181.20762735435918,0.7071067811865476
10,283.0039305867054,0.8660254037844386
11,215.31479137156398,0.9659258262890683
12,223.67534043698973,1.0
13,237.8509588489334,0.9659258262890683
14,196.1651630610714,0.8660254037844387
15,217.2296856111401,0.7071067811865476
16,230.95116505821363,0.49999999999999994
17,284.9755672285091,0.258819045102521
18,160.502453160077,1.2246467991473532e-16
19,157.7435964547018,0.0
20,184.03591848671888,0.0
21,144.50512846402412,0.0
22,915.6185939971556,0.0
23,895.8711298827002,0.0
0,910.6144939759852,0.0
1,876.6896536955367,0.0
2,802.4473136689428,0.0
3,894.6288335125479,0.0
4,956.9099254439976,0.0
5,937.0486160896637,0.0
6,213.61589938364682,0.0
7,224.44522887224872,0.25881904510252074
8,178.5463036384575,0.49999999999999994
9,182.89262829622382,0.7071067811865476
10,225.293924182626,0.8660254037844386
11,237.357085758918,0.9659258262890683
12,274.63084599084567,1.0
13,298.1553774867526,0.9659258262890683
14,244.42214897276003,0.8660254037844387
15,231.99242940594354,0.7071067811865476
16,250.0211183542639,0.49999999999999994
17,274.0482699571646,0.258819045102521
18,92.24580735465833,1.2246467991473532e-16
19,58.152761874510475,0.0
20,127.97852602033666,0.0
21,101.17150296343365,0.0
22,879.6743920941076,0.0
23,894.0887872473012,0.0
0,881.8700636390795,0.0
1,958.0987013788298,0.0
2,913.0697905840929,0.0
3,912.0189743844331,0.0
4,924.888285761736,0.0
5,854.4466752887693,0.0
6,216.56447149681074,0.0
7,171.9694285385816,0.25881904510252074
8,201.8192246896485,0.49999999999999994
9,132.12571067839377,0.7071067811865476
10,187.84964935935744,0.8660254037844386
11,282.7155863210011,0.9659258262890683
12,265.05638104390067,1.0
13,213.9179378256996,0.9659258262890683
14,215.21347674901222,0.8660254037844387
15,295.0173913765908,0.7071067811865476
16,202.42352428530688,0.49999999999999994
17,315.70691813023853,0.258819045102521
18,113.97517061408524,1.2246467991473532e-16
19,175.5356770243353,0.0
20,136.8552609700406,0.0
21,174.12749724329373,0.0
22,878.2354399154323,0.0
23,893.4882837571082,0.0
0,901.6367670158288,0.0
1,859.9125017687411,0.0
2,929.632973816805,0.0
3,879.4714573411366,0.0
4,890.8560033863993,0.0
5,860.2260250156595,0.0
6,72.50665364818758,0.0
7,167.35888949599325,0.25881904510252074
8,271.5046168645166,0.49999999999999994
9,206.38417151592097,0.7071067811865476
10,249.2295848106242,0.8660254037844386
11,239.4843668316693,0.9659258262890683
12,250.89863571248185,1.0
13,271.8847646070084,0.9659258262890683
14,202.7674873876462,0.8660254037844387
15,294.5728677867549,0.7071067811865476
16,278.6152526176498,0.49999999999999994
17,278.7274290283174,0.258819045102521
18,167.53902955238908,1.2246467991473532e-16
19,150.7846663077596,0.0
20,176.9144494386728,0.0
21,173.67256534965512,0.0
22,885.838371562359,0.0
23,877.0559290841239,0.0
0,904.0742518104795,0.0
1,961.9608060598075,0.0
2,850.4357169738439,0.0
3,841.2989893699024,0.0
4,906.5904336494607,0.0
5,902.0355080742407,0.0
6,181.93366657481633,0.0
7,184.75812791634002,0.25881904510252074
8,166.0719098146078,0.49999999999999994
9,234.5945375440833,0.7071067811865476
10,185.96384086093937,0.8660254037844386
11,216.86011900879015,0.9659258262890683
12,245.86980959403812,1.0
13,184.2724475538333,0.9659258262890683
14,242.96582382271714,0.8660254037844387
15,316.4588066291207,0.7071067811865476
16,250.83545953183847,0.49999999999999994
17,259.2280362287473,0.258819045102521
18,99.59340939309679,1.2246467991473532e-16
19,125.34554367842091,0.0
20,134.99214478704252,0.0
21,137.29139612975064,0.0
22,951.2657518001507,0.0
23,922.307642429005,0.0
0,855.5416817225187,0.0
1,909.8601911372801,0.0
2,919.9288699398714,0.0
3,945.6059615408507,0.0
4,963.2216274627349,0.0
5,859.3962323268853,0.0
6,142.56569955158648,0.0
7,124.69688564341536,0.25881904510252074
8,165.63920563572074,0.49999999999999994
9,193.65433497785338,0.7071067811865476
10,289.4933806635641,0.8660254037844386
11,246.9619590542991,0.9659258262890683
12,237.20609906980624,1.0
13,256.0703196899496,0.9659258262890683
14,216.59428393479908,0.8660254037844387
15,333.58154886779096,0.7071067811865476
16,185.69355891527766,0.49999999999999994
17,257.389623155829,0.258819045102521
18,230.94424876918558,1.2246467991473532e-16
19,150.2719937823999,0.0
20,142.39843859994022,0.0
21,135.7021830875829,0.0
22,892.7843327295037,0.0
23,954.9139389870612,0.0
0,811.5255235468197,0.0
1,961.337348051853,0.0
2,843.0417139019942,0.0
3,889.3339068306234,0.0
4,882.8302231880535,0.0
5,923.5421307908288,0.0
6,111.0750259246501,0.0
7,193.4869066432777,0.25881904510252074
8,255.9723849314741,0.49999999999999994
9,120.47303981628758,0.7071067811865476
10,257.58824670441584,0.8660254037844386
11,223.52071288813565,0.9659258262890683
12,267.03548824772145,1.0
13,250.76591109663008,0.9659258262890683
14,224.3405236382276,0.8660254037844387
15,269.51489139484295,0.7071067811865476
16,322.1739243914697,0.49999999999999994
17,242.36384833090804,0.258819045102521
18,178.79031768592728,1.2246467991473532e-16
19,98.26908168515345,0.0
20,111.74254492727965,0.0
21,168.89625111521508,0.0
22,959.3646411414386,0.0
23,914.2245339514265,0.0
0,887.4776787790738,0.0
1,899.9716562169342,0.0
2,849.9836906412113,0.0
3,924.1806130542146,0.0
4,935.2933224929363,0.0
5,881.9163866866768,0.0
6,156.19831408961994,0.0
7,185.63512918608194,0.25881904510252074
8,157.5312105583762,0.49999999999999994
9,172.3546954149671,0.7071067811865476
10,333.98887156666063,0.8660254037844386
11,240.11897197016015,0.9659258262890683
12,235.66639391915112,1.0
13,224.09832777459363,0.9659258262890683
14,279.7676788599975,0.8660254037844387
15,242.75103307127588,0.7071067811865476
16,224.02507846714298,0.49999999999999994
17,302.8521612909205,0.258819045102521
18,206.78412018054547,1.2246467991473532e-16
19,125.9830573704518,0.0
20,75.33840194557536,0.0
21,190.3005475934769,0.0
22,872.6148069695998,0.0
23,931.6250239665108,0.0
0,821.1958472915265,0.0
1,935.7038935319724,0.0
2,851.5531228287688,0.0
3,929.230564762661,0.0
4,900.5709227134573,0.0
5,861.8424232241342,0.0
6,158.71854748292878,0.0
7,202.45273827826804,0.25881904510252074
8,179.23577812460937,0.49999999999999994
9,198.37651921889938,0.7071067811865476
10,329.0576233806194,0.8660254037844386
11,187.43033553155794,0.9659258262890683
12,314.688502998745,1.0
13,254.1742375009285,0.9659258262890683
14,214.04863806707488,0.8660254037844387
15,196.78745497044042,0.7071067811865476
16,242.43518436891867,0.49999999999999994
17,286.8660044769784,0.258819045102521
18,144.89803518489862,1.2246467991473532e-16
19,210.4461972098939,0.0
20,91.95297239793764,0.0
21,149.5164420861578,0.0
22,849.9042622234753,0.0
23,914.5452753049988,0.0
0,935.475495603892,0.0
1,883.1695282527579,0.0
2,795.8314457349146,0.0
3,907.9579258718597,0.0
4,917.4695420693404,0.0
5,916.1717901984679,0.0
6,224.43128767288616,0.0
7,132.15785281403805,0.25881904510252074
8,202.20864421801798,0.49999999999999994
9,222.700300499119,0.7071067811865476
10,178.85649663973933,0.8660254037844386
11,262.7860730367591,0.9659258262890683
12,229.83280675969314,1.0
13,246.73909307593416,0.9659258262890683
14,263.90705934153345,0.8660254037844387
15,230.51085743545792,0.7071067811865476
16,222.97167683353553,0.49999999999999994
17,251.366096699521,0.258819045102521
18,106.5101624454879,1.2246467991473532e-16
19,106.56699484459259,0.0
20,177.17493131826012,0.0
21,104.04823859365376,0.0
22,926.6525000363685,0.0
23,918.5036517141581,0.0
0,830.9677308483762,0.0
1,872.8974139065738,0.0
2,947.7643761218949,0.0
3,860.7533787544128,0.0
4,881.4238295076245,0.0
5,918.4824357300758,0.0
6,206.33562037130383,0.0
7,164.93844455822017,0.25881904510252074
8,151.09959221233433,0.49999999999999994
9,231.8947944679403,0.7071067811865476
10,319.5559865519032,0.8660254037844386
11,289.1543220312718,0.9659258262890683
12,253.41272570260097,1.0
13,217.66937113436296,0.9659258262890683
14,216.78222373773738,0.8660254037844387
15,270.9005642106303,0.7071067811865476
16,266.7359288355473,0.49999999999999994
17,306.06394371785717,0.258819045102521
18,176.01800370144556,1.2246467991473532e-16
19,89.87678792960727,0.0
20,192.07790470891675,0.0
21,110.07757490742348,0.0
22,884.641149121906,0.0
23,910.0080082500677,0.0
0,979.8266995913585,0.0
1,1024.3967422402145,0.0
2,924.2689223654473,0.0
3,892.6721352511845,0.0
4,921.380225939222,0.0
5,935.5062170349535,0.0
6,162.17329497771235,0.0
7,246.80845423649288,0.25881904510252074
8,184.20283036765608,0.49999999999999994
9,194.90972356365577,0.7071067811865476
10,276.63697008217844,0.8660254037844386
11,266.86346442457824,0.9659258262890683
12,283.5576200187845,1.0
13,225.30987253812307,0.9659258262890683
14,227.66792984215877,0.8660254037844387
15,205.9938306811322,0.7071067811865476
16,267.58004922480904,0.49999999999999994
17,281.15746014048455,0.258819045102521
18,168.31091464607545,1.2246467991473532e-16
19,216.9796973339015,0.0
20,149.77615924683815,0.0
21,176.7496662237005,0.0
22,856.3319649544275,0.0
23,884.516011901024,0.0
0,927.821510302631,0.0
1,933.9640844297257,0.0
2,888.2413220934327,0.0
3,897.1360299256773,0.0
4,839.2850501327677,0.0
5,885.7188319677356,0.0
6,210.61532654079144,0.0
7,198.00820064426264,0.25881904510252074
8,195.0266288552484,0.49999999999999994
9,176.9909474872384,0.7071067811865476
10,250.28252634512705,0.8660254037844386
11,223.5871544210621,0.9659258262890683
12,277.95313680810136,1.0
13,266.83891777557557,0.9659258262890683
14,269.68075391971195,0.8660254037844387
15,228.95860629329678,0.7071067811865476
16,163.86628320515024,0.49999999999999994
17,293.8861084701478,0.258819045102521
18,130.84650175966382,1.2246467991473532e-16
19,115.48896943827518,0.0
20,177.73915647655974,0.0
21,134.3194944032348,0.0
22,942.3974553618649,0.0
23,924.6802379830679,0.0
0,927.3427729280191,0.0
1,845.3617715519787,0.0
2,948.477759415456,0.0
3,910.4500212493542,0.0
4,885.2289144301519,0.0
5,905.73553869369,0.0
6,103.95059068406721,0.0
7,191.34611245922684,0.25881904510252074
8,133.82513967271714,0.49999999999999994
9,120.89318856625863,0.7071067811865476
10,189.10563255128437,0.8660254037844386
11,294.507534999597,0.9659258262890683
12,224.82946425228846,1.0
13,311.34910839666,0.9659258262890683
14,228.56794147790808,0.8660254037844387
15,181.7056816962821,0.7071067811865476
16,205.33902240205364,0.49999999999999994
17,299.43246480027756,0.258819045102521
18,143.7640728825333,1.2246467991473532e-16
19,128.06850814037597,0.0
20,156.40072903411152,0.0
21,170.0713094467018,0.0
22,944.6959526360985,0.0
23,957.939969195717,0.0
0,885.6092541684366,0.0
1,846.9580925567185,0.0
2,883.461393555069,0.0
3,910.4112202633155,0.0
4,861.4496429515756,0.0
5,861.7139634041982,0.0
6,188.75151526199542,0.0
7,173.05390593718195,0.25881904510252074
8,176.31187981646346,0.49999999999999994
9,144.66018661199723,0.7071067811865476
10,240.78397143176932,0.8660254037844386
11,213.03067422926782,0.9659258262890683
12,285.6079364449915,1.0
13,291.4099733889501,0.9659258262890683
14,176.15248551047625,0.8660254037844387
15,212.8195655923036,0.7071067811865476
16,190.13882979639683,0.49999999999999994
17,223.99904262372408,0.258819045102521
18,146.66248120838557,1.2246467991473532e-16
19,92.01419121205879,0.0
20,113.12560747498748,0.0
21,109.84170511674006,0.0
22,908.2906931759578,0.0
23,902.77377348145,0.0
0,871.1304978665098,0.0
1,907.072834885576,0.0
2,878.1327966165094,0.0
3,889.1337955869578,0.0
4,966.9380836119415,0.0
5,953.6184420716139,0.0
6,123.0167505228961,0.0
7,208.189296715167,0.25881904510252074
8,207.45586217966368,0.49999999999999994
9,129.06946844989528,0.7071067811865476
10,282.7511057501944,0.8660254037844386
11,311.51727673650214,0.9659258262890683
12,205.09820775022345,1.0
13,213.29988715942946,0.9659258262890683
14,290.7064586737401,0.8660254037844387
15,260.8598124330259,0.7071067811865476
16,272.0590510095809,0.49999999999999994
17,263.62356865601987,0.258819045102521
18,165.62783683712576,1.2246467991473532e-16
19,96.94111486755668,0.0
20,191.89270826485793,0.0
21,196.78359969711096,0.0
22,890.8243702372789,0.0
23,898.2609220074455,0.0
0,838.7556998977711,0.0
1,920.5701902407134,0.0
2,922.8822976685658,0.0
3,897.5123593200276,0.0
4,944.9741343948201,0.0
5,886.6369107608024,0.0
6,197.58423703574402,0.0
7,134.2134264523154,0.25881904510252074
8,174.05791396503048,0.49999999999999994
9,168.02582968388657,0.7071067811865476
10,259.0123168816377,0.8660254037844386
11,235.21892284666566,0.9659258262890683
12,244.7410961731333,1.0
13,283.04188685766024,0.9659258262890683
14,232.5294305104713,0.8660254037844387
15,185.73691597045283,0.7071067811865476
16,319.9833561682168,0.49999999999999994
17,305.2581631476195,0.258819045102521
18,98.30949219577525,1.2246467991473532e-16
19,177.58831220980778,0.0
20,129.88100917794628,0.0
21,160.53948861324238,0.0
22,911.7689651605398,0.0
23,890.6236879873471,0.0
0,868.6493733765442,0.0
1,872.3783579073496,0.0
2,863.3523233807502,0.0
3,866.7271116707822,0.0
4,897.3128683980258,0.0
5,871.36960043557,0.0
6,202.28208262850478,0.0
7,234.4898462134371,0.25881904510252074
8,151.79787034519828,0.49999999999999994
9,184.57618002141507,0.7071067811865476
10,269.98740441211737,0.8660254037844386
11,268.880090836771,0.9659258262890683
12,253.0382107166435,1.0
13,279.7072967343889,0.9659258262890683
14,269.2899581072263,0.8660254037844387
15,200.4935031069081,0.7071067811865476
16,284.7662425755709,0.49999999999999994
17,285.4916334906697,0.258819045102521
18,119.46855583285674,1.2246467991473532e-16
19,151.51751341790407,0.0
20,177.33315971244278,0.0
21,141.62744721682554,0.0
22,942.9191219106405,0.0
23,994.5548997847744,0.0
0,868.5605586946007,0.0
1,844.758215873849,0.0
2,912.152743824195,0.0
3,928.8625002050458,0.0
4,890.7653450462093,0.0
5,958.1304265328414,0.0
6,121.45576801107005,0.0
7,202.71674492126445,0.25881904510252074
8,150.76556716964427,0.49999999999999994
9,243.77511624829185,0.7071067811865476
10,329.70061412672476,0.8660254037844386
11,219.3337364886661,0.9659258262890683
12,228.0177145636568,1.0
13,284.38351547919206,0.9659258262890683
14,234.5147740084194,0.8660254037844387
15,248.18355128271048,0.7071067811865476
16,251.0155368216964,0.49999999999999994
17,173.21307375209375,0.258819045102521
18,149.4464901562305,1.2246467991473532e-16
19,122.41088903743304,0.0
20,130.27508710400912,0.0
21,207.74528013875255,0.0
22,849.7397242288298,0.0
23,932.528207469919,0.0
0,888.8414827867276,0.0
1,888.8095932601666,0.0
2,931.6148758420685,0.0
3,913.6020517827557,0.0
4,922.8245198887812,0.0
5,938.7273864213145,0.0
6,161.7476646726671,0.0
7,150.51053061968997,0.25881904510252074
8,131.59397893768806,0.49999999999999994
9,141.9835788008418,0.7071067811865476
10,367.963777012349,0.8660254037844386
11,299.78718322947145,0.9659258262890683
12,195.95702535167914,1.0
13,197.1016817302572,0.9659258262890683
14,269.27464246873967,0.8660254037844387
15,271.8905918951187,0.7071067811865476
16,271.9553534126946,0.49999999999999994
17,239.80176825785207,0.258819045102521
18,144.98182959988398,1.2246467991473532e-16
19,163.11518096637428,0.0
20,153.43572025173322,0.0
21,61.2279850900986,0.0
22,890.8080147769922,0.0
23,865.9437426295874,0.0
0,907.0084567563405,0.0
1,1019.4103601041364,0.0
2,914.6992666189722,0.0
3,887.458812553104,0.0
4,936.87206007909,0.0
5,919.3075154883685,0.0
6,191.80377961807366,0.0
7,199.27402372862684,0.25881904510252074
8,257.2617425931817,0.49999999999999994
9,129.76446258696336,0.7071067811865476
10,268.94528307245815,0.8660254037844386
11,212.94475480073845,0.9659258262890683
12,272.22050585368993,1.0
13,213.25253954055623,0.9659258262890683
14,233.30532745579663,0.8660254037844387
15,238.19640343048374,0.7071067811865476
16,289.0326687737884,0.49999999999999994
17,286.7381777576966,0.258819045102521
18,100.17130494214462,1.2246467991473532e-16
19,152.19736443999395,0.0
20,121.6168058100331,0.0
21,99.65980357298662,0.0
22,891.3193179830251,0.0
23,887.6606884617672,0.0
0,997.0686594538209,0.0
1,917.3183930144279,0.0
2,844.8952999698305,0.0
3,877.4090398331623,0.0
4,940.855331817176,0.0
5,983.537710914797,0.0
6,111.56066751048166,0.0
7,99.8030245944382,0.25881904510252074
8,249.8386070148713,0.49999999999999994
9,190.58456709483616,0.7071067811865476
10,215.26829072494536,0.8660254037844386
11,271.3851634448974,0.9659258262890683
12,144.57009043932487,1.0
13,250.13502026388645,0.9659258262890683
14,263.1128469137234,0.8660254037844387
15,286.9708055815132,0.7071067811865476
16,209.4441619082985,0.49999999999999994
17,253.42748645613437,0.258819045102521
18,112.9830149576165,1.2246467991473532e-16
19,160.21535022697267,0.0
20,114.18614710547904,0.0
21,133.67596643359119,0.0
22,860.1673842083908,0.0
23,926.0454496729462,0.0
0,934.3380446662666,0.0
1,890.6151772017034,0.0
2,901.5295197984011,0.0
3,842.0563434146583,0.0
4,888.0129340797286,0.0
5,897.9918153183302,0.0
6,279.831723641199,0.0
7,130.52131896903347,0.25881904510252074
8,233.5670895500975,0.49999999999999994
9,214.87435093863232,0.7071067811865476
10,261.22545617960543,0.8660254037844386
11,320.34481936780537,0.9659258262890683
12,264.8842189042745,1.0
13,265.56636782671717,0.9659258262890683
14,247.8751738792982,0.8660254037844387
15,298.9427552967451,0.7071067811865476
16,293.85876935243533,0.49999999999999994
17,224.9729085001515,0.258819045102521
18,97.2301122160493,1.2246467991473532e-16
19,141.88077450417373,0.0
20,117.99845742409414,0.0
21,147.4590170153858,0.0
22,949.4975253873656,0.0
23,881.7079337965284,0.0
0,898.287064747537,0.0
1,902.3209093923358,0.0
2,933.9372352882114,0.0
3,810.1244266406158,0.0
4,875.7319882093881,0.0
5,908.4513476911789,0.0
6,223.00315825707446,0.0
7,155.3239020997518,0.25881904510252074
8,99.93789175832504,0.49999999999999994
9,199.78845783864546,0.7071067811865476
10,224.58550444697482,0.8660254037844386
11,202.41333363638554,0.9659258262890683
12,225.02618441147104,1.0
13,242.618985693766,0.9659258262890683
14,225.8102134184715,0.8660254037844387
15,161.77735771603722,0.7071067811865476
16,285.8826478754853,0.49999999999999994
17,300.99500165114887,0.258819045102521
18,176.06087965358023,1.2246467991473532e-16
19,104.49257318300734,0.0
20,141.94033864209928,0.0
21,149.73914739082167,0.0
22,923.9517755824764,0.0
23,926.7336195487233,0.0
0,870.6330480488601,0.0
1,903.2798222565424,0.0
2,918.2912161846097,0.0
3,958.2328928858707,0.0
4,928.1802615929889,0.0
5,931.5622674950207,0.0
6,178.35306511717442,0.0
7,231.41836580814015,0.25881904510252074
8,191.3905118383799,0.49999999999999994
9,140.55648359305718,0.7071067811865476
10,306.1347988050076,0.8660254037844386
11,277.91613090156113,0.9659258262890683
12,232.2782391548607,1.0
13,230.82028130403026,0.9659258262890683
14,261.86302180563047,0.8660254037844387
15,268.52739181070336,0.7071067811865476
16,257.89169062524826,0.49999999999999994
17,262.4523469377154,0.258819045102521
18,217.99829498305522,1.2246467991473532e-16
19,192.86172608939543,0.0
20,157.62542365060096,0.0
21,187.65242323069933,0.0
22,858.6990438588984,0.0
23,915.9170819978724,0.0
0,972.3722539893245,0.0
1,891.2781641843051,0.0
2,866.0946428552367,0.0
3,873.9164444562775,0.0
4,856.4146785063044,0.0
5,868.6095236748919,0.0
6,160.17967605639885,0.0
7,118.77731923285432,0.25881904510252074
8,175.62473335798413,0.49999999999999994
9,211.09108695146588,0.7071067811865476
10,213.6897527941232,0.8660254037844386
11,310.77135694567073,0.9659258262890683
12,270.4316835411038,1.0
13,291.22322342496227,0.9659258262890683
14,223.68661784591453,0.8660254037844387
15,284.1810090826646,0.7071067811865476
16,206.3226439841875,0.49999999999999994
17,285.60990003346035,0.258819045102521
18,156.87357359174126,1.2246467991473532e-16
19,172.13004879939135,0.0
20,102.97621577500593,0.0
21,114.19720630893582,0.0
22,923.8891287301354,0.0
23,862.066079831032,0.0
0,918.5282516839649,0.0
1,845.3144877415901,0.0
2,933.9269685066668,0.0
3,850.6990674092597,0.0
4,922.091997507181,0.0
5,925.0252373458401,0.0
6,147.129127262817,0.0
7,198.28106268338908,0.25881904510252074
8,185.41769053334224,0.49999999999999994
9,153.44632575229048,0.7071067811865476
10,209.6578126369517,0.8660254037844386
11,171.49497233309683,0.9659258262890683
12,263.98600189198777,1.0
13,187.4078891455178,0.9659258262890683
14,253.81376797765233,0.8660254037844387
15,239.46207135671003,0.7071067811865476
16,277.1657110175278,0.49999999999999994
17,237.91818002040543,0.258819045102521
18,136.82208854611633,1.2246467991473532e-16
19,179.27482817153182,0.0
20,163.4023211633647,0.0
21,162.64623828731112,0.0
22,918.7707035923411,0.0
23,838.5771150717158,0.0
0,930.2715471994793,0.0
1,924.4987517605441,0.0
2,859.3326748569401,0.0
3,890.2367810530319,0.0
4,898.4277084948948,0.0
5,894.6201286239307,0.0
6,188.35439866274137,0.0
7,232.25467127324734,0.25881904510252074
8,218.27066910691315,0.49999999999999994
9,122.51123226274375,0.7071067811865476
10,274.88279961224197,0.8660254037844386
11,303.15733278141636,0.9659258262890683
12,265.47234082756813,1.0
13,293.6392170074387,0.9659258262890683
14,330.4908178280306,0.8660254037844387
15,290.94838184427925,0.7071067811865476
16,259.97234382566916,0.49999999999999994
17,291.8035389633901,0.258819045102521
18,155.79551332387564,1.2246467991473532e-16
19,150.9561217313982,0.0
20,135.9434305714507,0.0
21,212.5365343532843,0.0
22,867.2628533623199,0.0
23,961.2947089871246,0.0
0,919.9945649496149,0.0
1,844.0277530079223,0.0
2,914.7059717196569,0.0
3,815.9989396939351,0.0
4,925.0203206732415,0.0
5,935.4092593195596,0.0
6,151.30576177391785,0.0
7,179.9419078382233,0.25881904510252074
8,253.16629735001146,0.49999999999999994
9,154.77013182952254,0.7071067811865476
10,207.64369651773598,0.8660254037844386
11,309.26653609850393,0.9659258262890683
12,328.5034876212318,1.0
13,250.14782687391389,0.9659258262890683
14,290.45852141633424,0.8660254037844387
15,303.65903662123526,0.7071067811865476
16,220.30063069846463,0.49999999999999994
17,230.58776658528527,0.258819045102521
18,199.2349805261894,1.2246467991473532e-16
19,217.40057114834036,0.0
20,172.5152344069742,0.0
21,114.80742585991783,0.0
22,979.4824444679776,0.0
23,878.7611640875214,0.0
0,886.594488753142,0.0
1,913.6935133795848,0.0
2,962.166416828591,0.0
3,934.1590390620889,0.0
4,916.5946200144764,0.0
5,918.5315412047242,0.0
6,176.74058674573865,0.0
7,197.32558058074025,0.25881904510252074
8,73.81759689222788,0.49999999999999994
9,163.13570163720806,0.7071067811865476
10,259.6528773966712,0.8660254037844386
11,203.95943665521972,0.9659258262890683
12,265.45293271246237,1.0
13,241.82115116055513,0.9659258262890683
14,320.2190279326196,0.8660254037844387
15,312.9207890085943,0.7071067811865476
16,231.36777723527348,0.49999999999999994
17,243.9664915373322,0.258819045102521
18,147.0420973756643,1.2246467991473532e-16
19,131.9336209536151,0.0
20,157.80099936112506,0.0
21,119.66871724449639,0.0
22,854.775386602499,0.0
23,924.9084489560107,0.0
0,925.1811833688724,0.0
1,867.8273696136004,0.0
2,935.814217230504,0.0
3,874.7368908333867,0.0
4,910.1266095215193,0.0
5,932.8137605044982,0.0
6,173.65549741185148,0.0
7,193.18963648564537,0.25881904510252074
8,154.34281424449713,0.49999999999999994
9,167.1413366628761,0.7071067811865476
10,241.76562276478637,0.8660254037844386
11,220.13686613839045,0.9659258262890683
12,242.92903347536873,1.0
13,188.05526804545013,0.9659258262890683
14,230.3538501143158,0.8660254037844387
15,238.60498026521316,0.7071067811865476
16,239.7528099001848,0.49999999999999994
17,240.34010216516884,0.258819045102521
18,147.52943200559486,1.2246467991473532e-16
19,169.17766072344256,0.0
20,184.9806829653009,0.0
21,124.00939092606932,0.0
22,851.8719657844342,0.0
23,858.3182235102759,0.0
0,880.5118831522029,0.0
1,885.9231472873396,0.0
2,869.2001573521017,0.0
3,848.1553334300042,0.0
4,881.7551669010325,0.0
5,907.2570648045588,0.0
6,198.80117863342258,0.0
7,152.70307787566716,0.25881904510252074
8,158.48008711426263,0.49999999999999994
9,137.93206764610755,0.7071067811865476
10,248.74243318500893,0.8660254037844386
11,216.06285463236742,0.9659258262890683
12,272.925112529648,1.0
13,178.56534032263556,0.9659258262890683
14,235.61481310190152,0.8660254037844387
15,262.0442935676697,0.7071067811865476
16,257.35338065290017,0.49999999999999994
17,357.72134655921985,0.258819045102521
18,163.9920009827163,1.2246467991473532e-16
19,109.83781612631958,0.0
20,146.18143011643707,0.0
21,78.95014666134193,0.0
22,896.7760100281296,0.0
23,866.6777577199697,0.0
0,936.6156110224065,0.0
1,878.0183890161786,0.0
2,895.3293633681901,0.0
3,874.5776863438239,0.0
4,969.5540540741332,0.0
5,887.1502893552836,0.0
6,248.30228173916805,0.0
7,207.56607048473066,0.25881904510252074
8,194.28266909341545,0.49999999999999994
9,189.7493258927008,0.7071067811865476
10,265.7518919286501,0.8660254037844386
11,172.8930968261756,0.9659258262890683
12,238.84466423396975,1.0
13,283.80631884737284,0.9659258262890683
14,248.04411266103577,0.8660254037844387
15,193.792406127857,0.7071067811865476
16,247.9038219769012,0.49999999999999994
17,318.16422065021965,0.258819045102521
18,199.87566862138877,1.2246467991473532e-16
19,147.51983962535874,0.0
20,188.05797108232346,0.0
21,135.33971918527791,0.0
22,831.8451365269312,0.0
23,863.0213604748178,0.0
0,962.5155507403279,0.0
1,889.0402767268279,0.0
2,890.2646408249993,0.0
3,888.0064721490048,0.0
4,976.1654635829203,0.0
5,965.0383566144825,0.0
6,263.7512093379254,0.0
7,168.63819158399795,0.25881904510252074
8,186.8249795498838,0.49999999999999994
9,114.33429802316836,0.7071067811865476
10,309.07737704473095,0.8660254037844386
11,203.2888179492826,0.9659258262890683
12,258.67102255050514,1.0
13,206.10789889468623,0.9659258262890683
14,226.44532693045215,0.8660254037844387
15,216.509502758012,0.7071067811865476
16,225.68498957296728,0.49999999999999994
17,228.43509187404086,0.258819045102521
18,128.0692482029969,1.2246467991473532e-16
19,183.33335647121228,0.0
20,105.8054882774992,0.0
21,158.82165708055467,0.0
22,948.7183660922224,0.0
23,879.4721454194641,0.0
0,871.2832443700959,0.0
1,890.7790149927899,0.0
2,947.1890083344284,0.0
3,907.7643052381343,0.0
4,878.751428215696,0.0
5,919.3550660475216,0.0
6,130.90831400654307,0.0
7,202.25438041771793,0.25881904510252074
8,191.3442923080707,0.49999999999999994
9,162.68766115444464,0.7071067811865476
10,216.45656806211076,0.8660254037844386
11,214.5327631086617,0.9659258262890683
12,271.3926934538364,1.0
13,299.1592200995625,0.9659258262890683
14,224.50769011884822,0.8660254037844387
15,268.33546814205937,0.7071067811865476
16,166.51891925591724,0.49999999999999994
17,226.61529077371202,0.258819045102521
18,148.75764268516392,1.2246467991473532e-16
19,113.61266332072665,0.0
20,112.53974500841616,0.0
21,123.28881774124454,0.0
22,911.6877091330549,0.0
23,892.5068392637451,0.0
0,810.4707506670011,0.0
1,815.1719938945973,0.0
2,875.725392885713,0.0
3,918.3074634421421,0.0
4,790.0998062909906,0.0
5,880.0107929539348,0.0
6,153.95008573930315,0.0
7,230.53351112833792,0.25881904510252074
8,159.59912753148546,0.49999999999999994
9,190.31955938963713,0.7071067811865476
10,255.65028560349853,0.8660254037844386
11,164.777340807712,0.9659258262890683
12,280.7282886652695,1.0
13,258.6158602182515,0.9659258262890683
14,270.3307455869836,0.8660254037844387
15,407.04950825745306,0.7071067811865476
16,166.63548242005646,0.49999999999999994
17,318.98786599044433,0.258819045102521
18,138.50209922398577,1.2246467991473532e-16
19,161.49315617612038,0.0
20,148.1795101879503,0.0
21,133.03054666407826,0.0
22,877.2066828704496,0.0
23,913.1803494229204,0.0
0,839.3130521331328,0.0
1,930.0231667008707,0.0
2,883.3522238045898,0.0
3,854.7972264383857,0.0
4,881.9994856801675,0.0
5,950.2859686745029,0.0
6,153.58659651935108,0.0
7,189.3381447283848,0.25881904510252074
8,145.76174897138105,0.49999999999999994
9,205.3168739969448,0.7071067811865476
10,277.42030955160817,0.8660254037844386
11,323.94435333185646,0.9659258262890683
12,242.97744218003137,1.0
13,276.74619219031626,0.9659258262890683
14,253.9227015815578,0.8660254037844387
15,301.8348712745206,0.7071067811865476
16,221.2467044956508,0.49999999999999994
17,279.80021251509123,0.258819045102521
18,142.21210815533274,1.2246467991473532e-16
19,147.4324729156601,0.0
20,153.67009937793492,0.0
21,160.0896158570671,0.0
22,895.3508382751216,0.0
23,908.588527326821,0.0
0,963.1247223024874,0.0
1,939.4179874246088,0.0
2,934.7661836998759,0.0
3,881.7784189590452,0.0
4,864.430366870867,0.0
5,938.2120223295101,0.0
6,210.04187170119178,0.0
7,233.90682703003927,0.25881904510252074
8,150.8407749612308,0.49999999999999994
9,165.81805378558613,0.7071067811865476
10,184.42063349898262,0.8660254037844386
11,234.30115575756508,0.9659258262890683
12,289.8628204231779,1.0
13,231.3401848308721,0.9659258262890683
14,275.61919180803295,0.8660254037844387
15,242.37987576008754,0.7071067811865476
16,262.9622811288624,0.49999999999999994
17,204.0923444073733,0.258819045102521
18,153.40837798535605,1.2246467991473532e-16
19,50.0,0.0
20,142.5241536735206,0.0
21,84.7810702513944,0.0
22,948.2397806618726,0.0
23,931.0962941105804,0.0
0,918.6668392786432,0.0
1,960.8402490863753,0.0
2,862.0433391670065,0.0
3,969.8945279166223,0.0
4,937.2876625704154,0.0
5,890.5377885112422,0.0
6,220.42480588731777,0.0
7,130.74825950353463,0.25881904510252074
8,142.01943353889305,0.49999999999999994
9,150.656411070412,0.7071067811865476
10,228.8408916774394,0.8660254037844386
11,207.73769428958988,0.9659258262890683
12,298.923322683813,1.0
13,239.64582398520673,0.9659258262890683
14,264.1001987342752,0.8660254037844387
15,227.18594534345277,0.7071067811865476
16,177.17586797805933,0.49999999999999994
17,260.8022943356569,0.258819045102521
18,73.50980098320892,1.2246467991473532e-16
19,147.25463815658125,0.0
20,95.26739844668758,0.0
21,229.4910399692323,0.0
22,936.4545088869888,0.0
23,904.2301516508592,0.0
0,950.5482671061867,0.0
1,866.1473609013706,0.0
2,921.7391751468037,0.0
3,907.9924173487485,0.0
4,910.5608032533468,0.0
5,950.8941400042708,0.0
6,204.29968411119208,0.0
7,186.54894651300094,0.25881904510252074
8,108.80450255086815,0.49999999999999994
9,136.59814818882145,0.7071067811865476
10,245.09164265617105,0.8660254037844386
11,253.73489497106604,0.9659258262890683
12,204.79185101304304,1.0
13,346.46706702313685,0.9659258262890683
14,310.65576221014294,0.8660254037844387
15,274.08473281569934,0.7071067811865476
16,252.8814744513498,0.49999999999999994
17,241.51164120395393,0.258819045102521
18,111.92326159911057,1.2246467991473532e-16
19,153.0992207407545,0.0
20,160.31010160571003,0.0
21,100.32957698073503,0.0
22,913.3670566897958,0.0
23,893.78963804701,0.0
0,823.6876976849044,0.0
1,865.58459956882,0.0
2,883.4557786631342,0.0
3,975.5075062936077,0.0
4,922.2621249813503,0.0
5,846.5807372360043,0.0
6,194.44145157670548,0.0
7,113.10784044246537,0.25881904510252074
8,218.30764215548294,0.49999999999999994
9,156.15501392728487,0.7071067811865476
10,246.25455245043315,0.8660254037844386
11,303.0318659016876,0.9659258262890683
12,198.51345725663,1.0
13,194.11527259548035,0.9659258262890683
14,226.6560269461598,0.8660254037844387
15,291.5351540407727,0.7071067811865476
16,189.2261569809263,0.49999999999999994
17,136.71377607557724,0.258819045102521
18,131.95364566364006,1.2246467991473532e-16
19,172.0696319964368,0.0
20,198.01046998955317,0.0
21,131.47354551658404,0.0
22,883.5429357153599,0.0
23,946.1560293702299,0.0
0,825.2103320121831,0.0
1,884.4591689926797,0.0
2,907.6169555970023,0.0
3,917.9687488514014,0.0
4,879.6077322723647,0.0
5,901.3776404682336,0.0
6,75.46690586348042,0.0
7,148.67006350664607,0.25881904510252074
8,193.1403485021787,0.49999999999999994
9,135.70823862981283,0.7071067811865476
10,252.35936886358388,0.8660254037844386
11,267.8749000321079,0.9659258262890683
12,236.2980319656894,1.0
13,256.81855083986284,0.9659258262890683
14,211.4906973886155,0.8660254037844387
15,241.73554881215813,0.7071067811865476
16,274.4086467835689,0.49999999999999994
17,256.2789184387374,0.258819045102521
18,126.53874921744259,1.2246467991473532e-16
19,158.96865617163172,0.0
20,178.58439162546472,0.0
21,68.00234885690088,0.0
22,946.3629625982359,0.0
23,886.5498104527571,0.0
0,917.0195973296093,0.0
1,947.8898769458091,0.0
2,845.1330521107814,0.0
3,871.6223599028981,0.0
4,888.4580521649718,0.0
5,868.6498591550229,0.0
6,244.39746303347232,0.0
7,140.7291162469283,0.25881904510252074
8,152.77812882052532,0.49999999999999994
9,183.17556126411907,0.7071067811865476
10,201.91401895695645,0.8660254037844386
11,234.17277152974944,0.9659258262890683
12,262.698130450007,1.0
13,236.68558382469956,0.9659258262890683
14,246.26452564400208,0.8660254037844387
15,228.82671550206516,0.7071067811865476
16,189.42118763276932,0.49999999999999994
17,262.86372845356954,0.258819045102521
18,220.19732286588965,1.2246467991473532e-16
19,150.73606523133753,0.0
20,159.01056468990197,0.0
21,177.70891020467437,0.0
22,849.2267801381321,0.0
23,968.1005863251842,0.0
0,908.0931518569121,0.0
1,965.2742759635644,0.0
2,870.6786801790404,0.0
3,972.722476902313,0.0
4,931.0062197613913,0.0
5,922.1216034340944,0.0
6,184.36097817412593,0.0
7,165.05885527702202,0.25881904510252074
8,223.0212663389549,0.49999999999999994
9,180.6143947939219,0.7071067811865476
10,171.3172118565139,0.8660254037844386
11,205.3125415317199,0.9659258262890683
12,242.56616991229012,1.0
13,262.3999593266222,0.9659258262890683
14,247.73646044400417,0.8660254037844387
15,298.7588315917465,0.7071067811865476
16,171.955925438455,0.49999999999999994
17,255.74351746020642,0.258819045102521
18,77.28083098451381,1.2246467991473532e-16
19,180.38849181936672,0.0
20,146.2216514223199,0.0
21,166.78439888096472,0.0
22,865.4446815764094,0.0
23,951.17859726631,0.0
0,941.668986562354,0.0
1,923.3417721204755,0.0
2,894.8193101254624,0.0
3,923.1942914118052,0.0
4,871.724297280506,0.0
5,934.2222263608285,0.0
6,240.97923577295683,0.0
7,217.82442239916745,0.25881904510252074
8,145.81590120770363,0.49999999999999994
9,189.45669269092411,0.7071067811865476
10,198.27433824965408,0.8660254037844386
11,272.895612447027,0.9659258262890683
12,268.02413651450155,1.0
13,175.20734641871343,0.9659258262890683
14,203.52864624350545,0.8660254037844387
15,238.67444413024933,0.7071067811865476
16,237.96561011436694,0.49999999999999994
17,201.6209225832478,0.258819045102521
18,165.55914917408734,1.2246467991473532e-16
19,160.05894435762048,0.0
20,142.22923472085924,0.0
21,119.76833999366548,0.0
22,941.9482850566626,0.0
23,966.2162845235318,0.0
0,880.6575406461385,0.0
1,875.5133233138072,0.0
2,919.6483066164799,0.0
3,885.6788248101205,0.0
4,894.4241119734706,0.0
5,929.5861260689869,0.0
6,98.62575649970829,0.0
7,227.73209299410678,0.25881904510252074
8,177.90722097317365,0.49999999999999994
9,158.5402742175128,0.7071067811865476
10,246.43063383114205,0.8660254037844386
11,248.49717420082075,0.9659258262890683
12,180.751947862203,1.0
13,309.7975290981294,0.9659258262890683
14,251.65302529082473,0.8660254037844387
15,267.720085217895,0.7071067811865476
16,288.0619908229617,0.49999999999999994
17,209.15350169758798,0.258819045102521
18,168.93887596140914,1.2246467991473532e-16
19,139.29435636404827,0.0
20,183.87083100865976,0.0
21,64.91090318594019,0.0
22,896.0362279903493,0.0
23,875.8871737686416,0.0
0,917.2905180253662,0.0
1,918.8017674947281,0.0
2,871.6949642071189,0.0
3,871.5130454329583,0.0
4,895.5733852577068,0.0
5,864.1343109073916,0.0
6,208.6793478180851,0.0
7,160.23171198210215,0.25881904510252074
8,58.72047122713434,0.49999999999999994
9,160.00711773512776,0.7071067811865476
10,208.4582471662411,0.8660254037844386
11,184.74896738156218,0.9659258262890683
12,200.5029344710971,1.0
13,254.37633887331882,0.9659258262890683
14,303.14563312992925,0.8660254037844387
15,262.5273789545992,0.7071067811865476
16,225.73986447137042,0.49999999999999994
17,268.2361678068281,0.258819045102521
18,131.63638759124032,1.2246467991473532e-16
19,122.21598523347421,0.0
20,103.82549327068062,0.0
21,79.92684772993124,0.0
22,884.4030517376221,0.0
23,906.3221395968053,0.0
0,896.1350531994044,0.0
1,883.3613228821057,0.0
2,862.1701575721288,0.0
3,924.3298476673988,0.0
4,847.3147232021366,0.0
5,931.041116553739,0.0
6,134.911319242931,0.0
7,144.9025905058786,0.25881904510252074
8,116.32859237537292,0.49999999999999994
9,154.94391412457452,0.7071067811865476
10,289.01249833911913,0.8660254037844386
11,270.62512353775827,0.9659258262890683
12,289.1368844811214,1.0
13,270.88570183735743,0.9659258262890683
14,205.85320685878523,0.8660254037844387
15,236.7684310268977,0.7071067811865476
16,218.79203483530148,0.49999999999999994
17,303.2229961615616,0.258819045102521
18,102.12845414294753,1.2246467991473532e-16
19,185.74790757556443,0.0
20,185.71815480435077,0.0
21,223.1848080686435,0.0
22,883.6125362948201,0.0
23,928.4928863832065,0.0
0,991.2660734615537,0.0
1,875.2943329226522,0.0
2,838.5983900987056,0.0
3,824.7995986436895,0.0
4,928.5084811544533,0.0
5,824.6739916776567,0.0
6,160.10723788248308,0.0
7,192.49252748155843,0.25881904510252074
8,182.40702147319655,0.49999999999999994
9,192.01779456736688,0.7071067811865476
10,258.89159423203415,0.8660254037844386
11,301.15463253253574,0.9659258262890683
12,211.9073447704481,1.0
13,222.92019446165875,0.9659258262890683
14,219.09362218916704,0.8660254037844387
15,283.2076724745044,0.7071067811865476
16,286.01594353580253,0.49999999999999994
17,268.0490127727403,0.258819045102521
18,197.3397466755971,1.2246467991473532e-16
19,102.87836530494477,0.0
20,216.68896446204548,0.0
21,210.92954486849032,0.0
22,929.4248798898299,0.0
23,971.2719563508424,0.0
0,833.735071692889,0.0
1,879.0220745494939,0.0
2,870.5878615727219,0.0
3,928.8591729502938,0.0
4,857.9943704159142,0.0
5,930.2998059734995,0.0
6,229.82144575986854,0.0
7,202.80811600335997,0.25881904510252074
8,186.35004094646004,0.49999999999999994
9,135.48506636397002,0.7071067811865476
10,216.1259613549854,0.8660254037844386
11,299.9847562118667,0.9659258262890683
12,281.1739601562133,1.0
13,248.43921922489824,0.9659258262890683
14,233.2836181693644,0.8660254037844387
15,168.96768507554492,0.7071067811865476
16,207.16590325262246,0.49999999999999994
17,326.4567634855889,0.258819045102521
18,98.78177715990134,1.2246467991473532e-16
19,157.57919284884323,0.0
20,190.29775892780793,0.0
21,99.8030932799083,0.0
22,907.3884189912434,0.0
23,937.5166215004263,0.0
0,900.49997287629,0.0
1,1014.7361222266708,0.0
2,833.2560296448722,0.0
3,942.3491411953552,0.0
4,893.0879305041415,0.0
5,930.876806193467,0.0
6,192.65228606796984,0.0
7,145.67375211560014,0.25881904510252074
8,184.1598556983736,0.49999999999999994
9,100.68394194406851,0.7071067811865476
10,274.12990002285574,0.8660254037844386
11,261.926338639621,0.9659258262890683
12,275.5464067457241,1.0
13,292.324733003486,0.9659258262890683
14,264.70479360838846,0.8660254037844387
15,255.92357679193105,0.7071067811865476
16,214.75726653354832,0.49999999999999994
17,221.51116945403797,0.258819045102521
18,197.46938480709323,1.2246467991473532e-16
19,207.45341622823915,0.0
20,140.47558254751783,0.0
21,151.84010989013098,0.0
22,863.8154250002493,0.0
23,946.9102738106978,0.0
0,926.6166729476712,0.0
1,977.6486974585499,0.0
2,864.8670769128105,0.0
3,884.8796840392713,0.0
4,909.2578369010229,0.0
5,925.8595815090308,0.0
6,166.3732944980947,0.0
7,140.08155638185198,0.25881904510252074
8,210.25630115694284,0.49999999999999994
9,203.84541450182326,0.7071067811865476
10,213.349035977451,0.8660254037844386
11,304.2177120442198,0.9659258262890683
12,296.8079483678641,1.0
13,255.37185988991172,0.9659258262890683
14,253.18391449504145,0.8660254037844387
15,272.1623108446363,0.7071067811865476
16,215.53187718974968,0.49999999999999994
17,251.2012591665633,0.258819045102521
18,63.90465821563279,1.2246467991473532e-16
19,185.05822582011743,0.0
20,87.54027110232562,0.0
21,210.13679313715997,0.0
22,886.795196241342,0.0
23,891.5333207227529,0.0
0,874.8906437566197,0.0
1,888.478445043117,0.0
2,956.7412538059215,0.0
3,800.4876537385968,0.0
4,951.0786154435275,0.0
5,913.5209392440684,0.0
6,126.71913408571137,0.0
7,131.98750427803049,0.25881904510252074
8,242.05572108832814,0.49999999999999994
9,137.17972480229076,0.7071067811865476
10,203.86597957616164,0.8660254037844386
11,295.49258169458915,0.9659258262890683
12,263.54211505143655,1.0
13,212.48297693854406,0.9659258262890683
14,258.66499901618477,0.8660254037844387
15,208.9698926543889,0.7071067811865476
16,294.0328559369042,0.49999999999999994
17,292.4548385949253,0.258819045102521
18,171.28024795287772,1.2246467991473532e-16
19,164.46644244988067,0.0
20,220.44752499469496,0.0
21,149.98745309552902,0.0
22,852.7250349831679,0.0
23,917.9789565132922,0.0
0,983.4418819814846,0.0
1,859.4096202725659,0.0
2,885.5414893322405,0.0
3,916.6578415240581,0.0
4,897.8438060397705,0.0
5,860.7078567849074,0.0
6,219.87431424921883,0.0
7,267.8016288806904,0.25881904510252074
8,182.84525836095628,0.49999999999999994
9,138.83726841056,0.7071067811865476
10,188.041578997861,0.8660254037844386
11,260.3190392488472,0.9659258262890683
12,294.1550937326503,1.0
13,269.00670985981526,0.9659258262890683
14,249.90384636324583,0.8660254037844387
15,226.42913392842775,0.7071067811865476
16,206.3134546912764,0.49999999999999994
17,283.3900530529953,0.258819045102521
18,186.5508648554234,1.2246467991473532e-16
19,88.17080853237067,0.0
20,213.59355912722737,0.0
21,172.96284883576004,0.0
22,955.9837858058318,0.0
23,846.3148900605954,0.0
0,845.3670337833825,0.0
1,894.0412276093082,0.0
2,920.1113770758078,0.0
3,971.8544329170785,0.0
4,928.2431565526052,0.0
5,890.2927489275187,0.0
6,133.94523169336432,0.0
7,224.20002290876602,0.25881904510252074
8,136.4117829699714,0.49999999999999994
9,240.13874219089286,0.7071067811865476
10,238.62461401573964,0.8660254037844386
11,313.623282904714,0.9659258262890683
12,277.15725160237116,1.0
13,244.52018042230168,0.9659258262890683
14,229.22414512695494,0.8660254037844387
15,236.3636849061568,0.7071067811865476
16,267.1326676950095,0.49999999999999994
17,253.08625984870866,0.258819045102521
18,126.2475436772518,1.2246467991473532e-16
19,143.37474358729472,0.0
20,153.143081188766,0.0
21,64.85063622340752,0.0
22,918.326724591548,0.0
23,860.8111510113278,0.0
0,853.8667038717701,0.0
1,832.5062261155716,0.0
2,828.2443000852844,0.0
3,845.7820998755084,0.0
4,871.6391616947803,0.0
5,978.1303655010627,0.0
6,153.96481296419185,0.0
7,182.11000425072126,0.25881904510252074
8,191.01925546025313,0.49999999999999994
9,180.24260744863395,0.7071067811865476
10,246.90226157096026,0.8660254037844386
11,202.1882494560302,0.9659258262890683
12,308.0371019311685,1.0
13,322.28786574551543,0.9659258262890683
14,182.69365223509257,0.8660254037844387
15,209.0388563645448,0.7071067811865476
16,238.80758630491977,0.49999999999999994
17,211.41848820359235,0.258819045102521
18,170.2386221382346,1.2246467991473532e-16
19,120.86911190373547,0.0
20,236.60224271226411,0.0
21,197.62194377374385,0.0
22,908.5029612252886,0.0
23,941.0794505327893,0.0
0,944.2360169742924,0.0
1,877.4421004776702,0.0
2,867.3513102183214,0.0
3,903.1257225187859,0.0
4,934.4654449799177,0.0
5,905.5624159461368,0.0
6,111.92014071236011,0.0
7,142.8870222419663,0.25881904510252074
8,172.0410854562249,0.49999999999999994
9,171.9733758269668,0.7071067811865476
10,328.90168707159233,0.8660254037844386
11,194.56048230404008,0.9659258262890683
12,270.223569673435,1.0
13,309.5645243331316,0.9659258262890683
14,340.85798981691187,0.8660254037844387
15,233.82410307264155,0.7071067811865476
16,269.657178108808,0.49999999999999994
17,272.79041428794585,0.258819045102521
18,157.81926926213163,1.2246467991473532e-16
19,146.04619195042775,0.0
20,167.43901558000184,0.0
21,50.0,0.0
22,927.2827796025052,0.0
23,905.0471161464787,0.0
0,891.1010041288694,0.0
1,981.8744878287823,0.0
2,873.0026392483779,0.0
3,883.8769604373988,0.0
4,979.6621320881893,0.0
5,866.7175478060058,0.0
6,152.99538868253845,0.0
7,169.118983062766,0.25881904510252074
8,208.62937928518198,0.49999999999999994
9,183.31210029413253,0.7071067811865476
10,198.2949861139095,0.8660254037844386
11,228.7132574749124,0.9659258262890683
12,225.70582267151156,1.0
13,246.9111581910782,0.9659258262890683
14,267.03374634519315,0.8660254037844387
15,266.7282302355189,0.7071067811865476
16,178.95952983806393,0.49999999999999994
17,292.55763950243426,0.258819045102521
18,160.10275383986493,1.2246467991473532e-16
19,205.38128190375625,0.0
20,167.76793309162687,0.0
21,194.05291830943048,0.0
22,918.6618124580051,0.0
23,953.8490302481099,0.0
0,920.8900254407112,0.0
1,896.0833901422839,0.0
2,990.8973888178753,0.0
3,935.5614848911957,0.0
4,922.9497768401766,0.0
5,848.9478233384666,0.0
6,123.46769530145849,0.0
7,186.70861928567413,0.25881904510252074
8,180.82084791072964,0.49999999999999994
9,150.43509739966734,0.7071067811865476
10,255.6393079844824,0.8660254037844386
11,313.5450771217438,0.9659258262890683
12,277.81609898201197,1.0
13,204.35965960989046,0.9659258262890683
14,245.53964691428226,0.8660254037844387
15,217.80134076589758,0.7071067811865476
16,234.49200334365756,0.49999999999999994
17,233.4553733748143,0.258819045102521
18,130.8941766958398,1.2246467991473532e-16
19,99.7945851210642,0.0
20,144.8938127392724,0.0
21,127.5756945261076,0.0
22,782.8220523999092,0.0
23,982.1188809800665,0.0
0,943.5507861686668,0.0
1,884.9479710030001,0.0
2,900.752761989624,0.0
3,853.1338261072975,0.0
4,967.8289151124346,0.0
5,975.8915477909245,0.0
6,181.267749129861,0.0
7,215.94122576741378,0.25881904510252074
8,182.01147115735697,0.49999999999999994
9,121.53098244496277,0.7071067811865476
10,233.5270652414537,0.8660254037844386
11,255.27711867087828,0.9659258262890683
12,231.81809125026223,1.0
13,241.25386890259855,0.9659258262890683
14,246.34401769963543,0.8660254037844387
15,246.76486008538154,0.7071067811865476
16,252.09033961989934,0.49999999999999994
17,207.57579734413596,0.258819045102521
18,121.31935403488255,1.2246467991473532e-16
19,98.61662937200123,0.0
20,189.11262198744802,0.0
21,65.77412232638702,0.0
22,946.1436137326771,0.0
23,955.4539758905137,0.0
0,887.9127765206952,0.0
1,795.8745164869081,0.0
2,885.5475775213084,0.0
3,897.4326335484473,0.0
4,859.5760712028434,0.0
5,879.3912642476703,0.0
6,236.20780795453405,0.0
7,201.59708649206965,0.25881904510252074
8,138.017435424876,0.49999999999999994
9,111.09603321618272,0.7071067811865476
10,236.91930729560914,0.8660254037844386
11,241.46172882598248,0.9659258262890683
12,269.84796749453267,1.0
13,228.58733149729363,0.9659258262890683
14,270.45998301447446,0.8660254037844387
15,327.40616160240916,0.7071067811865476
16,282.6200408977705,0.49999999999999994
17,248.0764597067691,0.258819045102521
18,142.6739811578682,1.2246467991473532e-16
19,135.73307463280514,0.0
20,197.22563649808578,0.0
21,124.90746216194788,0.0
22,901.8089083599994,0.0
23,902.0479160752434,0.0
0,879.9286322875387,0.0
1,845.1013780846359,0.0
2,912.9189801447068,0.0
3,897.5598411257847,0.0
4,920.0096187774628,0.0
5,878.6559877424334,0.0
6,223.8328519525219,0.0
7,139.9290487515262,0.25881904510252074
8,243.4816113607157,0.49999999999999994
9,105.09453960686953,0.7071067811865476
10,267.3908025822756,0.8660254037844386
11,269.01722730106496,0.9659258262890683
12,218.1777172823647,1.0
13,266.9757575144405,0.9659258262890683
14,301.1807467904064,0.8660254037844387
15,161.32724642583742,0.7071067811865476
16,270.1097922996326,0.49999999999999994
17,150.2691671867969,0.258819045102521
18,111.37340785907168,1.2246467991473532e-16
19,215.1666545960378,0.0
20,126.72871866431784,0.0
21,103.0448014236411,0.0
22,892.0824908406128,0.0
23,982.7162535265421,0.0
0,826.7327101117589,0.0
1,857.9476035344262,0.0
2,959.8972673271851,0.0
3,974.3080937415093,0.0
4,895.8627510283886,0.0
5,850.4378918989343,0.0
6,258.83374007236637,0.0
7,238.77769566996787,0.25881904510252074
8,202.15787951048932,0.49999999999999994
9,142.5039060425032,0.7071067811865476
10,248.03882636647853,0.8660254037844386
11,243.58559675820678,0.9659258262890683
12,263.2340521846231,1.0
13,308.0400575252535,0.9659258262890683
14,285.1766816454961,0.8660254037844387
15,206.90495692060966,0.7071067811865476
16,305.0598580007815,0.49999999999999994
17,262.5252856005262,0.258819045102521
18,177.48263183435665,1.2246467991473532e-16
19,208.66163437114412,0.0
20,105.53679001945795,0.0
21,148.5669768517415,0.0
22,878.7418179456314,0.0
23,837.2856229853818,0.0
0,913.8683991041968,0.0
1,1000.4622620633769,0.0
2,826.3968902197698,0.0
3,898.7087755580212,0.0
4,925.621717402991,0.0
5,904.9231280662473,0.0
6,170.47487789937037,0.0
7,123.03134546216702,0.25881904510252074
8,184.31146971760654,0.49999999999999994
9,144.72944091936296,0.7071067811865476
10,162.40313180085786,0.8660254037844386
11,297.78368882054923,0.9659258262890683
12,288.3354327936817,1.0
13,252.0664390740432,0.9659258262890683
14,259.1629875282281,0.8660254037844387
15,292.97272050862244,0.7071067811865476
16,258.9735862711233,0.49999999999999994
17,286.1607021904526,0.258819045102521
18,138.100711965046,1.2246467991473532e-16
19,202.47934954295786,0.0
20,162.83142903730734,0.0
21,157.76207774423497,0.0
22,849.1975564515187,0.0
23,911.4782341720684,0.0
0,866.721803300222,0.0
1,874.4686909388603,0.0
2,867.3849748673551,0.0
3,857.350602724031,0.0
4,984.9908561206785,0.0
5,953.2535624795362,0.0
6,251.81470008577045,0.0
7,126.08419921777744,0.25881904510252074
8,177.8501499964357,0.49999999999999994
9,123.25969499183617,0.7071067811865476
10,222.17220491211745,0.8660254037844386
11,213.274920663337,0.9659258262890683
12,299.58336025766243,1.0
13,234.1508128759296,0.9659258262890683
14,292.7351733477607,0.8660254037844387
15,274.1648355835407,0.7071067811865476
16,342.14555008419154,0.49999999999999994
17,190.82223107441104,0.258819045102521
18,200.36932959147197,1.2246467991473532e-16
19,195.8576348160291,0.0
20,111.06484647891861,0.0
21,190.2853334589264,0.0
22,913.4457985210491,0.0
23,890.9009496018637,0.0
0,867.04258052112,0.0
1,871.2356219420326,0.0
2,981.9924838314371,0.0
3,900.0273127582993,0.0
4,931.2852000612584,0.0
5,868.3640247332979,0.0
6,143.80588215113445,0.0
7,218.27939236999768,0.25881904510252074
8,121.01695153793871,0.49999999999999994
9,158.39144928378914,0.7071067811865476
10,251.36109644288928,0.8660254037844386
11,254.4549040736021,0.9659258262890683
12,242.83626859935376,1.0
13,265.83279124383694,0.9659258262890683
14,277.71423023271245,0.8660254037844387
15,279.3855018183732,0.7071067811865476
16,210.56784765328695,0.49999999999999994
17,238.6337960828481,0.258819045102521
18,197.79051447507752,1.2246467991473532e-16
19,185.7858875029549,0.0
20,95.08562194075745,0.0
21,164.05919601408806,0.0
22,820.8709900250076,0.0
23,901.8773960824147,0.0
0,975.910680669839,0.0
1,862.0842913092406,0.0
2,866.6270781803368,0.0
3,930.5611912629143,0.0
4,838.2879393916141,0.0
5,874.6897988045985,0.0
6,198.8576455032701,0.0
7,149.62856609242388,0.25881904510252074
8,165.56120051156114,0.49999999999999994
9,204.7674284126014,0.7071067811865476
10,266.8618433414625,0.8660254037844386
11,260.67273585181607,0.9659258262890683
12,236.43510882919844,1.0
13,264.80244461075824,0.9659258262890683
14,245.05069279600974,0.8660254037844387
15,268.3122243970314,0.7071067811865476
16,230.12271899528088,0.49999999999999994
17,242.69724102481837,0.258819045102521
18,110.40168829791943,1.2246467991473532e-16
19,148.59969559975056,0.0
20,117.5599654548462,0.0
21,105.43814199352028,0.0
22,910.3464459142156,0.0
23,908.5095910343064,0.0
0,931.3149493979429,0.0
1,882.754977216996,0.0
2,916.3221138734702,0.0
3,922.0319028909465,0.0
4,917.7909523132638,0.0
5,866.9738526879144,0.0
6,180.97453929084756,0.0
7,189.56561184218646,0.25881904510252074
8,175.28713867631768,0.49999999999999994
9,91.54089366515662,0.7071067811865476
10,256.4195849589392,0.8660254037844386
11,338.5012415758897,0.9659258262890683
12,235.59842924972068,1.0
13,220.87691608578714,0.9659258262890683
14,264.93394238845593,0.8660254037844387
15,262.4951284186629,0.7071067811865476
16,297.70940661665657,0.49999999999999994
17,199.6852737636445,0.258819045102521
18,179.25521010299968,1.2246467991473532e-16
19,173.61688245005854,0.0
20,144.31413852237816,0.0
21,163.5474927168676,0.0
22,941.1782992639343,0.0
23,934.892615201138,0.0
0,854.2792275170509,0.0
1,932.8063274702193,0.0
2,897.4124557986993,0.0
3,902.9149639206206,0.0
4,902.9278796400678,0.0
5,893.9902804480696,0.0
6,222.6682998842826,0.0
7,171.65128160603152,0.25881904510252074
8,130.21815486467324,0.49999999999999994
9,159.25880576121085,0.7071067811865476
10,257.14778867241904,0.8660254037844386
11,299.16859137188203,0.9659258262890683
12,274.1237873979533,1.0
13,215.97858885011823,0.9659258262890683
14,349.40759666715564,0.8660254037844387
15,260.5910124391192,0.7071067811865476
16,301.0156295199606,0.49999999999999994
17,243.93142265691083,0.258819045102521
18,171.33436978821797,1.2246467991473532e-16
19,183.5787401807362,0.0
20,198.72778847017025,0.0
21,192.294732215129,0.0
22,934.8878800029191,0.0
23,887.3965307522357,0.0
0,877.1301583217576,0.0
1,913.3043004129679,0.0
2,937.3251228936427,0.0
3,891.0911719689357,0.0
4,942.6068786285755,0.0
5,958.1046698194472,0.0
6,138.34716323706323,0.0
7,141.52317184814882,0.25881904510252074
8,169.38499764378653,0.49999999999999994
9,187.30450672756785,0.7071067811865476
10,229.01731944931797,0.8660254037844386
11,304.08810715468576,0.9659258262890683
12,266.96267446073807,1.0
13,251.57788192962957,0.9659258262890683
14,192.5636190452589,0.8660254037844387
15,197.3673673428997,0.7071067811865476
16,261.24037001127226,0.49999999999999994
17,164.69617495380655,0.258819045102521
18,190.50549638576285,1.2246467991473532e-16
19,143.67384622510718,0.0
20,279.7237187837893,0.0
21,242.31665002464442,0.0
22,892.7420372300993,0.0
23,895.7465198987474,0.0
0,939.8232605600812,0.0
1,968.1269043967216,0.0
2,834.4788377025593,0.0
3,828.5449813858125,0.0
4,875.1186077778248,0.0
5,923.3095033269545,0.0
6,194.8749436203039,0.0
7,217.790858199354,0.25881904510252074
8,127.01209886538767,0.49999999999999994
9,82.35424548124493,0.7071067811865476
10,284.3205678120858,0.8660254037844386
11,216.8721490813906,0.9659258262890683
12,169.2604854244545,1.0
13,255.80254983837526,0.9659258262890683
14,281.7270275287471,0.8660254037844387
15,245.1177147151489,0.7071067811865476
16,231.68606455270043,0.49999999999999994
17,243.62551071416374,0.258819045102521
18,135.17668950396867,1.2246467991473532e-16
19,96.07811552239332,0.0
20,121.41277292038274,0.0
21,170.85119620055258,0.0
22,912.86714165506,0.0
23,906.7223922386728,0.0
0,860.1940607258648,0.0
1,892.7398735145733,0.0
2,812.9173981422858,0.0
3,907.1390665554156,0.0
4,957.1543083125428,0.0
5,841.0347147183157,0.0
6,151.5628930672898,0.0
7,188.1642711484052,0.25881904510252074
8,225.11370537709934,0.49999999999999994
9,157.07101534799403,0.7071067811865476
10,222.30998682936414,0.8660254037844386
11,171.24307430335668,0.9659258262890683
12,254.13752517232425,1.0
13,331.68304160574974,0.9659258262890683
14,261.094338478587,0.8660254037844387
15,249.10884083265148,0.7071067811865476
16,262.88329243067943,0.49999999999999994
17,249.55631984205593,0.258819045102521
18,117.47942510959481,1.2246467991473532e-16
19,182.93119662710822,0.0
20,159.03046092447016,0.0
21,150.7045300773463,0.0
22,860.98535890887,0.0
23,952.1403172773904,0.0
0,926.5881098133244,0.0
1,877.8831665053079,0.0
2,940.0729941472775,0.0
3,880.0971664645917,0.0
4,868.7198602995585,0.0
5,869.6118753007885,0.0
6,104.15725787647635,0.0
7,193.86169521672824,0.25881904510252074
8,101.754204866466,0.49999999999999994
9,125.86224674936949,0.7071067811865476
10,166.97647963685867,0.8660254037844386
11,246.55721228836427,0.9659258262890683
12,243.98718158912513,1.0
13,236.93215147254543,0.9659258262890683
14,208.29689221317693,0.8660254037844387
15,203.1106498625344,0.7071067811865476
16,268.57479454186296,0.49999999999999994
17,227.9779227316605,0.258819045102521
18,162.6543328614458,1.2246467991473532e-16
19,114.5900525550311,0.0
20,157.2425097108433,0.0
21,202.13112149264254,0.0
22,923.4466320157113,0.0
23,883.5034472713407,0.0
0,910.2879588142371,0.0
1,890.3733930187915,0.0
2,900.3152073877891,0.0
3,886.9755579140599,0.0
4,893.4265917645844,0.0
5,908.483734122967,0.0
6,135.26565201672196,0.0
7,134.36484692040085,0.25881904510252074
8,119.45829784675155,0.49999999999999994
9,110.9891558198516,0.7071067811865476
10,201.30869231118083,0.8660254037844386
11,256.3785002721652,0.9659258262890683
12,214.28849938032465,1.0
13,270.54457856924387,0.9659258262890683
14,251.3885499501025,0.8660254037844387
15,171.25983146247785,0.7071067811865476
16,276.1990233688676,0.49999999999999994
17,282.4319458236684,0.258819045102521
18,110.24549300660587,1.2246467991473532e-16
19,166.80766171579967,0.0
20,115.74007050363204,0.0
21,153.90681506993343,0.0
22,849.4200637218014,0.0
23,828.275741898617,0.0
0,884.6873124154813,0.0
1,895.0508421490066,0.0
2,884.0928122554159,0.0
3,852.6387776710976,0.0
4,884.0040375147545,0.0
5,910.7717901032294,0.0
6,173.20427879509853,0.0
7,182.30004122396855,0.25881904510252074
8,148.19539198183068,0.49999999999999994
9,221.86871658864638,0.7071067811865476
10,202.95306653780878,0.8660254037844386
11,269.50241188346877,0.9659258262890683
12,297.27564371839844,1.0
13,269.2363237099558,0.9659258262890683
14,241.8990309174068,0.8660254037844387
15,228.86811813348083,0.7071067811865476
16,291.44350604185024,0.49999999999999994
17,193.0810029895331,0.258819045102521
18,111.19502958481425,1.2246467991473532e-16
19,134.09768938033113,0.0
20,199.50615030047993,0.0
21,165.19070544163583,0.0
22,861.2781696595902,0.0
23,887.5876917846039,0.0
0,875.4270742361482,0.0
1,871.6084403106586,0.0
2,939.1555823422711,0.0
3,845.1302748294597,0.0
4,964.351234229375,0.0
5,933.1291876073849,0.0
6,218.63446682414792,0.0
7,156.48241951898967,0.25881904510252074
8,169.00237123683561,0.49999999999999994
9,117.67392741901152,0.7071067811865476
10,229.01350371732786,0.8660254037844386
11,269.74619390572605,0.9659258262890683
12,301.84252247125585,1.0
13,205.71372732790195,0.9659258262890683
14,235.37976252058937,0.8660254037844387
15,243.9480311906991,0.7071067811865476
16,194.1684319123006,0.49999999999999994
17,273.653969670336,0.258819045102521
18,121.04038673029564,1.2246467991473532e-16
19,142.18438595291903,0.0
20,131.9220251235249,0.0
21,118.42645977121302,0.0
22,899.7182005807778,0.0
23,891.375616857279,0.0
0,885.1256847088533,0.0
1,870.8615351327862,0.0
2,912.7809868313182,0.0
3,966.1446907396914,0.0
4,905.595489313565,0.0
5,939.8447285964452,0.0
6,119.3911229938615,0.0
7,181.3104575717508,0.25881904510252074
8,131.10526724115732,0.49999999999999994
9,115.92300289872395,0.7071067811865476
10,220.42514370163855,0.8660254037844386
11,297.6759733765429,0.9659258262890683
12,288.00063314678584,1.0
13,259.720188882176,0.9659258262890683
14,188.69197760440278,0.8660254037844387
15,242.1487739444825,0.7071067811865476
16,262.06800035606943,0.49999999999999994
17,257.02144918314394,0.258819045102521
18,76.24825666077017,1.2246467991473532e-16
19,114.38728607920513,0.0
20,147.43688943405132,0.0
21,171.4516363806876,0.0
22,812.1548871560021,0.0
23,893.5150409808057,0.0
0,905.7219507951581,0.0
1,933.9844795406485,0.0
2,927.7143033694974,0.0
3,923.3028527523522,0.0
4,868.0023797319226,0.0
5,823.6799145150677,0.0
6,159.27788971754396,0.0
7,215.0652730083424,0.25881904510252074
8,230.73818110097727,0.49999999999999994
9,203.4219640919114,0.7071067811865476
10,267.17363291206937,0.8660254037844386
11,265.1855859354386,0.9659258262890683
12,227.75525012956876,1.0
13,244.7975882578552,0.9659258262890683
14,316.7627810330532,0.8660254037844387
15,212.29767976832494,0.7071067811865476
16,314.5911516283941,0.49999999999999994
17,237.11887382031767,0.258819045102521
18,203.01728436380313,1.2246467991473532e-16
19,93.72739962009847,0.0
20,173.43616804658598,0.0
21,120.52919456209511,0.0
22,843.3893123230325,0.0
23,908.7413616964378,0.0
0,940.3788715438387,0.0
1,866.2023424562601,0.0
2,840.0393615816639,0.0
3,896.3262094266018,0.0
4,896.5025868489128,0.0
5,921.93278510218,0.0
6,212.98378285457954,0.0
7,172.62339274910025,0.25881904510252074
8,249.22013259177052,0.49999999999999994
9,183.96938978141168,0.7071067811865476
10,236.14293975972402,0.8660254037844386
11,185.53730563588687,0.9659258262890683
12,239.4936191873533,1.0
13,236.54452218355456,0.9659258262890683
14,288.4121918512588,0.8660254037844387
15,268.4993449626742,0.7071067811865476
16,202.8252351346953,0.49999999999999994
17,256.8901754564415,0.258819045102521
18,176.86124686916213,1.2246467991473532e-16
19,211.1212543755133,0.0
20,185.50015869656238,0.0
21,180.43386617245912,0.0
22,902.4034397846066,0.0
23,915.532480216938,0.0
0,949.9801960282464,0.0
1,846.688904100814,0.0
2,886.0224269113218,0.0
3,869.0972500497504,0.0
4,915.1661247490449,0.0
5,949.2088870260316,0.0
6,151.12102853115704,0.0
7,79.38782530122248,0.25881904510252074
8,158.5111701990212,0.49999999999999994
9,211.53894928069627,0.7071067811865476
10,271.5051961179952,0.8660254037844386
11,267.12744991242306,0.9659258262890683
12,238.80026792502082,1.0
13,198.83877055120854,0.9659258262890683
14,270.6117728649787,0.8660254037844387
15,216.628727598615,0.7071067811865476
16,337.3638693352183,0.49999999999999994
17,272.82028833418065,0.258819045102521
18,126.77406789784196,1.2246467991473532e-16
19,125.54459010445487,0.0
20,146.28223173545646,0.0
21,140.41992311913,0.0
22,944.6733510211982,0.0
23,907.4566467897619,0.0
0,870.7347304436589,0.0
1,975.6176274062313,0.0
2,901.9723332608089,0.0
3,930.7535870387559,0.0
4,875.6709397022096,0.0
5,914.5246251097809,0.0
6,187.4443996457278,0.0
7,99.41402831615389,0.25881904510252074
8,255.6110044184256,0.49999999999999994
9,226.6257784369019,0.7071067811865476
10,234.11218735416048,0.8660254037844386
11,205.90921038176577,0.9659258262890683
12,263.9024645521421,1.0
13,253.46790797657587,0.9659258262890683
14,264.22675794252916,0.8660254037844387
15,257.6630958477636,0.7071067811865476
16,270.249639572237,0.49999999999999994
17,307.89222797567226,0.258819045102521
18,172.72412820514586,1.2246467991473532e-16
19,108.01378004360235,0.0
20,204.50251410849808,0.0
21,215.6245825395315,0.0
22,1026.0822693804835,0.0
23,855.0602386704161,0.0
0,909.715280526011,0.0
1,816.7160518724405,0.0
2,922.1259662551684,0.0
3,878.0719880733291,0.0
4,976.9378317929982,0.0
5,869.0154011992568,0.0
6,107.43267848130954,0.0
7,156.1494503718992,0.25881904510252074
8,95.9804891513145,0.49999999999999994
9,205.0439781802924,0.7071067811865476
10,167.39667814974717,0.8660254037844386
11,251.13830324732635,0.9659258262890683
12,166.88752720575212,1.0
13,237.1880878185343,0.9659258262890683
14,315.73512623218136,0.8660254037844387
15,264.4259156574318,0.7071067811865476
16,215.46025580140264,0.49999999999999994
17,248.75186044243665,0.258819045102521
18,150.72067488177785,1.2246467991473532e-16
19,168.90521383373624,0.0
20,95.32566546876694,0.0
21,173.70269095389324,0.0
22,791.824334735889,0.0
23,874.8046179054476,0.0
0,880.4690463019382,0.0
1,925.3330730428495,0.0
2,900.9052341070748,0.0
3,843.7774778457485,0.0
4,860.6002749673194,0.0
5,907.9472003818963,0.0
6,171.83730632541776,0.0
7,151.83503561457013,0.25881904510252074
8,155.76664841952083,0.49999999999999994
9,202.84671988637155,0.7071067811865476
10,229.2922970852314,0.8660254037844386
11,246.47635023883706,0.9659258262890683
12,336.7974635232217,1.0
13,193.05269452464307,0.9659258262890683
14,175.92629073701366,0.8660254037844387
15,281.34358659194424,0.7071067811865476
16,222.85427754823587,0.49999999999999994
17,237.2704988902952,0.258819045102521
18,118.75374487475543,1.2246467991473532e-16
19,139.6079943692995,0.0
20,213.94152448385364,0.0
21,182.08513834472478,0.0
22,934.4889404754791,0.0
23,843.3509177682942,0.0
0,853.9538505378853,0.0
1,786.436853620583,0.0
2,867.6247671566898,0.0
3,938.2681274554263,0.0
4,920.6778606299348,0.0
5,891.1394694819151,0.0
6,174.10798865127788,0.0
7,147.44457829698376,0.25881904510252074
8,183.19035529607137,0.49999999999999994
9,205.6351311792246,0.7071067811865476
10,185.36452850358108,0.8660254037844386
11,261.98590751349394,0.9659258262890683
12,287.2973948381867,1.0
13,233.39598844146522,0.9659258262890683
14,278.02802448482333,0.8660254037844387
15,362.5861777789021,0.7071067811865476
16,245.82628828052432,0.49999999999999994
17,265.73228200021293,0.258819045102521
18,120.47771665354433,1.2246467991473532e-16
19,157.250046504082,0.0
20,168.41086499929216,0.0
21,157.79369361080552,0.0
22,859.2121872116458,0.0
23,908.254470853018,0.0
0,958.4878375487054,0.0
1,917.945430580581,0.0
2,938.4794875628736,0.0
3,890.5195211994949,0.0
4,929.9960095769484,0.0
5,911.170713528661,0.0
6,136.9635708125107,0.0
7,187.740840191955,0.25881904510252074
8,135.3321334623876,0.49999999999999994
9,149.68478900460832,0.7071067811865476
10,257.57313229169495,0.8660254037844386
11,261.889770935205,0.9659258262890683
12,202.43070139691483,1.0
13,292.15943084731504,0.9659258262890683
14,272.88025113201894,0.8660254037844387
15,221.81086257556464,0.7071067811865476
16,188.49660814203298,0.49999999999999994
17,244.20381683674276,0.258819045102521
18,132.16225144555358,1.2246467991473532e-16
19,154.52561828212092,0.0
20,135.47533355377735,0.0
21,69.70172557019961,0.0
22,884.4661224679537,0.0
23,887.7752355572675,0.0
0,925.3464409909624,0.0
1,872.072013015558,0.0
2,967.1469869349027,0.0
3,823.5343779739297,0.0
4,952.446699912105,0.0
5,891.0272411648758,0.0
6,209.38339489374226,0.0
7,178.1920593623493,0.25881904510252074
8,220.58222144101876,0.49999999999999994
9,159.50552141788756,0.7071067811865476
10,206.05518299288752,0.8660254037844386
11,306.82017149084254,0.9659258262890683
12,245.46077416471437,1.0
13,258.8623389449684,0.9659258262890683
14,299.39007656179183,0.8660254037844387
15,208.7217903162226,0.7071067811865476
16,273.8196359055703,0.49999999999999994
17,226.40420974148435,0.258819045102521
18,144.71322577422512,1.2246467991473532e-16
19,152.89115861537155,0.0
20,89.99112554212256,0.0
21,118.84651828718262,0.0
22,954.0429156965256,0.0
23,935.4476475433918,0.0
0,897.4944169069106,0.0
1,909.7249383405157,0.0
2,888.2302997745417,0.0
3,954.2633354331193,0.0
4,891.9858968882335,0.0
5,909.273683685394,0.0
6,220.84120576568262,0.0
7,143.90514060616374,0.25881904510252074
8,237.35156737987575,0.49999999999999994
9,113.78154361026492,0.7071067811865476
10,315.18568524451194,0.8660254037844386
11,235.092976641921,0.9659258262890683
12,240.29205008698872,1.0
13,174.3995931526823,0.9659258262890683
14,231.8082113048923,0.8660254037844387
15,208.40773875892464,0.7071067811865476
16,225.6941461850611,0.49999999999999994
17,244.5075613684448,0.258819045102521
18,188.31166457891624,1.2246467991473532e-16
19,158.30413405602502,0.0
20,162.30706613604457,0.0
21,106.1792244461775,0.0
22,864.7698364158908,0.0
23,971.9490007340524,0.0
0,870.5919586094701,0.0
1,966.2483300822919,0.0
2,890.2775520447653,0.0
3,900.0915174457401,0.0
4,942.8146064091972,0.0
5,950.8756968775463,0.0
6,170.5674975888365,0.0
7,159.47027785913843,0.25881904510252074
8,172.76318205911147,0.49999999999999994
9,188.51830112928474,0.7071067811865476
10,285.65214747479024,0.8660254037844386
11,250.16919435976607,0.9659258262890683
12,274.75545192092613,1.0
13,315.5343892908376,0.9659258262890683
14,265.2523844905914,0.8660254037844387
15,262.46611424019113,0.7071067811865476
16,189.2435669963973,0.49999999999999994
17,144.77079452683745,0.258819045102521
18,165.53502916920672,1.2246467991473532e-16
19,146.2070307487651,0.0
20,129.40869300341032,0.0
21,159.74120816745378,0.0
22,897.5838508321236,0.0
23,945.111210025356,0.0
0,903.4444347303591,0.0
1,870.1230685971933,0.0
2,939.6066495583716,0.0
3,891.3147570021519,0.0
4,921.0614673468923,0.0
5,880.903571752288,0.0
6,149.00692458010255,0.0
7,178.36672920742785,0.25881904510252074
8,175.5131457417474,0.49999999999999994
9,194.19308141467332,0.7071067811865476
10,239.2541698676103,0.8660254037844386
11,176.5456086491841,0.9659258262890683
12,232.68904465646446,1.0
13,281.7527386857526,0.9659258262890683
14,238.10495683027574,0.8660254037844387
15,240.14466389941808,0.7071067811865476
16,289.4550602362375,0.49999999999999994
17,221.5210709096431,0.258819045102521
18,88.28787127028401,1.2246467991473532e-16
19,143.57475521898021,0.0
20,130.6330419500505,0.0
21,111.35014720986985,0.0
22,892.9848617640524,0.0
23,919.6602258898713,0.0
0,899.6284575372873,0.0
1,912.2792429074495,0.0
2,972.5363079406169,0.0
3,886.2848455376975,0.0
4,911.1339453857868,0.0
5,879.6314654960346,0.0
6,141.1456112045211,0.0
7,151.6036938632892,0.25881904510252074
8,155.84965713913246,0.49999999999999994
9,189.379031901885,0.7071067811865476
10,343.9630314680303,0.8660254037844386
11,221.3582625489664,0.9659258262890683
12,233.3349877753815,1.0
13,247.47507947555007,0.9659258262890683
14,265.83195394838987,0.8660254037844387
15,260.5420324781914,0.7071067811865476
16,301.3638317579247,0.49999999999999994
17,152.9443171785917,0.258819045102521
18,54.522805192173095,1.2246467991473532e-16
19,130.16487311959403,0.0
20,193.89200750174837,0.0
21,87.37407873577615,0.0
22,779.6947064122497,0.0
23,922.8471762487684,0.0
0,909.7462889481086,0.0
1,856.3916637280228,0.0
2,860.5784159711628,0.0
3,861.210251214613,0.0
4,904.4214126989576,0.0
5,874.9473889526797,0.0
6,194.76255675902078,0.0
7,60.81493348382436,0.25881904510252074
8,140.72592539488804,0.49999999999999994
9,129.957841563558,0.7071067811865476
10,239.7463728651003,0.8660254037844386
11,228.47808966039446,0.9659258262890683
12,281.9137511958307,1.0
13,175.6265291335977,0.9659258262890683
14,251.81965905323008,0.8660254037844387
15,272.3334569284682,0.7071067811865476
16,324.26589746247816,0.49999999999999994
17,230.729361156261,0.258819045102521
18,162.97834417410067,1.2246467991473532e-16
19,77.8454882975054,0.0
20,54.32175182747905,0.0
21,183.790975031268,0.0
22,899.7775882540772,0.0
23,947.140507591937,0.0
0,845.06388444121,0.0
1,920.7960855811501,0.0
2,974.7527136217541,0.0
3,916.7882243342906,0.0
4,911.0632602236419,0.0
5,900.3422432329739,0.0
6,112.16474171496351,0.0
7,229.22291742841392,0.25881904510252074
8,150.56569440779737,0.49999999999999994
9,195.17933025532068,0.7071067811865476
10,187.47862773714985,0.8660254037844386
11,202.8216134196888,0.9659258262890683
12,307.4034959688894,1.0
13,236.10790844168628,0.9659258262890683
14,308.1310190417018,0.8660254037844387
15,246.87077363765928,0.7071067811865476
16,176.3240890816857,0.49999999999999994
17,285.6827039892688,0.258819045102521
18,126.40430728977569,1.2246467991473532e-16
19,177.94755254068173,0.0
20,151.00843470160328,0.0
21,88.27527088228518,0.0
22,906.5717906148228,0.0
23,987.848925686112,0.0
0,919.7194583405784,0.0
1,897.6992898797815,0.0
2,943.0137360782759,0.0
3,908.4267386081244,0.0
4,908.3813692105118,0.0
5,856.3349931136358,0.0
6,184.35392103158392,0.0
7,216.4177366566778,0.25881904510252074
8,141.557513915999,0.49999999999999994
9,231.9798328498779,0.7071067811865476
10,246.33175903419496,0.8660254037844386
11,214.48921953845837,0.9659258262890683
12,289.9052830768098,1.0
13,238.52823057046922,0.9659258262890683
14,280.3805954994443,0.8660254037844387
15,238.3296547096585,0.7071067811865476
16,247.60695425880385,0.49999999999999994
17,269.74240817337164,0.258819045102521
18,161.63588230360023,1.2246467991473532e-16
19,70.17872878193046,0.0
20,105.15025039622432,0.0
21,187.17639939163263,0.0
22,894.7145364439381,0.0
23,879.0507478891432,0.0
0,845.657039389701,0.0
1,856.8105471489661,0.0
2,819.1280544015221,0.0
3,895.9487712519386,0.0
4,876.0624967767582,0.0
5,861.3364843605874,0.0
6,172.27506299328186,0.0
7,189.55882523410952,0.25881904510252074
8,258.7279172883978,0.49999999999999994
9,114.52466321747146,0.7071067811865476
10,296.37524173202087,0.8660254037844386
11,288.9240624406029,0.9659258262890683
12,218.83629042493197,1.0
13,258.12943818344127,0.9659258262890683
14,231.6946700264954,0.8660254037844387
15,257.42754321674954,0.7071067811865476
16,310.365240536182,0.49999999999999994
17,274.2242493052525,0.258819045102521
18,170.3443349293377,1.2246467991473532e-16
19,132.7876272018143,0.0
20,90.6377334030266,0.0
21,141.6612715783837,0.0
22,948.2643261945566,0.0
23,838.9132857364141,0.0
0,857.7964252729322,0.0
1,905.0507094493627,0.0
2,860.6138086061095,0.0
3,868.2990621153915,0.0
4,883.0560567308729,0.0
5,845.375303832394,0.0
6,136.03512615134525,0.0
7,203.13711667149235,0.25881904510252074
8,122.70520871076144,0.49999999999999994
9,111.0851146202065,0.7071067811865476
10,224.79900081864423,0.8660254037844386
11,279.2782201003938,0.9659258262890683
12,242.1231276801244,1.0
13,231.41675687537526,0.9659258262890683
14,251.77435190062428,0.8660254037844387
15,180.17170268561392,0.7071067811865476
16,269.7882261510013,0.49999999999999994
17,265.33740125614577,0.258819045102521
18,133.62766103617116,1.2246467991473532e-16
19,190.23698047185667,0.0
20,104.90015604187846,0.0
21,195.11635973014276,0.0
22,906.17974662381,0.0
23,886.5378964048731,0.0
0,899.2050545852676,0.0
1,895.7094093675623,0.0
2,948.8113158567087,0.0
3,856.9328349011595,0.0
4,869.499230434136,0.0
5,941.4521156828991,0.0
6,151.17860259264563,0.0
7,211.02132309326367,0.25881904510252074
8,242.97743932034837,0.49999999999999994
9,158.92819892233464,0.7071067811865476
10,277.2544930630122,0.8660254037844386
11,203.85230874640567,0.9659258262890683
12,280.18933192271237,1.0
13,257.9769594394707,0.9659258262890683
14,268.9215312864086,0.8660254037844387
15,224.1771171185842,0.7071067811865476
16,183.5566633773131,0.49999999999999994
17,270.1300825899802,0.258819045102521
18,67.46387390082182,1.2246467991473532e-16
19,137.3059803102986,0.0
20,187.6472746567988,0.0
21,157.67590943492144,0.0
22,977.9337057915925,0.0
23,941.004366103271,0.0
0,873.844064466977,0.0
1,901.0925351940575,0.0
2,898.1051718982226,0.0
3,836.712929466155,0.0
4,862.3840433406259,0.0
5,877.5695637208056,0.0
6,93.55117988576254,0.0
7,176.8997387300657,0.25881904510252074
8,165.03712621387837,0.49999999999999994
9,108.08424394753703,0.7071067811865476
10,266.16851461109326,0.8660254037844386
11,278.6349097876384,0.9659258262890683
12,259.08137915459554,1.0
13,237.0372729916412,0.9659258262890683
14,273.6576860700742,0.8660254037844387
15,277.20881441906766,0.7071067811865476
16,262.29614278878756,0.49999999999999994
17,217.01550998260956,0.258819045102521
18,161.06403062044723,1.2246467991473532e-16
19,197.81922603301916,0.0
20,126.13483765553079,0.0
21,233.91757356529723,0.0
22,878.9747626405846,0.0
23,901.2962805336055,0.0
0,873.1005761597465,0.0
1,908.9308334368104,0.0
2,830.311132294589,0.0
3,878.1583280473311,0.0
4,856.3151519860573,0.0
5,905.4135339156917,0.0
6,214.7778950203563,0.0
7,200.84024748458205,0.25881904510252074
8,80.13362556564431,0.49999999999999994
9,256.6827861171152,0.7071067811865476
10,261.81119762483473,0.8660254037844386
11,218.94003438028,0.9659258262890683
12,256.2851167596376,1.0
13,257.0475929001077,0.9659258262890683
14,223.32605132193746,0.8660254037844387
15,257.916666693683,0.7071067811865476
16,225.70110849518773,0.49999999999999994
17,233.8255202923991,0.258819045102521
18,122.54883456979663,1.2246467991473532e-16
19,92.6931484104139,0.0
20,155.83345880861535,0.0
21,173.41197746065353,0.0
22,920.5953438430549,0.0
23,932.7970101054094,0.0
0,912.9736084005947,0.0
1,878.6909800713239,0.0
2,933.5865545772475,0.0
3,845.6992984063226,0.0
4,863.9731446995008,0.0
5,861.4319971430702,0.0
6,218.2022423655724,0.0
7,212.71154056560303,0.25881904510252074
8,194.4922094817998,0.49999999999999994
9,217.87719460847188,0.7071067811865476
10,214.82868870352047,0.8660254037844386
11,263.9438047944392,0.9659258262890683
12,244.99302286467343,1.0
13,283.87528415539657,0.9659258262890683
14,245.3910306979121,0.8660254037844387
15,234.60228446359676,0.7071067811865476
16,271.6363407424396,0.49999999999999994
17,285.0467666876493,0.258819045102521
18,123.26619220612793,1.2246467991473532e-16
19,147.55697314590495,0.0
20,107.66237465433389,0.0
21,50.07755930028242,0.0
22,908.0183852565492,0.0
23,924.3562142501853,0.0
0,910.482672363469,0.0
1,822.0175312898253,0.0
2,885.966022796941,0.0
3,811.2660895979568,0.0
4,954.7880443061674,0.0
5,856.5578167152765,0.0
6,225.21614437839585,0.0
7,212.83478574736583,0.25881904510252074
8,138.97638589855754,0.49999999999999994
9,129.68860194929022,0.7071067811865476
10,264.0148086554535,0.8660254037844386
11,216.22703851267715,0.9659258262890683
12,254.0993856863283,1.0
13,230.68689636772328,0.9659258262890683
14,178.75366342137465,0.8660254037844387
15,160.78127923502166,0.7071067811865476
16,259.0673699397839,0.49999999999999994
17,227.537690146775,0.258819045102521
18,127.8764073234347,1.2246467991473532e-16
19,177.8345535637514,0.0
20,196.9376910652978,0.0
21,139.09821114552764,0.0
22,886.3760517236055,0.0
23,920.0057213245553,0.0
0,845.722577212017,0.0
1,908.9261221899079,0.0
2,922.0754388728861,0.0
3,927.2092083367052,0.0
4,822.5298918999014,0.0
5,869.5457892076424,0.0
6,139.86946988706134,0.0
7,178.99547817636852,0.25881904510252074
8,194.22978319071936,0.49999999999999994
9,234.86841629783925,0.7071067811865476
10,230.20138078527708,0.8660254037844386
11,230.09710006763146,0.9659258262890683
12,295.98688075514985,1.0
13,261.8630775412122,0.9659258262890683
14,300.70606044751895,0.8660254037844387
15,261.54912012039347,0.7071067811865476
16,203.71533525146916,0.49999999999999994
17,196.67486580888774,0.258819045102521
18,87.93951003764283,1.2246467991473532e-16
19,176.48207339033894,0.0
20,197.5438729234803,0.0
21,223.97448565545523,0.0
22,933.7242132929296,0.0
23,946.5135431013995,0.0
0,876.7993466938526,0.0
1,853.7433673302457,0.0
2,934.0031732967021,0.0
3,916.707230089576,0.0
4,904.2977749736357,0.0
5,915.4948592253196,0.0
6,187.92741929832823,0.0
7,226.35267439414247,0.25881904510252074
8,226.79942339267825,0.49999999999999994
9,196.76881409361388,0.7071067811865476
10,283.8321149025171,0.8660254037844386
11,270.562502096991,0.9659258262890683
12,231.55321071861525,1.0
13,280.2625869965256,0.9659258262890683
14,194.22019724562955,0.8660254037844387
15,292.1556620918353,0.7071067811865476
16,202.2190824093586,0.49999999999999994
17,261.4321314717893,0.258819045102521
18,116.19384166295364,1.2246467991473532e-16
19,172.13555932297706,0.0
20,148.64299096288366,0.0
21,86.2097616734667,0.0
22,916.8279852407392,0.0
23,876.8831689266916,0.0
0,935.2458688325347,0.0
1,900.0530275493763,0.0
2,915.8168394155215,0.0
3,861.6972417993916,0.0
4,876.4267107429055,0.0
5,881.6544545559566,0.0
6,209.26809920970223,0.0
7,242.09508351221956,0.25881904510252074
8,142.79312993028495,0.49999999999999994
9,218.0739257863072,0.7071067811865476
10,163.21290329097192,0.8660254037844386
11,202.23242395630842,0.9659258262890683
12,211.648861752529,1.0
13,195.8996524223711,0.9659258262890683
14,186.6564644084968,0.8660254037844387
15,266.5199564855119,0.7071067811865476
16,241.43729209088553,0.49999999999999994
17,265.1762159042044,0.258819045102521
18,177.61890744486053,1.2246467991473532e-16
19,160.62467972690135,0.0
20,176.31052704601495,0.0
21,147.21870855030923,0.0
22,852.5202644677702,0.0
23,942.3125672328318,0.0
0,876.4355146887549,0.0
1,862.576148049503,0.0
2,892.8832849678241,0.0
3,863.4875632281395,0.0
4,883.3027847204227,0.0
5,913.7621568625386,0.0
6,188.93366956984508,0.0
7,139.08679734297482,0.25881904510252074
8,155.49178508205023,0.49999999999999994
9,217.97332019080974,0.7071067811865476
10,269.85600470935765,0.8660254037844386
11,333.00260157394166,0.9659258262890683
12,297.2051269496611,1.0
13,295.77172274239757,0.9659258262890683
14,194.48525798176792,0.8660254037844387
15,280.5544140653369,0.7071067811865476
16,247.87572793212357,0.49999999999999994
17,227.96072785847002,0.258819045102521
18,156.72061362130114,1.2246467991473532e-16
19,187.80846138445935,0.0
20,170.03326364016846,0.0
21,114.8610479463176,0.0
22,929.6983565437048,0.0
23,874.4964983169615,0.0
0,908.6673247585715,0.0
1,887.8659973009146,0.0
2,891.245349930575,0.0
3,930.6497190016204,0.0
4,858.3922512073641,0.0
5,977.8078029710773,0.0
6,102.15655722822015,0.0
7,151.09329266980572,0.25881904510252074
8,189.80847559766963,0.49999999999999994
9,198.3725666574124,0.7071067811865476
10,245.9809711771318,0.8660254037844386
11,247.7043718799383,0.9659258262890683
12,266.4220034131047,1.0
13,240.7572209016928,0.9659258262890683
14,305.7272503173962,0.8660254037844387
15,283.5739645692641,0.7071067811865476
16,284.9129740402254,0.49999999999999994
17,211.35373106518333,0.258819045102521
18,146.8244630237719,1.2246467991473532e-16
19,137.98136205117186,0.0
20,109.77594497242137,0.0
21,164.40656735783068,0.0
22,878.4941696888073,0.0
23,926.2161531940095,0.0
0,857.1923374842268,0.0
1,968.7616245136728,0.0
2,864.1466936563176,0.0
3,908.7720934880174,0.0
4,931.6743724155227,0.0
5,877.1743827919955,0.0
6,209.09874573731804,0.0
7,125.83265608798335,0.25881904510252074
8,233.08470796730242,0.49999999999999994
9,175.56597059863034,0.7071067811865476
10,226.1435436812448,0.8660254037844386
11,238.03272910290264,0.9659258262890683
12,282.35677077570875,1.0
13,226.62178832598246,0.9659258262890683
14,220.0256924230889,0.8660254037844387
15,241.13853609665048,0.7071067811865476
16,202.92151548920128,0.49999999999999994
17,322.8217563176726,0.258819045102521
18,127.34421635141106,1.2246467991473532e-16
19,183.26467144721613,0.0
20,158.3788033459109,0.0
21,110.61863798072127,0.0
22,899.7618116314908,0.0
23,931.3601111724299,0.0
0,892.4695465965477,0.0
1,947.7245178340411,0.0
2,940.8606157112746,0.0
3,936.7565941863331,0.0
4,881.6137291090802,0.0
5,856.8063020887405,0.0
6,150.45649578548822,0.0
7,182.84963762666882,0.25881904510252074
8,196.8314685412942,0.49999999999999994
9,88.1371438095821,0.7071067811865476
10,249.67547193553,0.8660254037844386
11,256.32356901292735,0.9659258262890683
12,238.89822974737794,1.0
13,301.6509535606352,0.9659258262890683
14,266.87120297003486,0.8660254037844387
15,302.4076763232359,0.7071067811865476
16,241.3615791859907,0.49999999999999994
17,287.499099700277,0.258819045102521
18,215.40265578110078,1.2246467991473532e-16
19,202.46773797090646,0.0
20,106.31433626285067,0.0
21,139.85295689830477,0.0
22,886.1934117820082,0.0
23,919.5701814030531,0.0
0,927.4541422005814,0.0
1,866.4442930389705,0.0
2,902.7135405566775,0.0
3,819.2029067137546,0.0
4,957.6778002320756,0.0
5,879.5050303729323,0.0
6,177.23455759377987,0.0
7,162.61401144047755,0.25881904510252074
8,220.8411030005366,0.49999999999999994
9,61.499742344104845,0.7071067811865476
10,249.33558630696365,0.8660254037844386
11,245.7672497000921,0.9659258262890683
12,231.8545444963327,1.0
13,319.04906182542527,0.9659258262890683
14,214.50682164576915,0.8660254037844387
15,280.87184708942647,0.7071067811865476
16,264.25011154824335,0.49999999999999994
17,300.4607701014206,0.258819045102521
18,123.31243660889979,1.2246467991473532e-16
19,120.68124403504964,0.0
20,193.84279629909594,0.0
21,167.01285233320442,0.0
22,838.2025061329297,0.0
23,878.4277994214692,0.0
0,915.4553061539225,0.0
1,933.5105688618636,0.0
2,872.8307738722818,0.0
3,783.4297604073224,0.0
4,920.9289274294813,0.0
5,851.187172402241,0.0
6,94.30644807510355,0.0
7,61.706963000634374,0.25881904510252074
8,207.55923440790966,0.49999999999999994
9,180.14469801619867,0.7071067811865476
10,240.97374477150993,0.8660254037844386
11,305.5609745185105,0.9659258262890683
12,275.4929873209229,1.0
13,314.6520017088767,0.9659258262890683
14,194.29058111332014,0.8660254037844387
15,248.61797504184145,0.7071067811865476
16,185.33146500207943,0.49999999999999994
17,240.8247067257813,0.258819045102521
18,140.0553658493329,1.2246467991473532e-16
19,175.06454549052285,0.0
20,151.82255524567594,0.0
21,174.93628553119663,0.0
22,928.1376053255558,0.0
23,986.1971470953257,0.0
0,887.388133788555,0.0
1,862.3590919733448,0.0
2,909.8433446126563,0.0
3,867.9087989144183,0.0
4,959.2784307374615,0.0
5,888.6712784421907,0.0
6,152.3769452850404,0.0
7,156.14737115395528,0.25881904510252074
8,203.73669693886563,0.49999999999999994
9,168.69012067074058,0.7071067811865476
10,224.33332719478472,0.8660254037844386
11,316.6140767049412,0.9659258262890683
12,215.75320637353,1.0
13,251.42264296131975,0.9659258262890683
14,276.0922460644092,0.8660254037844387
15,184.74659558331706,0.7071067811865476
16,269.210420056237,0.49999999999999994
17,207.795692980782,0.258819045102521
18,182.9113112333601,1.2246467991473532e-16
19,111.49395952324095,0.0
20,177.71076127395443,0.0
21,194.2333226517885,0.0
22,934.4574610253122,0.0
23,910.0526659295241,0.0
0,890.7479622828121,0.0
1,876.9432169466063,0.0
2,958.8413876326841,0.0
3,872.0201911932943,0.0
4,858.5173570572001,0.0
5,926.6147574013132,0.0
6,143.1545278725402,0.0
7,136.9974601013549,0.25881904510252074
8,117.2558295132094,0.49999999999999994
9,155.6836064215793,0.7071067811865476
10,246.69139904414027,0.8660254037844386
11,259.72366910642796,0.9659258262890683
12,288.05224977197935,1.0
13,271.07591694663176,0.9659258262890683
14,242.36511121787282,0.8660254037844387
15,242.0721729448112,0.7071067811865476
16,270.4062987566073,0.49999999999999994
17,300.9028065171428,0.258819045102521
18,155.05256797932802,1.2246467991473532e-16
19,131.23476583158364,0.0
20,110.28535995657819,0.0
21,92.19178942351098,0.0
22,926.6507868817409,0.0
23,923.1191409455823,0.0
0,923.0945410042665,0.0
1,894.8536221459177,0.0
2,956.2773898356701,0.0
3,880.6352602166073,0.0
4,938.2107694882882,0.0
5,898.4502842004183,0.0
6,150.66596941282648,0.0
7,198.70121229271047,0.25881904510252074
8,191.38544474735974,0.49999999999999994
9,189.27891037067704,0.7071067811865476
10,253.25113688224795,0.8660254037844386
11,248.48427673132676,0.9659258262890683
12,345.5348797148175,1.0
13,297.3702658078469,0.9659258262890683
14,278.9130757994205,0.8660254037844387
15,254.47196632813552,0.7071067811865476
16,290.28628802386675,0.49999999999999994
17,270.71979105565805,0.258819045102521
18,151.04819011096143,1.2246467991473532e-16
19,137.8574269893634,0.0
20,146.76330649349248,0.0
21,50.0,0.0
22,908.4240335719056,0.0
23,880.4609567955856,0.0
0,963.7067999313153,0.0
1,900.7737628324702,0.0
2,852.4414632186015,0.0
3,898.0047938348753,0.0
4,858.1551565974999,0.0
5,918.9362966284987,0.0
6,186.63789457357942,0.0
7,213.3135852443307,0.25881904510252074
8,143.3647283322174,0.49999999999999994
9,176.36032384912588,0.7071067811865476
10,195.3991281829346,0.8660254037844386
11,278.05979127698856,0.9659258262890683
12,270.7548472176049,1.0
13,269.8322008411028,0.9659258262890683
14,250.06476125427764,0.8660254037844387
15,266.59091563155164,0.7071067811865476
16,314.17356433234386,0.49999999999999994
17,238.59622971831945,0.258819045102521
18,155.54580734840337,1.2246467991473532e-16
19,106.55494803274361,0.0
20,115.2695615360667,0.0
21,153.9125317237323,0.0
22,944.1573418680763,0.0
23,889.7487670299371,0.0
0,890.563338827515,0.0
1,883.724590219825,0.0
2,878.6097331662271,0.0
3,911.7988582283529,0.0
4,840.1096941928542,0.0
5,951.2375830666691,0.0
6,148.38310807482156,0.0
7,203.87613941752565,0.25881904510252074
8,124.20005610424496,0.49999999999999994
9,201.75360522184872,0.7071067811865476
10,276.8777843125799,0.8660254037844386
11,265.3680828802359,0.9659258262890683
12,210.2228591280083,1.0
13,259.9819275839231,0.9659258262890683
14,202.67775261062445,0.8660254037844387
15,239.88946979615258,0.7071067811865476
16,291.176524038213,0.49999999999999994
17,281.8680770828297,0.258819045102521
18,150.60731770161732,1.2246467991473532e-16
19,111.00773696308633,0.0
20,175.82350848696774,0.0
21,150.77524950792102,0.0
22,807.1873760707831,0.0
23,931.3051930526607,0.0
0,899.0306866452123,0.0
1,948.0980499193229,0.0
2,856.1891792462878,0.0
3,772.9318474721599,0.0
4,911.1633543338074,0.0
5,911.6625470672789,0.0
6,107.37313489574193,0.0
7,135.86001816533576,0.25881904510252074
8,285.2087097487961,0.49999999999999994
9,162.77557543384788,0.7071067811865476
10,279.23835905504865,0.8660254037844386
11,223.97360690526466,0.9659258262890683
12,166.38788404587373,1.0
13,243.18967012816378,0.9659258262890683
14,239.3758175885558,0.8660254037844387
15,234.00487045326514,0.7071067811865476
16,245.4143665797443,0.49999999999999994
17,260.57073086582545,0.258819045102521
18,143.99532194984775,1.2246467991473532e-16
19,99.43975328210544,0.0
20,169.44739166247757,0.0
21,72.02512978710307,0.0
22,817.985701708632,0.0
23,929.5672197880627,0.0
0,920.2808108854143,0.0
1,897.7041853970386,0.0
2,844.1820598097971,0.0
3,871.683562373037,0.0
4,889.4901300925399,0.0
5,836.1642412570354,0.0
6,145.4388536790707,0.0
7,201.09321352706718,0.25881904510252074
8,232.09221457156866,0.49999999999999994
9,158.222609893658,0.7071067811865476
10,280.25953417264395,0.8660254037844386
11,173.4375971765013,0.9659258262890683
12,276.3780496445445,1.0
13,217.84206341090075,0.9659258262890683
14,262.2938246683188,0.8660254037844387
15,240.08990327041164,0.7071067811865476
16,302.8165603913534,0.49999999999999994
17,215.02257406640328,0.258819045102521
18,175.10425190247324,1.2246467991473532e-16
19,138.81970146813865,0.0
20,143.66778087961345,0.0
21,142.6458442736316,0.0
22,866.1730758202355,0.0
23,899.4360413637331,0.0
0,897.4940711151271,0.0
1,909.6496099362691,0.0
2,903.3802058277145,0.0
3,931.9197819844894,0.0
4,936.9403446418947,0.0
5,857.975067126888,0.0
6,209.75090002363083,0.0
7,127.54654291560583,0.25881904510252074
8,198.5142355255094,0.49999999999999994
9,199.78955138811475,0.7071067811865476
10,173.54732433349983,0.8660254037844386
11,253.7191698611764,0.9659258262890683
12,231.26015546558736,1.0
13,219.649389682585,0.9659258262890683
14,304.0340932279602,0.8660254037844387
15,223.85283437450323,0.7071067811865476
16,217.744922835278,0.49999999999999994
17,253.02779760020374,0.258819045102521
18,177.42358985193664,1.2246467991473532e-16
19,144.33405655959493,0.0
20,196.6548218267701,0.0
21,171.23902647856363,0.0
22,812.8715472107428,0.0
23,878.8213214597197,0.0
0,877.526316025932,0.0
1,919.1744381371769,0.0
2,795.0073177450355,0.0
3,1001.9603883487089,0.0
4,921.2410437957684,0.0
5,905.9550721567076,0.0
6,222.26270865676585,0.0
7,268.746162112505,0.25881904510252074
8,209.82986578353612,0.49999999999999994
9,212.9525238588648,0.7071067811865476
10,255.22760097857528,0.8660254037844386
11,244.33896986532207,0.9659258262890683
12,230.96818223980395,1.0
13,216.9555203314183,0.9659258262890683
14,222.5194360120201,0.8660254037844387
15,195.97776142628067,0.7071067811865476
16,246.96514197259907,0.49999999999999994
17,182.61329691094454,0.258819045102521
18,157.63666096574843,1.2246467991473532e-16
19,148.54677567830632,0.0
20,155.8774119354675,0.0
21,129.1147371992003,0.0
22,1023.0744148072201,0.0
23,954.4046360072125,0.0
0,850.2182999966111,0.0
1,909.3147234970759,0.0
2,875.679754282507,0.0
3,859.4208109317035,0.0
4,846.3971171550426,0.0
5,917.2886676303701,0.0
6,147.74479059721705,0.0
7,213.71304096100818,0.25881904510252074
8,214.75128858121755,0.49999999999999994
9,229.95657540845798,0.7071067811865476
10,215.90452935703587,0.8660254037844386
11,269.0146244276804,0.9659258262890683
12,275.29816866569206,1.0
13,231.03287299584142,0.9659258262890683
14,219.129121704285,0.8660254037844387
15,314.38082663103893,0.7071067811865476
16,259.09983502928213,0.49999999999999994
17,275.43871002846953,0.258819045102521
18,117.11695952688291,1.2246467991473532e-16
19,101.22862133911225,0.0
20,127.22200902031558,0.0
21,145.03914450440013,0.0
22,857.4311997273061,0.0
23,899.6062076539847,0.0
0,832.45979247726,0.0
1,855.1981031012051,0.0
2,926.836449931075,0.0
3,924.1516208111158,0.0
4,884.3249293845254,0.0
5,859.2894276369219,0.0
6,133.90385793895956,0.0
7,160.06927016234744,0.25881904510252074
8,200.78073966581167,0.49999999999999994
9,212.129827653773,0.7071067811865476
10,230.13873058072124,0.8660254037844386
11,203.86030296060864,0.9659258262890683
12,260.71374551465334,1.0
13,217.05860117496601,0.9659258262890683
14,229.2698944455519,0.8660254037844387
15,303.0110436174815,0.7071067811865476
16,283.0846171426307,0.49999999999999994
17,256.31897249005806,0.258819045102521
18,99.12323995549109,1.2246467991473532e-16
19,158.45586269882637,0.0
20,192.50629163150106,0.0
21,134.9746533693786,0.0
22,954.0445635994686,0.0
23,951.7098115807282,0.0
0,966.5493132857389,0.0
1,912.2097250612541,0.0
2,923.4956679922404,0.0
3,956.5674915332436,0.0
4,917.895757482759,0.0
5,879.9506356883915,0.0
6,157.05828653888554,0.0
7,184.54219815094956,0.25881904510252074
8,123.37754312215125,0.49999999999999994
9,169.2696433854323,0.7071067811865476
10,293.86188472921015,0.8660254037844386
11,162.34984595338875,0.9659258262890683
12,311.3792840717806,1.0
13,294.89496874812636,0.9659258262890683
14,231.60941536678095,0.8660254037844387
15,271.73563311487237,0.7071067811865476
16,250.12590907625307,0.49999999999999994
17,299.19961473754734,0.258819045102521
18,189.30732571079764,1.2246467991473532e-16
19,93.99717107267963,0.0
20,173.49049653856707,0.0
21,141.77488585427008,0.0
22,903.313302820724,0.0
23,870.8731239612074,0.0
0,969.9254827648334,0.0
1,941.602472796103,0.0
2,870.4091534410813,0.0
3,846.6155757235907,0.0
4,884.5730947608861,0.0
5,917.3801058436522,0.0
6,184.60823375784892,0.0
7,225.12531299072975,0.25881904510252074
8,206.59678888723408,0.49999999999999994
9,213.78276103011626,0.7071067811865476
10,263.07421602441747,0.8660254037844386
11,194.4280507915604,0.9659258262890683
12,242.17205875412395,1.0
13,292.4035895963466,0.9659258262890683
14,247.93908285901415,0.8660254037844387
15,270.12361474494986,0.7071067811865476
16,237.25006739015467,0.49999999999999994
17,208.8075260583262,0.258819045102521
18,145.06623743815558,1.2246467991473532e-16
19,162.36189772130615,0.0
20,123.77249122154225,0.0
21,140.57155020573327,0.0
22,862.4214703205607,0.0
23,944.7697967025638,0.0
0,888.2217696964786,0.0
1,958.1102218050473,0.0
2,961.1499140216363,0.0
3,896.7581614111302,0.0
4,859.662050698106,0.0
5,816.5640848906665,0.0
6,116.11851707892833,0.0
7,120.0466070040536,0.25881904510252074
8,230.13878509846018,0.49999999999999994
9,179.63298348907784,0.7071067811865476
10,265.5841809636795,0.8660254037844386
11,161.18315964259494,0.9659258262890683
12,202.08134283130954,1.0
13,285.48319105785146,0.9659258262890683
14,261.47096449530346,0.8660254037844387
15,244.1117888525761,0.7071067811865476
16,272.5936943440049,0.49999999999999994
17,315.4319122454326,0.258819045102521
18,141.15830145851797,1.2246467991473532e-16
19,152.77479210632276,0.0
20,157.7038767492522,0.0
21,245.6843854109597,0.0
22,816.025749423239,0.0
23,927.3289205915523,0.0
0,895.4079100496375,0.0
1,922.6708690473672,0.0
2,873.705097840211,0.0
3,898.0413987656619,0.0
4,928.4564231786198,0.0
5,1024.5164080417537,0.0
6,207.32144757608285,0.0
7,141.07737607877965,0.25881904510252074
8,158.04961271909187,0.49999999999999994
9,156.86343566464583,0.7071067811865476
10,178.1742730947994,0.8660254037844386
11,236.7963923319425,0.9659258262890683
12,279.3131632728698,1.0
13,199.0307152369282,0.9659258262890683
14,291.9393060420237,0.8660254037844387
15,269.5109928433735,0.7071067811865476
16,220.6306671211585,0.49999999999999994
17,244.3388145064861,0.258819045102521
18,213.93287230564133,1.2246467991473532e-16
19,179.34191254023463,0.0
20,150.3513461959259,0.0
21,140.49266732156062,0.0
22,903.0643628180663,0.0
23,879.5294576823079,0.0
0,815.8100197712395,0.0
1,981.6871164213892,0.0
2,906.2129999679761,0.0
3,915.9258906049015,0.0
4,897.6836900049236,0.0
5,870.5953279710164,0.0
6,167.56302076204918,0.0
7,111.02420951222754,0.25881904510252074
8,266.0834599221322,0.49999999999999994
9,125.61952006310416,0.7071067811865476
10,208.72134864611283,0.8660254037844386
11,232.38963182454398,0.9659258262890683
12,301.5230289940951,1.0
13,250.58035997050615,0.9659258262890683
14,200.5545681587815,0.8660254037844387
15,300.17353443029356,0.7071067811865476
16,279.24002507141927,0.49999999999999994
17,271.5373982886581,0.258819045102521
18,178.62936964683362,1.2246467991473532e-16
19,245.77447602329804,0.0
20,237.4037958014445,0.0
21,122.53138627986819,0.0
22,964.9553997124461,0.0
23,915.326727590356,0.0
0,919.96383264551,0.0
1,832.3091667342669,0.0
2,893.1845693844722,0.0
3,867.4870563865375,0.0
4,933.1223525957323,0.0
5,942.8432200161122,0.0
6,92.02054595934754,0.0
7,174.1186054398292,0.25881904510252074
8,219.87446019177008,0.49999999999999994
9,167.5328415074622,0.7071067811865476
10,279.16254580009456,0.8660254037844386
11,264.04661870508335,0.9659258262890683
12,263.66640927810505,1.0
13,239.1474008772681,0.9659258262890683
14,201.33676783457162,0.8660254037844387
15,205.1387941029989,0.7071067811865476
16,278.3741005782127,0.49999999999999994
17,250.77833022075532,0.258819045102521
18,144.45951021571102,1.2246467991473532e-16
19,133.0443983071059,0.0
20,137.79244618076993,0.0
21,191.87647177952556,0.0
22,886.5902367252789,0.0
23,846.3574114679373,0.0
0,929.7460710216069,0.0
1,891.8049334454113,0.0
2,901.255834621311,0.0
3,964.3031322559805,0.0
4,899.1775777059797,0.0
5,911.567346924749,0.0
6,127.84306034806698,0.0
7,166.2132219059616,0.25881904510252074
8,199.38104180834404,0.49999999999999994
9,112.7850506463503,0.7071067811865476
10,258.0338037246284,0.8660254037844386
11,254.03164290579224,0.9659258262890683
12,251.65149822349758,1.0
13,291.4863559463297,0.9659258262890683
14,263.37754059394086,0.8660254037844387
15,309.12287593425776,0.7071067811865476
16,210.25641937623857,0.49999999999999994
17,255.4369826887339,0.258819045102521
18,153.3786714555979,1.2246467991473532e-16
19,107.2298202497968,0.0
20,188.25180008365385,0.0
21,242.98693223411271,0.0
22,899.3197570206468,0.0
23,920.2008435309507,0.0
0,903.3807390326131,0.0
1,871.456613203713,0.0
2,827.1695888879193,0.0
3,871.7690606761854,0.0
4,844.3216647619307,0.0
5,968.1640831223647,0.0
6,170.39561224307045,0.0
7,161.16322683811316,0.25881904510252074
8,210.56615299151224,0.49999999999999994
9,130.12995588576447,0.7071067811865476
10,219.3254384798179,0.8660254037844386
11,252.72289076994485,0.9659258262890683
12,291.1507596569392,1.0
13,270.06740180675155,0.9659258262890683
14,259.9330057006353,0.8660254037844387
15,253.12470940944064,0.7071067811865476
16,266.009434221071,0.49999999999999994
17,258.0661162051702,0.258819045102521
18,108.80110900892257,1.2246467991473532e-16
19,151.84316886532605,0.0
20,107.0524536432899,0.0
21,153.24330171603296,0.0
22,880.7740823404704,0.0
23,1001.5752649113144,0.0
0,898.4042246499315,0.0
1,843.8304173495364,0.0
2,894.632791572923,0.0
3,920.7743498255155,0.0
4,966.9345578461009,0.0
5,876.4219040024512,0.0
6,111.7028810390544,0.0
7,207.67348045723924,0.25881904510252074
8,119.77605176401396,0.49999999999999994
9,157.5537823397006,0.7071067811865476
10,239.69518057956023,0.8660254037844386
11,247.2146618679957,0.9659258262890683
12,277.5665782829734,1.0
13,222.6546287085445,0.9659258262890683
14,239.05082991332958,0.8660254037844387
15,249.42918588202446,0.7071067811865476
16,255.98391830075153,0.49999999999999994
17,253.9130869883169,0.258819045102521
18,167.4402310089032,1.2246467991473532e-16
19,183.7535803856695,0.0
20,165.70536462603872,0.0
21,168.14342094036874,0.0
22,836.7110733301408,0.0
23,902.0091079666272,0.0
0,919.1803019200644,0.0
1,929.157647782818,0.0
2,872.3059690306483,0.0
3,873.6384290044542,0.0
4,877.0359729886561,0.0
5,921.4565559956537,0.0
6,216.35524219696833,0.0
7,158.70159570833593,0.25881904510252074
8,211.31849254508197,0.49999999999999994
9,179.93919236658377,0.7071067811865476
10,245.02856891350254,0.8660254037844386
11,241.54463080728124,0.9659258262890683
12,279.8644545840863,1.0
13,263.0231126714828,0.9659258262890683
14,341.0330171059055,0.8660254037844387
15,215.91101428010703,0.7071067811865476
16,270.72406808119905,0.49999999999999994
17,228.8319596075395,0.258819045102521
18,115.22852052045425,1.2246467991473532e-16
19,149.56531451860113,0.0
20,155.49409917628145,0.0
21,266.72694220240373,0.0
22,892.6341673726719,0.0
23,854.7928508206127,0.0
0,910.9204286997755,0.0
1,817.0143984981453,0.0
2,896.3217286958294,0.0
3,900.6410112918064,0.0
4,931.7840153178084,0.0
5,938.9448899771139,0.0
6,154.85721524369131,0.0
7,168.97543941480268,0.25881904510252074
8,144.35516677557317,0.49999999999999994
9,129.87749780769224,0.7071067811865476
10,262.3957911752254,0.8660254037844386
11,199.05657805613603,0.9659258262890683
12,233.41492397712548,1.0
13,210.1930416040305,0.9659258262890683
14,271.9873274516104,0.8660254037844387
15,322.05720397065954,0.7071067811865476
16,197.93648068786675,0.49999999999999994
17,175.87926068409723,0.258819045102521
18,145.0045245859973,1.2246467991473532e-16
19,150.62791183831033,0.0
20,158.74637227029191,0.0
21,132.1471793906262,0.0
22,891.9744280469828,0.0
23,914.7004164216241,0.0
0,941.6172357057935,0.0
1,821.7980491872687,0.0
2,885.2424224387415,0.0
3,908.5523517576426,0.0
4,863.2809558155706,0.0
5,969.246785270692,0.0
6,149.58360479085053,0.0
7,173.34829251970868,0.25881904510252074
8,197.24088387369164,0.49999999999999994
9,151.34860844792422,0.7071067811865476
10,176.1370780878233,0.8660254037844386
11,232.85381892333868,0.9659258262890683
12,291.1776222370816,1.0
13,236.52419492859445,0.9659258262890683
14,216.14262794164085,0.8660254037844387
15,287.02688838010886,0.7071067811865476
16,236.7690041590779,0.49999999999999994
17,229.5935674539913,0.258819045102521
18,155.9782435865324,1.2246467991473532e-16
19,180.8300083847515,0.0
20,245.26854126930183,0.0
21,183.0894443062969,0.0
22,946.3935986555338,0.0
23,879.7613520404858,0.0
0,858.9652757612209,0.0
1,902.4932539847649,0.0
2,904.2867966103838,0.0
3,856.8594903454161,0.0
4,892.9882188038395,0.0
5,915.9727040687652,0.0
6,189.4157358007232,0.0
7,195.1715141353709,0.25881904510252074
8,186.6385892054977,0.49999999999999994
9,154.71965362919778,0.7071067811865476
10,229.44397493404628,0.8660254037844386
11,202.04194408024495,0.9659258262890683
12,321.3910015674038,1.0
13,250.53801458477173,0.9659258262890683
14,241.00587776820592,0.8660254037844387
15,212.84831674190164,0.7071067811865476
16,367.42631609311115,0.49999999999999994
17,207.06687871108417,0.258819045102521
18,132.84608297575707,1.2246467991473532e-16
19,166.63347345144243,0.0
20,174.00851862977112,0.0
21,188.31728220862738,0.0
22,972.3043403107705,0.0
23,920.2463062184285,0.0
0,857.7587680013332,0.0
1,889.7221949951287,0.0
2,912.3132949005554,0.0
3,982.729041660233,0.0
4,844.0877808630281,0.0
5,948.1030602090091,0.0
6,182.19657478185667,0.0
7,208.51322140917924,0.25881904510252074
8,170.9202113345627,0.49999999999999994
9,141.30269479494694,0.7071067811865476
10,280.0349111760533,0.8660254037844386
11,276.1772410842249,0.9659258262890683
12,288.8822786295889,1.0
13,249.46781458485458,0.9659258262890683
14,226.00711906720602,0.8660254037844387
15,187.64852019904635,0.7071067811865476
16,282.77493072557627,0.49999999999999994
17,266.9555792977594,0.258819045102521
18,111.36869468544162,1.2246467991473532e-16
19,128.45705306813502,0.0
20,131.32964752194238,0.0
21,90.68062272070327,0.0
22,867.2927041357947,0.0
23,854.6467857277459,0.0
0,883.5008395244826,0.0
1,870.4521000668175,0.0
2,834.91980316533,0.0
3,980.9036092227792,0.0
4,950.1016292411692,0.0
5,868.8392231392006,0.0
6,185.8968558661444,0.0
7,191.6986035928518,0.25881904510252074
8,222.64343419093908,0.49999999999999994
9,142.25579893359685,0.7071067811865476
10,293.68427135929704,0.8660254037844386
11,228.0837878317226,0.9659258262890683
12,196.56550383325546,1.0
13,278.9654623725799,0.9659258262890683
14,301.63033696489714,0.8660254037844387
15,353.5163589412274,0.7071067811865476
16,202.01098939639147,0.49999999999999994
17,277.95678740323154,0.258819045102521
18,133.60795024825867,1.2246467991473532e-16
19,181.33434842096125,0.0
20,91.18041795074998,0.0
21,99.48920897205744,0.0
22,868.9650070733406,0.0
23,903.1585618267234,0.0
0,874.3567493384658,0.0
1,926.3621737565368,0.0
2,941.0757847303166,0.0
3,923.9831016498142,0.0
4,964.7515055864347,0.0
5,916.6330651782138,0.0
6,126.32413158639332,0.0
7,229.5350605415336,0.25881904510252074
8,150.7937505757601,0.49999999999999994
9,211.4167399874228,0.7071067811865476
10,312.9493686622043,0.8660254037844386
11,268.26752042921595,0.9659258262890683
12,190.15364747341403,1.0
13,213.27151333960833,0.9659258262890683
14,302.9097786754054,0.8660254037844387
15,243.23509257428734,0.7071067811865476
16,253.18294139768665,0.49999999999999994
17,280.3529766465444,0.258819045102521
18,177.85291448321294,1.2246467991473532e-16
19,161.15199249541843,0.0
20,141.65326515118136,0.0
21,137.49326217070572,0.0
22,934.3159530116537,0.0
23,922.1427812427117,0.0
0,889.7079999752884,0.0
1,943.2844925197256,0.0
2,894.8386353948086,0.0
3,865.9335130266243,0.0
4,869.6411720438662,0.0
5,860.8503665476094,0.0
6,164.10359933585252,0.0
7,224.34897113344772,0.25881904510252074
8,142.79619275877965,0.49999999999999994
9,182.5390304407241,0.7071067811865476
10,223.73242617490348,0.8660254037844386
11,239.5876383491425,0.9659258262890683
12,189.59835152058992,1.0
13,241.17847083373852,0.9659258262890683
14,242.25178480780153,0.8660254037844387
15,271.6115177614278,0.7071067811865476
16,258.93123653021485,0.49999999999999994
17,202.0643150019182,0.258819045102521
18,193.36792976174172,1.2246467991473532e-16
19,158.41212160887983,0.0
20,157.93574068709947,0.0
21,149.63270586459444,0.0
22,879.2897021111112,0.0
23,908.7120935899491,0.0
0,919.0235374371433,0.0
1,830.1241723461778,0.0
2,878.4495665061562,0.0
3,889.8021211838565,0.0
4,910.2468242277711,0.0
5,947.732440237085,0.0
6,144.1303674161287,0.0
7,155.0815261272863,0.25881904510252074
8,154.498635574138,0.49999999999999994
9,142.93889639581835,0.7071067811865476
10,236.1125401955095,0.8660254037844386
11,280.83208879951883,0.9659258262890683
12,207.84658018542618,1.0
13,267.1125758061161,0.9659258262890683
14,181.9239107992666,0.8660254037844387
15,227.54648014231176,0.7071067811865476
16,236.82042799128055,0.49999999999999994
17,316.9943869165626,0.258819045102521
18,139.0079078098925,1.2246467991473532e-16
19,61.95026106196326,0.0
20,70.04444372555001,0.0
21,151.36118345386723,0.0
22,924.5508342315964,0.0
23,915.0182343050901,0.0
0,906.7028042320396,0.0
1,946.4903839002267,0.0
2,878.4163511705148,0.0
3,935.7964222410731,0.0
4,834.7194045989434,0.0
5,863.8020866824774,0.0
6,102.71834420272735,0.0
7,164.0061879732083,0.25881904510252074
8,173.1495513093463,0.49999999999999994
9,179.5640596890608,0.7071067811865476
10,252.4753341154854,0.8660254037844386
11,212.89786676753087,0.9659258262890683
12,242.39036622347137,1.0
13,190.10213325577007,0.9659258262890683
14,304.52915900529,0.8660254037844387
15,237.85495708407996,0.7071067811865476
16,230.44455523825235,0.49999999999999994
17,313.5576131377633,0.258819045102521
18,100.31013865803084,1.2246467991473532e-16
19,104.97651543872124,0.0
20,106.1511870052574,0.0
21,147.2851447320207,0.0
22,917.265265185504,0.0
23,929.5870187247133,0.0
0,1002.8798126997988,0.0
1,810.0227018319695,0.0
2,924.3494235649766,0.0
3,877.7147770971108,0.0
4,876.5433940444491,0.0
5,875.2091148698449,0.0
6,138.64921316768107,0.0
7,242.38099338413807,0.25881904510252074
8,208.6918930805561,0.49999999999999994
9,175.927839142295,0.7071067811865476
10,304.04063009948004,0.8660254037844386
11,189.49884138804498,0.9659258262890683
12,196.77179474676296,1.0
13,162.8812907122125,0.9659258262890683
14,222.0234183950685,0.8660254037844387
15,256.4679410681901,0.7071067811865476
16,254.11434311729337,0.49999999999999994
17,255.97367644239523,0.258819045102521
18,93.55772675735673,1.2246467991473532e-16
19,182.1261897045609,0.0
20,159.5851007295599,0.0
21,179.32217125863994,0.0
22,824.2895128963979,0.0
23,912.4596343519116,0.0
0,852.4893904032989,0.0
1,884.1070698979455,0.0
2,921.3745959454553,0.0
3,903.6437442502365,0.0
4,865.9384008088273,0.0
5,900.2509262473767,0.0
6,113.73858739025428,0.0
7,221.01069583593184,0.25881904510252074
8,166.78863922014995,0.49999999999999994
9,219.74199777021303,0.7071067811865476
10,228.93873251615827,0.8660254037844386
11,229.0569604637367,0.9659258262890683
12,219.43252853448615,1.0
13,285.04695726772303,0.9659258262890683
14,221.62275370686098,0.8660254037844387
15,275.7838172966071,0.7071067811865476
16,234.7019040932284,0.49999999999999994
17,170.96146800433522,0.258819045102521
18,127.18743728854136,1.2246467991473532e-16
19,102.83567142548607,0.0
20,151.3561089472935,0.0
21,102.38369057302039,0.0
22,937.0390040285847,0.0
23,896.3569655858789,0.0
0,892.8961602096505,0.0
1,926.2356855115033,0.0
2,938.5562773630345,0.0
3,899.1960499292139,0.0
4,869.1519880180284,0.0
5,829.0412153555149,0.0
6,147.5580097185928,0.0
7,150.31151013408154,0.25881904510252074
8,179.28229811969186,0.49999999999999994
9,161.1941247544789,0.7071067811865476
10,277.5173188820571,0.8660254037844386
11,225.48066914917243,0.9659258262890683
12,247.71835332588233,1.0
13,297.3594977278756,0.9659258262890683
14,263.67300855819866,0.8660254037844387
15,247.5984983324574,0.7071067811865476
16,225.92222232259292,0.49999999999999994
17,224.6707441314009,0.258819045102521
18,115.9754698819221,1.2246467991473532e-16
19,128.35972536868402,0.0
20,180.22663354977257,0.0
21,141.12446914830926,0.0
22,846.0090772247507,0.0
23,970.7267717223913,0.0
0,912.7986076458066,0.0
1,843.7222639794733,0.0
2,882.326042910367,0.0
3,904.4354553131367,0.0
4,968.1836837318951,0.0
5,855.6755016696452,0.0
6,214.04162877423786,0.0
7,230.97945707889372,0.25881904510252074
8,149.8538277970172,0.49999999999999994
9,163.89945524559067,0.7071067811865476
10,208.5476301050492,0.8660254037844386
11,241.8615543567878,0.9659258262890683
12,248.53640102628276,1.0
13,276.38599992329483,0.9659258262890683
14,293.6073388408179,0.8660254037844387
15,220.0761574151341,0.7071067811865476
16,171.30699743096022,0.49999999999999994
17,249.15020882895033,0.258819045102521
18,161.74150119874562,1.2246467991473532e-16
19,159.97670750740167,0.0
20,136.93307009963823,0.0
21,154.99008398655738,0.0
22,960.6177923340899,0.0
23,915.2693667585004,0.0
0,885.0652629998766,0.0
1,879.9920873161602,0.0
2,893.2059056928907,0.0
3,965.4695984732256,0.0
4,892.6679716189522,0.0
5,899.2082262191717,0.0
6,155.70745716254788,0.0
7,218.9593342976786,0.25881904510252074
8,253.393490189787,0.49999999999999994
9,193.02452197725552,0.7071067811865476
10,253.31091615141702,0.8660254037844386
11,251.47131332696938,0.9659258262890683
12,154.62772844857017,1.0
13,279.8060345713927,0.9659258262890683
14,255.36665663983374,0.8660254037844387
15,267.133682026429,0.7071067811865476
16,221.5415122366518,0.49999999999999994
17,234.62172484091633,0.258819045102521
18,133.5590025398731,1.2246467991473532e-16
19,190.86491936292157,0.0
20,134.84960653587626,0.0
21,233.3064128843919,0.0
22,917.2344967606015,0.0
23,848.9726936001707,0.0
0,894.8581482699217,0.0
1,873.9329951137433,0.0
2,812.224701207199,0.0
3,963.9788376045516,0.0
4,928.1257016888002,0.0
5,921.3282927159725,0.0
6,181.61614641198818,0.0
7,119.7192972523025,0.25881904510252074
8,155.65531441778253,0.49999999999999994
9,208.67123099136052,0.7071067811865476
10,207.9511988086999,0.8660254037844386
11,148.72922734996746,0.9659258262890683
12,240.91575968876296,1.0
13,244.32969783889845,0.9659258262890683
14,255.42253665658836,0.8660254037844387
15,279.14074574058145,0.7071067811865476
16,275.50423248924835,0.49999999999999994
17,260.3507922097569,0.258819045102521
18,197.82125552346838,1.2246467991473532e-16
19,89.24120876746741,0.0
20,170.18327257909561,0.0
21,175.0615345334777,0.0
22,850.4175085567904,0.0
23,839.8851756527044,0.0
0,870.162314940976,0.0
1,873.5383422993883,0.0
2,930.1367785400972,0.0
3,875.4184486523562,0.0
4,865.7460592687519,0.0
5,875.5346505322176,0.0
6,219.74529336616848,0.0
7,175.5217349750781,0.25881904510252074
8,167.82995898572352,0.49999999999999994
9,170.59978005195794,0.7071067811865476
10,301.6824133730609,0.8660254037844386
11,220.03313093587033,0.9659258262890683
12,302.6203316376042,1.0
13,258.41985195686016,0.9659258262890683
14,243.5832247209861,0.8660254037844387
15,350.0360199173713,0.7071067811865476
16,207.77442040805613,0.49999999999999994
17,235.85256961731977,0.258819045102521
18,100.70275043343999,1.2246467991473532e-16
19,188.09847882144678,0.0
20,217.56755734606716,0.0
21,216.79691125618555,0.0
22,948.9579501258402,0.0
23,892.0951812881614,0.0
0,885.3903609004061,0.0
1,833.1532091002374,0.0
2,981.4349414072717,0.0
3,918.7591231259387,0.0
4,880.3217238052207,0.0
5,953.1222755594787,0.0
6,136.08941932959996,0.0
7,191.26488136890697,0.25881904510252074
8,168.0948346283666,0.49999999999999994
9,200.54708559521202,0.7071067811865476
10,247.45705843255513,0.8660254037844386
11,191.96288435555104,0.9659258262890683
12,253.02305490680152,1.0
13,291.95456567501446,0.9659258262890683
14,248.8313437658406,0.8660254037844387
15,281.00460486356343,0.7071067811865476
16,208.17882057303788,0.49999999999999994
17,248.9495682692059,0.258819045102521
18,125.0195817964569,1.2246467991473532e-16
19,179.87923360418839,0.0
20,151.25966249047983,0.0
21,177.6029470534645,0.0
22,943.5084170463147,0.0
23,927.6647430048555,0.0
0,910.9247373717458,0.0
1,860.0715096595438,0.0
2,899.888555573324,0.0
3,878.6763839193667,0.0
4,886.2374417318309,0.0
5,885.01863396999,0.0
6,135.80297700871023,0.0
7,96.7064564346404,0.25881904510252074
8,148.27427806688934,0.49999999999999994
9,182.73517807696635,0.7071067811865476
10,196.0729181829004,0.8660254037844386
11,250.62728945886496,0.9659258262890683
12,326.0107369724386,1.0
13,290.92226221008957,0.9659258262890683
14,315.7416603648212,0.8660254037844387
15,265.6451150773091,0.7071067811865476
16,296.70039291945784,0.49999999999999994
17,221.0414107812885,0.258819045102521
18,124.22638931912063,1.2246467991473532e-16
19,50.0,0.0
20,197.44581896169194,0.0
21,211.61295919279544,0.0
22,877.8729101861092,0.0
23,889.8419317441106,0.0
0,869.8455154523615,0.0
1,915.3061420590997,0.0
2,944.9973018121296,0.0
3,830.2891210447583,0.0
4,916.37754122569,0.0
5,888.9331291312342,0.0
6,179.53577567866756,0.0
7,193.35976006697163,0.25881904510252074
8,167.47190244908717,0.49999999999999994
9,170.85652586376878,0.7071067811865476
10,241.44499329781445,0.8660254037844386
11,288.81264807153127,0.9659258262890683
12,266.7503984050999,1.0
13,258.8233415094944,0.9659258262890683
14,199.1619311563087,0.8660254037844387
15,234.85681027147382,0.7071067811865476
16,285.946766413567,0.49999999999999994
17,251.50786292495692,0.258819045102521
18,176.38125878356553,1.2246467991473532e-16
19,220.66047201310533,0.0
20,191.54424276835266,0.0
21,153.7263335079897,0.0
22,879.5604331921709,0.0
23,797.858016157764,0.0
0,893.2646031010859,0.0
1,886.959500167326,0.0
2,915.614647775815,0.0
3,893.8437909210124,0.0
4,887.1845976225283,0.0
5,828.8240427797111,0.0
6,137.40128683399735,0.0
7,194.0660416320223,0.25881904510252074
8,243.63630524530777,0.49999999999999994
9,171.09898465017505,0.7071067811865476
10,263.11244294296495,0.8660254037844386
11,288.09912627811224,0.9659258262890683
12,217.56424255199002,1.0
13,264.6725617314177,0.9659258262890683
14,220.38039574671365,0.8660254037844387
15,284.59297753964046,0.7071067811865476
16,256.0561219180693,0.49999999999999994
17,261.9380725592576,0.258819045102521
18,118.69605610325644,1.2246467991473532e-16
19,178.2812943844314,0.0
20,233.38851684924066,0.0
21,109.68353218287176,0.0
22,886.409639694099,0.0
23,909.2642989667237,0.0
0,931.4562484798327,0.0
1,877.6181485884213,0.0
2,786.6787883942905,0.0
3,954.367579766561,0.0
4,930.4202447833657,0.0
5,830.2820987805334,0.0
6,150.69724832881775,0.0
7,237.72729718109304,0.25881904510252074
8,232.91185673831464,0.49999999999999994
9,212.5456009071578,0.7071067811865476
10,242.9555026416055,0.8660254037844386
11,253.3194967525004,0.9659258262890683
12,244.76296779495493,1.0
13,295.1295913307535,0.9659258262890683
14,214.9663037401956,0.8660254037844387
15,217.7680138046318,0.7071067811865476
16,290.41098347344064,0.49999999999999994
17,248.22554177953754,0.258819045102521
18,205.13869421815232,1.2246467991473532e-16
19,123.13951172077817,0.0
20,147.80886558644698,0.0
21,113.10348060624187,0.0
22,900.2945072569427,0.0
23,840.858122520048,0.0
0,880.4946631618014,0.0
1,842.5498454028752,0.0
2,927.7569293276504,0.0
3,928.663573590386,0.0
4,830.7894907806262,0.0
5,953.3554298200229,0.0
6,274.89660505679416,0.0
7,176.84025546945364,0.25881904510252074
8,149.3554295910142,0.49999999999999994
9,287.9732236401219,0.7071067811865476
10,197.2412600678996,0.8660254037844386
11,250.80425867476393,0.9659258262890683
12,257.1848909052769,1.0
13,303.80590481809656,0.9659258262890683
14,264.38955900507153,0.8660254037844387
15,230.05464416846195,0.7071067811865476
16,211.95262518448175,0.49999999999999994
17,236.32712719015458,0.258819045102521
18,109.72290556219423,1.2246467991473532e-16
19,151.91301279138733,0.0
20,127.43215280558054,0.0
21,90.23848826840998,0.0
22,950.2058315349962,0.0
23,880.0930990628384,0.0
0,849.2745278009875,0.0
1,893.2696346204983,0.0
2,902.7348626387063,0.0
3,830.1413309768386,0.0
4,913.2659066850305,0.0
5,858.1136972523894,0.0
6,243.4411523676315,0.0
7,195.9584204830694,0.25881904510252074
8,159.00400039562734,0.49999999999999994
9,145.193289187306,0.7071067811865476
10,245.80129169745504,0.8660254037844386
11,274.5116296633316,0.9659258262890683
12,248.980234856592,1.0
13,241.31364771452573,0.9659258262890683
14,252.33481163271583,0.8660254037844387
15,225.84564275052182,0.7071067811865476
16,236.27176292627848,0.49999999999999994
17,166.56830244379984,0.258819045102521
18,188.9490492340947,1.2246467991473532e-16
19,161.95191121287047,0.0
20,119.0617662386628,0.0
21,225.94939925420954,0.0
22,903.4806592156955,0.0
23,858.5542571209921,0.0
0,934.2694968588183,0.0
1,915.9219286603706,0.0
2,915.7831994193688,0.0
3,882.9697758139364,0.0
4,918.0198289511214,0.0
5,889.5296683911562,0.0
6,197.2376580658337,0.0
7,98.80222183957444,0.25881904510252074
8,157.64506148083242,0.49999999999999994
9,243.8862039123278,0.7071067811865476
10,219.31730178398797,0.8660254037844386
11,225.84646810027255,0.9659258262890683
12,232.081546462001,1.0
13,201.40775456445425,0.9659258262890683
14,161.66876895086992,0.8660254037844387
15,240.77654405905548,0.7071067811865476
16,255.4343769632663,0.49999999999999994
17,247.8997972584539,0.258819045102521
18,144.20485752208452,1.2246467991473532e-16
19,151.7216348340155,0.0
20,190.91365886203056,0.0
21,142.38215256283132,0.0
22,877.0366969165092,0.0
23,888.7549806044766,0.0
0,923.1738703902711,0.0
1,956.48107514173,0.0
2,874.8742504332329,0.0
3,903.9573514811553,0.0
4,913.5342976774384,0.0
5,860.2968797308471,0.0
6,175.8166866885167,0.0
7,116.37304570631619,0.25881904510252074
8,104.23798785042405,0.49999999999999994
9,189.66985631569028,0.7071067811865476
10,234.6450103467687,0.8660254037844386
11,258.0912163048488,0.9659258262890683
12,249.284200919666,1.0
13,210.9439980534481,0.9659258262890683
14,248.18982792142654,0.8660254037844387
15,200.67594779940578,0.7071067811865476
16,305.638894320056,0.49999999999999994
17,195.76118620560146,0.258819045102521
18,142.16858916125673,1.2246467991473532e-16
19,108.30913647811006,0.0
20,172.81684693443182,0.0
21,136.74274514873989,0.0
22,879.2533312151515,0.0
23,934.1280618020621,0.0
0,901.1772236671021,0.0
1,920.6657778374387,0.0
2,860.7469625393014,0.0
3,843.8073222428998,0.0
4,904.2883184816053,0.0
5,887.2461457802108,0.0
6,200.05738689815777,0.0
7,171.803661893498,0.25881904510252074
8,183.2030135693852,0.49999999999999994
9,110.06469880235026,0.7071067811865476
10,325.5374775845703,0.8660254037844386
11,243.43032059871874,0.9659258262890683
12,277.903478813568,1.0
13,216.55633319121495,0.9659258262890683
14,262.32039608869366,0.8660254037844387
15,197.8862094590102,0.7071067811865476
16,268.08271353038685,0.49999999999999994
17,235.76103662456669,0.258819045102521
18,151.1676201574227,1.2246467991473532e-16
19,177.9189612052039,0.0
20,100.6983875511888,0.0
21,122.62033077548813,0.0
22,918.2929712434707,0.0
23,983.9288589818699,0.0
0,894.4767066135407,0.0
1,923.6454447169573,0.0
2,895.7211412056608,0.0
3,977.6898237902519,0.0
4,830.1111333213897,0.0
5,903.7848417867743,0.0
6,109.97823865751757,0.0
7,74.73713717853133,0.25881904510252074
8,186.89848212471267,0.49999999999999994
9,180.57991184589835,0.7071067811865476
10,238.60652249031193,0.8660254037844386
11,245.75223639840988,0.9659258262890683
12,373.9319773628503,1.0
13,239.67299447874262,0.9659258262890683
14,270.404974450003,0.8660254037844387
15,224.02540721544477,0.7071067811865476
16,261.80930300162413,0.49999999999999994
17,240.4706529977753,0.258819045102521
18,133.5792606908108,1.2246467991473532e-16
19,222.755941288013,0.0
20,197.08739852737355,0.0
21,155.46986589596924,0.0
22,807.8315225622414,0.0
23,885.5596310698973,0.0
0,1008.1211025762034,0.0
1,890.7735333344117,0.0
2,944.1287028821463,0.0
3,957.6776960781041,0.0
4,908.758556634239,0.0
5,866.3271347252739,0.0
6,77.58750672868446,0.0
7,202.3665283443582,0.25881904510252074
8,142.40975988705807,0.49999999999999994
9,182.04601807550767,0.7071067811865476
10,200.00718641642544,0.8660254037844386
11,239.39049838119192,0.9659258262890683
12,251.34876219604212,1.0
13,260.74374324177194,0.9659258262890683
14,205.40711250590343,0.8660254037844387
15,297.8764379504541,0.7071067811865476
16,226.12420861072115,0.49999999999999994
17,183.02122158187018,0.258819045102521
18,145.63906320146145,1.2246467991473532e-16
19,151.3750123610584,0.0
20,156.4235773268704,0.0
21,204.48529614740318,0.0
22,890.5420465305656,0.0
23,895.2152150252491,0.0
0,855.8726247506762,0.0
1,932.8221401155158,0.0
2,907.3723625631242,0.0
3,883.1988909082335,0.0
4,823.8130122613815,0.0
5,957.7764878022035,0.0
6,125.89280142175771,0.0
7,151.34887962521177,0.25881904510252074
8,189.33378044304013,0.49999999999999994
9,127.13768285533254,0.7071067811865476
10,190.25960886987426,0.8660254037844386
11,165.0420966919734,0.9659258262890683
12,278.8398781162254,1.0
13,228.19255021094713,0.9659258262890683
14,367.0908036989332,0.8660254037844387
15,210.22579737476508,0.7071067811865476
16,213.14195906284314,0.49999999999999994
17,227.38428118858394,0.258819045102521
18,159.72538620553956,1.2246467991473532e-16
19,131.19186644858755,0.0
20,174.4932885601005,0.0
21,110.85646440045383,0.0
22,844.7363312614567,0.0
23,828.0714104236357,0.0
0,811.0570332825121,0.0
1,879.2772392209977,0.0
2,887.9607875042711,0.0
3,874.7425189006726,0.0
4,949.7362318874865,0.0
5,949.1212083843254,0.0
6,161.60788050221993,0.0
7,103.24315547232148,0.25881904510252074
8,152.33179567779788,0.49999999999999994
9,151.00714424331755,0.7071067811865476
10,223.71460150887768,0.8660254037844386
11,222.09124384407022,0.9659258262890683
12,223.8614841710077,1.0
13,234.53833536408962,0.9659258262890683
14,224.57835604737772,0.8660254037844387
15,258.3329003450237,0.7071067811865476
16,264.4147486361944,0.49999999999999994
17,213.5741965127004,0.258819045102521
18,200.84261304028132,1.2246467991473532e-16
19,110.79750792637543,0.0
20,85.28797544738651,0.0
21,165.23112285460206,0.0
22,867.3036746234264,0.0
23,912.8516588302955,0.0
0,803.8532559559787,0.0
1,955.6982376593227,0.0
2,926.8917363216161,0.0
3,839.9809380334799,0.0
4,840.8489150461486,0.0
5,966.8906361639011,0.0
6,145.50480386008167,0.0
7,141.63260605069505,0.25881904510252074
8,84.35791623402869,0.49999999999999994
9,160.96887177593783,0.7071067811865476
10,240.8912154065699,0.8660254037844386
11,278.6197238707794,0.9659258262890683
12,194.036862872621,1.0
13,189.1885283103756,0.9659258262890683
14,268.03850539105906,0.8660254037844387
15,290.2692028490826,0.7071067811865476
16,187.15390595528467,0.49999999999999994
17,293.26056345198964,0.258819045102521
18,151.50167365947286,1.2246467991473532e-16
19,193.67221356298583,0.0
20,147.19118553929533,0.0
21,50.0,0.0
22,893.9213047073584,0.0
23,942.4057527468508,0.0
0,864.2501592366514,0.0
1,884.481401243702,0.0
2,892.9546598579609,0.0
3,784.0194448052607,0.0
4,966.8539030174991,0.0
5,863.944972804113,0.0
6,195.22941729891195,0.0
7,171.53195455407166,0.25881904510252074
8,225.3047622543744,0.49999999999999994
9,191.24224489712324,0.7071067811865476
10,240.603029139161,0.8660254037844386
11,214.2593962992288,0.9659258262890683
12,281.91402805528554,1.0
13,175.06234784181532,0.9659258262890683
14,275.8356168110357,0.8660254037844387
15,206.0382099378051,0.7071067811865476
16,300.0913464782656,0.49999999999999994
17,256.4519817065078,0.258819045102521
18,175.76495071400436,1.2246467991473532e-16
19,153.27955255298878,0.0
20,79.90491619436013,0.0
21,115.57083346418646,0.0
22,926.8955735044553,0.0
23,906.6662326943938,0.0
0,947.2395962122268,0.0
1,916.1309825214869,0.0
2,861.3319243718936,0.0
3,868.1574344911746,0.0
4,904.1166956209295,0.0
5,807.4382373599958,0.0
6,241.9376754249194,0.0
7,192.6698694551023,0.25881904510252074
8,224.08138388195488,0.49999999999999994
9,111.77584236763323,0.7071067811865476
10,299.78260641421025,0.8660254037844386
11,339.2599564411099,0.9659258262890683
12,197.1648657849073,1.0
13,280.8560717961507,0.9659258262890683
14,250.04439778749173,0.8660254037844387
15,188.22264607007023,0.7071067811865476
16,269.7153588740748,0.49999999999999994
17,283.34412819349393,0.258819045102521
18,125.95493789324613,1.2246467991473532e-16
19,196.63666081020892,0.0
20,83.32946372843209,0.0
21,90.20975414201423,0.0
22,905.46389582355,0.0
23,901.0154111188908,0.0
0,871.3370604630358,0.0
1,932.3837774388754,0.0
2,921.235772568638,0.0
3,934.3255628373606,0.0
4,895.0745425859093,0.0
5,924.1032107191336,0.0
6,157.17398787880023,0.0
7,257.1527476034638,0.25881904510252074
8,142.49816919512057,0.49999999999999994
9,259.2118971783325,0.7071067811865476
10,251.39551788357633,0.8660254037844386
11,194.9795644172503,0.9659258262890683
12,304.72317401954405,1.0
13,255.03605553579837,0.9659258262890683
14,284.0449639352095,0.8660254037844387
15,298.9542367417037,0.7071067811865476
16,263.51822216580103,0.49999999999999994
17,226.31036620748742,0.258819045102521
18,189.02853510677,1.2246467991473532e-16
19,150.03022029818382,0.0
20,177.43431274433675,0.0
21,63.85077704834154,0.0
22,917.879268680394,0.0
23,874.4565669941987,0.0
0,966.1323854871412,0.0
1,924.9234939155638,0.0
2,909.5943098339719,0.0
3,919.4523997340088,0.0
4,860.0623658849313,0.0
5,964.9302676211222,0.0
6,254.6548167366762,0.0
7,190.71654042192864,0.25881904510252074
8,238.61614274294556,0.49999999999999994
9,152.23407205309866,0.7071067811865476
10,218.11545735100077,0.8660254037844386
11,251.6369899491569,0.9659258262890683
12,267.39764153471594,1.0
13,234.24053275027518,0.9659258262890683
14,271.5107276147394,0.8660254037844387
15,262.25557928293654,0.7071067811865476
16,210.0677289883578,0.49999999999999994
17,270.7517206980689,0.258819045102521
18,184.54112970086084,1.2246467991473532e-16
19,156.85877270361564,0.0
20,196.1059241304677,0.0
21,101.30384826012192,0.0
22,918.7180168852741,0.0
23,853.188771744129,0.0
0,855.4367456706765,0.0
1,874.7627666504884,0.0
2,862.3175926570302,0.0
3,878.0801672503545,0.0
4,891.4339875715525,0.0
5,933.4861794532553,0.0
6,162.1536384517719,0.0
7,111.57497172921629,0.25881904510252074
8,220.6027138598064,0.49999999999999994
9,141.51639465539841,0.7071067811865476
10,247.65118291581484,0.8660254037844386
11,267.86146027762845,0.9659258262890683
12,257.9844167361113,1.0
13,293.76718190085904,0.9659258262890683
14,269.1601257357104,0.8660254037844387
15,215.54761681211568,0.7071067811865476
16,337.1424869596665,0.49999999999999994
17,257.77333853352934,0.258819045102521
18,144.10639093513976,1.2246467991473532e-16
19,188.55701692222283,0.0
20,159.9780378372029,0.0
21,165.9691277175731,0.0
22,999.6873599440274,0.0
23,888.9951428697981,0.0
0,887.2895642393041,0.0
1,904.6631404804986,0.0
2,942.8606374232415,0.0
3,839.738638792384,0.0
4,821.3777643409398,0.0
5,876.5153891751941,0.0
6,109.64308163762851,0.0
7,158.00674609897447,0.25881904510252074
8,195.0999878451716,0.49999999999999994
9,139.37004545790944,0.7071067811865476
10,192.9269369287463,0.8660254037844386
11,252.77348646861392,0.9659258262890683
12,284.5017393846068,1.0
13,182.2010624593355,0.9659258262890683
14,282.80929593223937,0.8660254037844387
15,282.69224814953304,0.7071067811865476
16,288.16340408626513,0.49999999999999994
17,298.7392085948675,0.258819045102521
18,238.08055698638464,1.2246467991473532e-16
19,135.75631805523778,0.0
20,154.3828632031143,0.0
21,133.342462670079,0.0
22,900.0790737902324,0.0
23,961.3149342254525,0.0
0,846.1994206427732,0.0
1,865.558013113377,0.0
2,955.0872374601825,0.0
3,940.8014602760836,0.0
4,885.4747341273169,0.0
5,934.1760800448288,0.0
6,188.64863369968134,0.0
7,235.01098436003952,0.25881904510252074
8,177.9803837530709,0.49999999999999994
9,216.0252845549033,0.7071067811865476
10,355.6804764197048,0.8660254037844386
11,273.9239662018987,0.9659258262890683
12,251.97312663179375,1.0
13,278.8978794088392,0.9659258262890683
14,235.3887656718446,0.8660254037844387
15,345.5187082209893,0.7071067811865476
16,257.20284150783925,0.49999999999999994
17,239.0826671909795,0.258819045102521
18,116.57243979919855,1.2246467991473532e-16
19,193.88880766425754,0.0
20,184.68749651310955,0.0
21,130.10582514343628,0.0
22,923.0580538048969,0.0
23,839.6577612714857,0.0
0,907.3988230029263,0.0
1,918.1102540830677,0.0
2,968.2931923823689,0.0
3,869.1672478908524,0.0
4,848.865894847907,0.0
5,864.1828815629983,0.0
6,121.5372599874032,0.0
7,228.46629431035933,0.25881904510252074
8,236.94557180096146,0.49999999999999994
9,187.80866311795316,0.7071067811865476
10,298.8517978274059,0.8660254037844386
11,255.35833522320942,0.9659258262890683
12,246.19553409196936,1.0
13,236.67849523784955,0.9659258262890683
14,237.5843603448974,0.8660254037844387
15,188.08793774763876,0.7071067811865476
16,260.57019054429355,0.49999999999999994
17,248.38664359143826,0.258819045102521
18,179.81442896311503,1.2246467991473532e-16
19,153.7409398575444,0.0
20,143.49185193723633,0.0
21,115.15227879969477,0.0
22,902.8861294728705,0.0
23,929.5294892326465,0.0
0,854.2664403566456,0.0
1,903.4989501472296,0.0
2,909.3217180611794,0.0
3,871.2774086552695,0.0
4,876.4857478036799,0.0
5,909.2244339506486,0.0
6,129.6631592682951,0.0
7,188.9969486099757,0.25881904510252074
8,139.18582505363202,0.49999999999999994
9,217.51414772132864,0.7071067811865476
10,343.513109815532,0.8660254037844386
11,215.56972793192722,0.9659258262890683
12,271.368314494987,1.0
13,220.93032380471922,0.9659258262890683
14,291.63816695191156,0.8660254037844387
15,199.3896636365914,0.7071067811865476
16,269.2234703371085,0.49999999999999994
17,215.0804413244259,0.258819045102521
18,141.72061643606526,1.2246467991473532e-16
19,108.75898899410771,0.0
20,182.89401883583014,0.0
21,116.52078582241651,0.0
22,922.0785703732731,0.0
23,886.2360788695066,0.0
0,895.4211051280455,0.0
1,905.9102362960051,0.0
2,869.527013133646,0.0
3,908.4146845416354,0.0
4,961.2133825741764,0.0
5,868.8762085666914,0.0
6,221.8724057309538,0.0
7,234.92390533951138,0.25881904510252074
8,142.35380043887824,0.49999999999999994
9,116.79781579637792,0.7071067811865476
10,262.07843600687056,0.8660254037844386
11,228.1036990893251,0.9659258262890683
12,324.7441287665201,1.0
13,251.39230161999328,0.9659258262890683
14,217.91202367859285,0.8660254037844387
15,204.11361955953154,0.7071067811865476
16,293.5961983636332,0.49999999999999994
17,227.15264103663253,0.258819045102521
18,151.75315197841712,1.2246467991473532e-16
19,188.23210980449923,0.0
20,130.62966592276678,0.0
21,148.16284685039358,0.0
22,899.3372636070992,0.0
23,927.3329804606436,0.0
0,923.629773420413,0.0
1,891.1954507498068,0.0
2,902.5459624598607,0.0
3,885.1288395390604,0.0
4,840.8955037232222,0.0
5,910.3040342959251,0.0
6,250.6876704333227,0.0
7,139.6512343723575,0.25881904510252074
8,144.07881161589188,0.49999999999999994
9,140.17088913425033,0.7071067811865476
10,278.9836711489249,0.8660254037844386
11,267.9394181678576,0.9659258262890683
12,243.65849230334175,1.0
13,213.2792375344414,0.9659258262890683
14,253.69507166559697,0.8660254037844387
15,187.41511490656782,0.7071067811865476
16,255.73706267429972,0.49999999999999994
17,284.86097544351736,0.258819045102521
18,99.95203453465288,1.2246467991473532e-16
19,88.69926892681346,0.0
20,213.17751566779438,0.0
21,125.5296144198166,0.0
22,945.4379138377528,0.0
23,893.8400933920867,0.0
0,893.521807322347,0.0
1,917.5365079798659,0.0
2,864.6400457301423,0.0
3,905.2998857398259,0.0
4,884.7404234070362,0.0
5,847.1802622637988,0.0
6,188.49928298905596,0.0
7,164.46768772488335,0.25881904510252074
8,168.7190068622117,0.49999999999999994
9,126.59356226343368,0.7071067811865476
10,313.6560147105122,0.8660254037844386
11,285.0685674554446,0.9659258262890683
12,288.56623536687914,1.0
13,237.78221190233273,0.9659258262890683
14,180.8326844198632,0.8660254037844387
15,328.11669529958044,0.7071067811865476
16,247.55609967976528,0.49999999999999994
17,220.04800815919785,0.258819045102521
18,166.67206297932455,1.2246467991473532e-16
19,196.6848315201319,0.0
20,149.07797775658136,0.0
21,201.14300671757496,0.0
22,943.3199975406748,0.0
23,856.9447525039177,0.0
0,873.048395773621,0.0
1,938.3014865311907,0.0
2,791.4954974475825,0.0
3,894.0217722734004,0.0
4,842.7667519350131,0.0
5,880.937847942659,0.0
6,163.04719643883183,0.0
7,160.6702248836997,0.25881904510252074
8,152.90954991549566,0.49999999999999994
9,131.11425401484743,0.7071067811865476
10,341.6764506727475,0.8660254037844386
11,324.69848016645403,0.9659258262890683
12,203.51736718974868,1.0
13,313.2846700521427,0.9659258262890683
14,234.0213803810859,0.8660254037844387
15,255.1674989332684,0.7071067811865476
16,247.46904160412336,0.49999999999999994
17,223.61005434984136,0.258819045102521
18,189.35409374424586,1.2246467991473532e-16
19,155.0354612230663,0.0
20,130.93794307123034,0.0
21,97.8164222479811,0.0
22,864.2561994512351,0.0
23,834.3447953759161,0.0
0,900.4889419366068,0.0
1,852.1333763086242,0.0
2,889.3775794992583,0.0
3,954.8040741444148,0.0
4,947.9719829168635,0.0
5,898.7089242358953,0.0
6,171.516610954274,0.0
7,250.19498197684032,0.25881904510252074
8,195.83024481434845,0.49999999999999994
9,161.8877416049391,0.7071067811865476
10,192.9592753151819,0.8660254037844386
11,265.75492872658975,0.9659258262890683
12,283.1729509033145,1.0
13,224.73393901945425,0.9659258262890683
14,261.6481102055213,0.8660254037844387
15,235.45706820339885,0.7071067811865476
16,242.6387040320399,0.49999999999999994
17,150.48711769750673,0.258819045102521
18,141.12874385135459,1.2246467991473532e-16
19,188.77477209632218,0.0
20,124.74389777733768,0.0
21,152.10105472861264,0.0
22,869.7619717323232,0.0
23,914.417667051711,0.0
0,891.3390720985531,0.0
1,862.4303383727197,0.0
2,953.3020587066051,0.0
3,937.1572805412886,0.0
4,875.803729442873,0.0
5,919.9115323767111,0.0
6,196.49648011281522,0.0
7,200.69204940044705,0.25881904510252074
8,107.2297641601969,0.49999999999999994
9,215.26426164130513,0.7071067811865476
10,227.21204148297073,0.8660254037844386
11,235.68688266234932,0.9659258262890683
12,355.51527009040797,1.0
13,262.07493522884045,0.9659258262890683
14,234.54710098211297,0.8660254037844387
15,161.78822508976376,0.7071067811865476
16,305.59056535785425,0.49999999999999994
17,196.1916131676559,0.258819045102521
18,109.86244386001985,1.2246467991473532e-16
19,136.74590803648604,0.0
20,206.6564716680117,0.0
21,180.92959946663038,0.0
22,893.6864996063896,0.0
23,912.3316825455529,0.0
0,875.9845722851558,0.0
1,905.586147582614,0.0
2,902.9334697911255,0.0
3,938.7507958272541,0.0
4,938.687124897558,0.0
5,919.7590952882258,0.0
6,160.5060976981559,0.0
7,204.67289177560505,0.25881904510252074
8,171.32126135187815,0.49999999999999994
9,131.72342525147468,0.7071067811865476
10,233.86848832356245,0.8660254037844386
11,253.381079351373,0.9659258262890683
12,286.4086313465898,1.0
13,242.65887311371387,0.9659258262890683
14,201.63205155041575,0.8660254037844387
15,252.26966733187277,0.7071067811865476
16,254.5382416022621,0.49999999999999994
17,257.43350515611013,0.258819045102521
18,186.7948606381772,1.2246467991473532e-16
19,190.75692960359595,0.0
20,126.23156510473333,0.0
21,125.35426167804226,0.0
22,858.392051561781,0.0
23,927.952626811219,0.0
0,957.9528043335087,0.0
1,887.3967228836431,0.0
2,890.3427774110003,0.0
3,958.6713022759591,0.0
4,920.2223141286003,0.0
5,917.4494281920422,0.0
6,127.36333976105092,0.0
7,202.14912277117676,0.25881904510252074
8,137.83454637960966,0.49999999999999994
9,129.6391925626017,0.7071067811865476
10,236.1291369293315,0.8660254037844386
11,226.5682910620524,0.9659258262890683
12,241.13601222459843,1.0
13,192.36073461900327,0.9659258262890683
14,288.3526522587069,0.8660254037844387
15,295.10745178065713,0.7071067811865476
16,172.10630103436745,0.49999999999999994
17,289.13831222666204,0.258819045102521
18,117.57885480713495,1.2246467991473532e-16
19,184.27902147931144,0.0
20,147.26214029334338,0.0
21,151.15102256323993,0.0
22,892.5960940231513,0.0
23,948.4851681693394,0.0
0,850.4164794989989,0.0
1,924.3136135494003,0.0
2,944.053206595582,0.0
3,928.6536032216164,0.0
4,992.9879565729367,0.0
5,878.8421294910121,0.0
6,213.29219290374124,0.0
7,170.75637458634318,0.25881904510252074
8,224.33624305410677,0.49999999999999994
9,174.69244017114522,0.7071067811865476
10,234.4849687255012,0.8660254037844386
11,302.24288815486517,0.9659258262890683
12,230.3375224392428,1.0
13,193.49096964397773,0.9659258262890683
14,229.32612467304685,0.8660254037844387
15,274.7613178635413,0.7071067811865476
16,305.68155006348366,0.49999999999999994
17,254.44517501186047,0.258819045102521
18,202.72788268936102,1.2246467991473532e-16
19,95.67300314089626,0.0
20,132.26946140728387,0.0
21,138.45699531383596,0.0
22,895.4176229010992,0.0
23,903.3637755300078,0.0
0,927.6364382956878,0.0
1,882.2077264731804,0.0
2,905.561147478125,0.0
3,898.1950843870379,0.0
4,862.964403844354,0.0
5,895.4533324367426,0.0
6,169.25361880411526,0.0
7,168.39677739987815,0.25881904510252074
8,176.27037826325804,0.49999999999999994
9,178.02694162453545,0.7071067811865476
10,232.7081928357068,0.8660254037844386
11,300.9085893588506,0.9659258262890683
12,203.22077483187934,1.0
13,221.16119566120415,0.9659258262890683
14,361.1985449689422,0.8660254037844387
15,208.4803458004308,0.7071067811865476
16,195.84981301160965,0.49999999999999994
17,279.37906980004874,0.258819045102521
18,66.91520584904504,1.2246467991473532e-16
19,140.58904360110245,0.0
20,235.83299700305955,0.0
21,88.20256311386399,0.0
22,820.7214205704515,0.0
23,840.0327519216921,0.0
0,935.9343827338794,0.0
1,944.9910687994325,0.0
2,879.4964481208597,0.0
3,927.3284961600427,0.0
4,955.6102131004795,0.0
5,971.493856577193,0.0
6,165.14658875280608,0.0
7,82.94113129320053,0.25881904510252074
8,142.16484310361253,0.49999999999999994
9,157.92783220258968,0.7071067811865476
10,239.64244813686437,0.8660254037844386
11,242.4856239596512,0.9659258262890683
12,294.7557839172268,1.0
13,300.97713706750324,0.9659258262890683
14,243.13305384300867,0.8660254037844387
15,293.93939504207276,0.7071067811865476
16,264.30645466524356,0.49999999999999994
17,252.58023891450287,0.258819045102521
18,186.26176628439856,1.2246467991473532e-16
19,152.89008192951664,0.0
20,232.31244708391048,0.0
21,92.46355332821764,0.0
22,879.3931640363193,0.0
23,894.939244121842,0.0
0,917.5781076183197,0.0
1,950.7184194841236,0.0
2,899.0240573105538,0.0
3,843.1108140197517,0.0
4,933.7005558582002,0.0
5,930.1983506456786,0.0
6,97.32565362482376,0.0
7,174.84783465316804,0.25881904510252074
8,111.39432677278808,0.49999999999999994
9,148.4139560999175,0.7071067811865476
10,213.887642921488,0.8660254037844386
11,282.37058792967946,0.9659258262890683
12,254.67320696688736,1.0
13,198.5763599697589,0.9659258262890683
14,285.20263851829367,0.8660254037844387
15,192.64776704286342,0.7071067811865476
16,263.20455161883774,0.49999999999999994
17,217.43957322833776,0.258819045102521
18,135.3729166987792,1.2246467991473532e-16
19,170.17082992153536,0.0
20,170.85797596238115,0.0
21,203.4787629422384,0.0
22,896.7098520131419,0.0
23,912.2580345185336,0.0
0,882.490507103827,0.0
1,907.2795953049119,0.0
2,917.5794419203405,0.0
3,896.0676061018249,0.0
4,827.8499806363002,0.0
5,913.2588358532358,0.0
6,189.58245909421828,0.0
7,147.79306094608197,0.25881904510252074
8,123.62451855709944,0.49999999999999994
9,234.0351660201586,0.7071067811865476
10,269.6578204357761,0.8660254037844386
11,240.83675876313163,0.9659258262890683
12,204.5186846741005,1.0
13,217.12740686314618,0.9659258262890683
14,302.1036158714493,0.8660254037844387
15,255.50647763472185,0.7071067811865476
16,227.97651731997175,0.49999999999999994
17,270.38756924898627,0.258819045102521
18,117.42407250214706,1.2246467991473532e-16
19,210.03372121121515,0.0
20,204.11202139586902,0.0
21,131.33703715188892,0.0
22,874.8531901187656,0.0
23,795.2746720523088,0.0
0,840.7367691379453,0.0
1,846.4212090016897,0.0
2,905.4076136394955,0.0
3,886.9506518223457,0.0
4,846.1865805033904,0.0
5,888.7534383014178,0.0
6,195.21348590589395,0.0
7,196.11357399662347,0.25881904510252074
8,99.01318876564476,0.49999999999999994
9,169.86946078064676,0.7071067811865476
10,194.6663689211356,0.8660254037844386
11,286.06914788561096,0.9659258262890683
12,281.3658566541399,1.0
13,214.07891094702165,0.9659258262890683
14,219.358191903984,0.8660254037844387
15,231.5493179800677,0.7071067811865476
16,159.88826421074643,0.49999999999999994
17,263.4387269376231,0.258819045102521
18,139.08621814639477,1.2246467991473532e-16
19,188.80700330271435,0.0
20,106.06363128149789,0.0
21,125.23508207000273,0.0
22,839.7389896784354,0.0
23,859.8283774602298,0.0
0,852.7207201572712,0.0
1,939.8389471538578,0.0
2,872.0695260499443,0.0
3,904.9670273897846,0.0
4,884.7694638455279,0.0
5,849.2213893594875,0.0
6,168.2679830731343,0.0
7,198.9641332745438,0.25881904510252074
8,126.68962429826591,0.49999999999999994
9,207.36451162925516,0.7071067811865476
10,216.01116314089217,0.8660254037844386
11,230.68064295708638,0.9659258262890683
12,271.2273249204019,1.0
13,223.4625537112205,0.9659258262890683
14,251.50299437343463,0.8660254037844387
15,237.4123668484763,0.7071067811865476
16,255.17472026815275,0.49999999999999994
17,154.7704357790601,0.258819045102521
18,76.81272739167669,1.2246467991473532e-16
19,174.63868024187352,0.0
20,191.48725622596203,0.0
21,113.58053185873915,0.0
22,890.2388659131547,0.0
23,911.7887701160921,0.0
0,927.7287040663482,0.0
1,818.8929091331661,0.0
2,864.5583901208649,0.0
3,886.696824806005,0.0
4,928.125607889442,0.0
5,999.9372193488598,0.0
6,165.87977092761128,0.0
7,118.72090151584045,0.25881904510252074
8,191.09072308805193,0.49999999999999994
9,227.8398315816284,0.7071067811865476
10,254.32056483918004,0.8660254037844386
11,213.73405819382828,0.9659258262890683
12,288.3197576592008,1.0
13,276.5418247399374,0.9659258262890683
14,208.95676623217503,0.8660254037844387
15,265.25702470137367,0.7071067811865476
16,289.8906227063549,0.49999999999999994
17,297.27560170235574,0.258819045102521
18,147.34204098762177,1.2246467991473532e-16
19,135.67682215282724,0.0
20,199.0909528832505,0.0
21,101.5935798807646,0.0
22,917.5431716368403,0.0
23,845.1989349054228,0.0
0,942.615050890384,0.0
1,889.6781793755536,0.0
2,950.7433294258988,0.0
3,919.6565102542211,0.0
4,851.0711907975228,0.0
5,956.9851092830897,0.0
6,237.04981065710916,0.0
7,210.29145970396863,0.25881904510252074
8,144.5364853985512,0.49999999999999994
9,162.75944182570365,0.7071067811865476
10,255.81708869623037,0.8660254037844386
11,221.85158402674267,0.9659258262890683
12,317.6938628985282,1.0
13,255.77305886904148,0.9659258262890683
14,141.8660781157057,0.8660254037844387
15,263.5742325102488,0.7071067811865476
16,236.07370412730748,0.49999999999999994
17,247.00293775526208,0.258819045102521
18,135.255225368572,1.2246467991473532e-16
19,182.28185666426748,0.0
20,194.78751114213526,0.0
21,161.32212649034614,0.0
22,886.4275525144736,0.0
23,898.3465118076332,0.0
0,900.7839846631051,0.0
1,867.9027984054065,0.0
2,923.1571459428494,0.0
3,918.4016929544186,0.0
4,961.617649591067,0.0
5,950.213991211539,0.0
6,147.5730032963948,0.0
7,207.8119349803586,0.25881904510252074
8,136.96186467622113,0.49999999999999994
9,202.837284037634,0.7071067811865476
10,229.33543204959568,0.8660254037844386
11,209.0698710649766,0.9659258262890683
12,261.2018137078962,1.0
13,143.01731487383438,0.9659258262890683
14,179.96097702379086,0.8660254037844387
15,242.90032464902868,0.7071067811865476
16,253.2976706653937,0.49999999999999994
17,235.22724919367244,0.258819045102521
18,86.82254805129605,1.2246467991473532e-16
19,117.28432631445978,0.0
20,165.64837308949575,0.0
21,173.2712708251345,0.0
22,899.3510752961623,0.0
23,946.2733512414795,0.0
0,915.8958809383694,0.0
1,870.1017738416715,0.0
2,888.7799178635353,0.0
3,843.8853537116859,0.0
4,895.6744403843434,0.0
5,944.4840247688535,0.0
6,202.41160338843872,0.0
7,231.08037303676488,0.25881904510252074
8,162.88459024804027,0.49999999999999994
9,228.84399178057032,0.7071067811865476
10,242.26783094208122,0.8660254037844386
11,308.86340330279575,0.9659258262890683
12,249.12573010231506,1.0
13,278.28925495217106,0.9659258262890683
14,309.0044945723942,0.8660254037844387
15,242.26289485675179,0.7071067811865476
16,258.73555950176694,0.49999999999999994
17,301.5545370082521,0.258819045102521
18,144.67987344279746,1.2246467991473532e-16
19,97.16430869975355,0.0
20,235.7202821833964,0.0
21,131.20942142651452,0.0
22,906.3502420375017,0.0
23,946.2402667780451,0.0
0,875.660243850752,0.0
1,859.6852834711148,0.0
2,910.1494918709933,0.0
3,828.2769440835044,0.0
4,888.4837569252832,0.0
5,909.8015465726162,0.0
6,164.20192412699345,0.0
7,113.26196227257012,0.25881904510252074
8,238.7671182481605,0.49999999999999994
9,179.141526157967,0.7071067811865476
10,307.24608471046963,0.8660254037844386
11,239.5985499927822,0.9659258262890683
12,214.79952073236944,1.0
13,260.7672368102064,0.9659258262890683
14,241.36851494687122,0.8660254037844387
15,202.88954168034567,0.7071067811865476
16,308.79137035149984,0.49999999999999994
17,225.10919108424017,0.258819045102521
18,76.38934460817725,1.2246467991473532e-16
19,203.1266421582933,0.0
20,129.82807936749506,0.0
21,125.68704429537503,0.0
22,829.384496518801,0.0
23,969.6376594638796,0.0
0,848.4207765116125,0.0
1,902.337979228226,0.0
2,936.5048129016176,0.0
3,916.8686773201239,0.0
4,897.6138275203124,0.0
5,831.9333656685034,0.0
6,142.61100656930864,0.0
7,182.51201352170088,0.25881904510252074
8,143.51303720052016,0.49999999999999994
9,183.13437839995072,0.7071067811865476
10,277.26973635260566,0.8660254037844386
11,288.50011543200407,0.9659258262890683
12,200.95282568749266,1.0
13,337.8658421991582,0.9659258262890683
14,280.69917378216525,0.8660254037844387
15,249.93143385323745,0.7071067811865476
16,293.58146332306563,0.49999999999999994
17,344.61631087999893,0.258819045102521
18,92.45119595772522,1.2246467991473532e-16
19,140.98949430034585,0.0
20,54.862733605066865,0.0
21,157.706061305921,0.0
22,914.6157696770056,0.0
23,898.4335153822897,0.0
0,873.8186571600676,0.0
1,818.019419352467,0.0
2,914.9413473364707,0.0
3,958.217379356613,0.0
4,876.3592617706627,0.0
5,917.6023971609258,0.0
6,112.27422746319797,0.0
7,193.28852254770055,0.25881904510252074
8,159.26470809021373,0.49999999999999994
9,144.50328197588343,0.7071067811865476
10,219.58545435135477,0.8660254037844386
11,234.2555367186796,0.9659258262890683
12,265.2973326277014,1.0
13,197.5134719521793,0.9659258262890683
14,234.1153867372859,0.8660254037844387
15,248.3411288800341,0.7071067811865476
16,206.03843101872565,0.49999999999999994
17,321.8666080670007,0.258819045102521
18,115.86018079754633,1.2246467991473532e-16
19,123.22252345466038,0.0
20,110.86768200710009,0.0
21,221.9392034855247,0.0
22,922.1162091439793,0.0
23,862.5363197502543,0.0
0,944.2492623543988,0.0
1,908.0279477715551,0.0
2,910.2901368444601,0.0
3,886.2209116499018,0.0
4,870.0233605217211,0.0
5,913.5106439621841,0.0
6,153.19651080017638,0.0
7,247.6702251830042,0.25881904510252074
8,124.22835579027583,0.49999999999999994
9,236.4462709141978,0.7071067811865476
10,245.54724604808797,0.8660254037844386
11,261.96342936084426,0.9659258262890683
12,283.3263106651774,1.0
13,224.79002819982256,0.9659258262890683
14,284.56993538794546,0.8660254037844387
15,141.6982457847529,0.7071067811865476
16,221.20041867112243,0.49999999999999994
17,213.03748770635738,0.258819045102521
18,99.85975950512953,1.2246467991473532e-16
19,141.40180647684195,0.0
20,165.4299987272678,0.0
21,178.10639993997222,0.0
22,909.6350702880163,0.0
23,873.3722614042581,0.0
0,914.7606575130067,0.0
1,904.9714277940341,0.0
2,937.4422467174406,0.0
3,931.0774681172607,0.0
4,901.2190565568252,0.0
5,864.1098797535498,0.0
6,148.88199376671676,0.0
7,153.00842561447865,0.25881904510252074
8,162.38934664334977,0.49999999999999994
9,185.72201710359013,0.7071067811865476
10,278.60697560512233,0.8660254037844386
11,247.9552522793849,0.9659258262890683
12,250.6449915160189,1.0
13,255.73225220000015,0.9659258262890683
14,229.36378747470638,0.8660254037844387
15,212.98430969428176,0.7071067811865476
16,179.7824841075716,0.49999999999999994
17,222.1940256769251,0.258819045102521
18,168.9258181307115,1.2246467991473532e-16
19,121.8835424784173,0.0
20,140.48771850296242,0.0
21,168.65725149649268,0.0
22,920.8275798569067,0.0
23,856.8186859133584,0.0
0,939.8823742581457,0.0
1,945.0940035742194,0.0
2,854.8060057112576,0.0
3,867.0465252143538,0.0
4,947.6436273258477,0.0
5,894.125859149788,0.0
6,86.20888210192597,0.0
7,119.01273981069255,0.25881904510252074
8,165.02521499310075,0.49999999999999994
9,128.47829398861592,0.7071067811865476
10,233.46304917454233,0.8660254037844386
11,251.29584854734316,0.9659258262890683
12,308.49018416138915,1.0
13,238.38184335088843,0.9659258262890683
14,292.90167198291033,0.8660254037844387
15,307.15040648147084,0.7071067811865476
16,307.37238677408305,0.49999999999999994
17,261.39018373542274,0.258819045102521
18,71.46843408644104,1.2246467991473532e-16
19,168.43299461615462,0.0
20,191.93599551254164,0.0
21,146.7573157825833,0.0
22,969.78335480301,0.0
23,934.3933424586983,0.0
0,922.7309350861113,0.0
1,943.4552284482335,0.0
2,913.3347940504351,0.0
3,800.2875800241859,0.0
4,880.0344419411854,0.0
5,947.8867210899141,0.0
6,142.69634639606815,0.0
7,166.06109979052243,0.25881904510252074
8,133.20654744387716,0.49999999999999994
9,246.35690380807074,0.7071067811865476
10,317.2596982967206,0.8660254037844386
11,214.64524419437083,0.9659258262890683
12,255.89192001556336,1.0
13,222.7802380894381,0.9659258262890683
14,274.59778556125514,0.8660254037844387
15,270.38732308969315,0.7071067811865476
16,282.4682228645306,0.49999999999999994
17,263.2767379083155,0.258819045102521
18,267.41624825553873,1.2246467991473532e-16
19,108.88304939957044,0.0
20,81.57586582253943,0.0
21,134.27639197194154,0.0
22,837.2804693775893,0.0
23,840.3015091997603,0.0
0,859.9474138320813,0.0
1,863.1124437827349,0.0
2,861.8152759219976,0.0
3,920.7287580178165,0.0
4,879.7524375565865,0.0
5,892.8194170051008,0.0
6,210.7693109800374,0.0
7,144.34709900874296,0.25881904510252074
8,164.41816405181112,0.49999999999999994
9,189.6303994437166,0.7071067811865476
10,172.33728797519115,0.8660254037844386
11,154.6037796419767,0.9659258262890683
12,263.8446931519089,1.0
13,269.68057122267595,0.9659258262890683
14,332.56880539409644,0.8660254037844387
15,256.3237950346724,0.7071067811865476
16,282.7895886903238,0.49999999999999994
17,242.18109425656104,0.258819045102521
18,161.88908886340346,1.2246467991473532e-16
19,216.69027366998137,0.0
20,65.04028727497457,0.0
21,166.5446503028672,0.0
22,985.4234692030947,0.0
23,911.2813687683737,0.0
0,966.0229185293139,0.0
1,874.8315140188223,0.0
2,898.7181002334514,0.0
3,901.3409880955435,0.0
4,811.2963568256491,0.0
5,853.272886885992,0.0
6,131.12499682464056,0.0
7,207.8826431213011,0.25881904510252074
8,209.8861242273622,0.49999999999999994
9,187.96145770826132,0.7071067811865476
10,282.96411587422824,0.8660254037844386
11,243.43402349112904,0.9659258262890683
12,298.0772667815817,1.0
13,250.35153770528288,0.9659258262890683
14,252.31456189707026,0.8660254037844387
15,239.37629466950355,0.7071067811865476
16,277.3780191054571,0.49999999999999994
17,233.15204733548347,0.258819045102521
18,189.05725508792273,1.2246467991473532e-16
19,104.71403437135973,0.0
20,106.04334981087224,0.0
21,177.49707020506017,0.0
22,896.4582314166795,0.0
23,881.8443433538748,0.0
0,935.6023092990184,0.0
1,875.7095434365566,0.0
2,891.9919498279852,0.0
3,955.9691180028464,0.0
4,961.5656938324261,0.0
5,962.8959284108131,0.0
6,163.71496892264355,0.0
7,224.2281161993788,0.25881904510252074
8,137.04188688925288,0.49999999999999994
9,138.72388501111755,0.7071067811865476
10,155.98176589502555,0.8660254037844386
11,316.9147280759412,0.9659258262890683
12,215.44080603695687,1.0
13,244.9386968101176,0.9659258262890683
14,213.58702632286864,0.8660254037844387
15,277.8066099332056,0.7071067811865476
16,234.9746535713064,0.49999999999999994
17,197.80732438268203,0.258819045102521
18,167.66650256744242,1.2246467991473532e-16
19,92.65079900759086,0.0
20,116.50377098738035,0.0
21,65.72443541495676,0.0
22,843.0416755120957,0.0
23,907.1411667888191,0.0
0,821.4185584758831,0.0
1,840.7541710151314,0.0
2,899.9052433546876,0.0
3,878.2557241562779,0.0
4,979.6814654383724,0.0
5,973.355861840975,0.0
6,140.28310148995385,0.0
7,197.28550473613927,0.25881904510252074
8,204.97130227517806,0.49999999999999994
9,151.10084567902388,0.7071067811865476
10,190.17833854007185,0.8660254037844386
11,249.5080620276777,0.9659258262890683
12,243.08617300743558,1.0
13,232.56942012117523,0.9659258262890683
14,267.6926747265794,0.8660254037844387
15,219.97081571977606,0.7071067811865476
16,203.9200980968343,0.49999999999999994
17,254.36331881399326,0.258819045102521
18,165.43880370275502,1.2246467991473532e-16
19,102.93420224399787,0.0
20,187.12362443964324,0.0
21,79.18075448895688,0.0
22,876.8754616513743,0.0
23,889.6796585520956,0.0
0,874.5510514939228,0.0
1,877.3975810579523,0.0
2,974.8429792923246,0.0
3,865.964636438444,0.0
4,997.6488688988766,0.0
5,917.485071189242,0.0
6,178.68220549247968,0.0
7,194.04961413550663,0.25881904510252074
8,276.1971099700781,0.49999999999999994
9,135.2562798427421,0.7071067811865476
10,205.18328324254443,0.8660254037844386
11,219.80535213712315,0.9659258262890683
12,251.28572587858244,1.0
13,180.96915500749708,0.9659258262890683
14,250.89356957274433,0.8660254037844387
15,317.7418853365469,0.7071067811865476
16,256.0562956249911,0.49999999999999994
17,238.2925816409889,0.258819045102521
18,125.2735820526549,1.2246467991473532e-16
19,185.94046818206257,0.0
20,116.9666890704781,0.0
21,223.85583682396992,0.0
22,977.3343899085743,0.0
23,910.2700319464715,0.0
0,899.5393964769341,0.0
1,941.2263923296624,0.0
2,943.791940089093,0.0
3,867.7603307576234,0.0
4,878.9377946745319,0.0
5,847.1061026126682,0.0
6,191.36259753336228,0.0
7,201.66511533827563,0.25881904510252074
8,121.00297448554909,0.49999999999999994
9,156.79204380735365,0.7071067811865476
10,196.10984329674602,0.8660254037844386
11,214.0480075902465,0.9659258262890683
12,272.04068240905195,1.0
13,220.6607173328688,0.9659258262890683
14,237.96696175870807,0.8660254037844387
15,184.90753088210738,0.7071067811865476
16,257.47960838898655,0.49999999999999994
17,248.22906720621404,0.258819045102521
18,120.84162999867351,1.2246467991473532e-16
19,142.43942809270104,0.0
20,157.2117952201378,0.0
21,117.40527404362624,0.0
22,840.9494982399289,0.0
23,972.2229773074725,0.0
0,874.669091811589,0.0
1,896.1295958725244,0.0
2,940.4335894008126,0.0
3,1041.1622075028195,0.0
4,850.2205420044454,0.0
5,917.9930885490604,0.0
6,146.69790858823575,0.0
7,153.44838781693156,0.25881904510252074
8,146.1915191597284,0.49999999999999994
9,129.97380128797658,0.7071067811865476
10,248.34834552861355,0.8660254037844386
11,191.01989251807058,0.9659258262890683
12,287.8723026604748,1.0
13,252.20011744133498,0.9659258262890683
14,266.89739891605757,0.8660254037844387
15,231.35245552215108,0.7071067811865476
16,235.31184263153006,0.49999999999999994
17,261.5025562066931,0.258819045102521
18,103.43797470376698,1.2246467991473532e-16
19,135.68038262346656,0.0
20,115.61545944486184,0.0
21,114.37724757635942,0.0
22,815.6064703749744,0.0
23,953.5730635792,0.0
0,872.5384498738492,0.0
1,946.535042206542,0.0
2,942.7516928557717,0.0
3,848.5600117393402,0.0
4,856.4635505730862,0.0
5,1002.4201183742274,0.0
6,245.03703767708572,0.0
7,173.73925946687584,0.25881904510252074
8,185.29492425669397,0.49999999999999994
9,149.76614388211246,0.7071067811865476
10,267.2941085680136,0.8660254037844386
11,221.31272397110115,0.9659258262890683
12,168.7058494280646,1.0
13,197.13776853955795,0.9659258262890683
14,250.8437099140235,0.8660254037844387
15,204.75731057989648,0.7071067811865476
16,247.3089014034586,0.49999999999999994
17,207.0135584226855,0.258819045102521
18,118.70584309992026,1.2246467991473532e-16
19,184.12661225652766,0.0
20,159.89922190560418,0.0
21,149.6134231474661,0.0
22,935.158558922826,0.0
23,919.2243437338939,0.0
0,957.8625316500547,0.0
1,881.6056295073944,0.0
2,882.8146008588997,0.0
3,847.9556293443462,0.0
4,882.8407713051032,0.0
5,938.5907957720979,0.0
6,226.99949489048535,0.0
7,213.4122067234667,0.25881904510252074
8,103.23232533802255,0.49999999999999994
9,218.32580850642938,0.7071067811865476
10,176.45925506911718,0.8660254037844386
11,285.9246929648939,0.9659258262890683
12,235.2886189371578,1.0
13,278.1013325573542,0.9659258262890683
14,196.70206608421736,0.8660254037844387
15,296.8467053082459,0.7071067811865476
16,191.40101015580444,0.49999999999999994
17,223.2618035658729,0.258819045102521
18,110.0762148892386,1.2246467991473532e-16
19,79.82860588710004,0.0
20,153.78110270353872,0.0
21,222.24356471347846,0.0
22,1006.6762088928003,0.0
23,903.8862314834499,0.0
0,944.6672510027009,0.0
1,909.2837855171415,0.0
2,919.9553277907285,0.0
3,886.3140539549105,0.0
4,907.8030770169041,0.0
5,921.4991481842571,0.0
6,151.86161084494674,0.0
7,171.90022800428048,0.25881904510252074
8,172.66279524010048,0.49999999999999994
9,208.056132693221,0.7071067811865476
10,207.35871313489278,0.8660254037844386
11,247.93831165569395,0.9659258262890683
12,326.4802187621079,1.0
13,296.5624061034375,0.9659258262890683
14,303.9671619555482,0.8660254037844387
15,250.97727360712136,0.7071067811865476
16,262.83990254744094,0.49999999999999994
17,290.08944666811703,0.258819045102521
18,212.41022118123723,1.2246467991473532e-16
19,71.93588348468454,0.0
20,97.38234771800617,0.0
21,202.37776405610592,0.0
22,888.9244257692478,0.0
23,873.1311684296769,0.0
0,849.8335605201759,0.0
1,877.7993319382356,0.0
2,843.905228663047,0.0
3,983.6437709092991,0.0
4,899.102557920777,0.0
5,897.6819783294912,0.0
6,198.52306700671326,0.0
7,213.4938067706628,0.25881904510252074
8,212.83552626218557,0.49999999999999994
9,217.94487775630287,0.7071067811865476
10,224.76617796836575,0.8660254037844386
11,238.08532780172555,0.9659258262890683
12,280.761266217691,1.0
13,228.9044375344152,0.9659258262890683
14,249.795734718911,0.8660254037844387
15,265.95055057699255,0.7071067811865476
16,281.40740329241504,0.49999999999999994
17,178.89276150519197,0.258819045102521
18,178.58982599555782,1.2246467991473532e-16
19,140.651037685931,0.0
20,178.29830843457523,0.0
21,181.07726769419315,0.0
22,964.3166024447663,0.0
23,954.1381459048481,0.0
0,953.8628665044118,0.0
1,957.7468127666496,0.0
2,911.6551593926379,0.0
3,901.2874034814736,0.0
4,934.9126833271334,0.0
5,929.2832380573209,0.0
6,162.6373505304696,0.0
7,191.19293635233072,0.25881904510252074
8,173.59614132861623,0.49999999999999994
9,140.84268366159776,0.7071067811865476
10,301.618429655054,0.8660254037844386
11,252.20796970120358,0.9659258262890683
12,331.94833030795405,1.0
13,184.9803091920067,0.9659258262890683
14,227.72884908626534,0.8660254037844387
15,251.30555346763487,0.7071067811865476
16,295.49524390515654,0.49999999999999994
17,265.9787749040874,0.258819045102521
18,162.41891016723005,1.2246467991473532e-16
19,104.90944829783412,0.0
20,103.72234411082115,0.0
21,162.9001864115962,0.0
22,845.4357602472656,0.0
23,878.7248899884269,0.0
0,920.0366931634343,0.0
1,860.707029108929,0.0
2,964.2142384944723,0.0
3,948.9574537695156,0.0
4,837.143200066468,0.0
5,862.7051502727205,0.0
6,83.568910220202,0.0
7,143.69634549807466,0.25881904510252074
8,205.65553906289597,0.49999999999999994
9,158.44420230900573,0.7071067811865476
10,268.4318897446387,0.8660254037844386
11,189.10662726873022,0.9659258262890683
12,281.9190101832762,1.0
13,227.79563088286602,0.9659258262890683
14,250.4867872913162,0.8660254037844387
15,246.28501994427788,0.7071067811865476
16,199.13805916430863,0.49999999999999994
17,203.8766267304087,0.258819045102521
18,188.71177876013704,1.2246467991473532e-16
19,165.95968630006783,0.0
20,192.00196166213706,0.0
21,162.98632942010073,0.0
22,905.7196253923687,0.0
23,830.9595752533294,0.0
0,889.1853321295532,0.0
1,898.9046271838503,0.0
2,978.1242879309029,0.0
3,927.478265283947,0.0
4,961.4424472683811,0.0
5,923.9015082357892,0.0
6,146.54787092202082,0.0
7,179.68496864599405,0.25881904510252074
8,184.44894585056932,0.49999999999999994
9,137.43377720917272,0.7071067811865476
10,234.62450493628316,0.8660254037844386
11,241.76932025291313,0.9659258262890683
12,314.2247933026047,1.0
13,166.77037898436086,0.9659258262890683
14,298.23273682864175,0.8660254037844387
15,212.5281906016247,0.7071067811865476
16,195.11683250921544,0.49999999999999994
17,297.19768520153855,0.258819045102521
18,179.27592276937526,1.2246467991473532e-16
19,200.1807480952476,0.0
20,182.02807790182305,0.0
21,232.39380006949608,0.0
22,922.3489534777794,0.0
23,893.7409049550737,0.0
0,913.7170550928537,0.0
1,949.7387651338386,0.0
2,868.8249869895953,0.0
3,873.9244566987447,0.0
4,887.6415994160837,0.0
5,815.8166880493867,0.0
6,180.52313633670187,0.0
7,99.55485184195895,0.25881904510252074
8,177.12237251730477,0.49999999999999994
9,209.61159024540999,0.7071067811865476
10,230.9249415742466,0.8660254037844386
11,317.08463480747486,0.9659258262890683
12,191.5799640232605,1.0
13,297.6504272652733,0.9659258262890683
14,277.0054822562768,0.8660254037844387
15,181.35867006757243,0.7071067811865476
16,358.4317719616213,0.49999999999999994
17,247.45018857984135,0.258819045102521
18,114.90063911377473,1.2246467991473532e-16
19,93.71651220863933,0.0
20,141.19927889361304,0.0
21,144.90372510440162,0.0
22,904.1058211415866,0.0
23,888.0881537510415,0.0
0,925.3290124046038,0.0
1,884.4948066934702,0.0
2,822.6014353103811,0.0
3,894.0255401740144,0.0
4,805.3008938650689,0.0
5,914.1508252356556,0.0
6,135.8279907886946,0.0
7,181.534414196632,0.25881904510252074
8,227.56299926098416,0.49999999999999994
9,137.05005218928,0.7071067811865476
10,292.45025034048473,0.8660254037844386
11,232.66441733255388,0.9659258262890683
12,320.1277920826234,1.0
13,235.39389547207148,0.9659258262890683
14,216.38028057973236,0.8660254037844387
15,277.48953801581155,0.7071067811865476
16,232.56841081505456,0.49999999999999994
17,216.34201943483967,0.258819045102521
18,130.88640597184835,1.2246467991473532e-16
19,148.21573871267995,0.0
20,203.68720524979415,0.0
21,72.63649018161692,0.0
22,900.9232263580168,0.0
23,924.9961437861617,0.0
0,907.7379429996719,0.0
1,952.3946067773413,0.0
2,897.0261868096591,0.0
3,892.6179423125621,0.0
4,923.6931818805338,0.0
5,903.972552598054,0.0
6,159.38365046878116,0.0
7,195.6457615834552,0.25881904510252074
8,148.8988682713342,0.49999999999999994
9,150.5529139192269,0.7071067811865476
10,228.88023912937547,0.8660254037844386
11,304.1227664066563,0.9659258262890683
12,121.15934576057145,1.0
13,265.8239533905177,0.9659258262890683
14,251.37087256800888,0.8660254037844387
15,182.76518163047518,0.7071067811865476
16,262.3890711654401,0.49999999999999994
17,269.0300796732613,0.258819045102521
18,173.585569254296,1.2246467991473532e-16
19,50.0,0.0
20,204.65557647417754,0.0
21,120.49053181260636,0.0
22,927.462709870127,0.0
23,929.6429512272914,0.0
0,864.9321165752283,0.0
1,926.418398094062,0.0
2,884.5802703635056,0.0
3,817.1449128264737,0.0
4,946.7096770211111,0.0
5,868.9982014793504,0.0
6,140.82026149047783,0.0
7,158.8773652785311,0.25881904510252074
8,185.88946901309552,0.49999999999999994
9,172.7091835671159,0.7071067811865476
10,271.9226769882868,0.8660254037844386
11,196.42042533885365,0.9659258262890683
12,220.30454518277062,1.0
13,245.36011710713865,0.9659258262890683
14,325.91549170634823,0.8660254037844387
15,245.44749846344968,0.7071067811865476
16,293.4088905464653,0.49999999999999994
17,251.5422067513727,0.258819045102521
18,130.65365450249726,1.2246467991473532e-16
19,140.13102303542237,0.0
20,143.26321151884474,0.0
21,174.14582955842954,0.0
22,954.9844507030622,0.0
23,914.3872339074528,0.0
0,947.4831071496702,0.0
1,861.4084104948125,0.0
2,883.4147796474388,0.0
3,871.0278986316933,0.0
4,912.5777836349941,0.0
5,885.6416645928234,0.0
6,204.19091748136782,0.0
7,137.75993153470233,0.25881904510252074
8,176.72123893285126,0.49999999999999994
9,202.47431644049024,0.7071067811865476
10,167.3878889983756,0.8660254037844386
11,334.86525229320813,0.9659258262890683
12,238.67392460480497,1.0
13,168.99840345295308,0.9659258262890683
14,256.32375594307143,0.8660254037844387
15,251.33773871892603,0.7071067811865476
16,246.7242248171003,0.49999999999999994
17,289.6476445170666,0.258819045102521
18,179.89779885708225,1.2246467991473532e-16
19,161.91504764095382,0.0
20,168.0062253578659,0.0
21,145.82566202247654,0.0
22,971.019633969602,0.0
23,840.8321592656894,0.0
0,905.5860669686359,0.0
1,902.6009852475512,0.0
2,932.5312162425837,0.0
3,866.245844903004,0.0
4,830.2530959041386,0.0
5,906.2729206439277,0.0
6,186.24921968874418,0.0
7,234.58397637790597,0.25881904510252074
8,124.18551814699654,0.49999999999999994
9,221.1877506686688,0.7071067811865476
10,344.69657456108484,0.8660254037844386
11,234.88940449910092,0.9659258262890683
12,198.36231122027104,1.0
13,233.72102534506516,0.9659258262890683
14,250.56019869485522,0.8660254037844387
15,272.5515150002766,0.7071067811865476
16,226.3442108064781,0.49999999999999994
17,312.2079413658937,0.258819045102521
18,105.41870739967753,1.2246467991473532e-16
19,80.431793913088,0.0
20,194.26841697149268,0.0
21,59.01515875175201,0.0
22,891.8348092450914,0.0
23,1024.7072451683218,0.0
0,899.5182578816027,0.0
1,855.1692939721501,0.0
2,897.7041014485283,0.0
3,897.9679684552186,0.0
4,906.4259976141246,0.0
5,926.4905192863848,0.0
6,133.43555326529042,0.0
7,242.50192220947173,0.25881904510252074
8,184.80457137490473,0.49999999999999994
9,204.07176185607216,0.7071067811865476
10,224.8740240097743,0.8660254037844386
11,301.4552854798213,0.9659258262890683
12,239.7179036474774,1.0
13,261.1021005397413,0.9659258262890683
14,212.67575691251562,0.8660254037844387
15,210.12273494391494,0.7071067811865476
16,277.52821225811533,0.49999999999999994
17,232.25572679170455,0.258819045102521
18,115.84707649982491,1.2246467991473532e-16
19,124.27266631891878,0.0
20,177.95812286869685,0.0
21,124.83848555185557,0.0
22,895.2938027359135,0.0
23,900.6011100114839,0.0
0,823.306044559588,0.0
1,841.1549437850592,0.0
2,913.4511155699025,0.0
3,870.5188255538922,0.0
4,942.2689964512167,0.0
5,938.6722841700217,0.0
6,203.76674665421749,0.0
7,247.7908714925039,0.25881904510252074
8,171.67642689027267,0.49999999999999994
9,200.95527703615357,0.7071067811865476
10,226.62396093615877,0.8660254037844386
11,348.09479651474896,0.9659258262890683
12,329.34534609744077,1.0
13,250.47521738071168,0.9659258262890683
14,265.4634491962077,0.8660254037844387
15,304.3719039745922,0.7071067811865476
16,244.11441980743572,0.49999999999999994
17,223.73503716801181,0.258819045102521
18,184.95959004027532,1.2246467991473532e-16
19,153.1375698433468,0.0
20,157.31977798581042,0.0
21,116.62914627728138,0.0
22,831.2931140654641,0.0
23,909.4456963951641,0.0
0,936.198481659768,0.0
1,890.9677300369583,0.0
2,957.4571807823547,0.0
3,871.8433469833782,0.0
4,857.8118218013632,0.0
5,897.3107877121547,0.0
6,171.69629698594838,0.0
7,205.79874925340891,0.25881904510252074
8,144.0014870374406,0.49999999999999994
9,229.7237694725959,0.7071067811865476
10,328.6766785003301,0.8660254037844386
11,248.4342389212663,0.9659258262890683
12,299.98841680737274,1.0
13,207.7401171749896,0.9659258262890683
14,293.00886164727666,0.8660254037844387
15,291.89105634237853,0.7071067811865476
16,284.53749120759517,0.49999999999999994
17,249.37747644518825,0.258819045102521
18,50.0,1.2246467991473532e-16
19,124.33091425391483,0.0
20,124.96335929261592,0.0
21,110.8698024775809,0.0
22,904.8897201818827,0.0
23,883.2414621791506,0.0
0,867.0155196093991,0.0
1,857.6479940700872,0.0
2,871.3794805805909,0.0
3,944.8599684739971,0.0
4,873.5589978149002,0.0
5,879.4024517426691,0.0
6,156.73209539907015,0.0
7,188.55974055237678,0.25881904510252074
8,193.2499795411413,0.49999999999999994
9,53.21373843027352,0.7071067811865476
10,290.8654085531043,0.8660254037844386
11,307.45472136975013,0.9659258262890683
12,207.99253850553322,1.0
13,211.10807021060663,0.9659258262890683
14,231.98986448886913,0.8660254037844387
15,219.7598392217358,0.7071067811865476
16,258.9570749578643,0.49999999999999994
17,172.13898854564542,0.258819045102521
18,105.28289567853041,1.2246467991473532e-16
19,211.5678880069963,0.0
20,112.87120130607929,0.0
21,199.737131124117,0.0
22,914.2135278236054,0.0
23,827.6292914164696,0.0
0,925.4131678086483,0.0
1,895.2933079122859,0.0
2,881.7813177500104,0.0
3,909.7982837268802,0.0
4,918.9853394226717,0.0
5,928.3036728789848,0.0
6,222.13011390192008,0.0
7,191.32543651113426,0.25881904510252074
8,119.97463644854552,0.49999999999999994
9,156.05418169395236,0.7071067811865476
10,367.72193341074484,0.8660254037844386
11,278.9796424152691,0.9659258262890683
12,344.7714920324599,1.0
13,305.8173632879674,0.9659258262890683
14,259.67208286222996,0.8660254037844387
15,262.0562827912447,0.7071067811865476
16,248.53679840492617,0.49999999999999994
17,180.48781536614,0.258819045102521
18,150.72189009872898,1.2246467991473532e-16
19,198.42698210168788,0.0
20,126.01440020715185,0.0
21,166.4781199624724,0.0
22,934.0636418357279,0.0
23,863.612782427501,0.0
0,881.9478854262534,0.0
1,859.2835403809137,0.0
2,867.1133757324237,0.0
3,848.4957886538775,0.0
4,863.9820615448789,0.0
5,956.7782272319135,0.0
6,138.3809188363883,0.0
7,180.0583687624276,0.25881904510252074
8,154.88524985316178,0.49999999999999994
9,222.15463748147755,0.7071067811865476
10,302.44649186414466,0.8660254037844386
11,284.5627992855579,0.9659258262890683
12,262.2453821241102,1.0
13,240.75761852636407,0.9659258262890683
14,202.32501183235001,0.8660254037844387
15,327.74115524488786,0.7071067811865476
16,219.61307928989785,0.49999999999999994
17,276.54585388131363,0.258819045102521
18,192.3826229049359,1.2246467991473532e-16
19,127.78878012378682,0.0
20,191.52050109263848,0.0
21,180.56852813355422,0.0
22,969.1185534152706,0.0
23,881.2261413429316,0.0
0,848.5654393088114,0.0
1,879.7804097822195,0.0
2,908.3541417013732,0.0
3,902.3285090834023,0.0
4,884.262484149018,0.0
5,823.6321016409103,0.0
6,193.81931984516427,0.0
7,253.893779163288,0.25881904510252074
8,193.57004952492014,0.49999999999999994
9,199.36542076214056,0.7071067811865476
10,272.89781224620407,0.8660254037844386
11,265.881866795296,0.9659258262890683
12,287.2666386747238,1.0
13,265.81494724742663,0.9659258262890683
14,237.49291321386897,0.8660254037844387
15,218.16044359964985,0.7071067811865476
16,240.04105378877298,0.49999999999999994
17,262.5651798580266,0.258819045102521
18,137.35668155508105,1.2246467991473532e-16
19,162.5735473252572,0.0
20,167.5660053480167,0.0
21,183.32717725080727,0.0
22,951.3117987535592,0.0
23,903.1202967391544,0.0
0,847.6889373940936,0.0
1,886.1958361272324,0.0
2,901.7625026962639,0.0
3,826.5692497529164,0.0
4,955.5465808040993,0.0
5,905.6951165004186,0.0
6,190.2541133832114,0.0
7,229.62105850105064,0.25881904510252074
8,149.79428679430612,0.49999999999999994
9,197.9616772353612,0.7071067811865476
10,245.60543507592257,0.8660254037844386
11,242.63652531936322,0.9659258262890683
12,219.11230448782482,1.0
13,316.6241285474611,0.9659258262890683
14,234.97999839697715,0.8660254037844387
15,277.9785698758281,0.7071067811865476
16,174.99970450112255,0.49999999999999994
17,297.1995411875915,0.258819045102521
18,192.08844623828236,1.2246467991473532e-16
19,153.8973644118921,0.0
20,140.922301354483,0.0
21,166.00000022454265,0.0
22,991.5516264352116,0.0
23,829.4705320438607,0.0
0,931.2810955029651,0.0
1,863.5353079138439,0.0
2,899.2032641480107,0.0
3,890.0847952368534,0.0
4,882.8672696880898,0.0
5,899.5813948378908,0.0
6,129.6331541888884,0.0
7,216.1672174451187,0.25881904510252074
8,103.23425955205599,0.49999999999999994
9,196.5905805131337,0.7071067811865476
10,236.93856589861716,0.8660254037844386
11,203.16300424770185,0.9659258262890683
12,258.09533482394784,1.0
13,187.7219565317409,0.9659258262890683
14,251.5885528687854,0.8660254037844387
15,193.0849236875378,0.7071067811865476
16,268.45088337271324,0.49999999999999994
17,213.02570665478498,0.258819045102521
18,131.96023931882763,1.2246467991473532e-16
19,161.7579755177265,0.0
20,119.09831552631056,0.0
21,147.6814400132679,0.0
22,839.4467799502058,0.0
23,925.2350241438462,0.0
0,970.5965522220308,0.0
1,1011.6883547163984,0.0
2,903.6467258666576,0.0
3,931.5281656318874,0.0
4,828.7749730837004,0.0
5,960.1093730522235,0.0
6,206.04914018896426,0.0
7,155.64266220195069,0.25881904510252074
8,224.48723201156037,0.49999999999999994
9,164.82095693418634,0.7071067811865476
10,231.67899267941775,0.8660254037844386
11,269.01339701709963,0.9659258262890683
12,207.46582000678725,1.0
13,290.8649905759979,0.9659258262890683
14,207.76040752292627,0.8660254037844387
15,207.99780840707257,0.7071067811865476
16,213.6124084636666,0.49999999999999994
17,280.3800015006449,0.258819045102521
18,125.32898553921169,1.2246467991473532e-16
19,96.08016862531325,0.0
20,125.77280000256808,0.0
21,148.71830517278053,0.0
22,852.7611006534246,0.0
23,853.9327556386263,0.0
0,984.4518533639833,0.0
1,865.5773838474445,0.0
2,887.0783052490797,0.0
3,885.3105199680285,0.0
4,883.1457276891823,0.0
5,924.853869598764,0.0
6,212.92571801888198,0.0
7,162.76182273873633,0.25881904510252074
8,125.54086853630605,0.49999999999999994
9,225.97760911395613,0.7071067811865476
10,246.1863563521327,0.8660254037844386
11,319.21287259428675,0.9659258262890683
12,160.17656409739348,1.0
13,257.8161288513328,0.9659258262890683
14,326.74425335504833,0.8660254037844387
15,235.86943458247367,0.7071067811865476
16,240.98026306661455,0.49999999999999994
17,261.82046766361356,0.258819045102521
18,127.64816724460171,1.2246467991473532e-16
19,137.5171227178907,0.0
20,136.48739623234388,0.0
21,124.90317062294507,0.0
22,949.1542620080223,0.0
23,918.4431212918574,0.0
0,910.025129284132,0.0
1,932.3428402756047,0.0
2,889.4257666718613,0.0
3,869.0318472658839,0.0
4,875.8950278154177,0.0
5,900.0713216441843,0.0
6,132.6315316650839,0.0
7,154.98955933653298,0.25881904510252074
8,154.35533432514262,0.49999999999999994
9,259.98224919316056,0.7071067811865476
10,139.04740240264334,0.8660254037844386
11,242.81521114377466,0.9659258262890683
12,319.0277517125908,1.0
13,254.87377856529815,0.9659258262890683
14,280.1366989368437,0.8660254037844387
15,253.99305260399072,0.7071067811865476
16,223.30666475134078,0.49999999999999994
17,160.3233626196435,0.258819045102521
18,158.21822748145212,1.2246467991473532e-16
19,118.97573581590436,0.0
20,117.98658375338785,0.0
21,130.04050976083553,0.0
22,969.7944562649398,0.0
23,996.1935016901589,0.0
0,908.688317501136,0.0
1,881.4093110435309,0.0
2,852.9109433019515,0.0
3,918.7416064618428,0.0
4,971.3162240026057,0.0
5,890.1063845189938,0.0
6,79.84015836987103,0.0
7,201.80198687262094,0.25881904510252074
8,214.41598845800198,0.49999999999999994
9,111.5661743845661,0.7071067811865476
10,257.0593673465181,0.8660254037844386
11,268.04904064544394,0.9659258262890683
12,247.07570791964247,1.0
13,218.36916323658585,0.9659258262890683
14,290.63748894254223,0.8660254037844387
15,233.8648101612527,0.7071067811865476
16,190.5925534920027,0.49999999999999994
17,168.02102057321275,0.258819045102521
18,200.4339807999724,1.2246467991473532e-16
19,174.66655905884474,0.0
20,153.51894188516675,0.0
21,132.38901452596787,0.0
22,878.8400634318749,0.0
23,856.9705340623356,0.0
0,882.7417742176046,0.0
1,815.196511395193,0.0
2,870.5574538612594,0.0
3,887.5624993459562,0.0
4,924.3952018876167,0.0
5,898.4029414650654,0.0
6,206.79692455502237,0.0
7,228.96540420453718,0.25881904510252074
8,217.32680375296405,0.49999999999999994
9,193.82039389514227,0.7071067811865476
10,250.47450716723137,0.8660254037844386
11,210.76847966345764,0.9659258262890683
12,279.59776205517267,1.0
13,317.1898952888612,0.9659258262890683
14,263.68424158601675,0.8660254037844387
15,326.69036593704493,0.7071067811865476
16,188.97713167755666,0.49999999999999994
17,203.83346460881836,0.258819045102521
18,184.2080603099305,1.2246467991473532e-16
19,160.57160840613005,0.0
20,202.5512870628723,0.0
21,149.38113437093043,0.0
22,865.2809830988667,0.0
23,891.4562703117983,0.0
0,838.6926411630507,0.0
1,854.8563730761186,0.0
2,938.8977599167204,0.0
3,934.9114965787844,0.0
4,914.5201713922431,0.0
5,831.1568991615812,0.0
6,160.66385697948445,0.0
7,126.00000445359797,0.25881904510252074
8,222.06133015151062,0.49999999999999994
9,151.65111465749595,0.7071067811865476
10,206.570091568738,0.8660254037844386
11,251.19184660485698,0.9659258262890683
12,224.39382172661553,1.0
13,309.34975640814827,0.9659258262890683
14,220.60756409863237,0.8660254037844387
15,194.03086963101475,0.7071067811865476
16,163.88345936969938,0.49999999999999994
17,248.7685399034634,0.258819045102521
18,127.52279544568295,1.2246467991473532e-16
19,92.84381573953092,0.0
20,197.5690584502314,0.0
21,176.68980589716966,0.0
22,898.8712848425108,0.0
23,954.5730497668346,0.0
0,926.5014413359445,0.0
1,867.0857639392627,0.0
2,858.4311934403694,0.0
3,932.7192617781544,0.0
4,915.8546782586941,0.0
5,906.7899107188265,0.0
6,141.1400878852437,0.0
7,199.31790268023016,0.25881904510252074
8,144.78004467464203,0.49999999999999994
9,170.92053381625288,0.7071067811865476
10,307.8777658554792,0.8660254037844386
11,223.56663056759416,0.9659258262890683
12,187.08042971708556,1.0
13,207.8981123251956,0.9659258262890683
14,289.7719530675049,0.8660254037844387
15,260.18924549520835,0.7071067811865476
16,244.84490485244984,0.49999999999999994
17,229.63624778753723,0.258819045102521
18,169.4143963021276,1.2246467991473532e-16
19,116.03580596039106,0.0
20,162.22662274570385,0.0
21,120.74981724748173,0.0
22,864.0936245889978,0.0
23,874.5005026069996,0.0
0,884.9837021406415,0.0
1,898.0468065626519,0.0
2,909.4182318044445,0.0
3,752.4653883428623,0.0
4,867.6939776901294,0.0
5,884.3372009057584,0.0
6,235.20248154433318,0.0
7,131.7998956647147,0.25881904510252074
8,181.5118647239965,0.49999999999999994
9,234.8012123894335,0.7071067811865476
10,197.4812588021091,0.8660254037844386
11,265.7590090345761,0.9659258262890683
12,217.90912664261919,1.0
13,229.81465030843063,0.9659258262890683
14,217.8755666418674,0.8660254037844387
15,220.72570766336457,0.7071067811865476
16,358.87648591625975,0.49999999999999994
17,283.7782348828666,0.258819045102521
18,194.06951447144837,1.2246467991473532e-16
19,169.67973947345985,0.0
20,85.74972846392168,0.0
21,165.79831881293228,0.0
22,942.9171845802939,0.0
23,865.8640210384356,0.0
0,938.6130666864451,0.0
1,928.1734483941632,0.0
2,974.0816017925468,0.0
3,883.2886794994553,0.0
4,856.0955607089709,0.0
5,885.5348756250982,0.0
6,232.42283972654494,0.0
7,101.86376476632148,0.25881904510252074
8,92.26497138275872,0.49999999999999994
9,178.57581115726452,0.7071067811865476
10,232.29642828903377,0.8660254037844386
11,250.30911572702738,0.9659258262890683
12,287.8124708494346,1.0
13,227.8972261552459,0.9659258262890683
14,175.0797667627752,0.8660254037844387
15,331.77926228799777,0.7071067811865476
16,210.11086850244897,0.49999999999999994
17,207.63851511951611,0.258819045102521
18,194.14880054890386,1.2246467991473532e-16
19,134.6204351583393,0.0
20,147.46440591860758,0.0
21,169.31160496241273,0.0
22,943.3433241243998,0.0
23,886.6615722727291,0.0
0,960.798080236572,0.0
1,814.5680060506078,0.0
2,930.391489478123,0.0
3,866.4188976792937,0.0
4,954.8908526643197,0.0
5,905.6817791532218,0.0
6,148.08378671962393,0.0
7,201.5136437208653,0.25881904510252074
8,210.72753388829005,0.49999999999999994
9,200.67576491434554,0.7071067811865476
10,208.81215041467757,0.8660254037844386
11,230.6393150551166,0.9659258262890683
12,249.8370865151426,1.0
13,248.34961389399757,0.9659258262890683
14,279.98981901753393,0.8660254037844387
15,169.40395069973567,0.7071067811865476
16,263.37308218214014,0.49999999999999994
17,238.40074582253442,0.258819045102521
18,116.45997534464192,1.2246467991473532e-16
19,120.30052888921603,0.0
20,141.41849341928145,0.0
21,50.0,0.0
22,871.948417168338,0.0
23,864.9674070141483,0.0
0,921.311328372905,0.0
1,867.7789326995792,0.0
2,891.3954479931804,0.0
3,961.6910651064521,0.0
4,939.774060792617,0.0
5,936.0908559977381,0.0
6,155.00510278356592,0.0
7,196.7212911715861,0.25881904510252074
8,165.64408798185625,0.49999999999999994
9,167.1562715729225,0.7071067811865476
10,266.387413749862,0.8660254037844386
11,226.12025646316272,0.9659258262890683
12,309.72012417772817,1.0
13,243.59479441608252,0.9659258262890683
14,274.7344226503866,0.8660254037844387
15,308.2240191702919,0.7071067811865476
16,291.266150983007,0.49999999999999994
17,193.643235892379,0.258819045102521
18,167.79583580039537,1.2246467991473532e-16
19,184.02877577842588,0.0
20,185.67452088642995,0.0
21,105.46820663541476,0.0
22,873.7185905193071,0.0
23,939.7823294296649,0.0
0,869.5295851726942,0.0
1,888.0121577334274,0.0
2,963.0350323800787,0.0
3,898.0880299846084,0.0
4,870.9290344866463,0.0
5,864.8953057254838,0.0
6,188.3087731834075,0.0
7,121.67407966091164,0.25881904510252074
8,165.10656144414327,0.49999999999999994
9,188.32922139960087,0.7071067811865476
10,301.9659928219067,0.8660254037844386
11,276.7019232147998,0.9659258262890683
12,221.43739528071285,1.0
13,297.1367727025488,0.9659258262890683
14,238.01939849810088,0.8660254037844387
15,200.57187911802365,0.7071067811865476
16,243.1183456293811,0.49999999999999994
17,307.5267680458281,0.258819045102521
18,156.609602002597,1.2246467991473532e-16
19,150.50087457319145,0.0
20,215.48846578811413,0.0
21,92.74580611782292,0.0
22,848.5760354378891,0.0
23,835.3661411613267,0.0
0,914.9059274592022,0.0
1,906.6597250846049,0.0
2,961.709454691191,0.0
3,909.7390030854708,0.0
4,883.8337136208279,0.0
5,900.0717949151243,0.0
6,179.70829673843832,0.0
7,108.12954906687332,0.25881904510252074
8,283.4132657733957,0.49999999999999994
9,195.79484072407647,0.7071067811865476
10,258.40033232090354,0.8660254037844386
11,274.6065593711432,0.9659258262890683
12,278.3764392234642,1.0
13,244.37786057990274,0.9659258262890683
14,224.75035455037198,0.8660254037844387
15,273.97802745286816,0.7071067811865476
16,265.4284336212581,0.49999999999999994
17,217.60439603642368,0.258819045102521
18,206.76142445469054,1.2246467991473532e-16
19,161.73408145291933,0.0
20,179.19277449070523,0.0
21,205.67683550719676,0.0
22,900.8755528465933,0.0
23,912.6780802793646,0.0
0,932.4010895402447,0.0
1,871.0055566479979,0.0
2,902.16206651384,0.0
3,905.021943466046,0.0
4,861.7576579326642,0.0
5,992.7054715469551,0.0
6,118.7082622603039,0.0
7,123.07584385251369,0.25881904510252074
8,227.56906302814315,0.49999999999999994
9,203.53065003186168,0.7071067811865476
10,208.96140730076888,0.8660254037844386
11,274.29156060406774,0.9659258262890683
12,308.7140177998924,1.0
13,248.78947769612057,0.9659258262890683
14,353.9529160029833,0.8660254037844387
15,181.0375275652786,0.7071067811865476
16,277.7529381543641,0.49999999999999994
17,296.66113344884013,0.258819045102521
18,185.65375606420986,1.2246467991473532e-16
19,141.82577093417407,0.0
20,138.38234071955404,0.0
21,167.76580684349028,0.0
22,932.6301794660828,0.0
23,924.0989374512945,0.0
0,941.6023156317356,0.0
1,859.2452017173306,0.0
2,890.8891608350547,0.0
3,862.3993627150498,0.0
4,884.5554889565543,0.0
5,940.6088356725722,0.0
6,179.31935682900917,0.0
7,279.2743665259908,0.25881904510252074
8,182.73625468758868,0.49999999999999994
9,177.38767522318946,0.7071067811865476
10,254.24731677760866,0.8660254037844386
11,224.48765228560256,0.9659258262890683
12,247.68653550489626,1.0
13,295.11152108446583,0.9659258262890683
14,254.5588267251109,0.8660254037844387
15,218.26161080466113,0.7071067811865476
16,212.99661518085458,0.49999999999999994
17,231.99192433336626,0.258819045102521
18,152.9545373764352,1.2246467991473532e-16
19,197.74346141905048,0.0
20,96.38045434534253,0.0
21,137.20694888444976,0.0
22,905.7724007774032,0.0
23,826.6517692948227,0.0
0,866.6560686813438,0.0
1,872.8044584105526,0.0
2,868.1611850459801,0.0
3,907.6755818008659,0.0
4,893.5776156199281,0.0
5,877.7885558959586,0.0
6,192.11850506210538,0.0
7,243.92298870585,0.25881904510252074
8,240.5702606696701,0.49999999999999994
9,98.08912911750654,0.7071067811865476
10,273.08288735340557,0.8660254037844386
11,242.87906839744647,0.9659258262890683
12,256.20621371461425,1.0
13,234.06867865829807,0.9659258262890683
14,254.7035451954881,0.8660254037844387
15,256.05629584288073,0.7071067811865476
16,226.84192970604306,0.49999999999999994
17,214.14529808699277,0.258819045102521
18,132.05217269522063,1.2246467991473532e-16
19,159.3703705782706,0.0
20,173.95985366737057,0.0
21,184.13395909360588,0.0
22,880.2323990773235,0.0
23,911.3537826921095,0.0
0,938.500103678132,0.0
1,946.6237958057651,0.0
2,897.6466858347391,0.0
3,891.1627310024155,0.0
4,907.6449693534557,0.0
5,854.0117010841037,0.0
6,167.25561955857967,0.0
7,204.7834559389252,0.25881904510252074
8,200.67788517774804,0.49999999999999994
9,164.18929582544445,0.7071067811865476
10,258.70872804348664,0.8660254037844386
11,217.0139863883725,0.9659258262890683
12,278.139685929001,1.0
13,246.88714255454107,0.9659258262890683
14,238.96194193215447,0.8660254037844387
15,235.53104655626453,0.7071067811865476
16,247.48424532400568,0.49999999999999994
17,232.08489420272167,0.258819045102521
18,176.32572144010254,1.2246467991473532e-16
19,134.18865807935276,0.0
20,213.71856384109526,0.0
21,208.60842013925523,0.0
22,864.3382604058198,0.0
23,902.7881707771712,0.0
0,873.9737351465521,0.0
1,886.9340974724555,0.0
2,980.0970987057918,0.0
3,887.6971433153681,0.0
4,914.4090414830971,0.0
5,921.6528517603311,0.0
6,134.9748251006704,0.0
7,140.7961810236318,0.25881904510252074
8,126.75910514367524,0.49999999999999994
9,139.56117064408892,0.7071067811865476
10,135.99879562731272,0.8660254037844386
11,271.7832960317451,0.9659258262890683
12,332.1677536502428,1.0
13,255.91282956146108,0.9659258262890683
14,193.3492456263757,0.8660254037844387
15,224.28894468400208,0.7071067811865476
16,231.6449261990001,0.49999999999999994
17,209.29660891146497,0.258819045102521
18,184.40730553580627,1.2246467991473532e-16
19,182.41040177501336,0.0
20,103.78192824729362,0.0
21,179.0032417779003,0.0
22,961.0725065430906,0.0
23,976.1023282091824,0.0
0,1014.6084809234385,0.0
1,863.9202940222721,0.0
2,1012.9688170558081,0.0
3,885.8317444596485,0.0
4,876.3013817847794,0.0
5,913.0828949951139,0.0
6,151.7175466362795,0.0
7,190.96176562586103,0.25881904510252074
8,122.19691249050794,0.49999999999999994
9,165.44989591746264,0.7071067811865476
10,301.4232893744672,0.8660254037844386
11,247.71754834275376,0.9659258262890683
12,255.66383146959532,1.0
13,269.01034418869244,0.9659258262890683
14,296.82646517270643,0.8660254037844387
15,183.7910115124227,0.7071067811865476
16,273.3809620734974,0.49999999999999994
17,239.27443443032948,0.258819045102521
18,156.66551581247353,1.2246467991473532e-16
19,192.39800679049506,0.0
20,102.23253394352624,0.0
21,109.49422234227642,0.0
22,822.5828016114477,0.0
23,878.033642329449,0.0
0,953.2172937751527,0.0
1,895.1765124610612,0.0
2,846.3950041738086,0.0
3,880.5728502169982,0.0
4,840.4855318603751,0.0
5,854.9925559307535,0.0
6,190.55275641054854,0.0
7,128.04506694775884,0.25881904510252074
8,219.5053722081321,0.49999999999999994
9,172.15518836678655,0.7071067811865476
10,253.42378815778102,0.8660254037844386
11,238.86508129568423,0.9659258262890683
12,280.9139135417489,1.0
13,281.3263955110804,0.9659258262890683
14,263.40217407648686,0.8660254037844387
15,272.59156423630594,0.7071067811865476
16,241.51641320318296,0.49999999999999994
17,271.68812027636193,0.258819045102521
18,136.48488898104773,1.2246467991473532e-16
19,150.08926488649607,0.0
20,139.0142500253481,0.0
21,131.71125842723217,0.0
22,872.4355280911284,0.0
23,918.7076041543554,0.0
0,952.4242365125385,0.0
1,946.8440788667824,0.0
2,849.7373865621826,0.0
3,951.5681220562749,0.0
4,887.2736599352828,0.0
5,924.0293206058236,0.0
6,138.75138671811158,0.0
7,180.6791965549602,0.25881904510252074
8,187.54892731587628,0.49999999999999994
9,115.61580832321388,0.7071067811865476
10,274.33068665376754,0.8660254037844386
11,303.8374003135326,0.9659258262890683
12,243.01408217273487,1.0
13,304.40672523312054,0.9659258262890683
14,242.4122602619037,0.8660254037844387
15,283.98338124186466,0.7071067811865476
16,161.25720136195602,0.49999999999999994
17,346.7511111725386,0.258819045102521
18,209.81832980971828,1.2246467991473532e-16
19,138.61497982985284,0.0
20,71.11643893424728,0.0
21,161.52113473221956,0.0
22,842.2429781170497,0.0
23,917.7941415022996,0.0
0,916.4626287665712,0.0
1,862.343873239919,0.0
2,944.8386809445751,0.0
3,932.222988112247,0.0
4,939.0329334915425,0.0
5,900.3543081467558,0.0
6,118.37903732345174,0.0
7,214.1148908884455,0.25881904510252074
8,164.18514403456834,0.49999999999999994
9,119.40879427229324,0.7071067811865476
10,304.08157463897305,0.8660254037844386
11,333.9763008201004,0.9659258262890683
12,248.35007484083187,1.0
13,336.3648461841317,0.9659258262890683
14,253.652589144454,0.8660254037844387
15,234.78176383334596,0.7071067811865476
16,224.7816618325809,0.49999999999999994
17,315.48329631970967,0.258819045102521
18,118.79424474448913,1.2246467991473532e-16
19,179.41077239899948,0.0
20,127.63344659763166,0.0
21,131.58772949702546,0.0
22,941.2099877587826,0.0
23,884.7985261484258,0.0
0,883.8081848231883,0.0
1,945.3121878869923,0.0
2,963.895891728865,0.0
3,925.7875921313694,0.0
4,873.809208975042,0.0
5,879.5756600280968,0.0
6,178.1966105496015,0.0
7,187.8372024770263,0.25881904510252074
8,135.48536359440914,0.49999999999999994
9,203.92151758319454,0.7071067811865476
10,253.42053318558396,0.8660254037844386
11,181.37166725447483,0.9659258262890683
12,212.8429407015708,1.0
13,229.83485305393344,0.9659258262890683
14,247.0856924463578,0.8660254037844387
15,325.57115182015986,0.7071067811865476
16,259.52685224558513,0.49999999999999994
17,216.36912440405501,0.258819045102521
18,158.82523217228652,1.2246467991473532e-16
19,135.91649010184477,0.0
20,162.99032958134168,0.0
21,173.2227074814246,0.0
22,948.3692258889575,0.0
23,899.028540173199,0.0
0,965.5584211039933,0.0
1,936.3209065014477,0.0
2,871.7024182075124,0.0
3,988.3942266299385,0.0
4,913.0797805308039,0.0
5,866.5950198411106,0.0
6,241.11652204921688,0.0
7,258.1111034079378,0.25881904510252074
8,173.67898945121757,0.49999999999999994
9,154.85398958497615,0.7071067811865476
10,243.10500170185352,0.8660254037844386
11,278.589269100708,0.9659258262890683
12,301.1142662012206,1.0
13,272.81949323454296,0.9659258262890683
14,254.0689283388708,0.8660254037844387
15,309.9204708121771,0.7071067811865476
16,237.4865410779391,0.49999999999999994
17,291.2367735346763,0.258819045102521
18,138.47748806594885,1.2246467991473532e-16
19,167.24091832043572,0.0
20,145.45749740838195,0.0
21,147.76591269388757,0.0
22,884.9045393015116,0.0
23,953.7941612472277,0.0
0,870.6829584756586,0.0
1,870.3907098980517,0.0
2,984.8397426338043,0.0
3,939.1139025861733,0.0
4,804.5954520522786,0.0
5,877.3896504315838,0.0
6,102.52042649751783,0.0
7,136.9723722633898,0.25881904510252074
8,50.0,0.49999999999999994
9,169.5204168922423,0.7071067811865476
10,204.32232723354753,0.8660254037844386
11,252.39621027185754,0.9659258262890683
12,184.995149644699,1.0
13,253.3164741268816,0.9659258262890683
14,233.4033488751869,0.8660254037844387
15,310.07811860754384,0.7071067811865476
16,306.454274469825,0.49999999999999994
17,281.41382412041133,0.258819045102521
18,136.93544877355149,1.2246467991473532e-16
19,229.41521581041172,0.0
20,87.87858888640717,0.0
21,93.8576548174535,0.0
22,896.6486760044374,0.0
23,990.1615243568448,0.0
0,891.9064437251965,0.0
1,892.6701902716287,0.0
2,842.3235857555276,0.0
3,937.8371834108151,0.0
4,938.1270501731742,0.0
5,931.5630080559964,0.0
6,149.8311730861055,0.0
7,146.73172926507976,0.25881904510252074
8,123.27510998380119,0.49999999999999994
9,178.35490007043734,0.7071067811865476
10,206.78370682885992,0.8660254037844386
11,202.90333979002844,0.9659258262890683
12,233.05237132357297,1.0
13,230.43375299263136,0.9659258262890683
14,228.4808588471218,0.8660254037844387
15,268.65778387361047,0.7071067811865476
16,253.16191208601117,0.49999999999999994
17,238.47375877955528,0.258819045102521
18,157.3205171324593,1.2246467991473532e-16
19,110.33891835581471,0.0
20,154.21114495638713,0.0
21,156.02409971378535,0.0
22,839.8781256257008,0.0
23,939.8277501748145,0.0
0,864.7426517909201,0.0
1,903.6123919682574,0.0
2,946.5764696214108,0.0
3,937.0270703085548,0.0
4,901.3733355427535,0.0
5,885.5000398847172,0.0
6,212.9004763430227,0.0
7,201.9877991123448,0.25881904510252074
8,150.2653991982348,0.49999999999999994
9,143.2042541199324,0.7071067811865476
10,167.10579273216007,0.8660254037844386
11,256.1612736673435,0.9659258262890683
12,246.69209019926404,1.0
13,295.44765498570166,0.9659258262890683
14,264.3622037392147,0.8660254037844387
15,303.3691677669076,0.7071067811865476
16,222.10543088335316,0.49999999999999994
17,295.52601323870476,0.258819045102521
18,128.8433448358138,1.2246467991473532e-16
19,181.10384247169088,0.0
20,91.64966429877225,0.0
21,159.40541197464754,0.0
22,820.6124823421636,0.0
23,889.3145005623298,0.0
0,917.6141597551166,0.0
1,879.1612579507562,0.0
2,857.9824948497613,0.0
3,933.8447387718373,0.0
4,895.861488406123,0.0
5,880.4171741187731,0.0
6,176.67583684617105,0.0
7,280.46676567782356,0.25881904510252074
8,221.14011399126176,0.49999999999999994
9,221.5029467275136,0.7071067811865476
10,267.42185275969456,0.8660254037844386
11,256.65941090308587,0.9659258262890683
12,154.15670846678336,1.0
13,222.84078614147472,0.9659258262890683
14,230.77702347190103,0.8660254037844387
15,175.00431743809867,0.7071067811865476
16,203.70336839138264,0.49999999999999994
17,170.76654116309464,0.258819045102521
18,148.4670465721051,1.2246467991473532e-16
19,182.75063883395265,0.0
20,194.27098074497314,0.0
21,166.59137848316965,0.0
22,861.4641463520572,0.0
23,822.7173936592017,0.0
0,829.7252520239399,0.0
1,849.24069690982,0.0
2,864.445612078573,0.0
3,893.6100600803366,0.0
4,859.4334312749213,0.0
5,913.5590357467305,0.0
6,165.7090598880211,0.0
7,175.421828469641,0.25881904510252074
8,220.6100221068482,0.49999999999999994
9,127.7907306319852,0.7071067811865476
10,266.74818313169476,0.8660254037844386
11,249.44107086095707,0.9659258262890683
12,236.6605487612122,1.0
13,285.4102528346384,0.9659258262890683
14,285.16056618228026,0.8660254037844387
15,212.14036816046288,0.7071067811865476
16,242.71357664568305,0.49999999999999994
17,261.2484673033626,0.258819045102521
18,139.07973007909663,1.2246467991473532e-16
19,173.40085329151194,0.0
20,161.24768071641103,0.0
21,223.30244961424052,0.0
22,838.7888345628085,0.0
23,895.102560410104,0.0
0,863.6598995395124,0.0
1,924.1642982175617,0.0
2,835.3131243981782,0.0
3,913.8525084089955,0.0
4,874.7980627460663,0.0
5,870.6335253551595,0.0
6,117.14007185837251,0.0
7,156.39696215195977,0.25881904510252074
8,218.38002121163703,0.49999999999999994
9,173.9924526588208,0.7071067811865476
10,275.10721671497896,0.8660254037844386
11,316.585672878651,0.9659258262890683
12,260.55022339290304,1.0
13,227.64801711750638,0.9659258262890683
14,268.6900886073116,0.8660254037844387
15,228.2281541474283,0.7071067811865476
16,229.82309266811322,0.49999999999999994
17,189.2042880152406,0.258819045102521
18,187.0502996433757,1.2246467991473532e-16
19,134.55989697402242,0.0
20,157.28392983263447,0.0
21,108.56152285573442,0.0
22,917.4379051886189,0.0
23,869.5223504745967,0.0
0,894.3316511319271,0.0
1,935.1130412495651,0.0
2,931.6303724893012,0.0
3,899.1187970993224,0.0
4,829.2747586917312,0.0
5,1019.7124228024256,0.0
6,244.83435881092544,0.0
7,203.90699299553194,0.25881904510252074
8,144.87184873636116,0.49999999999999994
9,170.4563135319214,0.7071067811865476
10,228.26318280893932,0.8660254037844386
11,300.5542375638555,0.9659258262890683
12,260.5001156340734,1.0
13,218.6334456656067,0.9659258262890683
14,231.16979603500872,0.8660254037844387
15,294.8475257027962,0.7071067811865476
16,314.0039138728191,0.49999999999999994
17,311.13326253944985,0.258819045102521
18,180.2812826021591,1.2246467991473532e-16
19,139.89500524789452,0.0
20,50.0,0.0
21,161.88640095232887,0.0
22,899.926849646236,0.0
23,905.5992838528541,0.0
0,902.1558938813282,0.0
1,846.9495135220337,0.0
2,922.2963422740474,0.0
3,925.288652561274,0.0
4,927.2935512823864,0.0
5,937.8630801429355,0.0
6,199.16206579686494,0.0
7,158.59882353844358,0.25881904510252074
8,172.1665260833564,0.49999999999999994
9,178.64499469013506,0.7071067811865476
10,254.30797796426475,0.8660254037844386
11,289.9287062388692,0.9659258262890683
12,275.7467501208996,1.0
13,333.0937375827981,0.9659258262890683
14,338.2587591953869,0.8660254037844387
15,253.185983304557,0.7071067811865476
16,96.53377806162521,0.49999999999999994
17,299.47329864509067,0.258819045102521
18,128.3849464405178,1.2246467991473532e-16
19,117.94064312675972,0.0
20,134.06218900042532,0.0
21,132.13427812741574,0.0
22,924.4907924042157,0.0
23,837.6225688349509,0.0
0,856.891170168336,0.0
1,913.7263421678966,0.0
2,924.9177612165323,0.0
3,925.6616657974405,0.0
4,868.518548842668,0.0
5,860.8693740293504,0.0
6,154.73460664848324,0.0
7,184.594910091389,0.25881904510252074
8,234.41909477090198,0.49999999999999994
9,93.10251256916999,0.7071067811865476
10,241.17084972166535,0.8660254037844386
11,196.69286235899185,0.9659258262890683
12,183.91029290586042,1.0
13,288.6782658137927,0.9659258262890683
14,271.78498297997356,0.8660254037844387
15,267.9773406378905,0.7071067811865476
16,286.8410335892397,0.49999999999999994
17,230.81124412935455,0.258819045102521
18,132.69449934665886,1.2246467991473532e-16
19,237.42922466890298,0.0
20,140.13715782961702,0.0
21,179.40528452216364,0.0
22,900.2552616385326,0.0
23,826.0696587968635,0.0
0,818.2148398479493,0.0
1,876.8406312024038,0.0
2,942.2440500667996,0.0
3,931.5316662654401,0.0
4,936.5630865689614,0.0
5,860.5181528425474,0.0
6,239.63489960489255,0.0
7,136.40426799254462,0.25881904510252074
8,183.51297594679875,0.49999999999999994
9,174.58590840369052,0.7071067811865476
10,243.04504718741654,0.8660254037844386
11,303.5436855318243,0.9659258262890683
12,221.7955791933616,1.0
13,196.01578977152286,0.9659258262890683
14,250.79981944825678,0.8660254037844387
15,234.00693062853895,0.7071067811865476
16,385.09531676330585,0.49999999999999994
17,277.060299057599,0.258819045102521
18,133.62637699125503,1.2246467991473532e-16
19,107.75553723251653,0.0
20,74.7884635772486,0.0
21,108.99123657050268,0.0
22,904.5976708703653,0.0
23,957.0931460637908,0.0
0,944.8675656955168,0.0
1,909.1637932658551,0.0
2,887.0732933719006,0.0
3,910.7524942564862,0.0
4,879.254480100617,0.0
5,968.734559830555,0.0
6,167.4323927489968,0.0
7,171.54648567013092,0.25881904510252074
8,86.36710299917327,0.49999999999999994
9,167.18260613908944,0.7071067811865476
10,283.4593655185976,0.8660254037844386
11,207.2910969184582,0.9659258262890683
12,219.97118662028748,1.0
13,281.7084407093466,0.9659258262890683
14,190.93371105927787,0.8660254037844387
15,292.31204030167675,0.7071067811865476
16,228.71424439307592,0.49999999999999994
17,234.45727118035188,0.258819045102521
18,105.04486379497624,1.2246467991473532e-16
19,165.12185041711533,0.0
20,248.39487940117522,0.0
21,181.2598895784253,0.0
22,865.4285895223786,0.0
23,945.424823419659,0.0
0,887.33281816263,0.0
1,954.9793992571024,0.0
2,932.2670560865745,0.0
3,782.2743373811306,0.0
4,859.8368146817988,0.0
5,937.7754089134156,0.0
6,181.0662908858007,0.0
7,134.04976209168598,0.25881904510252074
8,149.65641938024748,0.49999999999999994
9,98.75053519642478,0.7071067811865476
10,246.46506849894416,0.8660254037844386
11,338.42758904063055,0.9659258262890683
12,282.19733562929304,1.0
13,337.61668004753693,0.9659258262890683
14,285.2958835915992,0.8660254037844387
15,291.0991737341077,0.7071067811865476
16,328.96314750980093,0.49999999999999994
17,265.09053037368903,0.258819045102521
18,142.5109071397248,1.2246467991473532e-16
19,191.3063006648805,0.0
20,208.1536094848754,0.0
21,130.80141429151163,0.0
22,871.1372367063989,0.0
23,905.5542412972352,0.0
0,933.2599546772665,0.0
1,931.9236419464625,0.0
2,843.033295992496,0.0
3,976.4642426825328,0.0
4,874.353402824126,0.0
5,889.3974001244568,0.0
6,138.89382560048722,0.0
7,282.9331534374835,0.25881904510252074
8,184.68282681151868,0.49999999999999994
9,140.96099677273742,0.7071067811865476
10,284.55694199849785,0.8660254037844386
11,280.76543117240135,0.9659258262890683
12,242.49091905680464,1.0
13,283.62426851133534,0.9659258262890683
14,216.98832156676542,0.8660254037844387
15,230.2832690020299,0.7071067811865476
16,169.59133381735748,0.49999999999999994
17,197.0419566312175,0.258819045102521
18,222.30523222682743,1.2246467991473532e-16
19,215.65714510889256,0.0
20,152.6315459459585,0.0
21,216.5172578875935,0.0
22,893.5970205356678,0.0
23,890.2635878972836,0.0
0,902.2604259386222,0.0
1,895.0031361870574,0.0
2,891.3921470575928,0.0
3,945.7359242859822,0.0
4,906.0054261582482,0.0
5,928.4992705773521,0.0
6,216.25522101109323,0.0
7,190.52743182618934,0.25881904510252074
8,136.18914696367045,0.49999999999999994
9,120.88536444143844,0.7071067811865476
10,255.9512253922922,0.8660254037844386
11,243.14974780700263,0.9659258262890683
12,253.49565715680487,1.0
13,249.35783843005655,0.9659258262890683
14,353.3429464066627,0.8660254037844387
15,196.79094977434647,0.7071067811865476
16,170.402149207155,0.49999999999999994
17,263.29507334078437,0.258819045102521
18,134.94309781647218,1.2246467991473532e-16
19,162.64271478919804,0.0
20,173.35532089136004,0.0
21,201.3641878071559,0.0
22,839.7109671846424,0.0
23,877.7312840857135,0.0
0,917.1504503552305,0.0
1,930.8185438274891,0.0
2,987.7379820115355,0.0
3,938.2281588445546,0.0
4,897.7284561645489,0.0
5,864.3825698822935,0.0
6,152.42840589123924,0.0
7,151.29188708171574,0.25881904510252074
8,201.20934514055043,0.49999999999999994
9,185.27989782343323,0.7071067811865476
10,197.05401716631286,0.8660254037844386
11,232.56394123638268,0.9659258262890683
12,285.10190213805686,1.0
13,264.06649419896235,0.9659258262890683
14,272.7457846405108,0.8660254037844387
15,265.31686840229054,0.7071067811865476
16,315.0572293843544,0.49999999999999994
17,259.4417225529748,0.258819045102521
18,134.55908808517208,1.2246467991473532e-16
19,113.36979835465758,0.0
20,159.98437832838846,0.0
21,52.371839408996635,0.0
22,892.6284399266915,0.0
23,891.7664056031463,0.0
0,845.4211658553088,0.0
1,862.8693664537602,0.0
2,932.3863012059296,0.0
3,909.2284699629985,0.0
4,904.0715333482931,0.0
5,912.2539013572809,0.0
6,178.70510351795693,0.0
7,224.7145025143326,0.25881904510252074
8,179.93716726814594,0.49999999999999994
9,116.67147544724997,0.7071067811865476
10,315.2051985949764,0.8660254037844386
11,264.8136106931538,0.9659258262890683
12,226.4298507681973,1.0
13,199.86393126819925,0.9659258262890683
14,265.8365688383218,0.8660254037844387
15,245.31311980102498,0.7071067811865476
16,312.9658714412964,0.49999999999999994
17,236.16370877332687,0.258819045102521
18,116.50476841270132,1.2246467991473532e-16
19,185.83184872943713,0.0
20,187.01127570867325,0.0
21,156.7460547044078,0.0
22,927.0542819069964,0.0
23,898.4925151703105,0.0
0,909.3546040403698,0.0
1,946.5996353025569,0.0
2,925.0127333608601,0.0
3,893.229022466695,0.0
4,954.094501837046,0.0
5,805.4057850883395,0.0
6,257.0829324568774,0.0
7,106.76163620437059,0.25881904510252074
8,149.91628700910815,0.49999999999999994
9,173.36329859219722,0.7071067811865476
10,244.14077317087356,0.8660254037844386
11,290.2564416010622,0.9659258262890683
12,207.68653525559063,1.0
13,260.43067269932254,0.9659258262890683
14,226.87151607120984,0.8660254037844387
15,261.8056391734967,0.7071067811865476
16,247.40910960808495,0.49999999999999994
17,253.7174261073191,0.258819045102521
18,128.00300670142616,1.2246467991473532e-16
19,129.5974419961567,0.0
20,161.49090056109708,0.0
21,187.74862023024178,0.0
22,876.0688266320861,0.0
23,865.2492982170836,0.0
0,924.5384066268734,0.0
1,898.6998442776925,0.0
2,933.2199253594381,0.0
3,863.7681114651541,0.0
4,828.8224429830627,0.0
5,878.6798367269466,0.0
6,144.34589562939937,0.0
7,171.848463996788,0.25881904510252074
8,149.52619142918442,0.49999999999999994
9,204.64067805345798,0.7071067811865476
10,238.47398950309935,0.8660254037844386
11,256.01897995095607,0.9659258262890683
12,256.30538233763775,1.0
13,257.7982036964875,0.9659258262890683
14,249.03483558180108,0.8660254037844387
15,270.42402761641256,0.7071067811865476
16,218.1737946469677,0.49999999999999994
17,305.97671706615535,0.258819045102521
18,140.53850466525859,1.2246467991473532e-16
19,97.53803448405273,0.0
20,157.52293427967092,0.0
21,115.9527807021006,0.0
22,926.613381380355,0.0
23,988.3842230416951,0.0
0,868.537116337686,0.0
1,913.2948933289593,0.0
2,829.7797764518149,0.0
3,918.1562091776539,0.0
4,864.5714480080125,0.0
5,875.0066152626207,0.0
6,130.9485404064069,0.0
7,204.2860490421894,0.25881904510252074
8,215.2921742989305,0.49999999999999994
9,175.93540858634032,0.7071067811865476
10,215.4229317865712,0.8660254037844386
11,313.5809214441545,0.9659258262890683
12,219.98359488981376,1.0
13,163.51870800290243,0.9659258262890683
14,268.3355603982827,0.8660254037844387
15,205.80901305433935,0.7071067811865476
16,289.544351739967,0.49999999999999994
17,234.75449213306325,0.258819045102521
18,174.14852962176784,1.2246467991473532e-16
19,206.06001386208632,0.0
20,101.64564541517112,0.0
21,127.36251476430378,0.0
22,896.9731570937174,0.0
23,961.5020527613738,0.0
0,873.6646912823821,0.0
1,876.2198521620397,0.0
2,919.1256230222324,0.0
3,876.9108509715771,0.0
4,906.1010353159047,0.0
5,837.938503161275,0.0
6,263.5731977022639,0.0
7,121.09163078762387,0.25881904510252074
8,162.12989184039168,0.49999999999999994
9,173.7007585663162,0.7071067811865476
10,326.50752537427184,0.8660254037844386
11,197.00616876269038,0.9659258262890683
12,329.34816541915006,1.0
13,280.2870728440809,0.9659258262890683
14,266.68381297692986,0.8660254037844387
15,210.61465251928178,0.7071067811865476
16,272.84564968152296,0.49999999999999994
17,221.060535103208,0.258819045102521
18,200.66645012793649,1.2246467991473532e-16
19,111.15751883569067,0.0
20,145.47366022175663,0.0
21,127.78907647947314,0.0
22,860.4990815029203,0.0
23,929.6527926763166,0.0
0,921.4183498963854,0.0
1,948.3604079560399,0.0
2,828.8049956716733,0.0
3,942.5668280936418,0.0
4,1000.2179562142758,0.0
5,881.9343564329221,0.0
6,250.8059444843588,0.0
7,164.47354911760692,0.25881904510252074
8,120.10361049754772,0.49999999999999994
9,162.7747023037282,0.7071067811865476
10,291.92815870701105,0.8660254037844386
11,216.47294070673874,0.9659258262890683
12,225.98645363974052,1.0
13,273.74157729172765,0.9659258262890683
14,250.1224046695429,0.8660254037844387
15,273.38491809946964,0.7071067811865476
16,259.5131816303334,0.49999999999999994
17,269.1850127820629,0.258819045102521
18,132.70795256761835,1.2246467991473532e-16
19,159.2692376812157,0.0
20,112.90507977216265,0.0
21,201.53734490013554,0.0
22,874.6290113273075,0.0
23,945.1538995019756,0.0
0,890.6557215606854,0.0
1,908.0799604302929,0.0
2,880.201417964372,0.0
3,859.3601827532789,0.0
4,830.2095844957879,0.0
5,857.7870336563017,0.0
6,162.04364587136314,0.0
7,183.47516715315535,0.25881904510252074
8,215.41517253133054,0.49999999999999994
9,157.16970160812605,0.7071067811865476
10,214.72156942931304,0.8660254037844386
11,192.2914085598915,0.9659258262890683
12,269.20254471616414,1.0
13,305.32778061317373,0.9659258262890683
14,300.65321071825156,0.8660254037844387
15,278.3973099258895,0.7071067811865476
16,275.54173269070395,0.49999999999999994
17,317.9049511883736,0.258819045102521
18,163.28325845667243,1.2246467991473532e-16
19,175.84518704096686,0.0
20,137.16864552592003,0.0
21,95.51826516580971,0.0
22,872.646043980017,0.0
23,899.6336384586137,0.0
0,902.4314149000521,0.0
1,977.0514341942157,0.0
2,903.2510867036427,0.0
3,947.1537377610257,0.0
4,882.5969103369473,0.0
5,887.5329645693906,0.0
6,121.83969451106208,0.0
7,145.30687948493713,0.25881904510252074
8,196.07925565455014,0.49999999999999994
9,175.30240721576533,0.7071067811865476
10,287.71754479588935,0.8660254037844386
11,257.25015793380203,0.9659258262890683
12,235.90185073449032,1.0
13,335.93187455147836,0.9659258262890683
14,246.24385725147812,0.8660254037844387
15,296.52003878821216,0.7071067811865476
16,233.95163173821288,0.49999999999999994
17,278.3839791753427,0.258819045102521
18,187.12062636606748,1.2246467991473532e-16
19,158.33967882302323,0.0
20,55.82068309213591,0.0
21,150.73009843424452,0.0
22,949.218401910399,0.0
23,921.0992333211092,0.0
0,917.8335550091699,0.0
1,831.1097226416992,0.0
2,871.1817971729977,0.0
3,916.4543052460575,0.0
4,916.4153310714756,0.0
5,948.5866712053161,0.0
6,169.20532979415623,0.0
7,191.23296346695258,0.25881904510252074
8,175.65496967725176,0.49999999999999994
9,135.52229053993773,0.7071067811865476
10,159.7683467562101,0.8660254037844386
11,267.2403876852031,0.9659258262890683
12,256.95788833651244,1.0
13,225.27299831599325,0.9659258262890683
14,185.2330777393654,0.8660254037844387
15,275.1895805763495,0.7071067811865476
16,239.3631970321779,0.49999999999999994
17,272.2749888947258,0.258819045102521
18,224.56194121647033,1.2246467991473532e-16
19,64.3427647872118,0.0
20,122.01596765190544,0.0
21,141.62497546752348,0.0
22,958.1930469658661,0.0
23,834.5438792317406,0.0
0,977.4344410272242,0.0
1,905.4342360626516,0.0
2,896.1599735306456,0.0
3,892.0776094712437,0.0
4,882.5494787127989,0.0
5,941.9246703707662,0.0
6,132.25916983670245,0.0
7,188.81656726575414,0.25881904510252074
8,159.63273337172097,0.49999999999999994
9,144.5146620594361,0.7071067811865476
10,353.43900702735584,0.8660254037844386
11,266.7620293901384,0.9659258262890683
12,274.53062178644575,1.0
13,295.5110712267465,0.9659258262890683
14,193.14600218725812,0.8660254037844387
15,320.09167636488127,0.7071067811865476
16,149.64171286019698,0.49999999999999994
17,219.24934359845918,0.258819045102521
18,131.638733072844,1.2246467991473532e-16
19,173.26893459882024,0.0
20,158.74873064565952,0.0
21,143.32741037206426,0.0
22,899.520106214891,0.0
23,860.8790790590973,0.0
0,840.1107042206331,0.0
1,929.0604648934424,0.0
2,927.7482445014474,0.0
3,963.3797750062823,0.0
4,868.3993161273917,0.0
5,927.712608412037,0.0
6,163.65173086541074,0.0
7,222.6189994077393,0.25881904510252074
8,215.87851106712566,0.49999999999999994
9,183.44837596897827,0.7071067811865476
10,236.41879373336053,0.8660254037844386
11,288.43728714433047,0.9659258262890683
12,275.87618093026265,1.0
13,222.6223839165527,0.9659258262890683
14,196.88805306082276,0.8660254037844387
15,238.45868397272815,0.7071067811865476
16,310.6165526139284,0.49999999999999994
17,295.8594863493215,0.258819045102521
18,105.50690121317677,1.2246467991473532e-16
19,103.28970336400316,0.0
20,200.98735398717946,0.0
21,104.57456380968684,0.0
22,920.3718129456803,0.0
23,875.357151386547,0.0
0,964.6817969808673,0.0
1,869.1830080344848,0.0
2,945.7344612082331,0.0
3,907.3943461624145,0.0
4,910.0877941693715,0.0
5,821.187656745944,0.0
6,86.88346587177125,0.0
7,166.17736238930743,0.25881904510252074
8,184.87624253666448,0.49999999999999994
9,129.99208689049107,0.7071067811865476
10,206.45226358094632,0.8660254037844386
11,272.4589051930453,0.9659258262890683
12,272.5141792182852,1.0
13,244.49035758448292,0.9659258262890683
14,281.208068847443,0.8660254037844387
15,203.03190817119415,0.7071067811865476
16,235.76260331652117,0.49999999999999994
17,315.91510423134696,0.258819045102521
18,152.7328851975927,1.2246467991473532e-16
19,155.05250058347997,0.0
20,242.23786343870958,0.0
21,94.02631336604917,0.0
22,931.8572146656844,0.0
23,966.559451192324,0.0
0,887.0056829400581,0.0
1,934.3852314741938,0.0
2,860.7192201115638,0.0
3,872.5307041773059,0.0
4,915.3986566419054,0.0
5,931.9426669244236,0.0
6,219.83746049624983,0.0
7,237.7851434775797,0.25881904510252074
8,172.3021376577927,0.49999999999999994
9,222.74447020690351,0.7071067811865476
10,236.30780626203403,0.8660254037844386
11,286.0836524635307,0.9659258262890683
12,258.29955191408726,1.0
13,267.82711628327695,0.9659258262890683
14,266.9403149608815,0.8660254037844387
15,185.8117996080875,0.7071067811865476
16,205.03512564556905,0.49999999999999994
17,254.1016575927009,0.258819045102521
18,82.50883681435326,1.2246467991473532e-16
19,183.24844412799024,0.0
20,184.86223865152567,0.0
21,163.0868221151116,0.0
22,855.1546394896831,0.0
23,955.2055575547406,0.0
0,981.4884255887343,0.0
1,905.883073097839,0.0
2,920.4214151380495,0.0
3,908.0695461918417,0.0
4,921.214767559952,0.0
5,895.2176497349442,0.0
6,173.61743040624788,0.0
7,211.22870401989462,0.25881904510252074
8,268.82496647585765,0.49999999999999994
9,118.99715062393045,0.7071067811865476
10,245.84750062388133,0.8660254037844386
11,202.78158059071671,0.9659258262890683
12,313.68099594304334,1.0
13,226.49048122720407,0.9659258262890683
14,192.27196824856824,0.8660254037844387
15,275.52747995394293,0.7071067811865476
16,319.77244458972444,0.49999999999999994
17,276.5439147424305,0.258819045102521
18,158.19191509127668,1.2246467991473532e-16
19,166.36563691103976,0.0
20,206.59362651302217,0.0
21,115.032029199434,0.0
22,895.5261158365474,0.0
23,881.8923940596187,0.0
0,853.2853877083315,0.0
1,886.8649896233279,0.0
2,944.308843839298,0.0
3,922.6640859357091,0.0
4,925.7724200043281,0.0
5,905.8590244661327,0.0
6,195.93295130914353,0.0
7,142.97638630607577,0.25881904510252074
8,162.61960456291084,0.49999999999999994
9,182.68016947874708,0.7071067811865476
10,261.1006343552756,0.8660254037844386
11,262.80751419687493,0.9659258262890683
12,244.46658871934488,1.0
13,234.9030639547868,0.9659258262890683
14,376.3108513217719,0.8660254037844387
15,286.271490917296,0.7071067811865476
16,266.5258990381049,0.49999999999999994
17,240.67166007174424,0.258819045102521
18,131.95124692224493,1.2246467991473532e-16
19,144.76797625092178,0.0
20,161.71315374346733,0.0
21,74.78257823747674,0.0
22,837.2244161850126,0.0
23,874.5247044424417,0.0
0,908.2855774711427,0.0
1,890.4290741139259,0.0
2,959.1248490439793,0.0
3,840.7041285201692,0.0
4,869.9461812158652,0.0
5,960.803669639644,0.0
6,180.2447729870059,0.0
7,210.39370331204634,0.25881904510252074
8,257.0498777307785,0.49999999999999994
9,147.2478232839271,0.7071067811865476
10,246.02742648831872,0.8660254037844386
11,239.10292396276515,0.9659258262890683
12,171.81627982066897,1.0
13,237.58412784976124,0.9659258262890683
14,285.2424874952266,0.8660254037844387
15,271.62358167248965,0.7071067811865476
16,274.7633267755204,0.49999999999999994
17,234.97964077442003,0.258819045102521
18,123.75611055977434,1.2246467991473532e-16
19,200.77022687594481,0.0
20,130.1073141456932,0.0
21,161.76328155172857,0.0
22,906.5333872271016,0.0
23,958.4686806502847,0.0
