timestamp,temp_k,solar_irradiance,bus_demand,temp_c
2026-01-01 00:00:00,295.8931247037333,0.0,460.5479554811764,13.094460679468403
2026-01-01 01:00:00,297.7441612981338,0.0,432.0994886943549,12.976870801754274
2026-01-01 02:00:00,297.8834736342413,0.0,535.3066000638677,12.364350541258078
2026-01-01 03:00:00,299.70497179641944,0.0,516.0407684981697,12.111398900369721
2026-01-01 04:00:00,298.9150823675321,0.0,504.2889373442824,15.549558057012469
2026-01-01 05:00:00,301.2266719756818,0.0,479.6414679175895,13.939194538631176
2026-01-01 06:00:00,301.93282213262114,0.000179335120262,47.54542409903509,15.1746971700575
2026-01-01 07:00:00,300.5042299489092,0.2590211345988443,43.12593988116266,18.140408962872794
2026-01-01 08:00:00,298.8695236120249,0.5002070640652378,53.322419592608696,20.07785841135595
2026-01-01 09:00:00,299.75778674310646,0.7072969692207495,48.17640228470398,20.861365712814568
2026-01-01 10:00:00,298.782604371706,0.8661748110327926,53.53537882101018,22.014584412395518
2026-01-01 11:00:00,296.3431442217015,0.966010868879554,55.04422704068402,25.509553324169524
2026-01-01 12:00:00,293.71512183588925,0.9999999356778292,40.803968551690765,24.45130593069113
2026-01-01 13:00:00,294.2760404947275,0.9658251867941556,49.08033096967284,27.59158259225694
2026-01-01 14:00:00,294.8485525271299,0.8658161036622548,43.97561315478703,27.37035229014718
2026-01-01 15:00:00,289.6435752861328,0.7067896874297339,48.76784257380279,26.8576448546973
2026-01-01 16:00:00,291.6954823622933,0.4995857861184701,58.67759735143672,26.505903452272516
2026-01-01 17:00:00,287.2646578621594,0.2583282091744989,51.2380037015823,23.45050220969441
2026-01-01 18:00:00,290.0147159210289,0.0,58.90446338933376,21.632704155243268
2026-01-01 19:00:00,289.8215191662065,0.0,61.7176976311492,23.099997475813524
2026-01-01 20:00:00,290.2895922745608,0.0,58.13521070772688,20.24597077501139
2026-01-01 21:00:00,291.1951105166397,0.0,49.105448897952776,19.50057634926665
2026-01-01 22:00:00,294.8070069572854,0.0,490.6342681126312,13.976618845486504
2026-01-01 23:00:00,293.97970838444166,0.0,507.7176167796993,14.69770367014084
2026-01-02 00:00:00,294.14982113533324,0.0,530.2008936488074,13.346455225724645
2026-01-02 01:00:00,296.8879596458742,0.0,499.7455844447701,14.08201698701489
2026-01-02 02:00:00,298.2241638889587,0.0,488.6623656110573,14.771725740282452
2026-01-02 03:00:00,299.19711538795906,0.0,482.9017051658585,14.179589291425929
2026-01-02 04:00:00,300.8220185812199,0.0,465.8644312718441,13.584890733745873
2026-01-02 05:00:00,299.83398350048907,0.0,432.1667333876133,14.082509431919668
2026-01-02 06:00:00,300.66915688185554,0.000896675485958,53.37504502063273,17.81917235122716
2026-01-02 07:00:00,301.0274734548376,0.2597139267367799,43.69072957238935,17.50094158035648
2026-01-02 08:00:00,299.5933014073282,0.5008280846167803,66.44267519553759,20.336539641467073
2026-01-02 09:00:00,298.02598056058514,0.7078038870527659,33.84991612299879,21.839476498837584
2026-01-02 10:00:00,298.3320868693285,0.8665330726893926,59.45398343960044,23.86992071493797
2026-01-02 11:00:00,297.0768523623965,0.96619605387764,50.648148999814005,24.91859627039452
2026-01-02 12:00:00,295.4865384243033,0.9999994211005132,62.60578264154528,25.47800994377357
2026-01-02 13:00:00,292.8480568298699,0.9656390077169932,45.7371403940606,28.278132050686928
2026-01-02 14:00:00,292.89011928574905,0.865456950762362,39.95809361398314,27.255770025721556
2026-01-02 15:00:00,290.8352241111572,0.706282041940755,56.31493972736892,26.494958307976766
2026-01-02 16:00:00,288.416964331801,0.4989642510961731,51.277128371758415,24.863872059485843
2026-01-02 17:00:00,288.4432248457747,0.2576351508203089,68.29893441321629,23.802629297266748
2026-01-02 18:00:00,287.6873309115532,0.0,46.72144084236108,24.91380158851984
2026-01-02 19:00:00,289.4650193177562,0.0,45.63957982389855,22.213656307845785
2026-01-02 20:00:00,290.8826490467104,0.0,40.16814478161238,18.06131564998901
2026-01-02 21:00:00,291.09146526553974,0.0,38.04017173779725,18.10539777814472
2026-01-02 22:00:00,292.00119392585214,0.0,482.77189970437126,17.60407085099978
2026-01-02 23:00:00,294.0835290422086,0.0,494.1473860883737,17.658553704198017
2026-01-03 00:00:00,295.5197385072462,0.0,503.6391163138512,15.166343963904028
2026-01-03 01:00:00,298.00112209061325,0.0,515.6133962424536,13.138349880814127
2026-01-03 02:00:00,296.8433771648643,0.0,582.2268947416391,13.340653558192535
2026-01-03 03:00:00,299.0945722973879,0.0,488.9045561698061,14.350008716983133
2026-01-03 04:00:00,300.9815471941328,0.0,437.1457934766438,15.026004672942946
2026-01-03 05:00:00,301.38417631654744,0.0,514.5501119686185,16.192522064422803
2026-01-03 06:00:00,301.4705150577084,0.0016140153902441,40.116430681506486,15.45863003723775
2026-01-03 07:00:00,300.6146843512875,0.2604065852318119,29.589073215088604,19.88411786803749
2026-01-03 08:00:00,299.73358185922734,0.5014488474535346,68.14872684379912,19.738247573943617
2026-01-03 09:00:00,298.8015451032361,0.7083104406649339,58.58085025388,21.741093675750246
2026-01-03 10:00:00,298.85882175494106,0.8668908884477007,47.505160698886016,24.189601175804196
2026-01-03 11:00:00,296.6176226848394,0.9663807416931218,40.86153109033213,26.65698377653546
2026-01-03 12:00:00,295.80475279166745,0.9999983919461458,36.97703649981292,25.7887481490397
2026-01-03 13:00:00,292.5645489244739,0.9654523317438696,39.25829620948363,25.904633855331525
2026-01-03 14:00:00,293.0930912962338,0.8650973525179251,61.77047121238405,26.74080848393436
2026-01-03 15:00:00,291.0370823417068,0.7057740330150346,60.6124666244402,27.8537848213242
2026-01-03 16:00:00,289.7647910091106,0.4983424593181744,32.191935448379496,26.112391798907836
2026-01-03 17:00:00,289.0778586144671,0.256941959892906,42.59788802451472,25.886227761396555
2026-01-03 18:00:00,288.7077088809533,0.0,53.6545875676932,23.154541042047953
2026-01-03 19:00:00,290.28740003769,0.0,38.55292109963543,22.072259072722805
2026-01-03 20:00:00,290.2824600448219,0.0,35.51292164492284,22.691238444730907
2026-01-03 21:00:00,290.905614665418,0.0,53.15251922676007,18.01603699061357
2026-01-03 22:00:00,292.82296411852826,0.0,468.6265005423669,16.761161223489985
2026-01-03 23:00:00,292.64832112914723,0.0,518.201929503382,15.879092924139721
2026-01-04 00:00:00,294.79631140991387,0.0,567.5595606264212,14.549813385206436
2026-01-04 01:00:00,298.792055664274,0.0,457.94245127713214,12.12169194322535
2026-01-04 02:00:00,298.7684122441645,0.0,473.3774544591127,12.488847198692387
2026-01-04 03:00:00,298.65199010972066,0.0,491.6389125941252,13.361860489505732
2026-01-04 04:00:00,301.7978198506353,0.0,496.82350462248814,13.299583334337974
2026-01-04 05:00:00,300.49594679156786,0.0,539.2625933453292,15.438328230358836
2026-01-04 06:00:00,299.8345091530675,0.0023313544639936,53.81343977172453,15.05612296759727
2026-01-04 07:00:00,299.7295067858104,0.2610991097275119,37.18427439996609,20.094667883503334
2026-01-04 08:00:00,299.66630600070687,0.5020693522560685,49.416087851515954,20.295342074708465
2026-01-04 09:00:00,300.0160824306064,0.7088166297965917,45.55401513407127,21.786953966691566
2026-01-04 10:00:00,297.17454323855543,0.8672482581235924,50.01229325299044,23.920201238804697
2026-01-04 11:00:00,295.7817917140468,0.9665649322309632,58.10031755794994,23.474304060815786
2026-01-04 12:00:00,295.31170308482024,0.9999968482152566,65.81363364582162,27.070376493209974
2026-01-04 13:00:00,294.6615556223509,0.9652651589708444,54.98691451682663,26.1044538453241
2026-01-04 14:00:00,291.9378097125845,0.8647373091139848,34.92320126372309,29.153047971773027
2026-01-04 15:00:00,290.5444087165264,0.7052656609139821,37.58761006646543,26.83162311369571
2026-01-04 16:00:00,288.9760008483877,0.4977204111044324,41.077467687606,24.518718838547816
2026-01-04 17:00:00,288.5988339533522,0.2562486367489888,37.765997494090485,24.60845372352294
2026-01-04 18:00:00,289.6630660187111,0.0,37.92418273736697,24.665421669194192
2026-01-04 19:00:00,289.4426587119248,0.0,52.2492507096979,21.164626155822695
2026-01-04 20:00:00,288.88449440898955,0.0,52.30696786076571,20.91534930992906
2026-01-04 21:00:00,290.35856555197194,0.0,38.50473235892935,18.39834146816617
2026-01-04 22:00:00,291.4486556214899,0.0,501.9937992332546,16.787249872869523
2026-01-04 23:00:00,293.6386406892016,0.0,472.2223446554688,14.148016279909955
2026-01-05 00:00:00,295.9496533757689,0.0,500.6224313741931,16.5393355604726
2026-01-05 01:00:00,297.71487056323946,0.0,561.5825836924155,13.584311955749136
2026-01-05 02:00:00,299.1397552380127,0.0,547.4371321876541,13.773079961198688
2026-01-05 03:00:00,301.1815712199736,0.0,524.4981545455182,14.10470455277275
2026-01-05 04:00:00,299.8964460387922,0.0,561.2789163782152,15.03843537286646
2026-01-05 05:00:00,300.4894721532776,0.0,417.0064132660077,15.706520398964189
2026-01-05 06:00:00,300.6731966951209,0.0030486923380862,58.91203792421692,15.738579659310641
2026-01-05 07:00:00,300.6252724565844,0.2617914998675293,39.1836820437382,18.439891101169465
2026-01-05 08:00:00,299.9899276802067,0.5026895987050908,51.77383984662603,20.490795793121617
2026-01-05 09:00:00,301.1703981751455,0.7093224541872708,67.78694634507968,20.52017396908516
2026-01-05 10:00:00,298.3863559765046,0.867605181533177,58.21788580374275,23.175977549262758
2026-01-05 11:00:00,297.26918257107945,0.9667486253963848,48.38883069965012,25.298304668227768
2026-01-05 12:00:00,296.2349045991308,0.99999478990864,39.09015848272906,25.25400630592359
2026-01-05 13:00:00,292.99425416876915,0.9650774894942336,42.03319299949169,27.346672587347427
2026-01-05 14:00:00,292.5742877173747,0.864376820735815,51.072993475205216,26.813900799318528
2026-01-05 15:00:00,292.7437388603517,0.704756925899199,46.554524516477166,27.099133942478613
2026-01-05 16:00:00,289.9086774702962,0.4970981067750453,49.42796616599922,27.04628342820269
2026-01-05 17:00:00,288.2311907728387,0.2555551817453324,54.88091256232144,24.572939814028167
2026-01-05 18:00:00,289.2588774708732,0.0,55.72334397835025,22.92791658155264
2026-01-05 19:00:00,290.0251876555284,0.0,31.019475879560552,20.143325851412943
2026-01-05 20:00:00,289.53038619424444,0.0,55.84949383380038,19.010719907859816
2026-01-05 21:00:00,291.5684778272217,0.0,31.02232797988416,17.136631822016476
2026-01-05 22:00:00,292.76251279025234,0.0,454.382855681267,16.629740298815836
2026-01-05 23:00:00,293.7547767834159,0.0,479.5870639984503,12.497893224614037
2026-01-06 00:00:00,295.6816815393784,0.0,436.10455126659735,13.395845135997545
2026-01-06 01:00:00,296.826602747043,0.0,492.83835744526334,13.977249590351715
2026-01-06 02:00:00,300.3135581506077,0.0,497.4579517371971,13.603263879193978
2026-01-06 03:00:00,299.5357815252936,0.0,496.6365484469809,13.067607191353055
2026-01-06 04:00:00,300.46020865340205,0.0,594.022514485797,14.100351338934392
2026-01-06 05:00:00,302.2242668163649,0.0,477.7663108505589,14.564719043480753
2026-01-06 06:00:00,299.7698269829036,0.0037660286433837,45.67585521785384,14.28611237667872
2026-01-06 07:00:00,303.1876505186072,0.2624837552955638,18.28241276421742,17.967856689616468
2026-01-06 08:00:00,300.61385286252647,0.5033095864814258,43.88113708053493,20.47118566446213
2026-01-06 09:00:00,300.47913614231453,0.709827913576677,56.52849627496701,23.16450952007026
2026-01-06 10:00:00,300.7307362967422,0.8679616584927836,33.46729661773942,22.205374417304732
2026-01-06 11:00:00,298.20383063452005,0.9669318210948596,52.98758636436735,26.139494396664286
2026-01-06 12:00:00,294.75578279555657,0.9999922170273554,45.34898628747924,26.41875750129108
2026-01-06 13:00:00,293.45109442935245,0.9648893234106044,50.05106015664912,25.986838591894852
2026-01-06 14:00:00,291.5056755702721,0.8640158875689086,45.85728832800609,27.13921303562619
2026-01-06 15:00:00,291.8244872045583,0.7042478282324602,49.21570190840768,26.869287927476055
2026-01-06 16:00:00,289.03578935709555,0.4964755466502259,42.33579549971365,25.766841428352354
2026-01-06 17:00:00,290.6103243845499,0.2548615952387681,59.27370532943843,24.51990545612679
2026-01-06 18:00:00,290.1700792377534,0.0,47.03967013967777,24.564005725474622
2026-01-06 19:00:00,290.38587969364085,0.0,58.91531120393387,22.25963432623753
2026-01-06 20:00:00,289.0071410000492,0.0,39.72017192673143,20.449647930851704
2026-01-06 21:00:00,291.33707896620115,0.0,57.2743978539612,19.702891296915826
2026-01-06 22:00:00,291.56962178463084,0.0,540.0096784599593,14.28210370360602
2026-01-06 23:00:00,291.46641831270813,0.0,459.814517452846,15.12153200279303
2026-01-07 00:00:00,294.7350094809606,0.0,502.29950859322815,14.091354097832339
2026-01-07 01:00:00,296.05242996569774,0.0,522.7977522520686,14.513698132999144
2026-01-07 02:00:00,297.9829561902142,0.0,439.1831322671174,12.706434718170065
2026-01-07 03:00:00,298.6003284810645,0.0,432.6767387387874,15.835908973551852
2026-01-07 04:00:00,299.31161582994,0.0,436.3067954438303,12.666674346175629
2026-01-07 05:00:00,302.4646010927104,0.0,534.9537465323953,14.041058347547715
2026-01-07 06:00:00,301.3321831995338,0.0044833630107752,59.48406974202274,15.831782295390198
2026-01-07 07:00:00,302.36501004625245,0.2631758756554101,47.11732358607391,17.348696612522023
2026-01-07 08:00:00,299.26186814079455,0.5039293152660478,46.59730269569168,20.935456328327906
2026-01-07 09:00:00,298.9044113445954,0.7103330077047165,33.9898512283395,19.024688117725532
2026-01-07 10:00:00,297.7434407252895,0.8683176888189807,41.49777321689218,21.41192949668438
2026-01-07 11:00:00,296.0990080690892,0.9671145192321212,23.094237980364824,24.00873170649479
2026-01-07 12:00:00,294.2358720360174,0.9999891295727265,42.84524748135995,25.29614548231276
2026-01-07 13:00:00,293.1549060051146,0.9647006608167868,29.30875990186927,27.6350966029304
2026-01-07 14:00:00,292.3263278364016,0.8636545097990005,48.9993951438904,28.179901624533038
2026-01-07 15:00:00,290.7060494339525,0.7037383681757458,47.8244367871023,25.338744302383695
2026-01-07 16:00:00,289.7297191281464,0.495852731050342,48.76998738640811,25.731845766766785
2026-01-07 17:00:00,289.357569638177,0.2541678775861928,45.52121812185128,24.598798086685086
2026-01-07 18:00:00,289.67893505894426,0.0,45.17770799620667,22.747699069969418
2026-01-07 19:00:00,289.81100287891354,0.0,38.18954726109743,22.07607178560871
2026-01-07 20:00:00,289.8236730970016,0.0,56.241170485372606,19.721759349528455
2026-01-07 21:00:00,288.820098550592,0.0,39.17750202438104,17.785092791374463
2026-01-07 22:00:00,291.11577003489987,0.0,553.3191012314346,16.595712126248387
2026-01-07 23:00:00,293.34537589568123,0.0,465.4013640170666,13.863218765971176
2026-01-08 00:00:00,295.050855751968,0.0,431.18034659290447,13.376485304306977
2026-01-08 01:00:00,296.2825792092153,0.0,523.0587668111626,15.370519331663974
2026-01-08 02:00:00,296.61871349600995,0.0,508.076801149905,13.153237363319409
2026-01-08 03:00:00,299.4336387550668,0.0,386.3735836085225,13.198564054155327
2026-01-08 04:00:00,300.3527820428832,0.0,489.87847484760914,14.387332037000762
2026-01-08 05:00:00,301.37009374657987,0.0,489.20786209177845,13.615568363299689
2026-01-08 06:00:00,301.17277023806975,0.0052006950711226,52.1907378546324,16.241742752615203
2026-01-08 07:00:00,299.8070793409314,0.2638678605909051,42.25482228267364,18.645935766492716
2026-01-08 08:00:00,299.7993710569925,0.5045487847400648,32.40025398619338,20.348551567374116
2026-01-08 09:00:00,299.68291621423447,0.7108377363114852,41.81606361971168,21.474308772946923
2026-01-08 10:00:00,299.04554498796404,0.868673272328567,47.20760468933781,25.243265467892364
2026-01-08 11:00:00,297.21360732535385,0.9672967197141588,34.18517801178102,24.791441668449245
2026-01-08 12:00:00,294.6334430293244,0.999985527546342,48.95366807461232,26.335085525045997
2026-01-08 13:00:00,293.9292665059397,0.9645115018098585,43.40918544729221,26.763453430631472
2026-01-08 14:00:00,291.56611411524386,0.8632926876120406,45.25168775733827,27.22563660647723
2026-01-08 15:00:00,290.2776302110584,0.7032285459912022,35.36179961618814,24.16065203537992
2026-01-08 16:00:00,289.305869580864,0.4952296602958741,66.48702691778324,26.915104201103784
2026-01-08 17:00:00,289.46142156967016,0.2534740291445916,50.936828050716215,24.03137010452137
2026-01-08 18:00:00,288.5234784173951,0.0,58.91939485869676,23.631267535605147
2026-01-08 19:00:00,290.17294535181685,0.0,41.73025169103192,20.513200100657492
2026-01-08 20:00:00,290.5391226156591,0.0,62.25670297053979,20.61513018146455
2026-01-08 21:00:00,290.4917035629616,0.0,64.02381424683522,17.6312288776729
2026-01-08 22:00:00,292.09509620647776,0.0,427.908428003678,18.288136068639442
2026-01-08 23:00:00,292.69169998096146,0.0,569.0673716532893,14.80882806895364
2026-01-09 00:00:00,295.4224993990776,0.0,473.6604679469456,13.726380568276303
2026-01-09 01:00:00,296.16932955442434,0.0,491.8443888237248,12.474527383771541
2026-01-09 02:00:00,296.9646938671759,0.0,454.9107827449277,11.894333903279565
2026-01-09 03:00:00,299.9547265809185,0.0,468.975916416585,14.500775545254308
2026-01-09 04:00:00,298.64144368966413,0.0,477.7515472744949,12.208045917444858
2026-01-09 05:00:00,298.9931126842275,0.0,503.2024415636299,14.483996693466283
2026-01-09 06:00:00,299.91087278049315,0.0059180244553172,60.33165409435638,14.46865111128908
2026-01-09 07:00:00,298.9408837543341,0.2645597097459827,45.06247988207291,17.686105738318076
2026-01-09 08:00:00,301.339780803443,0.5051679945847056,48.00919211387281,19.87794557892833
2026-01-09 09:00:00,299.8550240071364,0.7113420991372508,47.09775906286974,22.62673433011237
2026-01-09 10:00:00,297.29066775568066,0.8690284088385597,24.38847903617416,22.050592651918684
2026-01-09 11:00:00,296.5995235779304,0.9674784224472128,68.20705499640991,23.821598554115113
2026-01-09 12:00:00,295.0390324107833,0.9999814109500554,50.510506169314105,26.212702787331494
2026-01-09 13:00:00,292.0271678555708,0.96432184648716,48.22486468437913,26.651635113958733
2026-01-09 14:00:00,291.15057945267137,0.8629304211942215,33.96863525118772,27.31154788936486
2026-01-09 15:00:00,289.9420358829932,0.7027183619411828,49.2374959396195,26.71718979743666
2026-01-09 16:00:00,288.91881608407306,0.4946063347074342,47.121881913970576,26.500448548737758
2026-01-09 17:00:00,288.4418129013732,0.2527800502709896,54.81115842258628,23.745832290183746
2026-01-09 18:00:00,289.6227929262435,0.0,61.6302634880645,23.173113699090866
2026-01-09 19:00:00,291.20965538943955,0.0,52.32158842002402,22.554722361226602
2026-01-09 20:00:00,288.4631051149564,0.0,42.60664327417319,18.46746960445885
2026-01-09 21:00:00,290.95091212532355,0.0,53.332377399183,16.440867387043888
2026-01-09 22:00:00,292.7928871345446,0.0,496.2633050143789,14.353318511836022
2026-01-09 23:00:00,293.79869310390285,0.0,469.6997404355859,15.169935795420326
2026-01-10 00:00:00,296.58092550188337,0.0,465.32731556025954,14.726071877056743
2026-01-10 01:00:00,297.3881943944241,0.0,372.1099338378746,13.71696994396312
2026-01-10 02:00:00,296.5186984396695,0.0,490.76704404462464,12.674831333833739
2026-01-10 03:00:00,298.50460358853445,0.0,489.68926048320606,14.0915147303682
2026-01-10 04:00:00,300.12563190261034,0.0,516.1095469319223,13.824870157446732
2026-01-10 05:00:00,302.0146432180513,0.0,504.0195861580652,15.068928452280515
2026-01-10 06:00:00,300.798107540764,0.0066353507942234,43.208996953840405,15.445535503327259
2026-01-10 07:00:00,300.82370259341644,0.2652514227646193,42.61279864583792,18.808221324376227
2026-01-10 08:00:00,298.78285866923363,0.5057869444813328,57.18732754925527,20.25096376525514
2026-01-10 09:00:00,299.1288918473142,0.7118460959224896,60.85091231369135,22.12073151447264
2026-01-10 10:00:00,297.5940984093962,0.8693830981662211,54.49561914034746,24.88196163147182
2026-01-10 11:00:00,296.2366454786552,0.9676596273377864,46.34358778819316,22.90833510341301
2026-01-10 12:00:00,294.5508225155138,0.9999767797859852,48.36821445201058,28.29006806014783
2026-01-10 13:00:00,292.90243441275146,0.9641316949462804,51.13074441565988,28.459656084634876
2026-01-10 14:00:00,291.4459157444398,0.8625677107319502,39.78622483890209,27.193987788172063
2026-01-10 15:00:00,292.2179149728012,0.7022078162882062,66.19391509187926,27.50172834551396
2026-01-10 16:00:00,289.74463735155365,0.4939827546057777,30.196371056259345,26.913536326603165
2026-01-10 17:00:00,288.1355963396548,0.2520859413225063,40.18049230156063,24.34609725616696
2026-01-10 18:00:00,288.81909315877067,0.0,55.84065731641846,21.860417549832004
2026-01-10 19:00:00,291.8256920400666,0.0,33.02764864137122,21.410258761042908
2026-01-10 20:00:00,289.9407225065167,0.0,47.8985274932061,21.051042686038205
2026-01-10 21:00:00,290.8318491551124,0.0,51.257435471583584,17.272304025438114
2026-01-10 22:00:00,293.8908810008244,0.0,445.92812320713966,16.787133628260484
2026-01-10 23:00:00,293.78371958878137,0.0,523.9231563827171,16.463220617456983
2026-01-11 00:00:00,294.78305356907174,0.0,469.7673581783183,13.366006057674827
2026-01-11 01:00:00,297.3481534300204,0.0,519.216751784976,12.13916304563715
2026-01-11 02:00:00,296.8843519413054,0.0,486.6470243904735,13.072801581913636
2026-01-11 03:00:00,298.05000925570613,0.0,444.5719532247719,11.346632831615498
2026-01-11 04:00:00,299.63279816720444,0.0,520.8413081737831,14.020639846039742
2026-01-11 05:00:00,302.1790977291304,0.0,498.1589138793829,15.16787025953503
2026-01-11 06:00:00,302.7533501392777,0.0073526737187283,47.6691793755322,15.983385316884002
2026-01-11 07:00:00,300.97550902775873,0.265942999290882,59.39166027075066,17.789538291740705
2026-01-11 08:00:00,300.4330172757602,0.5064056341114547,56.55851759231487,20.15863756092123
2026-01-11 09:00:00,299.60895282331165,0.7123497264078463,61.3204025833692,23.56069974086099
2026-01-11 10:00:00,297.588723231503,0.8697373401290288,48.05903394766298,22.808443632121705
2026-01-11 11:00:00,297.0984901886346,0.967840334292634,56.80964110841262,24.20420986055189
2026-01-11 12:00:00,296.6897864360681,0.9999716340565143,40.84240584244007,27.465692767320323
2026-01-11 13:00:00,295.18071382438205,0.9639410472850688,39.589719604985085,27.187362742431503
2026-01-11 14:00:00,291.34157451942593,0.8622045564118727,58.45659081765149,26.000895450871056
2026-01-11 15:00:00,291.49922137280885,0.701696909294993,41.97498088614812,26.03957942297946
2026-01-11 16:00:00,290.47524820256194,0.4933589203117847,51.51438880469289,26.457956894597825
2026-01-11 17:00:00,289.5428758795547,0.2513917026562938,54.55182584214143,24.14620833459447
2026-01-11 18:00:00,287.81486893039903,0.0,52.54659750345924,22.44526900122188
2026-01-11 19:00:00,289.3941354684592,0.0,60.70554277029004,22.21386834318912
2026-01-11 20:00:00,288.68136257445457,0.0,57.64613432417048,19.116742623733966
2026-01-11 21:00:00,291.0323424725046,0.0,57.83856997956974,18.653499611083383
2026-01-11 22:00:00,290.9759470523331,0.0,423.63379075367067,16.749660429651342
2026-01-11 23:00:00,291.91347009139974,0.0,429.777671019246,12.69361394042992
2026-01-12 00:00:00,293.97640849687167,0.0,578.7095834488549,13.720923860479452
2026-01-12 01:00:00,295.3569724852932,0.0,496.1343131588436,13.826446255838556
2026-01-12 02:00:00,299.05734085424007,0.0,538.6162196794941,13.549902081238631
2026-01-12 03:00:00,299.93954120658884,0.0,528.7725371327151,13.534265995783525
2026-01-12 04:00:00,300.46332449796324,0.0,467.50754486303657,15.045192647102859
2026-01-12 05:00:00,302.31437441695635,0.0,483.73862355860587,15.638112119408447
2026-01-12 06:00:00,301.5236522860086,0.0080699928597352,49.66687319265256,16.40413252552073
2026-01-12 07:00:00,300.4793823222178,0.2666344389689214,61.05713632324523,19.953580827780613
2026-01-12 08:00:00,301.1274799738759,0.5070240631567262,49.38763808859692,20.711228613657205
2026-01-12 09:00:00,299.8961628833404,0.7128529903341742,31.215616038273044,21.88146221818
2026-01-12 10:00:00,296.88783840539645,0.870091134544705,60.69346663105412,22.582334580297783
2026-01-12 11:00:00,295.5810435200676,0.9680205432187664,49.29672874371375,25.76058621893303
2026-01-12 12:00:00,294.873095827298,0.9999659737642907,36.97532233176244,27.23906183647254
2026-01-12 13:00:00,292.8138373060352,0.9637499036016302,36.14993596628494,25.526021483478107
2026-01-12 14:00:00,291.9328844191015,0.8618409584208637,43.12022596382476,26.929498391613496
2026-01-12 15:00:00,291.1941208486484,0.7011856412244493,55.61724624133889,28.01907725308183
2026-01-12 16:00:00,290.7773406067366,0.4927348321464725,57.30573631753409,24.414123223046076
2026-01-12 17:00:00,289.7865046279086,0.2506973346296191,56.675960093547175,25.061042971323367
2026-01-12 18:00:00,288.8976590411173,0.0,52.362469855595066,23.92835763132312
2026-01-12 19:00:00,289.1023132926318,0.0,56.96321351748835,20.27828427492245
2026-01-12 20:00:00,290.4143372350931,0.0,49.0753827885237,20.521448498512996
2026-01-12 21:00:00,287.30486612100503,0.0,47.31720658283487,19.787595902066528
2026-01-12 22:00:00,293.54568728481564,0.0,509.2415870402013,16.210744975363042
2026-01-12 23:00:00,293.1625451573716,0.0,457.2430079644635,15.179166296933106
2026-01-13 00:00:00,293.6754239347372,0.0,486.40005015783817,14.065486359538346
2026-01-13 01:00:00,296.3026122001697,0.0,516.5322671944589,13.604894270504161
2026-01-13 02:00:00,296.74352831265054,0.0,524.8948451972002,14.689687910433056
2026-01-13 03:00:00,299.8256158400896,0.0,555.6544433005816,13.3441816517508
2026-01-13 04:00:00,300.36474246415594,0.0,380.758747722302,14.13087886459447
2026-01-13 05:00:00,300.9980878298253,0.0,546.3662492986944,15.310069485432608
2026-01-13 06:00:00,300.5709811666245,0.0087873078480853,31.034179441177567,15.578396907045217
2026-01-13 07:00:00,300.9522072513992,0.2673257414428976,48.841831386005545,18.456446465623344
2026-01-13 08:00:00,301.6125768673994,0.507642231298881,43.05532692875761,19.159489268126336
2026-01-13 09:00:00,299.99081556915706,0.7133558874425048,59.14716081585628,23.2975575113493
2026-01-13 10:00:00,297.80414942155306,0.8704444812311952,53.36397735179805,26.737732576914492
2026-01-13 11:00:00,296.67742179576294,0.968200254023457,50.389355612854544,23.65102291201079
2026-01-13 12:00:00,294.679299757315,0.9999597989122272,58.79153847926135,27.91422909367222
2026-01-13 13:00:00,295.689842474563,0.9635582639943172,44.347126920332656,26.631804556246486
2026-01-13 14:00:00,292.0531209050499,0.8614769169460118,54.65817774941527,28.235733585560492
2026-01-13 15:00:00,289.9633300614004,0.7006740123396469,46.704071600489456,25.863104762397207
2026-01-13 16:00:00,289.9323455535712,0.4921104904309766,49.00990465185465,28.48272521006854
2026-01-13 17:00:00,288.8073058922118,0.2500028375997744,44.48863424944581,24.118982613568296
2026-01-13 18:00:00,289.1037527096192,0.0,42.62143926206071,21.743755224797855
2026-01-13 19:00:00,287.632435600368,0.0,70.59914534328693,19.706833759840116
2026-01-13 20:00:00,292.1232026651357,0.0,48.54684300227022,20.949753875621685
2026-01-13 21:00:00,291.0346626847606,0.0,70.69005624348638,16.593171130947376
2026-01-13 22:00:00,293.94607471418215,0.0,442.7540221527547,16.732340061009936
2026-01-13 23:00:00,293.06276420353123,0.0,531.892893829161,15.41944397604444
2026-01-14 00:00:00,295.6431555167922,0.0,457.2667532235631,12.671784673892498
2026-01-14 01:00:00,298.1547242389329,0.0,504.4009038761615,14.138212504070916
2026-01-14 02:00:00,297.87289655873764,0.0,513.890237030674,11.466558687544824
2026-01-14 03:00:00,299.8822979963709,0.0,520.216981231366,12.724009883201155
2026-01-14 04:00:00,300.5909111418357,0.0,551.8276089330712,13.406300425611617
2026-01-14 05:00:00,302.0157877264257,0.0,569.833048841474,15.316356625018686
2026-01-14 06:00:00,300.39157219665,0.0095046183146858,60.34435096653296,18.006026804007156
2026-01-14 07:00:00,300.148582401581,0.2680169063571024,62.39289032497288,19.153943853186846
2026-01-14 08:00:00,299.9793225283912,0.5082601382198421,42.79680031100923,19.92925729531997
2026-01-14 09:00:00,300.7340696692197,0.7138584174740439,48.55296024999629,22.824092323132675
2026-01-14 10:00:00,297.69613745628084,0.8707973800066645,54.241891655726974,23.17485230552182
2026-01-14 11:00:00,295.4865134081365,0.9683794666142238,46.52811268964941,26.653990594705974
2026-01-14 12:00:00,295.8698374950711,0.9999531095035008,45.77372913951525,26.290342520887968
2026-01-14 13:00:00,293.737213580358,0.9633661285617504,51.63631729789512,27.145063887449403
2026-01-14 14:00:00,292.91460200878294,0.8611124321746587,33.85156051344642,26.683338739676437
2026-01-14 15:00:00,291.2216763762305,0.7001620229038787,44.02157333575407,27.31513999633977
2026-01-14 16:00:00,289.11807245657707,0.4914858954865566,50.50092914427197,25.628258094560735
2026-01-14 17:00:00,288.0289918145531,0.2493082119241185,54.17909756163653,25.919694408446567
2026-01-14 18:00:00,290.1056011329624,0.0,27.04439413146197,23.65913171786894
2026-01-14 19:00:00,288.9908114504372,0.0,38.895674746206666,22.02306749966181
2026-01-14 20:00:00,290.94348946516214,0.0,45.3669230829859,20.987965729705156
2026-01-14 21:00:00,292.68724911992825,0.0,41.8847764169636,17.714179446766213
2026-01-14 22:00:00,290.7443903162962,0.0,510.650176466716,18.379178488037486
2026-01-14 23:00:00,292.7160394199408,0.0,448.91760195622527,14.95363989630096
2026-01-15 00:00:00,293.15360275706166,0.0,481.8044392424985,12.810206579171236
2026-01-15 01:00:00,296.5966275016535,0.0,484.1488790545617,12.709082488643844
2026-01-15 02:00:00,299.392970473719,0.0,543.5196508595066,13.06942928017957
2026-01-15 03:00:00,298.8489179164627,0.0,572.5839379295874,13.15488152621284
2026-01-15 04:00:00,300.2238715841375,0.0,486.8496132098566,13.85243646363861
2026-01-15 05:00:00,301.8909262077874,0.0,546.7660117195649,14.472121177934365
2026-01-15 06:00:00,301.79488435021904,0.010221923890425,68.10765525462588,14.424756858802489
2026-01-15 07:00:00,299.76968059191574,0.268707933355878,22.643523439999672,18.940397250238853
2026-01-15 08:00:00,300.25584003745774,0.5088777836016484,54.79114210216936,20.47721476524125
2026-01-15 09:00:00,301.00962667291105,0.7143605801702109,58.89398316546789,21.66236489974945
2026-01-15 10:00:00,297.8043854980196,0.8711498306895264,58.80025573258632,24.441987699709884
2026-01-15 11:00:00,296.6339205379676,0.9685581808988518,57.80459989347676,25.134630375437457
2026-01-15 12:00:00,295.19128606908595,0.9999459055415544,49.81334245185689,25.600865396874735
2026-01-15 13:00:00,293.6914209617254,0.9631734974027952,56.71866518708162,25.670633142082288
2026-01-15 14:00:00,292.74584380744693,0.8607475042943529,44.55782684719982,25.039568351499003
2026-01-15 15:00:00,292.911453438882,0.6996496731805928,60.14704086558129,26.37908927199643
2026-01-15 16:00:00,290.3531602247688,0.4908610476346397,67.3492012333121,24.462502142249573
2026-01-15 17:00:00,289.87791712176,0.2486134579601175,47.04604458041493,25.07694404194296
2026-01-15 18:00:00,289.9437648345769,0.0,37.14485603684637,22.39141732881156
2026-01-15 19:00:00,289.7007759673087,0.0,30.13396623424234,21.584195328293664
2026-01-15 20:00:00,289.2359886376854,0.0,35.436033310683214,21.024194945534546
2026-01-15 21:00:00,290.8058321832046,0.0,64.0124266745484,18.001377390102654
2026-01-15 22:00:00,293.41938603468964,0.0,521.9219197312184,17.07998045472482
2026-01-15 23:00:00,294.26943582277534,0.0,579.6368767880167,16.266753724408993
2026-01-16 00:00:00,294.4738815950042,0.0,544.8657887541644,14.366219515971663
2026-01-16 01:00:00,296.74261415303164,0.0,491.6165556423864,11.60494706045206
2026-01-16 02:00:00,299.9489148806319,0.0,565.053319330509,12.445462313679023
2026-01-16 03:00:00,298.98433663765286,0.0,448.003095682997,12.801492212672123
2026-01-16 04:00:00,300.2453032533242,0.0,403.2340128548701,12.493471891730106
2026-01-16 05:00:00,300.7090149444917,0.0,507.9520809637643,15.955411709442737
2026-01-16 06:00:00,298.6767335470093,0.0109392242062079,38.823199873444096,15.257738743998408
2026-01-16 07:00:00,300.409797125593,0.2693988220836512,45.57607248724571,18.716862059553517
2026-01-16 08:00:00,300.41743135165274,0.5094951671264738,57.34414784399917,20.227561616773077
2026-01-16 09:00:00,300.1570321287419,0.714862375272604,52.06892433336496,22.341695465473073
2026-01-16 10:00:00,298.22993600037216,0.8715018330984177,48.59702546418673,21.607629124234222
2026-01-16 11:00:00,297.1036318725836,0.9687363967853784,41.35085183338393,25.203925791068826
2026-01-16 12:00:00,295.7732590691821,0.9999381870300944,55.15863490964645,25.173591668473495
2026-01-16 13:00:00,293.3181228460289,0.9629803706165748,38.88574050234677,26.13387637048692
2026-01-16 14:00:00,291.50140539110475,0.860382133492878,66.08830417508045,26.867662327612038
2026-01-16 15:00:00,291.2985319383431,0.6991369634334327,51.58070730910318,26.608768444034798
2026-01-16 16:00:00,289.4483926594752,0.4902359471967461,53.33040395685019,26.734640345862967
2026-01-16 17:00:00,287.5825489775388,0.2479185760652624,41.14717587394576,25.25065818475231
2026-01-16 18:00:00,289.4161444123539,0.0,45.970974424820895,23.441427970950013
2026-01-16 19:00:00,288.4629594945054,0.0,41.59619251765153,21.200396367973834
2026-01-16 20:00:00,291.26356243468524,0.0,42.77106434736534,20.411111048177585
2026-01-16 21:00:00,292.19586706481186,0.0,38.18840907718787,17.76006423764423
2026-01-16 22:00:00,291.75470418655874,0.0,456.2826945760838,16.126757037866454
2026-01-16 23:00:00,293.83648232891204,0.0,550.1377560642425,16.143415588444267
2026-01-17 00:00:00,296.7592609965543,0.0,480.4986974933364,14.71037790623785
2026-01-17 01:00:00,294.9351817746834,0.0,438.0299562124724,14.157305524458021
2026-01-17 02:00:00,298.1427594554145,0.0,513.5670159277375,12.978257820562293
2026-01-17 03:00:00,298.52474061078084,0.0,410.5998700584785,13.350069628908802
2026-01-17 04:00:00,300.82041288834,0.0,442.2332912699055,14.59111272253083
2026-01-17 05:00:00,301.59153670827743,0.0,476.94276647223046,15.17185927057621
2026-01-17 06:00:00,301.29799454811814,0.0116565188928995,53.386510336602925,16.411714058280953
2026-01-17 07:00:00,301.1213982402113,0.2700895721848789,58.58558662734043,18.87666295730103
2026-01-17 08:00:00,300.36092191671173,0.510112288476639,37.61992118462526,20.30302853479898
2026-01-17 09:00:00,300.1501952064334,0.7153638025230211,58.49574740273143,21.292708837068727
2026-01-17 10:00:00,297.7006264312055,0.8718533870522128,39.80062923363077,22.8406452886531
2026-01-17 11:00:00,295.5079263539728,0.9689141141821016,33.21256775697553,25.31604530001617
2026-01-17 12:00:00,294.48729349743604,0.9999299539730924,56.96875122182759,26.0729763233562
2026-01-17 13:00:00,295.4782839944077,0.962786748302464,36.599556098323546,25.393079734040846
2026-01-17 14:00:00,292.2509700051582,0.8600163199582382,69.7420888671702,26.721534010545426
2026-01-17 15:00:00,292.6413308705338,0.698623893926217,35.195252105588594,26.523728148895366
2026-01-17 16:00:00,290.837532307735,0.4896105944945259,49.06579751883659,26.713635468539163
2026-01-17 17:00:00,290.23645161755843,0.2472235665971236,40.217423283230886,24.442054943553078
2026-01-17 18:00:00,289.57040180667605,0.0,68.93490028826673,23.132653126848385
2026-01-17 19:00:00,288.4736442174292,0.0,63.23581693614081,22.788680387049062
2026-01-17 20:00:00,290.6138086614251,0.0,58.58715735843789,19.82818000815473
2026-01-17 21:00:00,290.8105183319005,0.0,62.84807412079888,18.9149695405922
2026-01-17 22:00:00,293.0629232425275,0.0,449.2124150281368,17.000321715847637
2026-01-17 23:00:00,294.5717369831878,0.0,576.8058937055639,14.572293799391764
2026-01-18 00:00:00,294.747807047912,0.0,390.31752499157534,13.52465008215378
2026-01-18 01:00:00,297.22689947457644,0.0,548.1487512649438,13.104232721217851
2026-01-18 02:00:00,297.14461763042584,0.0,577.370829435778,12.960258035842253
2026-01-18 03:00:00,298.056831666426,0.0,512.7173839959142,13.901703134086738
2026-01-18 04:00:00,299.0983779358976,0.0,475.7765882734716,12.57342726307466
2026-01-18 05:00:00,302.09083418674294,0.0,547.0025029147413,15.270137128735469
2026-01-18 06:00:00,299.83690223520966,0.0123738075814106,46.33880393327365,15.645281450005028
2026-01-18 07:00:00,301.0331893195641,0.2707801833041306,45.80706483561391,18.61691402449493
2026-01-18 08:00:00,299.60725439716487,0.5107291473345626,68.38818235326394,20.379531581499684
2026-01-18 09:00:00,300.10499243234074,0.715864861663419,58.98558739887036,21.05040819752561
2026-01-18 10:00:00,299.78670654159805,0.8722044923699962,64.18146000470134,22.45196908181995
2026-01-18 11:00:00,294.6484213169188,0.9690913329975648,52.458056821066975,26.19531151561653
2026-01-18 12:00:00,294.7307500423895,0.9999212063747857,43.33032221095465,25.873591806403986
2026-01-18 13:00:00,293.26301554785726,0.9625926305601044,62.63902108203946,27.581338439128064
2026-01-18 14:00:00,291.7120881220837,0.8596500638786876,58.43457091333816,28.043874448431907
2026-01-18 15:00:00,289.7184298412997,0.6981104649229801,54.77529572789843,27.036373220712214
2026-01-18 16:00:00,289.9048668890086,0.4889849898497962,69.02637508948186,25.752168258981676
2026-01-18 17:00:00,288.2766223766836,0.2465284299133235,42.961905880761954,23.152391390030274
2026-01-18 18:00:00,291.627196515603,0.0,57.17787857969251,21.959646757541815
2026-01-18 19:00:00,289.2495000353843,0.0,38.01080995295049,21.2840041351603
2026-01-18 20:00:00,288.8748562124758,0.0,43.40935747864148,22.70303696850137
2026-01-18 21:00:00,291.2488457494747,0.0,40.84726709521159,16.64151648011856
2026-01-18 22:00:00,292.3261176869099,0.0,526.1047882858649,17.762918974225073
2026-01-18 23:00:00,292.39078655265376,0.0,470.5371268062233,14.807580878481222
2026-01-19 00:00:00,295.342801762537,0.0,430.28555750715714,13.669634579100656
2026-01-19 01:00:00,297.99702965502075,0.0,448.7018806177052,13.745074263038134
2026-01-19 02:00:00,296.88260150719606,0.0,464.3143562115401,13.864495436645928
2026-01-19 03:00:00,298.2933420361611,0.0,538.0453847121746,13.783519905764058
2026-01-19 04:00:00,300.3589446827138,0.0,495.09485403992,12.898834155703426
2026-01-19 05:00:00,301.5511249540052,0.0,464.5150422159539,14.480619452700108
2026-01-19 06:00:00,298.9327883115047,0.0130910899026406,53.25189377900976,15.86507417053121
2026-01-19 07:00:00,301.9191355665765,0.2714706550860333,54.13852286031856,18.101102739291893
2026-01-19 08:00:00,299.1676650475622,0.5113457433828357,39.302319514351126,19.155359710293908
2026-01-19 09:00:00,299.9363311780055,0.716365552435974,45.76375657953572,21.429729104442412
2026-01-19 10:00:00,298.4022642608346,0.8725551488711039,61.63424686630412,23.93036934869274
2026-01-19 11:00:00,297.4182481666546,0.9692680531405784,47.86764720077903,25.43909350615148
2026-01-19 12:00:00,294.19699884924034,0.9999119442396752,43.55725780450154,25.308047189793676
2026-01-19 13:00:00,293.7080362964056,0.9623980174893806,28.94928049467192,27.78118399612176
2026-01-19 14:00:00,290.94047499281913,0.8592833654426859,42.190022926585485,26.589953218616763
2026-01-19 15:00:00,291.78479292992535,0.6975966766879108,28.24946202856193,27.563626049592724
2026-01-19 16:00:00,290.22220360692523,0.4883591335844667,56.90138394454952,27.85582796677163
2026-01-19 17:00:00,288.52142112702603,0.2458331663715911,36.84909588215,26.18826214566121
2026-01-19 18:00:00,289.4633456562672,0.0,68.71402877002896,24.717021220141376
2026-01-19 19:00:00,289.1753375015809,0.0,45.81946490923396,22.09886104684545
2026-01-19 20:00:00,288.2659929061612,0.0,41.80623643809669,19.944510197621145
2026-01-19 21:00:00,292.7672189648878,0.0,51.01274347669387,19.092555214163692
2026-01-19 22:00:00,291.14207403184264,0.0,528.3120280539215,16.78476244857413
2026-01-19 23:00:00,293.40557041581616,0.0,540.6793656891367,16.158965883954114
2026-01-20 00:00:00,295.4836804262073,0.0,586.9434084895566,13.710030737566697
2026-01-20 01:00:00,294.6248576783871,0.0,493.2596879671255,14.480188076765643
2026-01-20 02:00:00,297.91976161912703,0.0,507.41346708579925,13.528566937006778
2026-01-20 03:00:00,299.39846122412416,0.0,543.0010088024455,13.203146434309966
2026-01-20 04:00:00,301.95803674630673,0.0,409.4575224025556,12.18685831171702
2026-01-20 05:00:00,299.6341584016567,0.0,543.3748129749495,14.971496530953207
2026-01-20 06:00:00,302.85719562902034,0.0138083654875065,61.17046525043848,16.27000525093975
2026-01-20 07:00:00,300.5759423679332,0.2721609871752997,51.00148533692755,16.887433223217112
2026-01-20 08:00:00,299.8584526562681,0.5119620763041836,56.31588759000574,19.265620860441846
2026-01-20 09:00:00,300.16055625188807,0.716865874583042,51.68439779028487,19.690204108717996
2026-01-20 10:00:00,297.6696448894327,0.872905356375096,44.99612078639845,22.818059138550524
2026-01-20 11:00:00,296.21416554268234,0.9694442745202068,49.84869330692913,24.865366579362515
2026-01-20 12:00:00,295.4592999205219,0.9999021675725268,52.10659543334506,26.112351646560736
2026-01-20 13:00:00,293.92399333435475,0.962202909190436,19.780948876266848,29.14322668545208
2026-01-20 14:00:00,293.4521559984492,0.8589162248389277,57.252453421660206,26.71731022486799
2026-01-20 15:00:00,291.2642086650057,0.6970825294853926,42.51365509217719,25.848111761662015
2026-01-20 16:00:00,290.21705225274815,0.4877330260205888,51.88045145684888,24.63202129911111
2026-01-20 17:00:00,289.485544233742,0.2451377763296797,35.63951526867868,25.112086544130044
2026-01-20 18:00:00,290.0626093735348,0.0,40.385689697334094,24.773246389636487
2026-01-20 19:00:00,290.7415598728611,0.0,44.368727403472136,20.491232198563026
2026-01-20 20:00:00,289.02852483497344,0.0,71.24410217261897,19.689823001388355
2026-01-20 21:00:00,293.5518755189013,0.0,60.10058197871679,18.942003582517597
2026-01-20 22:00:00,291.501489169436,0.0,447.5750387671233,16.846642740207265
2026-01-20 23:00:00,293.1765159312705,0.0,555.1690761048058,15.01684674589956
2026-01-21 00:00:00,296.0006695278646,0.0,628.9303633910995,13.80474881778559
2026-01-21 01:00:00,296.20345953632324,0.0,454.752835567707,15.586670713032353
2026-01-21 02:00:00,297.986622471394,0.0,529.0737182335561,14.38286020735136
2026-01-21 03:00:00,298.50962145062664,0.0,453.2016183054591,13.31581530190572
2026-01-21 04:00:00,301.05191978374927,0.0,567.0798367211175,14.306038963459997
2026-01-21 05:00:00,300.6061469998986,0.0,496.0695648005267,15.82259967725456
2026-01-21 06:00:00,300.3530330924683,0.014525633966886,45.74152355928817,15.633339038699088
2026-01-21 07:00:00,301.8130713854606,0.272851179216673,73.25427277976569,18.527876160655183
2026-01-21 08:00:00,300.4554629686652,0.5125781457814312,48.38236712118011,19.095100828381053
2026-01-21 09:00:00,299.93557074218774,0.7173658278471684,56.43123896681507,21.901217878352917
2026-01-21 10:00:00,297.9347866400215,0.8732551147017639,39.14093676491805,22.751408286700507
2026-01-21 11:00:00,297.4905993374105,0.9696199970457704,35.74801268607939,24.288931613455752
2026-01-21 12:00:00,295.36115391258306,0.9998918763783716,51.53929219209515,24.52240180816654
2026-01-21 13:00:00,294.1341349514839,0.962007305763669,57.39959283697748,27.259867758908356
2026-01-21 14:00:00,291.9801223447633,0.8585486422563353,51.82084885902382,26.741918318662254
2026-01-21 15:00:00,291.34742172649175,0.6965680235799944,46.61530755435959,26.268089423166757
2026-01-21 16:00:00,291.11497530144794,0.4871066674803431,56.66559940433569,26.42333261454634
2026-01-21 17:00:00,289.10646830531647,0.2444422601454211,60.09505976115797,26.73369952066792
2026-01-21 18:00:00,290.4716460494045,0.0,56.810076363324114,24.400679533640773
2026-01-21 19:00:00,288.8957675378312,0.0,45.817424386004745,23.130483579552905
2026-01-21 20:00:00,288.95381260736804,0.0,54.80593488786887,21.442950966890894
2026-01-21 21:00:00,290.3129967586644,0.0,59.59283718586502,22.83539619262246
2026-01-21 22:00:00,293.42894329235406,0.0,524.3414195470175,16.61430495974107
2026-01-21 23:00:00,293.2107329360469,0.0,552.5873613916219,15.907244987686962
2026-01-22 00:00:00,296.06750449082523,0.0,527.186367818184,14.006040382836543
2026-01-22 01:00:00,297.1245679060587,0.0,505.6131972594959,13.001385059524255
2026-01-22 02:00:00,297.6332909094449,0.0,513.7193798013678,15.595788662612481
2026-01-22 03:00:00,297.5768645159771,0.0,480.71779819175856,13.804611996973847
2026-01-22 04:00:00,300.0413943923772,0.0,544.6421902504396,13.198182772855345
2026-01-22 05:00:00,301.3154950200785,0.0,551.772692736449,15.327186136479096
2026-01-22 06:00:00,300.20797854878845,0.0152428949717034,52.24833846882684,14.180536614894507
2026-01-22 07:00:00,300.4503617454931,0.2735412308550097,41.88985439601037,17.583545819032718
2026-01-22 08:00:00,299.46067954672014,0.5131939514975754,45.79626314836408,21.546676353196684
2026-01-22 09:00:00,299.24656320844514,0.7178654119710988,60.32918226567483,20.902438008474956
2026-01-22 10:00:00,296.2213229065616,0.8736044236711366,46.04159182570267,22.568225871095578
2026-01-22 11:00:00,296.8231635820944,0.9697952206268494,61.2636539349742,25.14529696974962
2026-01-22 12:00:00,296.47741755164066,0.9998810706625052,60.642702799793824,26.73603665188451
2026-01-22 13:00:00,294.70191572575163,0.9618112073097288,35.585502492984894,26.88167681120814
2026-01-22 14:00:00,291.9337809118325,0.8581806178840513,45.89832321205103,25.621969351001486
2026-01-22 15:00:00,291.5091298964305,0.6960531592364588,50.22611043298,27.407699151687645
2026-01-22 16:00:00,291.2362783968822,0.4864800582860274,42.325456523449695,24.814941732437127
2026-01-22 17:00:00,289.06908095588324,0.2437466181766985,64.82681544582186,25.011550717941326
2026-01-22 18:00:00,287.2728920848258,0.0,55.49733487493943,23.869589940486634
2026-01-22 19:00:00,290.4182476471283,0.0,35.80871146059614,20.934328034173678
2026-01-22 20:00:00,288.17331206500705,0.0,57.02962495320347,19.86570569986685
2026-01-22 21:00:00,290.3987253827233,0.0,52.78044813434106,17.810979478166548
2026-01-22 22:00:00,291.0051488681479,0.0,474.8445530578223,16.204710219399598
2026-01-22 23:00:00,294.66829319335994,0.0,537.9002159741844,17.57124591393713
2026-01-23 00:00:00,296.3673347327953,0.0,589.0770342030025,14.255483419096194
2026-01-23 01:00:00,296.183365670112,0.0,520.7597428689762,13.797816229131776
2026-01-23 02:00:00,297.34839571470405,0.0,535.0899744397659,11.906302760158715
2026-01-23 03:00:00,300.0994485072072,0.0,452.4224009931153,14.72175636003054
2026-01-23 04:00:00,301.60092403309545,0.0,527.2683439849362,12.675959476355088
2026-01-23 05:00:00,302.50825037832686,0.0,448.4313641811214,13.273814978404218
2026-01-23 06:00:00,300.29245774692384,0.0159601481328864,42.14212489647267,15.641362093998012
2026-01-23 07:00:00,300.5811998864188,0.2742311417352387,34.230392724182835,17.329321975216796
2026-01-23 08:00:00,299.4494802191332,0.5138094931357485,43.12929083625187,20.272766181150363
2026-01-23 09:00:00,298.5985590707875,0.7183646266977483,35.28621942151623,21.99394440740459
2026-01-23 10:00:00,297.8731680108841,0.8739532831034605,61.98427563905823,25.509511921758335
2026-01-23 11:00:00,295.74720089084303,0.9699699451732744,45.05492242179907,24.547998167073224
2026-01-23 12:00:00,294.3541533014638,0.9998697504304878,55.03983896585084,25.29018553658994
2026-01-23 13:00:00,293.6925809725508,0.9616146139295272,51.88007937442722,26.961285322215065
2026-01-23 14:00:00,290.6186997953886,0.8578121519114598,51.09015536335885,25.905978764364047
2026-01-23 15:00:00,290.3637358062668,0.6955379367197336,43.196741077175695,27.018762650125684
2026-01-23 16:00:00,289.7469209227925,0.4858531987600928,55.6887913424299,25.3217697803291
2026-01-23 17:00:00,289.3587586657574,0.2430508507815148,46.80108627969145,24.960475495418248
2026-01-23 18:00:00,290.62314370717246,0.0,64.87672266421103,22.92035947616354
2026-01-23 19:00:00,290.15322572114803,0.0,59.76323939182654,20.53277142504806
2026-01-23 20:00:00,290.17782954299787,0.0,50.33214512192528,19.32665667133784
2026-01-23 21:00:00,292.0053048118322,0.0,45.926064841146015,18.709831277860875
2026-01-23 22:00:00,292.3118816874051,0.0,395.14419003581816,17.72349532702565
2026-01-23 23:00:00,295.0579039556894,0.0,528.5405332932852,15.05642086154156
2026-01-24 00:00:00,296.029999380633,0.0,467.4655628065334,13.237736418577306
2026-01-24 01:00:00,298.6859754225101,0.0,529.1863696275309,12.585573421720982
2026-01-24 02:00:00,296.8055661986903,0.0,519.2098286209084,14.448385811839055
2026-01-24 03:00:00,299.36243721294045,0.0,549.6668564268005,13.859953518191796
2026-01-24 04:00:00,300.00899672671136,0.0,567.5524714282753,15.03716908952974
2026-01-24 05:00:00,300.7915193625606,0.0,500.7111541250695,15.427846793527738
2026-01-24 06:00:00,301.8954132637726,0.0166773930813103,43.71274500019432,16.95049088919188
2026-01-24 07:00:00,301.2927963316728,0.2749209115023064,45.941174255055344,18.405465527202967
2026-01-24 08:00:00,299.70970724652744,0.5144247703791703,51.52055729750517,19.15042054355583
2026-01-24 09:00:00,300.16887784159144,0.7188634717702126,36.47324124703534,19.763425302519906
2026-01-24 10:00:00,298.7067159509854,0.874301692819207,34.31897324971632,21.89446586415387
2026-01-24 11:00:00,298.68675991646506,0.9701441705951296,60.16784726638453,25.741204727886593
2026-01-24 12:00:00,294.9861707614587,0.9998579156881452,54.45180569837447,27.042070898792893
2026-01-24 13:00:00,293.40700988941626,0.9614175257242344,63.06636838042487,25.609935099809668
2026-01-24 14:00:00,292.6160014816228,0.8574432445281795,51.61372852462136,28.631170449601168
2026-01-24 15:00:00,290.39752383588745,0.6950223562949611,56.06976841910057,26.746503007548863
2026-01-24 16:00:00,288.97068802793234,0.485226089225132,48.09123289217671,26.55605864875856
2026-01-24 17:00:00,289.2308719137561,0.2423549583178411,29.158898926726643,25.165850937254543
2026-01-24 18:00:00,290.4667785005337,0.0,51.8202746506076,24.746431397523505
2026-01-24 19:00:00,288.6243110986743,0.0,69.13410010300058,22.441620623293566
2026-01-24 20:00:00,289.0343227915607,0.0,43.76196280534745,21.928662681966426
2026-01-24 21:00:00,293.0525649589766,0.0,49.69215082610258,18.62027017266666
2026-01-24 22:00:00,292.05526349232656,0.0,495.0609186989296,17.721177119312966
2026-01-24 23:00:00,293.260422644179,0.0,510.8807665717656,14.845017623068243
2026-01-25 00:00:00,295.2632806362502,0.0,511.9555058596432,12.94159249240542
2026-01-25 01:00:00,298.0528405802596,0.0,471.77518469890697,11.450344828448056
2026-01-25 02:00:00,298.3351088529255,0.0,507.3456498277709,14.396303481499011
2026-01-25 03:00:00,297.76545188277083,0.0,490.0223890480578,12.67716023410454
2026-01-25 04:00:00,299.8995782350627,0.0,457.6698699271915,13.920285300345693
2026-01-25 05:00:00,301.11745330324203,0.0,542.7009858270538,16.406454393312735
2026-01-25 06:00:00,301.0624963512125,0.0173946294479539,36.88129203714506,19.556136926194196
2026-01-25 07:00:00,300.15949849520086,0.2756105398013275,70.39253619611323,16.73585158978692
2026-01-25 08:00:00,300.59553596383023,0.5150397829112818,50.13757843284871,19.58524453641744
2026-01-25 09:00:00,299.60563218888126,0.719361946931837,59.70381042380087,22.23865454937691
2026-01-25 10:00:00,298.5545623133421,0.8746496526391198,60.92445113259386,23.58771558212246
2026-01-25 11:00:00,295.3229284089847,0.970317896802776,57.8779962168413,25.64406870911444
2026-01-25 12:00:00,294.9630770753037,0.999845566441566,61.53324707411729,26.06386941770232
2026-01-25 13:00:00,294.74792216132084,0.9612199427952518,61.389525095404906,27.983072529266785
2026-01-25 14:00:00,292.256693253213,0.8570738959240128,58.61048333276891,26.154821287410766
2026-01-25 15:00:00,290.74572614039147,0.6945064182274064,48.72382714768711,27.805519793273803
2026-01-25 16:00:00,290.5521706790871,0.4845987300037915,36.188815377217736,26.89209049148418
2026-01-25 17:00:00,288.89817359835723,0.2416589411437953,54.56544726769182,25.078550702512207
2026-01-25 18:00:00,288.7192651785135,0.0,44.9561151185507,24.446250057862535
2026-01-25 19:00:00,289.28416466384425,0.0,63.28467229153766,22.271409026120345
2026-01-25 20:00:00,288.75691601345494,0.0,45.91158652561123,19.726986792192484
2026-01-25 21:00:00,291.2406251243538,0.0,57.2201769945146,18.303384464056077
2026-01-25 22:00:00,292.49004435321643,0.0,481.8082682668481,16.56448496270362
2026-01-25 23:00:00,292.53377813306514,0.0,496.9144017885928,14.425732944663306
2026-01-26 00:00:00,295.1459414394024,0.0,523.2832526588343,14.417734968941248
2026-01-26 01:00:00,298.20576358505787,0.0,549.0388979416375,13.176169633697862
2026-01-26 02:00:00,299.07457170036963,0.0,483.3666194842602,13.61067930547757
2026-01-26 03:00:00,298.4467372903998,0.0,532.6839962632182,13.376318740367983
2026-01-26 04:00:00,300.7505632105622,0.0,411.5327194255137,13.668155829033958
2026-01-26 05:00:00,300.68185587457333,0.0,516.2316523341116,15.655475437896088
2026-01-26 06:00:00,301.53847688929795,0.0181118568637152,51.76832713400344,15.836029916894535
2026-01-26 07:00:00,299.8508504961828,0.2763000262774077,40.42491351611992,17.08023956216995
2026-01-26 08:00:00,300.8084950743186,0.5156545304155626,60.27452513981224,21.123543712938098
2026-01-26 09:00:00,298.3923515922545,0.7198600519260778,51.48534854815839,21.133760664355385
2026-01-26 10:00:00,298.44869770785255,0.8749971623841191,58.564819482566335,23.847109626980927
2026-01-26 11:00:00,296.030144287246,0.970491123706804,32.679012857287645,24.120156942831787
2026-01-26 12:00:00,295.64637428081863,0.9998327026971064,70.66235231575897,24.643999518851704
2026-01-26 13:00:00,292.13608297714285,0.961021865244267,64.89632168686056,25.88159826008443
2026-01-26 14:00:00,290.27654465405465,0.8567041062890474,33.015102563046426,27.243763621743756
2026-01-26 15:00:00,289.332634159254,0.6939901227826005,55.65114216380693,24.613682378832316
2026-01-26 16:00:00,289.71568618458195,0.483971121418946,44.34214363283492,25.733568676202772
2026-01-26 17:00:00,290.3659327632954,0.2409627996175597,27.853131032142645,25.52881511772694
2026-01-26 18:00:00,289.82514481334886,0.0,58.50864213008912,23.619926869022073
2026-01-26 19:00:00,287.3910085625459,0.0,49.87343434395852,20.085442462879637
2026-01-26 20:00:00,288.1775424480488,0.0,49.44294461553811,22.82956747167465
2026-01-26 21:00:00,290.90234903832174,0.0,56.607581089401336,19.807825049458863
2026-01-26 22:00:00,292.91074116142545,0.0,510.9879439089029,15.912141724437012
2026-01-26 23:00:00,293.6722633608844,0.0,535.7705637556071,15.303887762049024
2026-01-27 00:00:00,294.007363816207,0.0,511.6430551366981,15.875158849224523
2026-01-27 01:00:00,295.5337548961643,0.0,579.3474185778362,11.402436454625896
2026-01-27 02:00:00,298.8734781920064,0.0,491.18989725092433,12.238893651609478
2026-01-27 03:00:00,298.02780835650253,0.0,481.8401823940119,13.04136237581406
2026-01-27 04:00:00,302.34631886628483,0.0,482.3965320957312,12.925125858387329
2026-01-27 05:00:00,302.9244923903392,0.0,517.0208344325971,15.344573917357701
2026-01-27 06:00:00,301.28721010196267,0.0188290749594968,54.108057123237145,16.55772745336345
2026-01-27 07:00:00,300.400257791348,0.2769893705757253,55.1413095390428,20.15717140879456
2026-01-27 08:00:00,300.64204698628373,0.5162690125757264,51.49486957637742,19.608846810900467
2026-01-27 09:00:00,299.08183045420043,0.7203577864966612,57.57516929906858,22.489940032804537
2026-01-27 10:00:00,296.87548821007937,0.8753442218754117,58.21785570464138,24.282223279195176
2026-01-27 11:00:00,296.2181391477457,0.9706638512180892,45.37406704394492,22.943578904574178
2026-01-27 12:00:00,294.0347326238077,0.9998193244613844,54.37538222883229,25.91402706382832
2026-01-27 13:00:00,292.857753847963,0.9608232931731904,52.753586849281646,27.58312773860882
2026-01-27 14:00:00,290.96533568008283,0.8563338758135391,47.79518669996981,26.623307439136482
2026-01-27 15:00:00,291.19535030543057,0.6934734702261763,49.21002532303538,25.433208150352588
2026-01-27 16:00:00,290.6004982447096,0.4833432637934989,57.71177375395816,25.92517193338377
2026-01-27 17:00:00,291.0120413268779,0.2402665340972979,55.85956987818802,25.629516005518276
2026-01-27 18:00:00,288.1805999081497,0.0,58.05656918032199,24.29129654486246
2026-01-27 19:00:00,289.6887231843481,0.0,32.757295295686795,21.346710716055497
2026-01-27 20:00:00,289.9903298410772,0.0,39.211308794646726,20.47372905269972
2026-01-27 21:00:00,293.2886771326271,0.0,53.5512472355674,18.123362150776767
2026-01-27 22:00:00,293.7702911522269,0.0,516.0896528002853,15.171772543445265
2026-01-27 23:00:00,294.63476272189854,0.0,534.125133668216,13.88845081836125
2026-01-28 00:00:00,294.20704578992166,0.0,399.12592952975615,13.841633394024774
2026-01-28 01:00:00,296.4171099291414,0.0,470.7615398445967,14.140963251642903
2026-01-28 02:00:00,298.9565796850085,0.0,463.2380702259618,12.972210754888582
2026-01-28 03:00:00,300.88143190319545,0.0,482.1787175567195,12.92290232870676
2026-01-28 04:00:00,300.54489891041527,0.0,403.41639475478667,15.538329312905127
2026-01-28 05:00:00,301.0975389141745,0.0,504.5631497965802,13.746005998989643
2026-01-28 06:00:00,301.91674723864605,0.0195462833662913,52.41080217215565,14.708590772195866
2026-01-28 07:00:00,301.32306965853746,0.2776785723416143,49.34098733277757,18.259151156152658
2026-01-28 08:00:00,300.34652389707907,0.5168832290755504,39.84001639205248,19.27981990635092
2026-01-28 09:00:00,301.3788653200609,0.7208551503874442,62.8739377014491,21.493670394349973
2026-01-28 10:00:00,298.2444933034592,0.875690830934395,43.822838328683055,23.778359739621322
2026-01-28 11:00:00,294.96385058961164,0.970836079247743,58.38692277596486,24.819178828020085
2026-01-28 12:00:00,294.9473700927577,0.9998054317412848,48.15824519941237,26.752651006228582
2026-01-28 13:00:00,294.6948107472744,0.9606242266842104,51.6361594463454,27.980947839966866
2026-01-28 14:00:00,292.4625816891613,0.8559632046880151,42.4961153979405,27.41289313565995
2026-01-28 15:00:00,290.6402581853172,0.6929564608240122,48.34194995602374,25.62578599786071
2026-01-28 16:00:00,290.1791456654757,0.4827151574505563,44.10732599335539,26.609237664877902
2026-01-28 17:00:00,290.15406794108964,0.2395701449413198,48.53997463897238,24.332929799966948
2026-01-28 18:00:00,289.81004149046936,0.0,67.89638060686976,24.4554049430221
2026-01-28 19:00:00,288.1815716828338,0.0,54.16179908114335,23.602349476651792
2026-01-28 20:00:00,291.7274921843492,0.0,57.85921836409092,20.481741815054548
2026-01-28 21:00:00,292.83385645664504,0.0,49.89399797534979,17.958052713012872
2026-01-28 22:00:00,293.6939061738732,0.0,559.4296030313105,17.301830621649923
2026-01-28 23:00:00,295.9079309936825,0.0,556.7698770255099,16.165988026780916
2026-01-29 00:00:00,296.33141092470726,0.0,471.3799526578085,13.537337158864084
2026-01-29 01:00:00,296.40474917079666,0.0,590.0136305990109,11.8691748560569
2026-01-29 02:00:00,299.7769309353474,0.0,526.8748643463233,12.049222447980314
2026-01-29 03:00:00,299.9810205759176,0.0,497.2875666463288,13.200140621319477
2026-01-29 04:00:00,300.0701595252074,0.0,421.48080814139007,14.862711668608403
2026-01-29 05:00:00,301.5022775608475,0.0,535.964853305647,16.080257306545008
2026-01-29 06:00:00,301.3467626682883,0.0202634817149827,37.237237641912245,14.835921093561945
2026-01-29 07:00:00,300.6665496279118,0.2783676312203723,51.44828959190228,16.766441795666733
2026-01-29 08:00:00,300.93927673055595,0.5174971795989481,45.09796380932828,22.06252345597562
2026-01-29 09:00:00,301.0448290695906,0.7213521433424751,40.23994573567342,21.183068706036664
2026-01-29 10:00:00,298.3284936660033,0.8760369893826981,52.25415526266574,24.14677039881546
2026-01-29 11:00:00,296.0712172343735,0.9710078077071336,61.07916946116614,25.82296920802922
2026-01-29 12:00:00,294.01819841338005,0.9997910245439569,66.15579882034046,26.30279409348086
2026-01-29 13:00:00,291.9942133563848,0.9604246658797704,56.11565439624596,27.960689950904626
2026-01-29 14:00:00,291.521226924103,0.8555920931032288,52.80532187003711,27.765622347494148
2026-01-29 15:00:00,291.0074480549195,0.6924390948421697,60.64760756481546,24.844958883731053
2026-01-29 16:00:00,289.70561267126715,0.4820868027133525,41.57799104417438,25.10551539470415
2026-01-29 17:00:00,289.98123370158334,0.2388736325079992,66.32558999062078,25.088770836355216
2026-01-29 18:00:00,288.2231646629192,0.0,50.34820951075938,22.814325666253573
2026-01-29 19:00:00,287.15164796136673,0.0,40.28157405950125,24.359213247426016
2026-01-29 20:00:00,291.0300710861973,0.0,53.04253823644336,20.48429870956249
2026-01-29 21:00:00,292.0816028014246,0.0,41.088073485920745,18.55268959318457
2026-01-29 22:00:00,290.81121402621767,0.0,511.90880188883233,16.00993773577365
2026-01-29 23:00:00,294.40820876254617,0.0,489.2241106680333,14.967011606227022
2026-01-30 00:00:00,294.36043889469096,0.0,514.1696587219691,14.826385621039176
2026-01-30 01:00:00,295.9089736899488,0.0,531.772192607269,13.34833645008518
2026-01-30 02:00:00,298.38707144254187,0.0,560.305629181513,13.146042667180813
2026-01-30 03:00:00,300.0980049670454,0.0,523.4658535563975,14.934653617760196
2026-01-30 04:00:00,300.2291626050873,0.0,516.1779130464654,13.629538592840259
2026-01-30 05:00:00,299.1210080443311,0.0,480.121560848906,15.036300855172906
2026-01-30 06:00:00,300.15308698717405,0.0209806696365738,37.4672679889456,16.325853138447428
2026-01-30 07:00:00,301.9573213259894,0.2790565468574797,49.25328828858362,14.991431022646179
2026-01-30 08:00:00,299.5229551663541,0.5181108638300432,48.25164744145604,21.542433792483944
2026-01-30 09:00:00,298.0881926661346,0.7218487651060519,44.81273720033694,22.3021123528882
2026-01-30 10:00:00,298.30552168737825,0.8763826970422232,61.10894646528918,22.321923868867096
2026-01-30 11:00:00,296.5729886097126,0.9711790365079076,41.55819891145584,25.607970085706622
2026-01-30 12:00:00,297.441531422811,0.9997761028768132,63.24443397296683,25.927287650468404
2026-01-30 13:00:00,295.4966141482673,0.9602246108625436,49.97600353665207,27.12740578929476
2026-01-30 14:00:00,293.08975607201063,0.8552205412501166,54.90896234560552,28.213748012494953
2026-01-30 15:00:00,291.5255746613382,0.691921372546833,63.38856005978333,26.571942352485628
2026-01-30 16:00:00,289.3054243323579,0.4814581999051747,33.83319625794616,26.7584477635484
2026-01-30 17:00:00,288.8835451834104,0.2381769971556904,50.95100776451656,25.13530296915811
2026-01-30 18:00:00,287.83958774402475,0.0,60.58548787101324,23.067566644321186
2026-01-30 19:00:00,291.0546769398936,0.0,48.99664413657142,21.02231287305473
2026-01-30 20:00:00,289.77128159257336,0.0,49.45233514064984,19.699202268107936
2026-01-30 21:00:00,291.5634805698794,0.0,54.80210349059331,19.72838639385258
2026-01-30 22:00:00,290.72162194457474,0.0,482.4047810631589,17.063005895509725
2026-01-30 23:00:00,292.4245596183705,0.0,507.52628150441785,15.243800246526893
2026-01-31 00:00:00,295.64465761833776,0.0,455.4058426030217,15.125060061980733
2026-01-31 01:00:00,297.2425005994473,0.0,414.3495437458969,12.789817902868865
2026-01-31 02:00:00,298.41642183357965,0.0,411.9989309959116,14.750500207426748
2026-01-31 03:00:00,299.34919111591296,0.0,503.5375510274437,14.2990889282182
2026-01-31 04:00:00,300.2989526528379,0.0,501.7300246494442,14.267372235002007
2026-01-31 05:00:00,300.15302146690215,0.0,543.1325906071916,15.403805876100552
2026-01-31 06:00:00,300.51030258389454,0.0216978467619876,45.9028798209506,17.061298647231737
2026-01-31 07:00:00,300.4573190848137,0.2797453188984091,35.283883000229565,17.65349414807572
2026-01-31 08:00:00,300.2553847411705,0.5187242814530235,53.89931127681406,20.628760260702936
2026-01-31 09:00:00,298.35065582198723,0.7223450154226047,48.52472714746304,21.04176420580637
2026-01-31 10:00:00,298.5094916003554,0.876727953735063,50.762829615195606,23.593153564982472
2026-01-31 11:00:00,297.8181780307932,0.971349765561947,39.82522060799825,26.63647924002793
2026-01-31 12:00:00,295.5805507210726,0.9997606667475328,42.20095507039478,25.8588319735567
2026-01-31 13:00:00,293.1630964901053,0.960024061735482,64.13942840955141,26.642099536834888
2026-01-31 14:00:00,291.14649456226533,0.8548485493198853,44.83599503990331,26.370836148122255
2026-01-31 15:00:00,289.60742893415585,0.6914032942044304,43.68842803244871,27.594689507546732
2026-01-31 16:00:00,290.225172310604,0.4808293493495376,37.54705385844784,26.213831761300803
2026-01-31 17:00:00,288.3877874095056,0.2374802392429214,51.833516742185495,25.816309542998198
2026-01-31 18:00:00,288.49596338648587,0.0,43.48439396746147,23.21597969488218
2026-01-31 19:00:00,287.63083856849164,0.0,50.77208681275142,21.738355314901767
2026-01-31 20:00:00,291.3653009206116,0.0,42.29317247545194,20.503131268691128
2026-01-31 21:00:00,290.87478295070946,0.0,64.05748974245452,17.920602836715283
2026-01-31 22:00:00,292.4555775490456,0.0,484.3724905340528,15.410748285203564
2026-01-31 23:00:00,292.89013931071736,0.0,484.57025630455786,14.211554120854235
2026-02-01 00:00:00,295.6872656857879,0.0,503.9297769535646,13.240789698485633
2026-02-01 01:00:00,296.33883726258404,0.0,426.571057646414,13.888623493554134
2026-02-01 02:00:00,299.0852295745729,0.0,452.0708223514508,13.27536764971084
2026-02-01 03:00:00,300.9311711775184,0.0,510.8367048638855,12.784907569948711
2026-02-01 04:00:00,301.0935062523158,0.0,539.5000736361961,13.300461122859375
2026-02-01 05:00:00,300.2969537342556,0.0,484.0212621281754,13.935708900710075
2026-02-01 06:00:00,300.45479749798244,0.0224150127221525,58.68574604702538,15.660001701687882
2026-02-01 07:00:00,301.8770136178712,0.2804339469887065,63.9236667657274,18.189821282554156
2026-02-01 08:00:00,300.44741096054986,0.5193374321522137,41.54545642761335,18.156538770655516
2026-02-01 09:00:00,300.31206893047744,0.7228408940367544,45.803360271774736,22.128636392972997
2026-02-01 10:00:00,298.79190851612003,0.8770727592835429,42.15573181216075,23.380487666184976
2026-02-01 11:00:00,297.0664183572592,0.9715199947813924,46.708289942265296,27.060249617714994
2026-02-01 12:00:00,295.3313254614976,0.9997447161640592,60.34866447324919,26.414367544886677
2026-02-01 13:00:00,293.18424507927426,0.9598230186017914,58.38410035929778,26.55263937756472
2026-02-01 14:00:00,292.2984152206318,0.8544761175039682,63.79175233412237,27.304559070022886
2026-02-01 15:00:00,290.9656959943917,0.6908848600815739,61.26450910113756,26.98634468434163
2026-02-01 16:00:00,287.11409580648376,0.4802002513699837,47.01770033454479,28.060648901540674
2026-02-01 17:00:00,289.75293578382025,0.2367833591281728,44.11908550879099,24.298621591279936
2026-02-01 18:00:00,288.9849664436147,0.0,56.51586257666692,22.737983403046414
2026-02-01 19:00:00,288.786786189778,0.0,47.52473183548577,21.68458249776225
2026-02-01 20:00:00,289.88320067284315,0.0,41.67097513506033,20.78328465255745
2026-02-01 21:00:00,290.15988044253226,0.0,32.69605217920535,19.461305907358724
2026-02-01 22:00:00,291.6914331155392,0.0,470.70634668392,16.506901331891566
2026-02-01 23:00:00,294.05892632328295,0.0,416.2031585815061,15.005452145973624
2026-02-02 00:00:00,295.5922620096462,0.0,440.0068756072956,15.402164005179323
2026-02-02 01:00:00,296.44209241451614,0.0,492.7482802187963,13.096639762913503
2026-02-02 02:00:00,298.0692543844792,0.0,475.73084160845616,12.762288461573174
2026-02-02 03:00:00,300.65601209244744,0.0,424.56122729765207,11.742702802111943
2026-02-02 04:00:00,301.0698234554721,0.0,422.5601075039774,13.56660821729514
2026-02-02 05:00:00,301.7036937350575,0.0,473.19338781945976,16.980841151332324
2026-02-02 06:00:00,301.19995575965294,0.0231321671480879,44.31796365493496,16.47120753354944
2026-02-02 07:00:00,301.3860248525172,0.2811224307740741,28.01333683702516,18.379350387679875
2026-02-02 08:00:00,301.5574789545307,0.519950315612149,46.155417711798016,21.085070733330344
2026-02-02 09:00:00,299.11455448392246,0.7233364006933728,53.9103697707481,20.57792744445609
2026-02-02 10:00:00,298.3054254497878,0.8774171135102607,46.58920860230682,23.684351615388433
2026-02-02 11:00:00,295.1440775415971,0.9716897240786606,54.87462548522712,23.951637362834276
2026-02-02 12:00:00,295.11571712732194,0.9997282511345992,46.10199651777032,25.119863434175752
2026-02-02 13:00:00,293.45084334036807,0.9596214815649082,51.39250400077199,27.020905910043734
2026-02-02 14:00:00,291.94085651772,0.8541032459939809,49.49093985820705,26.850041112370242
2026-02-02 15:00:00,291.6691680603724,0.6903660704449972,47.506119380568286,27.198192712032604
2026-02-02 16:00:00,288.4309302322644,0.4795709062902572,48.23666821668404,27.22055781465922
2026-02-02 17:00:00,290.21970745437045,0.2360863571700709,48.85044510429163,26.23353567498775
2026-02-02 18:00:00,290.4522732456266,0.0,51.62122535697319,23.764597423940344
2026-02-02 19:00:00,288.3063417380362,0.0,42.28203691748392,20.69731839165536
2026-02-02 20:00:00,290.635112661292,0.0,47.939615376812434,19.067953457339513
2026-02-02 21:00:00,291.26754470556887,0.0,33.8056192162212,16.608486572579963
2026-02-02 22:00:00,291.2991801203671,0.0,478.4524852972525,16.30698398514205
2026-02-02 23:00:00,292.3704003540852,0.0,525.8116431621206,14.648307116629319
2026-02-03 00:00:00,293.1186271052455,0.0,461.8757537346737,11.857431174955654
2026-02-03 01:00:00,297.37339054083964,0.0,452.5888419659288,12.326287406885161
2026-02-03 02:00:00,297.84235909853936,0.0,520.5334284920176,12.237486557563715
2026-02-03 03:00:00,298.77391042103966,0.0,397.69167998339685,14.1928374245498
2026-02-03 04:00:00,299.238152824852,0.0,587.652840315082,13.374797514108746
2026-02-03 05:00:00,299.8918945298471,0.0,432.6569454908882,13.29303145138635
2026-02-03 06:00:00,302.0051090656579,0.0238493096707341,40.52702851192187,16.63534382312057
2026-02-03 07:00:00,300.41246880341663,0.2818107699002065,55.808262409451416,17.40800433654978
2026-02-03 08:00:00,301.0888253026624,0.5205629315174292,41.52931901046818,20.486297553235005
2026-02-03 09:00:00,298.8442989485594,0.7238315351374439,40.067351830840096,22.686928864303066
2026-02-03 10:00:00,298.770670766901,0.8777610162379925,46.90327948810476,23.32944042614967
2026-02-03 11:00:00,297.39065440328176,0.9718589533664,48.52471813721448,25.378766676749816
2026-02-03 12:00:00,294.2993973001028,0.9997112716676262,37.17597511545671,23.950268260367558
2026-02-03 13:00:00,293.0253709806444,0.959419450728555,34.13898663787214,28.37141080750742
2026-02-03 14:00:00,292.91393567139176,0.8537299349818241,43.80667658986937,27.830100612462427
2026-02-03 15:00:00,291.44694543277853,0.6898469255616984,70.2650577868483,27.833629200379068
2026-02-03 16:00:00,289.48851505683484,0.47894131443423,57.19134533820652,26.39633997011981
2026-02-03 17:00:00,289.3905829749328,0.2353892337273047,54.21673104876762,26.120960125340925
2026-02-03 18:00:00,290.8008453269541,0.0,38.413335259255376,25.086468692180166
2026-02-03 19:00:00,289.89475997971203,0.0,56.64769189503532,23.060772764156297
2026-02-03 20:00:00,289.2844605756756,0.0,47.88887650835442,19.795409869291877
2026-02-03 21:00:00,291.5696920107708,0.0,46.72250719282771,17.772871292607356
2026-02-03 22:00:00,293.21975856246405,0.0,453.506511093064,15.688277882718621
2026-02-03 23:00:00,293.18078237896043,0.0,453.4897889348962,15.666918100219048
2026-02-04 00:00:00,294.63947972773605,0.0,484.0164037988735,15.285742094925457
2026-02-04 01:00:00,296.01676378851243,0.0,561.4683181792408,13.512712746086144
2026-02-04 02:00:00,297.3861874849895,0.0,506.5491546259396,13.477715313285023
2026-02-04 03:00:00,297.82547072525097,0.0,485.5017742815643,12.025262155451273
2026-02-04 04:00:00,300.1866919462267,0.0,424.4483277122368,14.737456339310189
2026-02-04 05:00:00,301.3041677997184,0.0,522.7344313942242,15.779563350941844
2026-02-04 06:00:00,302.27905073347364,0.0245664399210374,70.20397751398616,16.555499928105082
2026-02-04 07:00:00,300.0133777980389,0.2824989640128726,70.5058693238893,18.541307603759577
2026-02-04 08:00:00,301.4225972367102,0.5211752795527917,39.21091426414616,20.085903462738866
2026-02-04 09:00:00,299.88183050583774,0.7243262971142219,59.34919186166485,22.074527961760403
2026-02-04 10:00:00,300.02662798378384,0.8781044672898011,71.83835744954895,23.854137585321393
2026-02-04 11:00:00,297.9098925695608,0.9720276825575418,43.11476130486823,25.929522959603005
2026-02-04 12:00:00,294.9456011425031,0.9996937777718766,56.266119430811614,24.90856185087812
2026-02-04 13:00:00,292.36987614836346,0.959216926196676,65.90030406923732,27.326013108888027
2026-02-04 14:00:00,291.40527147406874,0.8533561846595656,55.21234566457891,27.204715103189827
2026-02-04 15:00:00,288.76645773168246,0.6893274256987766,46.13095982109528,27.196872484771653
2026-02-04 16:00:00,289.137396545114,0.4783114761258258,68.56354992223413,25.44769055362906
2026-02-04 17:00:00,289.11879754033407,0.234691989158543,58.67154997932551,26.56153588679588
2026-02-04 18:00:00,290.3655387260126,0.0,42.74442088321216,24.119584473539785
2026-02-04 19:00:00,291.58297353386587,0.0,55.037553994190446,22.14204820793422
2026-02-04 20:00:00,290.84052674029675,0.0,51.67481994107551,21.092873300942124
2026-02-04 21:00:00,290.51309624785466,0.0,61.18701141425879,18.776963864485264
2026-02-04 22:00:00,291.28378307171107,0.0,574.7208743823655,16.565882493393165
2026-02-04 23:00:00,294.80416533675265,0.0,474.9051702625575,15.295270941497215
2026-02-05 00:00:00,295.439457331566,0.0,477.6085699414367,14.408967450053186
2026-02-05 01:00:00,296.4472808390132,0.0,452.57715616308616,13.836502117715687
2026-02-05 02:00:00,299.87097582946103,0.0,436.4758784157653,13.039063068309712
2026-02-05 03:00:00,299.605103031335,0.0,533.1256321658849,13.215897516698872
2026-02-05 04:00:00,299.4659252600365,0.0,493.707204097917,12.149361763005901
2026-02-05 05:00:00,300.2343680747455,0.0,559.3680065507738,13.94939671581571
2026-02-05 06:00:00,302.73465699877727,0.0252835575300355,56.678532334721176,18.109018964368335
2026-02-05 07:00:00,301.1788196400249,0.2831870127579979,52.26216402135179,17.870999333470213
2026-02-05 08:00:00,301.8186937539556,0.5217873594031847,45.03954683273352,20.059242340421154
2026-02-05 09:00:00,298.86574082427785,0.724820686369094,43.95220830458165,21.68291064874752
2026-02-05 10:00:00,296.88286463260226,0.8784474664889405,70.64001387614846,23.02310330016621
2026-02-05 11:00:00,296.261059619544,0.9721959115652554,56.37670038713182,24.436941621566895
2026-02-05 12:00:00,296.0966997265088,0.9996757694563528,64.04272904384804,26.095559146090874
2026-02-05 13:00:00,293.09840120713494,0.9590139080734936,50.4825593832364,27.958493184406354
2026-02-05 14:00:00,292.63552521615907,0.8529819952195438,38.5127406169166,27.834797044120393
2026-02-05 15:00:00,292.21781613481414,0.6888075711235755,47.94799887924238,26.602461384475703
2026-02-05 16:00:00,289.9938321818317,0.4776813916891701,35.06018336595325,25.44105313884725
2026-02-05 17:00:00,290.1681672330168,0.2339946238225997,44.33338358258031,26.691664676509433
2026-02-05 18:00:00,288.0242294311422,0.0,34.16642725271616,24.51837729060694
2026-02-05 19:00:00,290.3733111376052,0.0,61.79932870088153,20.745480534230694
2026-02-05 20:00:00,289.49070049317555,0.0,46.98440445410039,20.50222461190316
2026-02-05 21:00:00,289.94404193849306,0.0,60.51265670161183,18.51704541378508
2026-02-05 22:00:00,291.9451105932463,0.0,475.1140425302813,17.205619038074385
2026-02-05 23:00:00,295.10541826252984,0.0,463.6722804635535,14.823519370557419
2026-02-06 00:00:00,296.0610838114903,0.0,507.3340979997187,14.71742479513102
2026-02-06 01:00:00,296.17449946625834,0.0,582.0271471843598,12.818712100601582
2026-02-06 02:00:00,299.9859222320805,0.0,554.2562867874436,13.496545712063279
2026-02-06 03:00:00,299.76227284843685,0.0,504.0639146416122,13.212641935463543
2026-02-06 04:00:00,300.8472789605127,0.0,362.4082891563558,13.651189734224245
2026-02-06 05:00:00,300.176617133875,0.0,511.3052007790958,14.15538436555748
2026-02-06 06:00:00,301.1700094328557,0.0260006621286592,57.12120618251346,16.94520290417397
2026-02-06 07:00:00,299.6784353905059,0.2838749157814737,65.53939085642821,16.497538047249904
2026-02-06 08:00:00,301.1310092280851,0.5223991707535972,47.414120086980105,21.04882249252367
2026-02-06 09:00:00,299.20562916076705,0.7253147026476392,38.70071445272247,21.842704298703474
2026-02-06 10:00:00,298.1228904775966,0.8787900136588976,29.04300347786848,23.529021480892812
2026-02-06 11:00:00,296.7586001504503,0.9723636403029674,44.62090588085808,25.396441544028647
2026-02-06 12:00:00,294.8113316172372,0.999657246730322,48.58932668695602,25.561788293241733
2026-02-06 13:00:00,291.7190452295645,0.9588103964634846,50.2759695698966,27.601122534229233
2026-02-06 14:00:00,290.249713216052,0.8526073668543226,59.58609347478766,27.322649522481942
2026-02-06 15:00:00,290.1282945249751,0.6882873621036208,38.47246520040571,26.261148629935903
2026-02-06 16:00:00,290.464077121206,0.4770510614485151,49.413200555913214,26.619713696698284
2026-02-06 17:00:00,289.4107542341165,0.2332971380783507,36.96393134757137,25.651720792738146
2026-02-06 18:00:00,290.61787762229176,0.0,47.185029436915215,24.14236512597091
2026-02-06 19:00:00,289.8726870466264,0.0,53.29091802371127,21.914934033915685
2026-02-06 20:00:00,290.4361040297444,0.0,43.26353784129006,20.80692382507096
2026-02-06 21:00:00,291.95445936133683,0.0,50.546164563478406,18.080322718333598
2026-02-06 22:00:00,291.8570221571793,0.0,529.10180361915,17.486312335087753
2026-02-06 23:00:00,291.4955273268072,0.0,485.1413182871645,14.479004196729356
2026-02-07 00:00:00,293.40707619659736,0.0,585.5589546446256,13.542092685016733
2026-02-07 01:00:00,296.72900811154915,0.0,517.8920758371241,12.273188347124805
2026-02-07 02:00:00,298.23573059347734,0.0,504.1082036586447,12.662576727999825
2026-02-07 03:00:00,298.8875866735856,0.0,417.9221351988583,12.601291676898589
2026-02-07 04:00:00,299.070847417045,0.0,553.313671871019,13.001201965184704
2026-02-07 05:00:00,300.37977495628104,0.0,552.8002771183964,15.39499556405152
2026-02-07 06:00:00,299.4508662816007,0.0267177533479595,42.89373493115731,16.396055342645344
2026-02-07 07:00:00,302.1669536403841,0.2845626727293751,58.16310921192203,18.032237793276266
2026-02-07 08:00:00,300.99638349412214,0.5230107132892534,50.470718910006205,19.277419789932562
2026-02-07 09:00:00,300.3974362605582,0.7258083456956869,46.25608700950582,20.021244371197906
2026-02-07 10:00:00,297.4616656370304,0.8791321086234326,58.07891989331368,22.64438480857153
2026-02-07 11:00:00,296.7450631597693,0.9725308686843814,43.01877439284216,22.883089832987505
2026-02-07 12:00:00,295.62039026497564,0.9996382096033146,48.06234448889504,25.07801533831845
2026-02-07 13:00:00,290.5741885710482,0.9586063914713556,38.43106751270893,29.18021869114697
2026-02-07 14:00:00,293.3700977983495,0.8522322997566479,45.49082399483723,25.20942234432292
2026-02-07 15:00:00,290.6655407022761,0.6877667989065593,60.77756384743368,27.12514601020252
2026-02-07 16:00:00,290.6079208708924,0.4764204857281646,60.79391937940326,25.46885682890968
2026-02-07 17:00:00,290.64333925451723,0.2325995322846512,46.83369147919174,24.862107697962443
2026-02-07 18:00:00,289.4286481980851,0.0,36.96825805083692,25.50853369188718
2026-02-07 19:00:00,289.5138332050074,0.0,49.725665886176856,23.720321557571165
2026-02-07 20:00:00,291.0964979288126,0.0,51.3666796195828,18.635120893375205
2026-02-07 21:00:00,290.8298717939056,0.0,55.48711775185192,18.408666144780458
2026-02-07 22:00:00,292.1627786260357,0.0,511.3180948314544,16.85660124583502
2026-02-07 23:00:00,293.119142495421,0.0,531.4827491109053,15.112168271172903
2026-02-08 00:00:00,296.3944562949771,0.0,453.7605721064102,15.34139816478174
2026-02-08 01:00:00,296.9056939531081,0.0,461.8316985895096,13.705511071952586
2026-02-08 02:00:00,299.18050551644626,0.0,467.50814941520304,12.191893655435084
2026-02-08 03:00:00,300.7382854160121,0.0,533.9614614965494,13.87760653146989
2026-02-08 04:00:00,299.0678989411059,0.0,450.6194714002756,13.67022885551025
2026-02-08 05:00:00,300.2013010928215,0.0,440.4894808054325,14.61824980654724
2026-02-08 06:00:00,301.5437629584516,0.0274348308189091,64.54920666912388,18.071312276648648
2026-02-08 07:00:00,302.2037392070752,0.2852502832477706,61.93857556389543,18.147851454281803
2026-02-08 08:00:00,300.634776779387,0.5236219866954431,45.547721933062505,19.399114159847564
2026-02-08 09:00:00,298.5811008605161,0.7263016152591999,64.33845435456821,21.731722849766978
2026-02-08 10:00:00,299.5204829501224,0.8794737512064975,61.0071248073466,22.092852485310665
2026-02-08 11:00:00,295.48739338041696,0.9726975966234392,52.1050798181356,23.542795466435052
2026-02-08 12:00:00,295.36047281934805,0.9996186580851272,52.60897511772752,26.618470450573607
2026-02-08 13:00:00,295.08521162850195,0.9584018932020903,56.58864719836989,27.635662665407306
2026-02-08 14:00:00,292.8320251869428,0.8518567941195355,46.16666094841739,24.635400896866887
2026-02-08 15:00:00,290.27000818138595,0.6872458818002817,38.1228431828042,28.080022622117205
2026-02-08 16:00:00,290.0606188895968,0.4757896648526233,65.00234846589095,25.76874511885827
2026-02-08 17:00:00,288.675402699446,0.2319018068005286,45.9945940889865,24.795735030780428
2026-02-08 18:00:00,289.95726660562207,0.0,53.65958135735645,22.690459616376515
2026-02-08 19:00:00,291.15569139303904,0.0,51.66354723539419,22.615660413260734
2026-02-08 20:00:00,291.7817058722142,0.0,55.396795775272686,20.730333359540527
2026-02-08 21:00:00,289.68713627524073,0.0,49.8221136820688,19.092943346722972
2026-02-08 22:00:00,291.9100524119778,0.0,529.149336540465,17.382869513825288
2026-02-08 23:00:00,295.21812743821005,0.0,576.0258494906276,14.91189409046918
2026-02-09 00:00:00,295.676800015159,0.0,433.81454484582514,13.24204496673579
2026-02-09 01:00:00,295.1125451153443,0.0,592.1007306869091,12.56363339143924
2026-02-09 02:00:00,297.3172378382537,0.0,501.4581276850133,13.37256384050627
2026-02-09 03:00:00,298.6386208434242,0.0,457.069447404696,13.095778872333817
2026-02-09 04:00:00,298.6947041762878,0.0,511.0070571439056,14.701874884097322
2026-02-09 05:00:00,301.17914077609487,0.0,438.3099308746432,15.790859918960416
2026-02-09 06:00:00,300.2374538140505,0.0281518941724878,52.59865162265232,16.067703618308595
2026-02-09 07:00:00,300.5929988028651,0.2859377469828043,49.28990850422899,18.988588393639862
2026-02-09 08:00:00,300.58448303834376,0.5242329906575948,59.79301746403185,19.38731304891037
2026-02-09 09:00:00,300.908306499747,0.7267945110843336,58.563894072236494,21.56338036770034
2026-02-09 10:00:00,296.35926026802,0.8798149412322772,59.00944478092909,24.836483855362278
2026-02-09 11:00:00,296.6688456639078,0.9728638240343394,37.912931066557576,25.14158824444857
2026-02-09 12:00:00,296.0327149605045,0.9995985921858208,47.39394212890981,25.65827257102034
2026-02-09 13:00:00,293.1406557207234,0.958196901760928,43.956487488045205,26.233176669194567
2026-02-09 14:00:00,290.6315634861112,0.851480850136227,35.739133430370075,27.03159027621486
2026-02-09 15:00:00,291.56962859341934,0.6867246110528604,46.86963489370727,26.57758015725704
2026-02-09 16:00:00,289.20732833629665,0.4751585991465225,57.24908667150501,26.697862085098304
2026-02-09 17:00:00,287.98403189627635,0.2312039619849613,56.54469787681008,25.711915230882
2026-02-09 18:00:00,290.22839407042744,0.0,54.32478070717087,23.973850591531257
2026-02-09 19:00:00,290.08353881897114,0.0,53.26954194041137,23.57688993023013
2026-02-09 20:00:00,290.6782051396971,0.0,49.29103767677735,18.63536512537988
2026-02-09 21:00:00,290.35004528101774,0.0,60.99349524353737,18.031412018790004
2026-02-09 22:00:00,290.5339021990968,0.0,404.46952856935695,14.959462974119889
2026-02-09 23:00:00,294.0357203530207,0.0,522.1390230554748,14.483207573112644
2026-02-10 00:00:00,293.2819381924047,0.0,556.9311882876483,13.783440030788752
2026-02-10 01:00:00,297.2763939674357,0.0,424.1865000309974,12.643396708956983
2026-02-10 02:00:00,298.161800296201,0.0,430.4136168064724,12.799957273961503
2026-02-10 03:00:00,298.6971913432402,0.0,446.8723226524812,12.483571332496204
2026-02-10 04:00:00,301.0453466637515,0.0,593.5363907545058,13.524997550131708
2026-02-10 05:00:00,301.2641710680651,0.0,447.7897956041188,17.56904024502112
2026-02-10 06:00:00,300.25490362062,0.0288689430397678,43.78094321118135,14.111513801804973
2026-02-10 07:00:00,299.3027770595542,0.2866250635807773,46.50078448002791,18.104864284169143
2026-02-10 08:00:00,299.70012363378737,0.5248437248613479,63.762724397541504,19.790546125221137
2026-02-10 09:00:00,299.60154831868573,0.7272870329174939,58.23076429878427,21.813623216051887
2026-02-10 10:00:00,297.2731734278123,0.8801556785252304,46.80887953730563,25.170107256260962
2026-02-10 11:00:00,295.0164535330092,0.9730295508315584,66.35225923105442,23.55603525389644
2026-02-10 12:00:00,295.05852216693967,0.9995780119157204,48.29182116037633,25.574152351675107
2026-02-10 13:00:00,294.5046455145178,0.9579914172533356,35.69144349585517,26.584087095989346
2026-02-10 14:00:00,292.7409676662315,0.8511044680001448,52.56272996380042,27.513639654355043
2026-02-10 15:00:00,291.03677007380827,0.6862029869324886,39.36671295376088,26.08663825282519
2026-02-10 16:00:00,291.8284354533093,0.4745272889345444,71.1454703501199,26.615218463837806
2026-02-10 17:00:00,290.7389045677827,0.2305059981970722,47.58913926541205,25.597443704599446
2026-02-10 18:00:00,287.0234952771221,0.0,57.81762210998345,24.239543676039837
2026-02-10 19:00:00,288.4303852083324,0.0,53.96656622086604,23.779688490873816
2026-02-10 20:00:00,289.9121597426399,0.0,50.4117263151127,20.377453364445852
2026-02-10 21:00:00,291.4100856430167,0.0,61.992052563012926,19.924303198191677
2026-02-10 22:00:00,292.79122049724515,0.0,460.28074212180735,16.581163507870986
2026-02-10 23:00:00,294.7312111937779,0.0,608.4053441576924,15.658155556324242
2026-02-11 00:00:00,295.8193429397051,0.0,429.9454299934023,14.801391056183089
2026-02-11 01:00:00,296.65454378199195,0.0,507.1652322039681,14.035415647189637
2026-02-11 02:00:00,299.6837319205224,0.0,608.3486099544114,13.735581450893598
2026-02-11 03:00:00,299.8617171573477,0.0,481.8431490025615,12.561687541060277
2026-02-11 04:00:00,301.25485808205013,0.0,504.3258826400632,13.94086201197304
2026-02-11 05:00:00,301.7516073523566,0.0,521.0623985703716,15.227987756310783
2026-02-11 06:00:00,300.32623115204626,0.0295859770517153,43.704291091355074,14.985445171729351
2026-02-11 07:00:00,301.68910587799456,0.2873122326879576,49.39793914091322,17.331248068584056
2026-02-11 08:00:00,300.0997011330671,0.5254541889923842,42.34151444505402,19.362735474984703
2026-02-11 09:00:00,299.21079757514855,0.7277791805052011,43.34424454708741,21.463579074938224
2026-02-11 10:00:00,298.09307378702744,0.8804959629099939,64.51678789991763,23.390716097938974
2026-02-11 11:00:00,296.6561521755251,0.973194776929804,44.9490765356536,24.83759377730025
2026-02-11 12:00:00,295.7495359475876,0.9995569172854168,56.73516904273981,27.27106851117149
2026-02-11 13:00:00,294.86237385596297,0.9577854397850672,46.14314905858382,26.558746364071233
2026-02-11 14:00:00,290.9584885541043,0.8507276479049966,44.91499783123377,26.288453545704513
2026-02-11 15:00:00,292.4438096334945,0.6856810097076234,47.37913328960204,25.99014706751394
2026-02-11 16:00:00,291.8013240762099,0.4738957345415967,33.11824807550761,27.920393541452988
2026-02-11 17:00:00,289.76195018860693,0.2298079157960452,44.0392378309154,24.499922827395082
2026-02-11 18:00:00,287.1805770807877,0.0,66.46965197545042,21.050235893337256
2026-02-11 19:00:00,289.040351595929,0.0,55.14645697877403,22.417695130992684
2026-02-11 20:00:00,289.2286052742375,0.0,72.23839631182715,18.485577483247294
2026-02-11 21:00:00,290.6076340010956,0.0,40.55117606342328,17.4857365915406
2026-02-11 22:00:00,291.4545469134096,0.0,524.4490841924703,17.654649102568747
2026-02-11 23:00:00,293.7797497270169,0.0,516.884223411743,15.333546848749682
2026-02-12 00:00:00,296.8016214174341,0.0,525.6247098255831,14.046807719148617
2026-02-12 01:00:00,297.3833189080111,0.0,424.1627938469453,14.683550638349171
2026-02-12 02:00:00,298.2986921602885,0.0,579.4894529099797,12.918213669044293
2026-02-12 03:00:00,300.7734941070564,0.0,487.9808269849865,13.022836793651974
2026-02-12 04:00:00,299.6366189127542,0.0,584.8140059129447,13.078619784687575
2026-02-12 05:00:00,299.25393727697434,0.0,591.5349211969097,14.636884939344142
2026-02-12 06:00:00,301.1961349534318,0.0303029958394175,46.83101921656366,15.942994055068468
2026-02-12 07:00:00,301.10893157372243,0.2879992539507981,46.92460833760601,18.60383022481699
2026-02-12 08:00:00,300.2853259059298,0.5260643827366209,47.13126270276318,20.941141780776245
2026-02-12 09:00:00,298.62261134672696,0.7282709535942462,44.743343351156994,21.600982694719114
2026-02-12 10:00:00,299.51618102922527,0.8808357942114925,36.133138886807785,22.86283081045209
2026-02-12 11:00:00,295.3053818690812,0.9733595022440676,61.219476304376215,26.782261285859885
2026-02-12 12:00:00,294.9243311022706,0.9995353083057634,64.83531863512523,26.96589144900889
2026-02-12 13:00:00,291.705296244601,0.957578969462098,53.52532679932195,27.162402161992215
2026-02-12 14:00:00,294.74086334067266,0.8503503900446553,49.46415918416619,28.473984427680506
2026-02-12 15:00:00,290.24067677471874,0.6851586796468212,59.50119531658154,26.881600608068105
2026-02-12 16:00:00,290.7923652697261,0.4732639362926132,68.65877277486419,27.397333004991502
2026-02-12 17:00:00,287.9253466663406,0.2291097151410424,56.96413689065585,25.225906416894134
2026-02-12 18:00:00,289.0498445958092,0.0,32.12240112159475,23.10575316023069
2026-02-12 19:00:00,289.75453741315624,0.0,46.7118844757134,21.062638458978277
2026-02-12 20:00:00,288.255786290998,0.0,36.7842793633474,19.236293263238245
2026-02-12 21:00:00,291.44329092410624,0.0,54.42249464553526,18.436537311146996
2026-02-12 22:00:00,292.46240461420325,0.0,478.0334695754774,15.503215879549593
2026-02-12 23:00:00,294.15464354521475,0.0,561.1009299630799,14.88047726074972
2026-02-13 00:00:00,294.9908902733393,0.0,420.7470350492761,14.787227381776228
2026-02-13 01:00:00,296.06537332807227,0.0,482.510710907444,14.291615969334904
2026-02-13 02:00:00,298.6393260094872,0.0,488.9536731472199,11.680498978552944
2026-02-13 03:00:00,299.5304119240665,0.0,577.3372281374645,12.713619081174807
2026-02-13 04:00:00,300.6372619510529,0.0,470.1237139823924,12.890237468571339
2026-02-13 05:00:00,300.2292948625479,0.0,483.9953625693193,15.115917026709543
2026-02-13 06:00:00,300.7959517131038,0.0310199990338844,49.28249570243648,17.435592176955254
2026-02-13 07:00:00,298.9334305765055,0.288686127015746,59.62304066737872,19.579649770872606
2026-02-13 08:00:00,301.5416700192844,0.5266743057800422,41.758732295516445,20.402321015307933
2026-02-13 09:00:00,298.4751098367774,0.7287623519315547,31.962040292127305,22.607846498221537
2026-02-13 10:00:00,297.79973908780937,0.8811751722548429,41.478444071185336,22.25149336096361
2026-02-13 11:00:00,295.3102604716158,0.9735237266895784,60.72445019292249,24.327345816409505
2026-02-13 12:00:00,294.53150981096,0.9995131849878808,48.43370655155957,24.285709122460265
2026-02-13 13:00:00,292.3741854684308,0.957372006390681,60.801750505337694,28.791994648593455
2026-02-13 14:00:00,291.5179376573382,0.8499726946132645,41.19045165669318,26.38960197193453
2026-02-13 15:00:00,291.058953791755,0.6846359970188818,54.15783067594141,27.105593616427647
2026-02-13 16:00:00,290.2230625154,0.4726318945127278,49.74262303145851,27.564620861159753
2026-02-13 17:00:00,288.7021372054785,0.2284113965913696,65.77655989423168,26.43567485654895
2026-02-13 18:00:00,289.35059949301615,0.0,45.28482668606684,21.376073642651917
2026-02-13 19:00:00,289.13115723073554,0.0,47.08767309156447,21.56202909845525
2026-02-13 20:00:00,290.36901941363294,0.0,52.71808921991251,20.821445666824342
2026-02-13 21:00:00,291.52433324263285,0.0,45.46436386456177,18.68049082100605
2026-02-13 22:00:00,291.3516049579347,0.0,513.9023640132699,17.07679884557503
2026-02-13 23:00:00,294.1388603377476,0.0,533.3253045718087,15.11497267272579
2026-02-14 00:00:00,293.89681353343286,0.0,531.945624193374,13.9134958496864
2026-02-14 01:00:00,295.8549181101711,0.0,497.3342024939659,11.449155984054574
2026-02-14 02:00:00,298.2210019341146,0.0,572.911860757323,14.676647325733413
2026-02-14 03:00:00,299.1537461878536,0.0,549.9302684297293,11.939431430262314
2026-02-14 04:00:00,301.639339382256,0.0,490.2895826046555,14.912349059544628
2026-02-14 05:00:00,301.8907863533021,0.0,572.3395115749488,13.993358395477706
2026-02-14 06:00:00,299.59332778917275,0.0317369862661624,54.35208199033973,14.57646753991961
2026-02-14 07:00:00,301.0324454222958,0.2893728515293518,34.22075905917203,17.703738697906346
2026-02-14 08:00:00,300.1083363037408,0.5272839578087951,75.36507743957745,18.871699670638804
2026-02-14 09:00:00,297.7098581464052,0.7292533752642638,57.02777679005102,21.093406648534728
2026-02-14 10:00:00,297.68120169696294,0.881514096865409,54.43386686129799,23.58986600299173
2026-02-14 11:00:00,297.87186186742525,0.9736874501818308,44.97166113229047,26.367873375305603
2026-02-14 12:00:00,294.813434317423,0.9994905473431528,53.02549259900945,24.691247561829336
2026-02-14 13:00:00,291.15841962778927,0.9571645506773148,57.33833449013441,27.501765982584093
2026-02-14 14:00:00,292.4449747778007,0.8495945618051777,55.84705839730802,26.94884750854212
2026-02-14 15:00:00,291.0654949378874,0.6841129620927657,45.068843357084944,26.694134068205184
2026-02-14 16:00:00,288.938217290055,0.4719996095271751,36.95135979315136,27.70346530322891
2026-02-14 17:00:00,288.929396371037,0.2277129605063659,51.44287574098533,24.433470861673033
2026-02-14 18:00:00,288.4592363190025,0.0,40.340024440343534,24.017399502858094
2026-02-14 19:00:00,289.8443635352673,0.0,34.404484251092924,20.95959424068105
2026-02-14 20:00:00,291.0890660377109,0.0,58.13374258831422,19.983378665764903
2026-02-14 21:00:00,291.0719618103701,0.0,42.675954165109545,18.104918090017325
2026-02-14 22:00:00,292.6007591684876,0.0,531.6429949756421,16.28881800492581
2026-02-14 23:00:00,294.4087695417048,0.0,569.7006842747267,15.430594307297948
2026-02-15 00:00:00,295.33995230959096,0.0,449.2100977212735,14.209430183852522
2026-02-15 01:00:00,296.7947121295204,0.0,570.6909425920359,13.672223622862218
2026-02-15 02:00:00,297.38488019400666,0.0,411.19481681542106,14.352336192792905
2026-02-15 03:00:00,301.20922871835944,0.0,531.4438117560403,13.018855366616243
2026-02-15 04:00:00,299.0240082664099,0.0,484.2721591890004,14.165203460428502
2026-02-15 05:00:00,300.908354011937,0.0,510.5147741455765,14.994480924888945
2026-02-15 06:00:00,301.5951102876394,0.0324539571673062,52.95765512593019,16.501358780619203
2026-02-15 07:00:00,299.9354934782879,0.2900594271382427,50.15837597359136,18.4878786984369
2026-02-15 08:00:00,299.84714869120035,0.5278933385091669,11.607082199193036,21.45200775984923
2026-02-15 09:00:00,299.9898647908754,0.7297440233396654,42.39527455540407,22.56684751823467
2026-02-15 10:00:00,298.6347398991239,0.8818525678687611,54.48451595277061,24.485162348495894
2026-02-15 11:00:00,296.64229551898643,0.9738506726365632,42.13422564817965,25.95569835450676
2026-02-15 12:00:00,294.2453499002478,0.9994673953832304,40.28637093893297,26.696196344713233
2026-02-15 13:00:00,293.4557191094903,0.9569566024287678,32.78185521301803,27.00519366835617
2026-02-15 14:00:00,292.3943464365593,0.8492159918150033,54.6695314717352,26.468545924046854
2026-02-15 15:00:00,292.22258915830497,0.6835895751376567,44.09103693060016,26.529745412207877
2026-02-15 16:00:00,290.3434472733111,0.4713670816613645,56.19106424026205,26.878002738087314
2026-02-15 17:00:00,289.75879337264683,0.227014407245486,73.79284244302966,26.357316241007965
2026-02-15 18:00:00,288.79842096440035,0.0,48.34826565280507,23.595628099373958
2026-02-15 19:00:00,287.90188171097225,0.0,70.95690470515372,20.30650661313284
2026-02-15 20:00:00,292.3728393609732,0.0,53.09881870027821,19.230432060989287
2026-02-15 21:00:00,291.0836644783176,0.0,45.24184852225295,19.946798150215404
2026-02-15 22:00:00,291.66211889083456,0.0,433.0960379121706,15.443694517314519
2026-02-15 23:00:00,293.68534448475805,0.0,532.3833168330051,16.033528920738984
2026-02-16 00:00:00,294.21144011459165,0.0,513.1559526079138,13.687093547251932
2026-02-16 01:00:00,295.7370477815002,0.0,463.4388873150842,13.343342547300718
2026-02-16 02:00:00,297.759555992942,0.0,438.6822022759294,12.857981089236308
2026-02-16 03:00:00,298.9489558891576,0.0,566.4862853403811,13.509670175821299
2026-02-16 04:00:00,301.22224104693174,0.0,477.1435072327789,12.229499132298763
2026-02-16 05:00:00,300.87559408168283,0.0,472.944504388488,15.377367416810516
2026-02-16 06:00:00,302.5015378889672,0.0331709113683219,47.03697089130297,17.288307396038803
2026-02-16 07:00:00,300.2449312960005,0.2907458534890682,42.7895145958401,19.1771111717862
2026-02-16 08:00:00,299.98586293367794,0.5285024475675355,66.87309094695152,19.713036883646453
2026-02-16 09:00:00,301.0896679168493,0.7302342959053606,42.301640080631415,21.405758462471976
2026-02-16 10:00:00,296.93795939679063,0.8821905850907832,67.3825049702643,21.853302589102416
2026-02-16 11:00:00,295.8735095884563,0.9740133939698108,54.0841699658223,24.899792665909022
2026-02-16 12:00:00,296.5171895321315,0.9994437291200232,36.920353091359466,25.097649674589853
2026-02-16 13:00:00,292.83913597763205,0.9567481617520124,52.27405987494871,27.369013340317284
2026-02-16 14:00:00,291.2559734510599,0.8488369848374848,44.580707976216736,28.137711754520808
2026-02-16 15:00:00,290.4393385995964,0.6830658364227947,41.620729732774464,25.640742918019146
2026-02-16 16:00:00,288.6412771468306,0.4707343112406805,33.58037399507346,25.787714168660827
2026-02-16 17:00:00,288.94878148159046,0.2263157371680788,52.38481181949464,26.28844488353646
2026-02-16 18:00:00,288.5689862536649,0.0,54.91232337060339,23.396222906665948
2026-02-16 19:00:00,288.3060733529924,0.0,45.78249200614932,23.11402501151677
2026-02-16 20:00:00,289.3872239063212,0.0,50.64988216134203,18.90636364339447
2026-02-16 21:00:00,290.6623332387665,0.0,53.5576060802351,18.92092333079727
2026-02-16 22:00:00,292.2742219531001,0.0,507.3233009489969,16.486416979468654
2026-02-16 23:00:00,294.5954943459957,0.0,441.983422617937,15.504584065473926
2026-02-17 00:00:00,297.7504062291612,0.0,475.8037532514567,14.591006346368214
2026-02-17 01:00:00,296.81987457384014,0.0,501.1474727279983,13.949097299385691
2026-02-17 02:00:00,297.90335725676687,0.0,463.9399580144726,11.832031038877318
2026-02-17 03:00:00,300.572469539402,0.0,501.2987642338464,11.707238319557106
2026-02-17 04:00:00,302.38563586066846,0.0,575.8247953420794,13.081146445294904
2026-02-17 05:00:00,299.1702487958182,0.0,572.2253292518857,15.6193411793084
2026-02-17 06:00:00,301.6896942388358,0.0338878485003948,50.10525336313162,15.34653753098869
2026-02-17 07:00:00,301.6423962389327,0.2914321302287174,42.679096545589815,20.388869085219376
2026-02-17 08:00:00,300.02936914280303,0.5291112846705639,44.13402517129351,19.320397149078033
2026-02-17 09:00:00,297.532328730681,0.7307241927090277,46.64421373504253,18.927179868226453
2026-02-17 10:00:00,298.19205045693764,0.8825281483575125,56.45620868891444,24.481689273299487
2026-02-17 11:00:00,298.0969983041698,0.9741756140978284,57.09980806079536,25.642263964975253
2026-02-17 12:00:00,295.64474562976875,0.999419548565711,75.42923156223131,26.751245422422688
2026-02-17 13:00:00,292.4479608049514,0.9565392287543244,68.12800790812577,27.81182564801949
2026-02-17 14:00:00,290.9473320171818,0.8484575410676809,55.60851462054087,25.54005028554878
2026-02-17 15:00:00,290.48330776380084,0.6825417462177252,49.96023236287477,26.51364292969649
2026-02-17 16:00:00,289.3484248158906,0.4701012985907824,59.341126838931714,27.373058582538622
2026-02-17 17:00:00,289.308759952246,0.2256169506337194,52.242278192488726,24.374437163666904
2026-02-17 18:00:00,290.872183688734,0.0,42.39690411372016,24.553559044423572
2026-02-17 19:00:00,289.5997851063783,0.0,34.26049406534349,19.713090698546637
2026-02-17 20:00:00,288.562590344458,0.0,57.84030073927818,19.639830053967447
2026-02-17 21:00:00,291.8918882124055,0.0,45.83882203085341,18.416206128483026
2026-02-17 22:00:00,294.907970511816,0.0,435.1733730569508,15.20036384556023
2026-02-17 23:00:00,294.2609112897655,0.0,538.5951322324853,14.661129030589837
2026-02-18 00:00:00,294.30405601194855,0.0,388.2823815578537,13.472799012225561
2026-02-18 01:00:00,298.6720686227884,0.0,640.5426411934902,12.830290618943598
2026-02-18 02:00:00,299.7791041208306,0.0,461.80840013959937,14.582175992373234
2026-02-18 03:00:00,299.33269834874466,0.0,531.305729566344,11.714721094060947
2026-02-18 04:00:00,300.59055156352474,0.0,523.1689296835425,14.180923084750482
2026-02-18 05:00:00,301.0738761251272,0.0,561.4386958272145,14.013713061475146
2026-02-18 06:00:00,303.0400409481192,0.0346047681945485,46.082402897630224,16.356861648300377
2026-02-18 07:00:00,302.228223051738,0.2921182570039936,44.24576585951841,17.894232311219398
2026-02-18 08:00:00,298.2936489138115,0.52971984950491,66.73205356744779,21.98907880131199
2026-02-18 09:00:00,299.9665711708724,0.7312137134985766,71.9590134376698,23.47290682884449
2026-02-18 10:00:00,298.7250069006268,0.8828652574952466,64.19036623990857,23.226504755940507
2026-02-18 11:00:00,296.68380764828987,0.9743373329371404,67.86354847753259,23.84699501591659
2026-02-18 12:00:00,294.6884546984242,0.999394853732737,57.61018386306066,24.963559918309205
2026-02-18 13:00:00,294.3795711002085,0.9563298035432154,47.315605679798544,27.27081873799182
2026-02-18 14:00:00,289.97748438600576,0.8480776607008446,56.354852699773055,27.6072316831281
2026-02-18 15:00:00,289.9603446147243,0.6820173047921332,54.15759591218373,26.546084188922347
2026-02-18 16:00:00,290.2632833418056,0.4694680440374042,44.40165622787627,28.074201591288116
2026-02-18 17:00:00,288.18218891969275,0.2249180480019877,55.054450588196985,25.04749684401437
2026-02-18 18:00:00,287.7063885563898,0.0,46.45317566703692,24.031653630415494
2026-02-18 19:00:00,289.32390522547865,0.0,50.853953385531845,21.77131371326933
2026-02-18 20:00:00,291.7188870353308,0.0,52.99522170680536,18.98682988645336
2026-02-18 21:00:00,289.1102904220423,0.0,52.91890556470314,16.450249383532334
2026-02-18 22:00:00,291.93696828402176,0.0,454.6618125544738,16.922550253942017
2026-02-18 23:00:00,291.9326953632867,0.0,450.9876179918164,14.530406084957965
2026-02-19 00:00:00,294.42958439173174,0.0,577.4504351287176,14.580186854999809
2026-02-19 01:00:00,297.8975404172448,0.0,454.7961700594405,13.316270848334689
2026-02-19 02:00:00,300.5918255200823,0.0,545.8030263566351,12.07967325484628
2026-02-19 03:00:00,299.8729910416444,0.0,537.6435376216239,11.857862937945308
2026-02-19 04:00:00,298.8413155052074,0.0,476.8862099929119,13.149852811734279
2026-02-19 05:00:00,300.94724639546524,0.0,543.257110735775,13.255210323206537
2026-02-19 06:00:00,301.10823298789217,0.0353216700818722,51.96416582830013,17.14498341212765
2026-02-19 07:00:00,299.72784487484904,0.2928042334618315,31.354872386877396,16.508426180349645
2026-02-19 08:00:00,301.9832093533819,0.5303281417574202,58.79702324489259,19.446673922852828
2026-02-19 09:00:00,298.4021425157615,0.7317028580221111,50.341879638948406,23.167458501842255
2026-02-19 10:00:00,299.60376417387243,0.8832019123305168,40.21692919693298,20.475791862783307
2026-02-19 11:00:00,297.3903122340626,0.9744985504045304,57.81037658435576,24.754806674194832
2026-02-19 12:00:00,294.49762995791053,0.9993696446338082,60.04184813921282,24.85886677678251
2026-02-19 13:00:00,293.9495547697736,0.9561198862264512,45.50522108016428,26.00824507273725
2026-02-19 14:00:00,290.452320394514,0.8476973439324537,52.52185178370083,27.06584551025066
2026-02-19 15:00:00,289.0208055680298,0.6814925124158844,48.48574811411109,26.019315000620487
2026-02-19 16:00:00,290.28375691081936,0.4688345479064043,72.66961152560968,26.47554978958798
2026-02-19 17:00:00,290.8544164167272,0.2242190296325231,40.3384391060753,24.17903505920092
2026-02-19 18:00:00,289.331074185864,0.0,64.85807380504473,23.758518041598883
2026-02-19 19:00:00,287.79808764269416,0.0,53.81278136638892,22.74699577114449
2026-02-19 20:00:00,290.97602691060786,0.0,67.98926966854853,21.75213364605429
2026-02-19 21:00:00,292.49995402102485,0.0,60.06868690186123,17.60855012711496
2026-02-19 22:00:00,293.6417965890699,0.0,447.2850199985861,17.047005624827964
2026-02-19 23:00:00,293.1244375130466,0.0,445.8402180125892,14.723980136471265
2026-02-20 00:00:00,294.4566112211712,0.0,494.3017506581361,14.147797620124745
2026-02-20 01:00:00,296.2989585135253,0.0,407.3702384268547,11.522999448117268
2026-02-20 02:00:00,298.3742572761231,0.0,480.00756147179874,13.44904842148407
2026-02-20 03:00:00,298.61279766186107,0.0,447.49276058935726,12.58901142348972
2026-02-20 04:00:00,300.75651201458265,0.0,512.831800624072,13.451467460330385
2026-02-20 05:00:00,301.18200138393576,0.0,455.2287783494036,14.192211356037784
2026-02-20 06:00:00,301.0262629392562,0.0360385537934646,57.76084742895741,14.852021554588632
2026-02-20 07:00:00,300.8355358344449,0.293490059249243,58.659578002387775,16.61524473132028
2026-02-20 08:00:00,300.39808231771434,0.5309361611150809,36.51277855525586,20.021266189725594
2026-02-20 09:00:00,300.1679422207169,0.7321916260279285,42.63830132666099,21.078233988090943
2026-02-20 10:00:00,298.3790947028619,0.8835381126900882,66.46096064414277,22.613255942314208
2026-02-20 11:00:00,295.8751870920631,0.9746592664170396,30.249617240181458,24.157224750674793
2026-02-20 12:00:00,294.7400099810319,0.9993439212818968,46.483503480871576,25.87578343590192
2026-02-20 13:00:00,295.54551124702493,0.9559094769120504,49.56103548769108,25.32528723014716
2026-02-20 14:00:00,291.4730718501245,0.8473165909582105,60.3952372795024,25.532002420210265
2026-02-20 15:00:00,290.15347473678,0.6809673693590251,54.82251930611986,26.103438816495988
2026-02-20 16:00:00,289.4497061522175,0.4682008105238158,54.48307912378813,26.59037029308647
2026-02-20 17:00:00,288.13670070223463,0.2235198958850799,45.87632067678314,25.417242623112006
2026-02-20 18:00:00,287.99246647840425,0.0,61.81413680415362,22.190395755592654
2026-02-20 19:00:00,289.6764210254813,0.0,67.50033321828896,19.853804302399997
2026-02-20 20:00:00,290.1047971466197,0.0,49.78289072087082,22.30317452499215
2026-02-20 21:00:00,290.56747672018133,0.0,38.27945692645501,16.109704072282163
2026-02-20 22:00:00,292.69243000013523,0.0,623.7685564778892,17.306154210308158
2026-02-20 23:00:00,295.1902705444738,0.0,473.1564335476788,14.955749842376694
2026-02-21 00:00:00,294.31050408889325,0.0,468.2224109235836,12.852866893813761
2026-02-21 01:00:00,296.7441477642483,0.0,458.2560542688138,13.173973395140214
2026-02-21 02:00:00,298.0966062885869,0.0,496.0270771273592,14.652029469503404
2026-02-21 03:00:00,298.2845291026736,0.0,408.0462234973648,12.194862553234916
2026-02-21 04:00:00,299.51273445658177,0.0,458.0416446503895,14.624101507595668
2026-02-21 05:00:00,302.6859482779396,0.0,400.5313930252461,14.700882040702863
2026-02-21 06:00:00,300.91584316794103,0.0367554189603767,48.23959900087136,16.44333392865482
2026-02-21 07:00:00,301.6718036982659,0.2941757340132636,56.70329128064839,18.98260205443342
2026-02-21 08:00:00,298.640118094536,0.531543907264971,33.40990008737556,19.638427729732925
2026-02-21 09:00:00,300.33500579445115,0.7326800172644812,51.32111921231406,22.84274491131329
2026-02-21 10:00:00,298.51439001503053,0.883873858400933,59.079801300483474,23.54331244565351
2026-02-21 11:00:00,297.2019791988629,0.9748194808919546,68.1474272061832,23.761667255226413
2026-02-21 12:00:00,293.70042311156504,0.9993176836902417,57.9099034573736,25.873341232738746
2026-02-21 13:00:00,294.8606058936863,0.9556985757083016,55.028034381228494,27.136340229451452
2026-02-21 14:00:00,290.77712475210893,0.8469354019740724,34.43172429813161,27.22612234385484
2026-02-21 15:00:00,290.1703549929111,0.6804418758918236,56.20975445343629,26.024928974312616
2026-02-21 16:00:00,288.8922263547203,0.4675668322156451,57.94643711003927,24.766157161640116
2026-02-21 17:00:00,288.114452418792,0.2228206471193058,49.85806355567393,25.391594490023877
2026-02-21 18:00:00,289.69912457127487,0.0,48.27209981099914,23.553918432607148
2026-02-21 19:00:00,289.49185854586347,0.0,64.76845512021606,21.50357748926793
2026-02-21 20:00:00,289.3064584238721,0.0,41.52782549028027,20.62235512395366
2026-02-21 21:00:00,290.4966735568682,0.0,60.17436990253401,19.24335621482942
2026-02-21 22:00:00,291.86657336648966,0.0,582.1181857592684,15.556272745595335
2026-02-21 23:00:00,293.9695002110897,0.0,457.7629381009992,15.105424608396731
2026-02-22 00:00:00,294.18832135950214,0.0,523.2990874159816,16.395018660431024
2026-02-22 01:00:00,296.56753323717084,0.0,539.5698085880374,13.293627289630107
2026-02-22 02:00:00,298.5261209233868,0.0,467.6319878634097,12.250562242095704
2026-02-22 03:00:00,298.40984183461785,0.0,614.3076370881516,14.739532751251616
2026-02-22 04:00:00,300.19638756613733,0.0,607.7652622973508,16.203462590947133
2026-02-22 05:00:00,300.2063151363199,0.0,526.8773102735196,14.535051780526242
2026-02-22 06:00:00,301.5497474987316,0.0374722652138395,47.208065752692576,17.90202982459528
2026-02-22 07:00:00,300.22850169151235,0.294861257401169,48.00078390466365,18.21891764053608
2026-02-22 08:00:00,299.30066253971074,0.5321513798944546,60.67585234789812,19.643732629790826
2026-02-22 09:00:00,298.4342327503416,0.7331680314805314,60.411520427859344,22.12886239943365
2026-02-22 10:00:00,299.6502172242394,0.8842091492903373,39.26597971587268,22.532224065452517
2026-02-22 11:00:00,295.26057238641675,0.9749791937468576,44.05608103446248,25.099902700160047
2026-02-22 12:00:00,295.170029682001,0.9992909318723396,45.83202131311762,27.194186269596006
2026-02-22 13:00:00,291.16713013404683,0.9554871827236964,47.41339952845978,26.77769164004035
2026-02-22 14:00:00,292.94624741319666,0.8465537771761298,47.74448488494188,26.46377920908199
2026-02-22 15:00:00,291.76663601037427,0.6799160322846036,62.39688614164632,27.039811869828952
2026-02-22 16:00:00,289.3028143598855,0.4669326133081733,46.00947883862357,26.303937706162863
2026-02-22 17:00:00,288.18403519164315,0.2221212836950738,39.931880958509154,25.236219515088337
2026-02-22 18:00:00,289.7847861208684,0.0,69.46002217818756,24.164017668401726
2026-02-22 19:00:00,288.22611230781314,0.0,42.20634274505396,23.30560313724697
2026-02-22 20:00:00,288.4261972343796,0.0,41.58203963806689,18.263069038611526
2026-02-22 21:00:00,289.9716386879081,0.0,57.6559118058723,18.011496674234
2026-02-22 22:00:00,291.81029669225137,0.0,496.4593316035623,15.785187458266282
2026-02-22 23:00:00,295.2421359429244,0.0,477.05840386184224,15.695229066421831
2026-02-23 00:00:00,296.132699825053,0.0,456.5060246335013,13.686413621883721
2026-02-23 01:00:00,296.0635576274059,0.0,482.6594158603306,12.316680615268659
2026-02-23 02:00:00,300.1116461064153,0.0,502.8259643080924,14.869524456550609
2026-02-23 03:00:00,300.606213802327,0.0,386.1648384798384,14.330886953156684
2026-02-23 04:00:00,299.15407426456346,0.0,485.9157402366064,15.680409694369445
2026-02-23 05:00:00,300.53631793926075,0.0,496.6757687741282,14.151319489278286
2026-02-23 06:00:00,299.0071384309149,0.0381890921849235,54.08746499328655,16.78366240189475
2026-02-23 07:00:00,302.06946244873046,0.2955466290601503,42.57935004911608,18.56734435745271
2026-02-23 08:00:00,302.15423005810703,0.5327585786908917,55.42981526455922,20.24750831430197
2026-02-23 09:00:00,297.94116245838137,0.7336556684249196,48.49510117768104,23.002585485396295
2026-02-23 10:00:00,296.040343488619,0.8845439851857414,41.4791845652921,22.60689362034987
2026-02-23 11:00:00,297.8020828174627,0.9751384048995516,39.631872607711074,25.49895759940739
2026-02-23 12:00:00,295.85605326693513,0.9992636658419588,41.53812715493176,25.173780642924388
2026-02-23 13:00:00,292.353946805295,0.9552752980670296,57.37698588642519,26.686409074857533
2026-02-23 14:00:00,290.9183781311861,0.8461717167607887,51.92258588946267,28.139889848425785
2026-02-23 15:00:00,291.5707966208604,0.6793898388079941,56.56759283485841,26.096241983626076
2026-02-23 16:00:00,289.586364996171,0.4662981541277551,45.54756368640933,27.441796420057177
2026-02-23 17:00:00,290.5807816687892,0.2214218059722604,37.16943389246185,22.917562722396607
2026-02-23 18:00:00,289.16065238915047,0.0,50.209095568240336,23.101224502182976
2026-02-23 19:00:00,289.51635549541373,0.0,41.16927655546325,20.68009581123203
2026-02-23 20:00:00,290.1297657379377,0.0,49.69795926018547,19.657271987242485
2026-02-23 21:00:00,291.14377274166606,0.0,53.19214289125825,20.006328660182458
2026-02-23 22:00:00,293.2188989575538,0.0,502.06939045749925,17.224982104160144
2026-02-23 23:00:00,292.57405310858667,0.0,537.5035568114755,14.851493337246561
2026-02-24 00:00:00,295.4207509033166,0.0,540.0399620259608,12.551772411391209
2026-02-24 01:00:00,297.3460273968582,0.0,528.4173369259959,12.993597938214887
2026-02-24 02:00:00,297.2937560805668,0.0,629.7558772433852,13.706863066527037
2026-02-24 03:00:00,300.8881009878734,0.0,488.1842833356731,13.309467081752498
2026-02-24 04:00:00,301.0545981956872,0.0,591.5577826901699,14.041103087147153
2026-02-24 05:00:00,300.3829342078262,0.0,469.3906321352016,14.651610863451088
2026-02-24 06:00:00,300.48046848648164,0.0389058995047656,71.47240363233229,18.185038926028536
2026-02-24 07:00:00,301.1471949781049,0.2962318486375305,52.12463412471663,18.226391389507995
2026-02-24 08:00:00,300.2193628312928,0.5333655033418316,47.9419359006083,21.476903567193585
2026-02-24 09:00:00,298.92994884788726,0.7341429278467186,78.09686534209916,19.48594463926265
2026-02-24 10:00:00,298.43739316838537,0.8848783659148465,46.18055016201883,24.457741654984066
2026-02-24 11:00:00,296.0045546243254,0.9752971142681102,49.869079726341056,24.020866151897668
2026-02-24 12:00:00,295.84483747944216,0.9992358856131294,52.66400848079967,24.35814696510003
2026-02-24 13:00:00,292.28617900887514,0.955062921847332,62.43053398093218,26.2502713194759
2026-02-24 14:00:00,293.1593468902449,0.8457892209246486,51.21594698654656,25.710775984813488
2026-02-24 15:00:00,291.303373625463,0.6788632957327623,54.40689429104761,26.96746683810681
2026-02-24 16:00:00,289.8769054794807,0.4656634550008688,48.74036297896277,25.53162928279809
2026-02-24 17:00:00,289.89331154151165,0.220722214310801,49.33789135735349,24.060950325764228
2026-02-24 18:00:00,289.0480038768528,0.0,42.3583836575748,24.1579916508738
2026-02-24 19:00:00,290.9702158198125,0.0,50.86461509344808,20.33029594031532
2026-02-24 20:00:00,288.87121754831736,0.0,43.84278241341388,21.32034750049293
2026-02-24 21:00:00,292.40263212992926,0.0,50.935652422540365,17.768045777413636
2026-02-24 22:00:00,292.3670645704657,0.0,502.30512810836126,14.857214953494376
2026-02-24 23:00:00,293.8909690793768,0.0,497.73870057748127,15.369916920663398
2026-02-25 00:00:00,291.2105878851571,0.0,534.3090422943799,14.961719284201287
2026-02-25 01:00:00,294.8341980069747,0.0,580.1080000013562,13.968906240924687
2026-02-25 02:00:00,298.55846009292713,0.0,446.2095366180904,12.513621001194645
2026-02-25 03:00:00,300.7544494878548,0.0,461.2268560562159,13.300177615557587
2026-02-25 04:00:00,300.03086652158345,0.0,575.511536322969,12.22501753072079
2026-02-25 05:00:00,301.04493256162345,0.0,465.780630422862,13.804231375564736
2026-02-25 06:00:00,300.97309653828603,0.0396226868045131,39.14627649005007,17.494201950698884
2026-02-25 07:00:00,300.55942206658733,0.2969169157807114,39.85318786517759,18.21476773123117
2026-02-25 08:00:00,301.3518976908152,0.5339721535349646,50.468280553685446,19.871643127387227
2026-02-25 09:00:00,297.8656781905312,0.7346298094951959,62.66094726962717,21.68519968510446
2026-02-25 10:00:00,297.31794361785904,0.8852122913055875,45.51424660232968,23.535718354088914
2026-02-25 11:00:00,296.3496864166215,0.9754553217708648,49.94847731730657,24.613832133927566
2026-02-25 12:00:00,294.965321098768,0.999207591200147,70.83414763257959,25.757381364494687
2026-02-25 13:00:00,294.91961357588406,0.9548500541738876,43.62615505850651,28.141979064048115
2026-02-25 14:00:00,291.0364666949735,0.8454062898645331,65.60169727395524,27.180896709045406
2026-02-25 15:00:00,290.03108686032755,0.6783364033298551,43.53196966104036,26.074833307664203
2026-02-25 16:00:00,289.8881759759528,0.4650285162541163,41.15149067596593,26.386235773499543
2026-02-25 17:00:00,290.3206928330262,0.2200225090706897,27.57365351894906,23.91795742433077
2026-02-25 18:00:00,289.4996537897944,0.0,50.30526266152488,22.661344623739954
2026-02-25 19:00:00,288.63952036026285,0.0,51.6442417575372,23.681824208820846
2026-02-25 20:00:00,287.1930328403402,0.0,54.23654919149134,20.359234301862195
2026-02-25 21:00:00,291.227483642092,0.0,68.58386697752374,17.693908174609078
2026-02-25 22:00:00,293.30611248431325,0.0,488.1230760514627,17.165645676175426
2026-02-25 23:00:00,292.71607376595455,0.0,471.8318815157389,13.939630424703292
2026-02-26 00:00:00,294.6776116668196,0.0,548.5418162274581,12.993875155179081
2026-02-26 01:00:00,296.70540427646154,0.0,473.152422913485,14.858634642588067
2026-02-26 02:00:00,296.2338113058811,0.0,475.2483454438405,12.087342051953089
2026-02-26 03:00:00,300.484237880132,0.0,527.6425118656448,13.691457443851862
2026-02-26 04:00:00,302.03476921575646,0.0,496.4206993990626,12.519464136515674
2026-02-26 05:00:00,299.53632789587937,0.0,536.6215880087909,17.05412347096928
2026-02-26 06:00:00,300.8146011413718,0.0403394537152667,60.32758053246546,15.415629619965134
2026-02-26 07:00:00,300.4749484710045,0.2976018301371185,66.99686100598676,17.794980351939962
2026-02-26 08:00:00,300.74688805916054,0.5345785289580743,45.192313445043794,20.094031382194206
2026-02-26 09:00:00,299.260077362366,0.7351163131197745,39.970427164707374,21.466380819408062
2026-02-26 10:00:00,299.34717277149,0.8855457611861078,48.628140944684056,23.95666855568146
2026-02-26 11:00:00,297.84528618317586,0.9756130273263935,55.315429402084405,25.33112195172497
2026-02-26 12:00:00,294.0446641767316,0.9991787826175732,40.87151932730477,25.747294405106622
2026-02-26 13:00:00,293.86437965105773,0.9546366951562506,45.086108965225606,27.315797723422204
2026-02-26 14:00:00,292.83591250109146,0.8450229237775205,43.6325873571046,26.91006051858733
2026-02-26 15:00:00,290.5655812022843,0.6778091618704416,61.51728798209267,27.250431811592772
2026-02-26 16:00:00,289.84208878814945,0.4643933382142728,68.53068218114564,24.485662853463
2026-02-26 17:00:00,287.8435643158121,0.2193226906120344,64.72615542111585,24.22565038483814
2026-02-26 18:00:00,289.4672625653443,0.0,36.80023080657054,22.82636135313329
2026-02-26 19:00:00,290.6549027636821,0.0,62.85427038816586,20.642583225735514
2026-02-26 20:00:00,291.15896485976106,0.0,47.44439092286847,20.01989102072225
2026-02-26 21:00:00,290.62872687494536,0.0,48.78829268828387,17.734607523311347
2026-02-26 22:00:00,293.2536868761329,0.0,435.2469900668525,16.118585360908728
2026-02-26 23:00:00,294.1657692965404,0.0,510.75003045326434,15.419584981957545
2026-02-27 00:00:00,295.30859174876593,0.0,440.94767468770425,14.60082283680395
2026-02-27 01:00:00,297.6721362066721,0.0,562.9611598247651,14.78629062431636
2026-02-27 02:00:00,298.88614796924486,0.0,547.6287978215752,13.168797309074236
2026-02-27 03:00:00,298.4683842212985,0.0,465.0110072145048,14.022083932685977
2026-02-27 04:00:00,300.88858786882986,0.0,586.6933106663085,14.310674917479554
2026-02-27 05:00:00,302.00877540924444,0.0,465.3608886505729,14.45433750401056
2026-02-27 06:00:00,300.1111936426916,0.0410561998683078,49.86468848480351,16.745106449170066
2026-02-27 07:00:00,300.4562100596497,0.298286591354419,72.25940747326192,16.492270426390373
2026-02-27 08:00:00,301.2890713007614,0.5351846292992297,60.99154791231223,20.76588614655704
2026-02-27 09:00:00,298.580276202441,0.7356024384701881,50.12016672577962,22.31225577589524
2026-02-27 10:00:00,298.9839674893446,0.8858787753848641,40.1095038970501,23.595312846825898
2026-02-27 11:00:00,295.20483516008653,0.9757702308535692,67.00903607244118,24.93733188300526
2026-02-27 12:00:00,295.2218174942371,0.999149459880228,49.329822926889904,25.638971819503883
2026-02-27 13:00:00,293.1636014446445,0.9544228449041766,45.51404000094431,26.80524015041329
2026-02-27 14:00:00,290.79818504454795,0.8446391228608213,45.80714302028417,26.770041782342656
2026-02-27 15:00:00,290.045617017248,0.6772815716257444,41.55350483142381,26.407212685459935
2026-02-27 16:00:00,291.5029115692366,0.463757921208086,54.92582772507629,26.06664487435771
2026-02-27 17:00:00,288.2549984695071,0.2186227592948348,52.09477932913939,25.40195902010187
2026-02-27 18:00:00,289.0085740582973,0.0,57.18017258561643,22.781428144843083
2026-02-27 19:00:00,289.35905615254376,0.0,57.35677212204478,21.06733782609106
2026-02-27 20:00:00,290.83121663215525,0.0,57.77274276255788,18.59135172415048
2026-02-27 21:00:00,291.80389326230863,0.0,57.28019893772132,18.53546703676742
2026-02-27 22:00:00,292.1161209850636,0.0,524.6235893472397,15.961902334697117
2026-02-27 23:00:00,294.8569912908359,0.0,509.1217053132005,15.434421155992418
2026-02-28 00:00:00,294.3332754572667,0.0,622.2463521661772,15.108601917154111
2026-02-28 01:00:00,296.5325777526791,0.0,464.0497584879727,11.255318220097783
2026-02-28 02:00:00,297.95926154539694,0.0,470.8862251457085,12.165024023074272
2026-02-28 03:00:00,298.76731125619625,0.0,439.11990140674544,11.668770068166165
2026-02-28 04:00:00,299.8124636005224,0.0,599.2636382671757,14.06254172169007
2026-02-28 05:00:00,301.4885922297335,0.0,457.55606841639445,14.346859597354658
2026-02-28 06:00:00,301.3375760216245,0.0417729248947585,53.79488237711588,18.080812268746747
2026-02-28 07:00:00,298.9391973288549,0.2989711990801961,47.723710521847686,16.308406705125726
2026-02-28 08:00:00,300.3363476713805,0.5357904542464972,46.09295325782445,21.53655755784454
2026-02-28 09:00:00,299.3994753866495,0.7360881852962488,41.66077029768765,22.655950389196885
2026-02-28 10:00:00,297.2977509956453,0.8862113337304685,46.58467983980235,24.536815157229395
2026-02-28 11:00:00,296.917277369286,0.975926932271486,64.60170545970726,25.819597492894204
2026-02-28 12:00:00,293.71626568310245,0.999119623003202,64.95867182844313,24.82859516133614
2026-02-28 13:00:00,292.7631018030121,0.954208503527725,52.20654225540585,28.756896306043803
2026-02-28 14:00:00,291.4892743613766,0.8442548873119613,49.70567320065281,25.879751519536242
2026-02-28 15:00:00,290.3389521698192,0.6767536328672915,43.9649983147042,27.23474976038451
2026-02-28 16:00:00,289.079339042938,0.4631222655625775,61.008681919876246,25.653195101074676
2026-02-28 17:00:00,288.5851002027989,0.2179227154793153,58.21965293381972,23.78321851303049
2026-02-28 18:00:00,289.6386344776495,0.0,31.415008810437257,25.523622386744517
2026-02-28 19:00:00,290.2878738832748,0.0,64.83642045563253,21.60152569067791
2026-02-28 20:00:00,292.2227481950817,0.0,47.400697899593936,18.557963344998694
2026-02-28 21:00:00,290.61046493402694,0.0,44.15190947558165,17.032828417435255
2026-02-28 22:00:00,291.7346345780967,0.0,460.21914530422566,16.75725150645863
2026-02-28 23:00:00,294.2742751761988,0.0,567.7731675386318,16.06343347425081
2026-03-01 00:00:00,295.7237434928896,0.0,492.6420196586916,13.305486971246708
2026-03-01 01:00:00,296.3333178469581,0.0,471.27462872989486,12.937803130720502
2026-03-01 02:00:00,298.6694525930706,0.0,515.4980902334594,14.358559413975946
2026-03-01 03:00:00,299.50019740274,0.0,534.748076509686,13.67284304579943
2026-03-01 04:00:00,301.91004638928115,0.0,560.2892572142194,12.277917062973833
2026-03-01 05:00:00,301.266336066285,0.0,394.7230359045756,14.063439147497986
2026-03-01 06:00:00,302.5632816418944,0.0424896284258082,45.249396355770415,17.514867069630146
2026-03-01 07:00:00,301.08036513949344,0.299655652962166,45.36413800131036,17.740655250135667
2026-03-01 08:00:00,300.1086716391278,0.536396003488133,43.03792260164329,20.107387275112842
2026-03-01 09:00:00,300.2570740227108,0.7365735533480022,41.89150195644064,22.28808676818651
2026-03-01 10:00:00,298.5392095999149,0.886543436051794,48.43421439972448,24.377329293110456
2026-03-01 11:00:00,297.3174912921186,0.9760831314995088,74.51091236840672,25.933532043033086
2026-03-01 12:00:00,295.96434884331194,0.999089272001849,51.37456054060318,24.563400636105804
2026-03-01 13:00:00,293.6368151101469,0.953993671137191,37.161779815554254,26.416969320243826
2026-03-01 14:00:00,291.8704417990599,0.8438702173286592,46.1950365284565,26.167776001526548
2026-03-01 15:00:00,290.8606862356673,0.6762253458667481,39.45186156544416,25.323779209039873
2026-03-01 16:00:00,290.2799053504139,0.4624863716048412,61.2960853587398,24.02117344056141
2026-03-01 17:00:00,291.234568534118,0.2172225595257025,59.75529150811699,23.41446377406652
2026-03-01 18:00:00,288.88368524285835,0.0,45.18992970458037,23.734398439744876
2026-03-01 19:00:00,289.6752671312253,0.0,47.93805746775709,23.527571629978574
2026-03-01 20:00:00,290.8512372428509,0.0,37.05612056986676,20.587380674063176
2026-03-01 21:00:00,290.80176574880244,0.0,35.1816648690261,19.958030810746013
2026-03-01 22:00:00,291.185376787288,0.0,511.5599353320465,15.643970696610634
2026-03-01 23:00:00,294.9251579129637,0.0,530.5256151414424,16.821479645927585
2026-03-02 00:00:00,298.1257546734265,0.0,443.0774762540122,13.358644248714933
2026-03-02 01:00:00,296.2439800715853,0.0,586.8538622422743,13.96982321454314
2026-03-02 02:00:00,300.4540544472984,0.0,485.033075985716,13.940273596858301
2026-03-02 03:00:00,299.6820069160072,0.0,561.1514855165723,12.822842353414249
2026-03-02 04:00:00,298.8739170311793,0.0,610.4437856979763,14.204143699043954
2026-03-02 05:00:00,300.66291828913046,0.0,535.828586411264,14.570894488525969
2026-03-02 06:00:00,300.4708450576104,0.0432063100926576,57.7100160364578,17.023619557086317
2026-03-02 07:00:00,300.5628866373597,0.3003399526481244,37.090414357638174,18.35945146468365
2026-03-02 08:00:00,299.96131013854125,0.5370012767125352,48.79696717890495,19.905219479314088
2026-03-02 09:00:00,297.92817441997977,0.737058542375689,54.98508448729861,23.01036847836996
2026-03-02 10:00:00,297.4729321642516,0.8868750821779481,51.10566138480129,23.62199208081801
2026-03-02 11:00:00,297.0331533048728,0.9762388284572612,53.10215986867617,24.95389924354733
2026-03-02 12:00:00,295.06733903028555,0.9990584068917868,46.56674102211832,24.146763105147375
2026-03-02 13:00:00,292.7749463282864,0.9537783478431228,46.955564561918976,25.137896065511253
2026-03-02 14:00:00,291.04915117123306,0.8434851131088577,52.83136737320869,26.70795797171075
2026-03-02 15:00:00,290.8721255599658,0.6756967108959587,75.69588517842129,28.640848291548043
2026-03-02 16:00:00,290.47456791817405,0.4618502396620937,52.57961583894166,24.592133145208443
2026-03-02 17:00:00,289.61261283787064,0.2165222917942809,45.71836807133744,24.92562369721705
2026-03-02 18:00:00,288.21899607616064,0.0,61.79257258793668,22.945661243315268
2026-03-02 19:00:00,291.38505179635274,0.0,46.98671089371582,22.710013185214287
2026-03-02 20:00:00,289.7213960617357,0.0,58.94969743437391,19.38379109205965
2026-03-02 21:00:00,292.637842780851,0.0,64.14865461985244,18.137679534761975
2026-03-02 22:00:00,292.638122630012,0.0,515.3780471910119,17.6641648125482
2026-03-02 23:00:00,293.1763161536462,0.0,565.8850674409523,15.379139668737583
2026-03-03 00:00:00,295.1375978038975,0.0,452.37204876953774,13.89701330873052
2026-03-03 01:00:00,295.4695936982174,0.0,439.6870429126658,14.135460342542421
2026-03-03 02:00:00,299.3100420740858,0.0,509.4320261142885,12.830136884798314
2026-03-03 03:00:00,302.3164938813067,0.0,528.4897896744881,13.147532748422782
2026-03-03 04:00:00,300.88112164064484,0.0,462.01347905730313,13.427744003063566
2026-03-03 05:00:00,302.1699960106614,0.0,579.6635766018353,13.908267456453126
2026-03-03 06:00:00,300.19540040057103,0.0439229695265184,50.35093702702932,15.29424296372326
2026-03-03 07:00:00,300.61581193717615,0.301024097785946,38.46325533874697,16.73159946426506
2026-03-03 08:00:00,300.5022393439255,0.5376062736081959,61.58750694905518,19.840589187026932
2026-03-03 09:00:00,298.8158671123437,0.7375431521297066,46.09937050758567,22.156739770989578
2026-03-03 10:00:00,295.2534453448488,0.8872062719382471,40.67854976738514,23.55001860020123
2026-03-03 11:00:00,295.73729820665585,0.976394023064613,46.73463872500493,24.65362425433162
2026-03-03 12:00:00,295.6256126249584,0.9990270276889004,45.945505808486914,25.213235196673033
2026-03-03 13:00:00,292.75347113001004,0.9535625337563376,50.55027283706286,27.24872490394769
2026-03-03 14:00:00,291.7807761166302,0.8430995748507532,61.42480937476835,26.17179901573371
2026-03-03 15:00:00,288.9298939133081,0.675167728226989,44.986106599891,26.79622520055537
2026-03-03 16:00:00,288.9962593445206,0.4612138700617246,46.80070956696371,26.73271327492958
2026-03-03 17:00:00,288.7607128406707,0.2158219126454478,44.7748578542507,26.746709606783803
2026-03-03 18:00:00,289.14035451468925,0.0,43.462155533983584,23.84767452623169
2026-03-03 19:00:00,290.3777719941651,0.0,40.98826904387751,22.130877942348544
2026-03-03 20:00:00,288.49686762619314,0.0,43.049804723677326,21.84751218732169
2026-03-03 21:00:00,291.1121100184191,0.0,56.71096332194011,18.594336990001363
2026-03-03 22:00:00,292.5124763186416,0.0,514.9568480376226,19.405011922742435
2026-03-03 23:00:00,294.1970967658996,0.0,480.0698970919317,15.495668527698284
2026-03-04 00:00:00,296.98786247105795,0.0,498.3222302475016,13.509711013866223
2026-03-04 01:00:00,297.2564538175224,0.0,551.8153698575279,12.219709707488168
2026-03-04 02:00:00,297.8696268487012,0.0,567.8728850009173,12.38724262169764
2026-03-04 03:00:00,300.05856995111475,0.0,472.127388677516,13.588279214292166
2026-03-04 04:00:00,299.37314019004066,0.0,488.62052617161135,13.29986860826914
2026-03-04 05:00:00,298.6999762249364,0.0,453.3130139002011,14.61014264898198
2026-03-04 06:00:00,299.780290308801,0.0446396063585573,54.9569712301555,17.000793359648352
2026-03-04 07:00:00,301.00749082164884,0.3017080880235312,60.73174996120557,18.86508676908273
2026-03-04 08:00:00,300.3433824394654,0.5382109938638935,47.10388555551225,18.656841496093996
2026-03-04 09:00:00,300.59270872439964,0.7380273823607625,51.96578901550892,22.2192063153567
2026-03-04 10:00:00,296.6875474085283,0.8875370051623208,42.65449161384087,23.338286653011576
2026-03-04 11:00:00,297.8820096167038,0.9765487152417288,56.74853490533413,25.935647182684665
2026-03-04 12:00:00,295.60405016016534,0.9989951344093316,49.36029242106279,26.18667024353188
2026-03-04 13:00:00,292.9751227322027,0.953346228987854,51.10154499725674,26.734167219051415
2026-03-04 14:00:00,293.927636898252,0.8427136027526736,36.12379837704656,26.754966607310475
2026-03-04 15:00:00,292.06405547888227,0.6746383981319575,56.47451092092976,26.12732448821573
2026-03-04 16:00:00,288.9411786249533,0.4605772631310945,53.11416638570872,25.302752296797173
2026-03-04 17:00:00,288.3702698974156,0.2151214224394915,68.30858959390713,24.689394203762546
2026-03-04 18:00:00,287.64152969967733,0.0,44.761191484310416,21.40567429699716
2026-03-04 19:00:00,289.2693920683884,0.0,53.86094986694,21.412939449712557
2026-03-04 20:00:00,290.1662807779383,0.0,27.13419926000691,19.730925919131145
2026-03-04 21:00:00,291.1092907453987,0.0,37.27667035967639,18.239308089331534
2026-03-04 22:00:00,293.0728118897576,0.0,485.3973909311113,15.952975876385917
2026-03-04 23:00:00,292.80501914257445,0.0,479.5549851387451,15.26660376926457
2026-03-05 00:00:00,294.21527159722444,0.0,489.0059045183961,13.163425929243807
2026-03-05 01:00:00,298.01173630363775,0.0,421.0885402491267,11.85974711596264
2026-03-05 02:00:00,296.8909234484764,0.0,521.2413317119016,13.560245171333555
2026-03-05 03:00:00,300.0914337775978,0.0,486.1140421736866,13.038123899410717
2026-03-05 04:00:00,299.4742977038242,0.0,510.1209284648271,13.781548893663599
2026-03-05 05:00:00,302.07334361054984,0.0,418.9484892187557,14.451497169925405
2026-03-05 06:00:00,301.1048975110873,0.0453562202201226,73.86156956624502,16.321011599521224
2026-03-05 07:00:00,301.0761395095398,0.3023919230090224,62.52351437804995,18.157354519704953
2026-03-05 08:00:00,298.857605397048,0.5388154371684044,53.45266953687975,21.034922741140825
2026-03-05 09:00:00,297.57262637262846,0.7385112328196441,59.17845205872837,20.941071192013812
2026-03-05 10:00:00,299.0820482685755,0.887867281679955,49.662542984717824,23.37347903906599
2026-03-05 11:00:00,295.6335983980868,0.9767029049089954,40.30963504171122,25.11562136752089
2026-03-05 12:00:00,294.723067749197,0.998962727069495,61.01560739053086,25.27902234651856
2026-03-05 13:00:00,294.1706957069646,0.9531294336489956,43.23742233211665,27.9494123425164
2026-03-05 14:00:00,292.16984131087315,0.8423271970132623,50.39224054626322,26.760193980598487
2026-03-05 15:00:00,290.1990563255575,0.6741087208832873,45.60038899991134,25.580268974708535
2026-03-05 16:00:00,291.99806037767604,0.4599404191978371,76.84936158864024,27.035485703147174
2026-03-05 17:00:00,289.7661200536022,0.2144208215369238,29.561897623210925,25.38510889269824
2026-03-05 18:00:00,289.00848346868014,0.0,60.871599939851066,22.60864307548244
2026-03-05 19:00:00,288.1640163322912,0.0,45.02861278006724,23.388303814890484
2026-03-05 20:00:00,290.0894587087377,0.0,41.15661174225082,19.275262647171044
2026-03-05 21:00:00,291.23921636631496,0.0,48.09880490116028,17.097311591559095
2026-03-05 22:00:00,292.0088829232756,0.0,623.3213451275092,18.016725267900966
2026-03-05 23:00:00,292.8580152940884,0.0,477.4969421574005,16.476383788274198
2026-03-06 00:00:00,294.73794582449096,0.0,542.1095378737139,14.55023512139764
2026-03-06 01:00:00,296.10847328032776,0.0,520.0182431870239,11.897863139662066
2026-03-06 02:00:00,297.79076715041003,0.0,593.0075586017125,13.204708484035606
2026-03-06 03:00:00,298.0363369731167,0.0,513.112392174118,13.424680074920149
2026-03-06 04:00:00,301.7915966128356,0.0,552.014090677149,15.015615111495904
2026-03-06 05:00:00,299.64301391145847,0.0,463.2573229998661,14.806609166369348
2026-03-06 06:00:00,302.43768890527195,0.0460728107424043,46.21840364350621,17.3699545820026
2026-03-06 07:00:00,299.8321022583374,0.3030756023904795,58.92502894686652,18.230419505819825
2026-03-06 08:00:00,300.0453264181075,0.539419603210696,45.434964231799526,20.15340179253399
2026-03-06 09:00:00,298.2450884152605,0.7389947032573734,48.49398356139483,21.285191865273156
2026-03-06 10:00:00,297.4105467466025,0.888197101321197,62.34902358181896,23.64741364118866
2026-03-06 11:00:00,296.7694627575195,0.97685659198707,64.79440968550297,25.136355766057672
2026-03-06 12:00:00,294.14418792478114,0.998929805686066,51.089693281403214,24.31352453141333
2026-03-06 13:00:00,291.6983044858123,0.9529121478513194,33.25077462795698,27.634928507598904
2026-03-06 14:00:00,291.0389514122434,0.8419403578313548,50.21288664950975,26.279658255579537
2026-03-06 15:00:00,290.47241431587634,0.6735786967535384,37.98707379449127,25.29984495822635
2026-03-06 16:00:00,288.3146022965344,0.459303338589658,56.5304901760731,25.21567673417656
2026-03-06 17:00:00,290.47008618064103,0.2137201102982583,49.04272866852769,26.12018992771556
2026-03-06 18:00:00,288.70525762982766,0.0,35.58840769015782,21.33737679822694
2026-03-06 19:00:00,289.2445834335397,0.0,48.90208178039197,22.603641727496704
2026-03-06 20:00:00,289.2052221966296,0.0,41.54381214407195,20.00076831442413
2026-03-06 21:00:00,290.66275577917787,0.0,45.280869732937006,18.982789683164587
2026-03-06 22:00:00,293.13627159178714,0.0,491.7023869301584,17.30841793466661
2026-03-06 23:00:00,293.56026990976585,0.0,539.0677818071684,14.877584818727488
2026-03-07 00:00:00,295.3691435315874,0.0,490.4900351229501,15.031846885131023
2026-03-07 01:00:00,298.63190579315113,0.0,467.1601519116596,13.566941584757119
2026-03-07 02:00:00,299.32851330249565,0.0,414.0642889909696,13.141152606605559
2026-03-07 03:00:00,299.0003997881076,0.0,559.7508142819092,11.555433268771766
2026-03-07 04:00:00,302.0517362090208,0.0,551.0021269792899,14.124600039499105
2026-03-07 05:00:00,300.90363254567905,0.0,530.8458065093935,14.484032242515884
2026-03-07 06:00:00,300.1592019933311,0.0467893775566612,57.73561524988274,16.07706703991987
2026-03-07 07:00:00,302.2470777843979,0.3037591258160964,29.527645263021384,16.68459877012633
2026-03-07 08:00:00,300.08322615715474,0.5400234916798782,41.57384649941453,19.97442356492127
2026-03-07 09:00:00,299.08101477568306,0.739477793425167,50.47039112539743,22.73324864573104
2026-03-07 10:00:00,297.86122302016486,0.888526463916329,47.664936850991616,22.98432579421449
2026-03-07 11:00:00,297.23484852019146,0.9770097763968691,45.558466289379695,24.365909194731927
2026-03-07 12:00:00,293.0530824159972,0.9988963702759858,56.31596727598095,27.334107679692483
2026-03-07 13:00:00,292.65447696625336,0.9526943717066364,45.12782905091818,27.343934603140898
2026-03-07 14:00:00,292.3340761813973,0.8415530854060097,27.624387162076705,26.180529654754338
2026-03-07 15:00:00,291.30794347609753,0.6730483260154494,53.369179422207175,26.32470533551917
2026-03-07 16:00:00,289.11094477760315,0.4586660216343845,49.12241165802255,25.89398574464943
2026-03-07 17:00:00,290.2460346333976,0.2130192890840648,45.19147566859269,26.95570852696623
2026-03-07 18:00:00,290.3119770319636,0.0,51.7766746014394,22.611169481761713
2026-03-07 19:00:00,290.0821412708613,0.0,38.19337660327396,20.83762784094378
2026-03-07 20:00:00,289.2254957326181,0.0,39.77545735894733,21.682647524688957
2026-03-07 21:00:00,291.4488826093222,0.0,45.35167305847103,20.179968052577703
2026-03-07 22:00:00,292.4111343756676,0.0,409.1488902959245,18.72147457186156
2026-03-07 23:00:00,294.1207085055587,0.0,435.7054238302114,14.206733581180266
2026-03-08 00:00:00,296.9672724539645,0.0,548.7251082108733,13.488710054642501
2026-03-08 01:00:00,296.5821767490299,0.0,453.5487825244912,12.765959503252855
2026-03-08 02:00:00,298.78344116166284,0.0,549.7840177580603,12.346916030173368
2026-03-08 03:00:00,298.26140983552256,0.0,426.010093240704,14.36014403822533
2026-03-08 04:00:00,299.78778056571497,0.0,532.1562449873896,12.42240557732953
2026-03-08 05:00:00,300.9062705199418,0.0,515.232017995804,14.272150982177283
2026-03-08 06:00:00,299.50905226102094,0.0475059202941643,40.75583568632593,16.740349844876103
2026-03-08 07:00:00,301.44074031471337,0.3044424929341476,50.402999830292224,17.70688446172929
2026-03-08 08:00:00,299.0824754934754,0.5406271022652034,57.11225099303108,19.647854792827886
2026-03-08 09:00:00,300.33803705006824,0.739960503074438,41.81381256405482,24.372209666969233
2026-03-08 10:00:00,298.67671083450495,0.8888553692958684,72.78235107709249,23.95134827064952
2026-03-08 11:00:00,297.62000661025644,0.9771624580595676,34.87151684989367,25.426367216562962
2026-03-08 12:00:00,295.0818021223499,0.9988624208564592,61.96547780554718,27.322229709731516
2026-03-08 13:00:00,294.24233086659274,0.9524761053270088,54.68638680373172,26.85755875869692
2026-03-08 14:00:00,291.0312350447478,0.8411653799365086,53.16506994213125,27.80904154116622
2026-03-08 15:00:00,288.79866539077227,0.6725176089419368,43.965950427854985,27.51634769626967
2026-03-08 16:00:00,289.87484467899475,0.4580284686599654,44.751735801626765,25.65269281572949
2026-03-08 17:00:00,289.9270630578313,0.2123183582550258,41.16378705032464,23.65196605868057
2026-03-08 18:00:00,290.41373391013855,0.0,78.90078032765146,23.997325317928773
2026-03-08 19:00:00,288.7462416908069,0.0,59.79556007168433,21.832874799289225
2026-03-08 20:00:00,291.1229788571763,0.0,52.78181031684028,19.26648416573182
2026-03-08 21:00:00,290.6062568814156,0.0,44.71145304073245,17.95817875587278
2026-03-08 22:00:00,294.1169943641256,0.0,545.1791778991118,15.925000861942863
2026-03-08 23:00:00,292.98841520064406,0.0,534.5455439132036,15.830068277404745
2026-03-09 00:00:00,294.0503872395323,0.0,406.0479798212057,13.955885721981113
2026-03-09 01:00:00,297.9864298048063,0.0,535.8926665586367,13.006399923199867
2026-03-09 02:00:00,298.0050149233268,0.0,434.7804105435425,12.700519452514813
2026-03-09 03:00:00,299.4855374775992,0.0,536.7643155750657,14.071275607559658
2026-03-09 04:00:00,298.8572394512982,0.0,558.4512327902378,15.83459950286421
2026-03-09 05:00:00,301.8174889505367,0.0,488.0595607668273,14.741987067734902
2026-03-09 06:00:00,301.66964336602445,0.04822243858614,49.002706225960026,14.458593481334493
2026-03-09 07:00:00,299.77213725647016,0.3051257033929336,38.326821331115625,19.482657093059952
2026-03-09 08:00:00,300.1607246973849,0.5412304346560195,74.43502602686868,19.465702335835605
2026-03-09 09:00:00,299.70643273721265,0.7404428319567565,51.22218176771629,24.395226690611477
2026-03-09 10:00:00,297.10621735316704,0.8891838172905421,65.52316383349974,23.404312384605365
2026-03-09 11:00:00,295.5729715409796,0.9773146368965862,61.83188483566571,23.684652018880932
2026-03-09 12:00:00,296.6153833024898,0.9988279574449584,46.23470879845328,27.906681440073985
2026-03-09 13:00:00,293.1961467656116,0.9522573488247692,70.60949237762347,27.77783787166832
2026-03-09 14:00:00,292.7090849397199,0.840777241622387,47.22730963445707,25.52428975216793
2026-03-09 15:00:00,290.9320786435865,0.6719865458061378,50.0830064136169,26.24520561158793
2026-03-09 16:00:00,290.60136853644656,0.4573906799945216,42.37020380009442,26.07143134288366
2026-03-09 17:00:00,286.6357867203035,0.2116173181717133,68.65850249737312,26.51958277640049
2026-03-09 18:00:00,288.2864288716576,0.0,49.47768748826808,23.31372854534868
2026-03-09 19:00:00,288.7900991088646,0.0,28.28737313974421,23.00298169347404
2026-03-09 20:00:00,288.8871960108462,0.0,56.04257300399048,19.420960406613716
2026-03-09 21:00:00,290.7878501321544,0.0,55.98133999210625,17.779926274038054
2026-03-09 22:00:00,291.2025291618677,0.0,486.0342697679124,16.7123690431116
2026-03-09 23:00:00,293.7730695646705,0.0,442.9092358973373,14.956034979846692
2026-03-10 00:00:00,295.67025756414006,0.0,524.5047324498158,15.117839031428575
2026-03-10 01:00:00,298.4717085950452,0.0,564.2480717627142,12.25465384096998
2026-03-10 02:00:00,298.25981065909525,0.0,461.5062857245373,13.114334379792776
2026-03-10 03:00:00,298.7013493083148,0.0,477.375410218114,12.62829445874885
2026-03-10 04:00:00,299.1561145436269,0.0,480.1033450441161,14.639818681216823
2026-03-10 05:00:00,300.3736233457402,0.0,514.6556333920295,15.085692178071477
2026-03-10 06:00:00,300.5161385084187,0.0489389320639979,54.20113623936347,15.772642896600436
2026-03-10 07:00:00,301.7151129951987,0.3058087568409982,52.072364376541536,17.925742111774873
2026-03-10 08:00:00,301.44772293983084,0.5418334885419612,50.85670489778779,19.732295450613552
2026-03-10 09:00:00,298.7522906946211,0.7409247798240036,60.94928090846978,22.44634953482587
2026-03-10 10:00:00,298.5156971389012,0.8895118077313902,43.46583333277919,22.79536006038848
2026-03-10 11:00:00,295.058610863018,0.9774663128296418,68.69908330315552,25.43866188841839
2026-03-10 12:00:00,296.6105648006253,0.9987929800592124,59.25770555488802,25.589710872577196
2026-03-10 13:00:00,293.4032884343693,0.9520381023124496,49.40430196445243,25.14655236721677
2026-03-10 14:00:00,292.0621780700929,0.8403886706633104,57.531229656060205,26.681034485198413
2026-03-10 15:00:00,290.91534670392093,0.6714551368812413,50.70185578146128,27.06295370581777
2026-03-10 16:00:00,288.7454007389626,0.4567526559661435,51.48343989662294,25.452401900541833
2026-03-10 17:00:00,289.8019603849576,0.2109161691949222,64.14720041761024,26.18945721603746
2026-03-10 18:00:00,289.7675743010163,0.0,69.95187787108358,23.796162417475124
2026-03-10 19:00:00,290.6187003025343,0.0,46.22571883397514,24.13530481330215
2026-03-10 20:00:00,287.2547206175232,0.0,60.11782250203857,20.111760818168804
2026-03-10 21:00:00,291.1362756856405,0.0,44.79933020613202,16.888797906416947
2026-03-10 22:00:00,292.5722981142372,0.0,490.3209547448129,16.281349177048202
2026-03-10 23:00:00,294.3419516912791,0.0,544.0541208701014,15.025777059385925
2026-03-11 00:00:00,297.45855132784914,0.0,447.6877215744632,15.05421444068115
2026-03-11 01:00:00,298.389488972737,0.0,569.0018281635356,12.300561157539004
2026-03-11 02:00:00,297.4654171576258,0.0,551.5674836643897,12.85426010081023
2026-03-11 03:00:00,298.77417665677274,0.0,623.9989052269718,13.33956307737795
2026-03-11 04:00:00,301.86383476433207,0.0,525.1928771774159,12.486354771627582
2026-03-11 05:00:00,301.81799162136383,0.0,437.6338781495582,14.66442325630721
2026-03-11 06:00:00,300.84263794270174,0.0496554003589898,58.783817568614005,15.391169781057807
2026-03-11 07:00:00,301.04466447854185,0.3064916529268033,59.26019080343325,18.474143662573507
2026-03-11 08:00:00,300.7928041378957,0.5424362636126626,41.21206117091024,19.395600942810134
2026-03-11 09:00:00,300.7836937377272,0.7414063464281415,48.4000200933772,22.349472738854452
2026-03-11 10:00:00,298.7578543113688,0.8898393404496101,51.722357454653775,24.945769741991484
2026-03-11 11:00:00,298.16302061938893,0.9776174857806732,55.93700686641202,28.904803643876
2026-03-11 12:00:00,295.1113862168253,0.9987574887172224,52.41375235260468,26.476577648020957
2026-03-11 13:00:00,292.3860006860752,0.9518183659028874,51.29725248850412,26.23863571679004
2026-03-11 14:00:00,291.5995091161929,0.8399996672592592,53.11347188317004,30.065186655732848
2026-03-11 15:00:00,291.32736815649935,0.6709233824407403,60.28811980883657,26.713102993448004
2026-03-11 16:00:00,290.7016133771872,0.4561143969031946,47.832468694122014,25.149273396303776
2026-03-11 17:00:00,290.57343312332546,0.2102149116854478,52.18673360246354,24.306293200915587
2026-03-11 18:00:00,290.8114498351614,0.0,46.8883250973602,25.851332498096152
2026-03-11 19:00:00,290.69406170651297,0.0,62.69253916277848,21.60838640528271
2026-03-11 20:00:00,289.7957554492996,0.0,33.84484886314859,19.833490112462307
2026-03-11 21:00:00,291.88109784452547,0.0,42.28649305901997,18.62877473273562
2026-03-11 22:00:00,294.175268916536,0.0,582.6049859122932,14.622766732404076
2026-03-11 23:00:00,292.6015510918543,0.0,540.2246678292147,14.204160355421118
2026-03-12 00:00:00,292.82177977844697,0.0,514.5837882721208,14.394677738439107
2026-03-12 01:00:00,297.1367099269217,0.0,587.09247121663,15.11896531503212
2026-03-12 02:00:00,298.6236704222389,0.0,507.4477787781336,12.81312278481086
2026-03-12 03:00:00,299.37616581572934,0.0,612.7651453466838,13.558966324203972
2026-03-12 04:00:00,301.0676569133317,0.0,514.5796773879731,14.18088309250249
2026-03-12 05:00:00,299.9123772638849,0.0,530.689998664751,14.311611106601502
2026-03-12 06:00:00,302.449071977902,0.0503718431024375,44.400996524187306,16.745958291576127
2026-03-12 07:00:00,300.9450442346693,0.3071743912989461,69.45493412860297,18.508270523486352
2026-03-12 08:00:00,300.86919179045515,0.5430387595579493,29.27601753798936,20.529770180758597
2026-03-12 09:00:00,299.22746192334404,0.7418875315213669,32.95089052155093,21.3829411785496
2026-03-12 10:00:00,299.4186783721032,0.8901664152766611,57.90878292139135,23.349533478482396
2026-03-12 11:00:00,294.75462322234523,0.9777681556718902,48.14474933936129,26.308892534815136
2026-03-12 12:00:00,295.33442132878304,0.9987214834372512,46.94959140852853,26.2087617270521
2026-03-12 13:00:00,294.15287789756866,0.9515981397091532,53.36883454735416,28.995126312244377
2026-03-12 14:00:00,292.0614491210624,0.8396102316104059,40.03487032726922,26.403596055129224
2026-03-12 15:00:00,290.42850787298613,0.6703912827582637,44.099465655124966,27.492013925965335
2026-03-12 16:00:00,290.399582428293,0.4554759031341083,54.37127365805812,27.417259063039207
2026-03-12 17:00:00,288.87854598285026,0.2095135460041414,59.02836986965367,25.344155305236068
2026-03-12 18:00:00,287.8755171800927,0.0,54.70431292297158,22.343978876687068
2026-03-12 19:00:00,287.8431404017714,0.0,32.887246108619046,21.635960101393696
2026-03-12 20:00:00,288.7996541627673,0.0,31.81896484014191,21.070101603913276
2026-03-12 21:00:00,290.22653037642925,0.0,43.86292764152424,18.50819831420515
2026-03-12 22:00:00,290.56019851877056,0.0,486.0439494490868,17.958772283826313
2026-03-12 23:00:00,294.1443562238151,0.0,493.9709481876639,13.711960553026664
2026-03-13 00:00:00,295.6876542364064,0.0,472.8065748243861,14.748767249558144
2026-03-13 01:00:00,295.65842938431973,0.0,541.6470232302082,12.652888029249963
2026-03-13 02:00:00,298.70603355299846,0.0,471.6981054908987,12.966918302900789
2026-03-13 03:00:00,299.156871156744,0.0,443.3089437104956,12.355102704198927
2026-03-13 04:00:00,301.42621534610174,0.0,543.8108065553866,14.219152621630872
2026-03-13 05:00:00,300.9915064510087,0.0,545.3924803905338,12.469714217738307
2026-03-13 06:00:00,301.13665305244365,0.0510882599256756,60.95208417769729,17.94090453259658
2026-03-13 07:00:00,300.44605008725034,0.3078569716061048,55.57085842108916,18.372615491342966
2026-03-13 08:00:00,299.8719191270176,0.5436409760677907,58.30628648148464,19.695475287211856
2026-03-13 09:00:00,300.15176707951974,0.742368334856073,50.907483588319536,22.70604778247869
2026-03-13 10:00:00,299.01882825116195,0.8904930320442377,46.21050820852072,24.078994745773795
2026-03-13 11:00:00,295.3469218402366,0.9779183224257616,57.69773116951649,25.734457834109058
2026-03-13 12:00:00,296.35867556028114,0.9986849642378264,62.056465755795536,27.215044026277557
2026-03-13 13:00:00,292.0935129311852,0.951377423844571,59.85201604050521,26.296147719715197
2026-03-13 14:00:00,291.67409978178773,0.8392203639171453,29.78567695700741,27.994091896669772
2026-03-13 15:00:00,292.0710310367194,0.6698588381076178,52.45555503894892,27.344286495390936
2026-03-13 16:00:00,289.1212478799749,0.4548371749874392,39.99999395591367,25.77589216297707
2026-03-13 17:00:00,291.26879504598344,0.2088120725119099,42.83428060905034,25.577640727194858
2026-03-13 18:00:00,290.43036084508856,0.0,57.04506828820014,23.994180049672327
2026-03-13 19:00:00,289.8033694511216,0.0,42.87810507773172,21.49789501942519
2026-03-13 20:00:00,290.4847692676,0.0,73.24393692144147,19.372627916780058
2026-03-13 21:00:00,290.18697777725794,0.0,39.43526319048796,16.970891767389016
2026-03-13 22:00:00,293.4072318864984,0.0,488.6961742618285,16.835846709446713
2026-03-13 23:00:00,294.4151211709961,0.0,564.1132826030396,13.33527156024288
2026-03-14 00:00:00,294.16436293746455,0.0,441.2209370627198,14.551727329665423
2026-03-14 01:00:00,298.0332595160694,0.0,481.4346085360575,13.87322925239002
2026-03-14 02:00:00,296.4175759927142,0.0,467.9555452943803,12.96476403254942
2026-03-14 03:00:00,300.8520431862593,0.0,501.5375752737943,14.786987390668243
2026-03-14 04:00:00,300.0884599721159,0.0,537.8773756685615,13.516291599059809
2026-03-14 05:00:00,301.4365326347629,0.0,562.483461102914,13.21824238772588
2026-03-14 06:00:00,300.7672317721506,0.0518046504599956,53.27087651548564,16.521929601655728
2026-03-14 07:00:00,301.4754929780824,0.3085393934969851,53.20202947680222,18.005364073354833
2026-03-14 08:00:00,301.5917721700235,0.5442429128322519,53.72116910109702,18.43942185225065
2026-03-14 09:00:00,300.2315588245048,0.7428487561848112,51.21214254191425,21.729321379610376
2026-03-14 10:00:00,298.54651832686875,0.8908191905842445,64.29313364751036,22.82409800643135
2026-03-14 11:00:00,298.17344331273847,0.978067985965003,61.34152297210149,23.276934504546105
2026-03-14 12:00:00,294.6508109151221,0.9986479311377428,50.68790137273837,28.70630359625759
2026-03-14 13:00:00,293.71858883251286,0.9511562184227336,51.38541460670943,25.544736979546144
2026-03-14 14:00:00,291.33939270112126,0.8388300643801253,68.18694455001415,26.390091300626644
2026-03-14 15:00:00,289.86919314160474,0.669326048762829,61.79382577367759,25.566091585220327
2026-03-14 16:00:00,289.0622296476072,0.4541982127919128,52.180424359815234,26.474797451086424
2026-03-14 17:00:00,290.5438163716397,0.2081104915697712,59.964390159542006,24.557181889526767
2026-03-14 18:00:00,290.426652170935,0.0,48.2448599536595,23.09989294826648
2026-03-14 19:00:00,289.98065906441275,0.0,32.27048300584309,21.256271229830077
2026-03-14 20:00:00,290.26730927854464,0.0,45.42955627620528,19.816571968690205
2026-03-14 21:00:00,291.8831044392607,0.0,42.87154901651729,17.110910814620045
2026-03-14 22:00:00,293.6587635834614,0.0,457.8329324895756,16.02066432463765
2026-03-14 23:00:00,294.4636753678152,0.0,461.6938493084667,15.973341849725315
2026-03-15 00:00:00,296.14735125329247,0.0,462.0526793423968,13.664910308261467
2026-03-15 01:00:00,298.9536135564649,0.0,480.3436047182482,13.812520495517598
2026-03-15 02:00:00,297.7320107487742,0.0,459.9506082426092,10.96177721093432
2026-03-15 03:00:00,299.5036725312146,0.0,448.1023366696195,14.532815713477117
2026-03-15 04:00:00,300.1539803117586,0.0,476.27947658893487,13.422211260784666
2026-03-15 05:00:00,299.68695559314915,0.0,535.4890437528635,17.03844179594687
2026-03-15 06:00:00,301.91281877299235,0.0525210143368727,64.4708590453223,14.93781100773628
2026-03-15 07:00:00,300.67369261310773,0.3092216566205363,45.0143394428545,18.804503413283232
2026-03-15 08:00:00,299.804504827039,0.5448445695416855,39.02909932594415,19.602779247113485
2026-03-15 09:00:00,297.9505426461299,0.7433287952604435,54.55600315297882,21.048697577280585
2026-03-15 10:00:00,297.650410079101,0.8911448907288995,49.00249723212633,24.95962345712652
2026-03-15 11:00:00,296.6737421969967,0.9782171462126248,58.00173586843148,24.7564855213889
2026-03-15 12:00:00,294.0943697793489,0.9986103841560514,54.391869313641095,25.961828565643675
2026-03-15 13:00:00,292.0061430285472,0.9509345235574328,39.4957606698348,25.39328556051062
2026-03-15 14:00:00,293.0785479413683,0.8384393332001235,36.43861279154384,26.678319415701047
2026-03-15 15:00:00,291.76924548041734,0.6687929149979739,51.632316139843056,25.095258816812642
2026-03-15 16:00:00,289.63225452565246,0.4535590168762235,58.07499643394899,25.560857151063814
2026-03-15 17:00:00,290.0776924798719,0.2074088035386318,46.86441361089694,24.237322270530655
2026-03-15 18:00:00,290.9548375922529,0.0,33.92074139703817,23.56867306770877
2026-03-15 19:00:00,289.26061804627943,0.0,52.11446455847674,23.156272254057022
2026-03-15 20:00:00,290.7569145222444,0.0,44.91485104564191,22.274107306215292
2026-03-15 21:00:00,291.87282668279056,0.0,63.39293302314735,17.73736697229381
2026-03-15 22:00:00,292.724591489259,0.0,491.5553935307728,15.5235676825376
2026-03-15 23:00:00,293.52861386792324,0.0,471.60004504359046,17.879016371307465
2026-03-16 00:00:00,294.15581810969235,0.0,455.0260644608322,14.63887783792677
2026-03-16 01:00:00,296.08582365692064,0.0,478.1687973784434,14.410536982132411
2026-03-16 02:00:00,296.60989388488406,0.0,378.6994759408204,12.29681008692901
2026-03-16 03:00:00,300.5892325604458,0.0,549.1264979816871,13.99558671571735
2026-03-16 04:00:00,299.8051436542223,0.0,398.0834322003966,13.28487393587799
2026-03-16 05:00:00,301.0922870300527,0.0,450.3354082912173,15.542357373116912
2026-03-16 06:00:00,300.8941850682384,0.0532373511876255,61.28160817963391,16.649964001046975
2026-03-16 07:00:00,300.61364455702176,0.3099037606256271,48.80419588935499,16.663235504012132
2026-03-16 08:00:00,299.5692666723856,0.5454459458864447,38.50734799550402,19.925534265338165
2026-03-16 09:00:00,301.0726275125214,0.7438084518359148,63.65566175045197,20.507160021978823
2026-03-16 10:00:00,298.5923551549136,0.8914701323105788,44.672380630830325,23.77043608493776
2026-03-16 11:00:00,297.159794279087,0.9783658030918604,50.67986259431252,25.87845149792318
2026-03-16 12:00:00,294.2804692215128,0.9985723233120756,56.46356212517241,25.71134346501085
2026-03-16 13:00:00,292.1444749042707,0.9507123393627656,57.774008202580255,29.093489349984274
2026-03-16 14:00:00,291.9766892781892,0.8380481705782321,45.98442574826555,25.56537604760475
2026-03-16 15:00:00,290.5173981751098,0.6682594370874335,66.74283718190001,26.877167509438188
2026-03-16 16:00:00,290.8579754019986,0.4529195875693376,41.20489180850186,26.04339692198967
2026-03-16 17:00:00,288.68678397637683,0.2067070087796201,44.40625296084237,25.392235967491565
2026-03-16 18:00:00,289.15574970838713,0.0,37.16858023494097,23.11227889797979
2026-03-16 19:00:00,289.00371659507806,0.0,40.68382240666594,23.332271433995647
2026-03-16 20:00:00,288.2805633632014,0.0,57.19500376469795,19.36989649240208
2026-03-16 21:00:00,292.1296812736175,0.0,57.41472306542565,20.379086544973102
2026-03-16 22:00:00,292.47491700898416,0.0,472.3133396196546,14.957908443096077
2026-03-16 23:00:00,294.68980533124085,0.0,568.0635354643115,15.29359251364023
2026-03-17 00:00:00,294.9273545375449,0.0,518.1696620562384,15.330130536938679
2026-03-17 01:00:00,298.5650247833948,0.0,520.5406698408086,12.950881805558682
2026-03-17 02:00:00,298.4763232493859,0.0,464.03933374116366,12.89930714968336
2026-03-17 03:00:00,299.34382643048275,0.0,583.3274407361522,11.091370106867071
2026-03-17 04:00:00,300.65417947388613,0.0,481.60771361452606,13.149584114238433
2026-03-17 05:00:00,301.9638935922747,0.0,556.0387834061353,17.04474946047443
2026-03-17 06:00:00,300.4628131603391,0.0539536606436431,60.74774282876537,17.22112083721435
2026-03-17 07:00:00,300.7602209135909,0.3105857051612622,27.03579734690582,18.665230230334434
2026-03-17 08:00:00,301.7971810244144,0.546047041557075,56.70014389313779,19.65120751961373
2026-03-17 09:00:00,298.8768129999064,0.7442877256644047,32.4920405892087,21.816508973752196
2026-03-17 10:00:00,298.805957724781,0.8917949151619206,41.50864965963429,23.276252128088814
2026-03-17 11:00:00,297.16722315863024,0.9785139565262144,47.43309396813233,24.76143035092354
2026-03-17 12:00:00,294.3044370374517,0.9985337486254005,51.92357561184223,26.005643060936883
2026-03-17 13:00:00,294.1751295539052,0.9504896659530632,49.70052046409988,25.47600086206111
2026-03-17 14:00:00,293.5174682496957,0.8376565767157346,54.51224932575626,26.633200151053135
2026-03-17 15:00:00,289.752784496089,0.6677256153057234,50.91817707364069,26.725318303609548
2026-03-17 16:00:00,289.6306695172601,0.4522799252002908,68.30268531547155,24.82789317856432
2026-03-17 17:00:00,289.95994265950947,0.2060051076538637,51.81936945441272,26.12953167978755
2026-03-17 18:00:00,287.63240821958766,0.0,43.97401566725307,22.722580700238662
2026-03-17 19:00:00,287.3532002552868,0.0,30.51607161466725,20.47725564417064
2026-03-17 20:00:00,290.1853902726938,0.0,56.7664243206449,18.141213654063158
2026-03-17 21:00:00,290.4670414678567,0.0,42.67541528992913,17.78130135808489
2026-03-17 22:00:00,293.756291131713,0.0,513.2473226043583,16.103296907233545
2026-03-17 23:00:00,294.4720449362873,0.0,576.8533451495332,15.71234580712472
2026-03-18 00:00:00,297.08220683539344,0.0,456.3181419074018,14.45103017719722
2026-03-18 01:00:00,294.60761012924195,0.0,535.9828457956785,12.617230014037554
2026-03-18 02:00:00,299.5713819342397,0.0,524.9481898982452,13.151558200955696
2026-03-18 03:00:00,300.17242368465105,0.0,478.2919530833643,10.973994093842194
2026-03-18 04:00:00,300.403145707188,0.0,472.89483298223536,12.312706844847577
2026-03-18 05:00:00,301.08688697730435,0.0,542.1824729434136,14.693889651527941
2026-03-18 06:00:00,302.1983860738841,0.0546699423363292,62.34265876122366,15.41919899823862
2026-03-18 07:00:00,300.9084798505357,0.3112674898765284,54.713013961806745,18.168031024353215
2026-03-18 08:00:00,299.3515697895892,0.546647856244266,66.65127435820044,19.82976473497106
2026-03-18 09:00:00,300.7504037357027,0.7447666164992895,61.70150979312484,22.314992285973965
2026-03-18 10:00:00,298.8382526544594,0.8921192391157988,46.04020424816741,22.82444738512223
2026-03-18 11:00:00,296.2841845749415,0.9786616064394508,52.44333610053034,25.433410237494193
2026-03-18 12:00:00,294.2121604998806,0.998494660115876,45.96536385931935,25.918472051424473
2026-03-18 13:00:00,292.82088183173335,0.950266503442908,59.527971074345785,27.28477835814707
2026-03-18 14:00:00,291.89096844024846,0.8372645518141363,48.46240569989166,26.94215259746577
2026-03-18 15:00:00,290.937246929367,0.6671914499275361,52.41940422226878,26.24217963629812
2026-03-18 16:00:00,289.60660280538696,0.4516400300982391,72.37225976525446,26.610350342549786
2026-03-18 17:00:00,289.12960502575584,0.2053031005225452,44.87195192158522,25.197033135734557
2026-03-18 18:00:00,289.32467147130734,0.0,58.00661223627279,24.173333819526448
2026-03-18 19:00:00,289.6948446661281,0.0,46.50109723937245,21.895316392133402
2026-03-18 20:00:00,290.0085047193604,0.0,54.22140978131375,19.712415017506142
2026-03-18 21:00:00,290.3955568606773,0.0,47.56552469111167,18.937597344798156
2026-03-18 22:00:00,294.4169601799855,0.0,449.9648382818536,16.71962167144805
2026-03-18 23:00:00,294.0815620022219,0.0,514.3168173540753,14.538053063661021
2026-03-19 00:00:00,296.18249144773847,0.0,499.4269814433762,15.076273161932898
2026-03-19 01:00:00,295.75612813880565,0.0,440.66682896560513,12.317489989887603
2026-03-19 02:00:00,298.508747636606,0.0,500.0646837065689,13.929767111110273
2026-03-19 03:00:00,299.989085170124,0.0,612.4619819425006,13.612979375583967
2026-03-19 04:00:00,301.2749252803431,0.0,491.98447800460025,14.04224330152378
2026-03-19 05:00:00,301.4447646502492,0.0,497.7953490939688,15.100345781159522
2026-03-19 06:00:00,301.24857570999967,0.0553861958971012,49.11520823106577,16.01876520249169
2026-03-19 07:00:00,300.65737721713174,0.3119491144205948,49.00249309168665,17.56275163568996
2026-03-19 08:00:00,299.1459124227944,0.5472483896388523,40.421662364531606,19.7295989013432
2026-03-19 09:00:00,300.95834942631564,0.7452451240941054,34.468157496307974,21.932435866430932
2026-03-19 10:00:00,297.29463277656004,0.8924431040052981,57.38818933657055,21.77297309076674
2026-03-19 11:00:00,297.9838294585568,0.97880875275558,47.57029580511711,24.182401871018158
2026-03-19 12:00:00,296.304595308561,0.9984550578036192,53.50149209996876,26.124785706886787
2026-03-19 13:00:00,292.9823553808758,0.950042851947152,62.75034269351493,27.640358207961285
2026-03-19 14:00:00,292.90323793252696,0.8368720960751954,65.10656360399925,26.686515216809227
2026-03-19 15:00:00,289.7391609567437,0.6666569412277835,36.97805800224907,26.30253810172629
2026-03-19 16:00:00,289.9443229832644,0.4509999025925087,34.636432714749006,25.483597136468884
2026-03-19 17:00:00,289.7162356709054,0.204600987746957,51.41604862751591,25.874508368782593
2026-03-19 18:00:00,290.2620365922183,0.0,52.83180156314953,21.535346671342985
2026-03-19 19:00:00,290.6347192245713,0.0,48.42236195580486,22.15832164886985
2026-03-19 20:00:00,290.3221809900411,0.0,45.83322335083708,20.987261899908027
2026-03-19 21:00:00,290.9903350133731,0.0,42.40349263248744,17.28162406971931
2026-03-19 22:00:00,292.6441624199962,0.0,502.1520294967504,18.088711981477537
2026-03-19 23:00:00,292.4634017101128,0.0,466.771829264243,13.097796154167918
2026-03-20 00:00:00,294.9991956540338,0.0,404.78587239997023,16.8277589253353
2026-03-20 01:00:00,297.306531590337,0.0,498.1889560028278,12.246685941134826
2026-03-20 02:00:00,298.61896874378573,0.0,481.3346782867948,14.50884650130036
2026-03-20 03:00:00,297.75200222538047,0.0,466.2182715784443,12.935127549846511
2026-03-20 04:00:00,300.7078271099256,0.0,536.904352274085,14.361897398550724
2026-03-20 05:00:00,301.5721412465026,0.0,470.6617428751307,14.264068662224245
2026-03-20 06:00:00,300.92627277380655,0.0561024209573345,49.39575393809724,15.210632353711146
2026-03-20 07:00:00,301.3735480207107,0.3126305784426589,49.923672350130985,18.185173921026962
2026-03-20 08:00:00,299.2983968442972,0.5478486414317653,59.05068886685958,18.78567608980972
2026-03-20 09:00:00,301.4023058156591,0.7457232482026985,40.449453493591214,21.7088908867334
2026-03-20 10:00:00,299.2389271558752,0.8927665096638164,56.05983601234048,24.812361156270317
2026-03-20 11:00:00,297.07142995967,0.9789553953989076,53.675497821647056,25.69443173204511
2026-03-20 12:00:00,292.75063025128964,0.9984149417090024,29.01519548120802,26.414590754501738
2026-03-20 13:00:00,294.59310654621635,0.949818711580846,62.99725053039398,27.72490745849843
2026-03-20 14:00:00,290.10531747700554,0.8364792097007986,42.6637934323624,26.274281919211006
2026-03-20 15:00:00,291.32703229429546,0.6661220894814269,55.33475583722853,26.37199077369479
2026-03-20 16:00:00,291.0086183317188,0.4503595430123931,44.699941799965806,26.85758773645432
2026-03-20 17:00:00,287.7211098994671,0.2038987696882792,51.1936199718272,24.391117107278994
2026-03-20 18:00:00,289.32757713755205,0.0,37.729426049642086,24.76052443948861
2026-03-20 19:00:00,287.621575755401,0.0,57.43671492490583,21.864408979963404
2026-03-20 20:00:00,289.8601434698283,0.0,60.175413935124624,19.6877797460837
2026-03-20 21:00:00,291.6542785076206,0.0,37.53576985875037,16.91095363361523
2026-03-20 22:00:00,290.7751558682157,0.0,498.4858557986757,18.289479932027263
2026-03-20 23:00:00,293.8771302092371,0.0,510.8813902019337,14.43995896549424
2026-03-21 00:00:00,295.0115656318678,0.0,512.5946642337207,14.032873288441172
2026-03-21 01:00:00,296.0567547709789,0.0,480.3898870513757,13.824653592200184
2026-03-21 02:00:00,297.9919702986692,0.0,490.82600162713385,12.4575996167536
2026-03-21 03:00:00,299.6579653104874,0.0,567.3464154689013,12.889895501904508
2026-03-21 04:00:00,300.4190338191614,0.0,452.5133634875867,14.747364893823326
2026-03-21 05:00:00,301.1057046814687,0.0,541.8340471227052,16.75833114480657
2026-03-21 06:00:00,299.3311576648753,0.0568186171485896,33.6058921956929,17.911728187950263
2026-03-21 07:00:00,302.1106789148788,0.3133118815921626,64.16856172949595,17.8111341921976
2026-03-21 08:00:00,300.54438042059536,0.5484486113142241,40.90754857000867,19.270164050740693
2026-03-21 09:00:00,299.91942778223813,0.7462009885789994,64.96338394318714,21.54224097340769
2026-03-21 10:00:00,298.13708778730046,0.8930894559249107,47.267759545020425,24.55366629325356
2026-03-21 11:00:00,297.3704499888653,0.9791015342939628,43.85410895344047,23.920265708275878
2026-03-21 12:00:00,294.3395900724221,0.9983743118526714,62.704313545682176,25.030691051819247
2026-03-21 13:00:00,292.4341994184196,0.949594082459345,44.42477248579584,27.310962147276857
2026-03-21 14:00:00,292.10599793985995,0.8360858928931474,46.731412920309175,27.84514303948106
2026-03-21 15:00:00,290.1842567115507,0.6655868949637312,44.50276835936494,26.84919844406877
2026-03-21 16:00:00,289.89992975260805,0.4497189516874577,59.75396642420463,26.711224294721397
2026-03-21 17:00:00,290.8675500336689,0.2031964467079131,31.04870975513158,23.582074475064868
2026-03-21 18:00:00,290.9311167129782,0.0,59.47377515270232,22.949136011016606
2026-03-21 19:00:00,291.50150078725164,0.0,38.58710852608381,23.17113569254717
2026-03-21 20:00:00,290.5294230124842,0.0,54.29835374324642,21.72839635953839
2026-03-21 21:00:00,290.1406431088088,0.0,60.25367246699663,17.584843004635015
2026-03-21 22:00:00,292.60807505714337,0.0,424.93476366733387,17.622076911470103
2026-03-21 23:00:00,293.5898271838466,0.0,441.64260851874496,13.239919676593523
2026-03-22 00:00:00,295.6164043985297,0.0,464.13487765811874,13.310520517472533
2026-03-22 01:00:00,293.9664201231276,0.0,485.83692758108936,14.06152886846391
2026-03-22 02:00:00,296.5504539535428,0.0,550.7237746808984,13.561525589367553
2026-03-22 03:00:00,301.8196663918633,0.0,523.9937224745141,11.575329890258967
2026-03-22 04:00:00,302.56471918484306,0.0,509.9554490973843,15.001343677390622
2026-03-22 05:00:00,301.5872647167924,0.0,508.14510761983166,14.420433745649715
2026-03-22 06:00:00,301.3007884298152,0.0575347841022713,50.74257111200286,16.4271883396919
2026-03-22 07:00:00,298.37951669471653,0.3139930235184688,63.905581917688565,17.51946416788624
2026-03-22 08:00:00,300.41806445187615,0.5490482989774504,61.67930201942275,20.649809493701337
2026-03-22 09:00:00,298.987030859447,0.7466783449771736,41.93775150048721,20.359670377643056
2026-03-22 10:00:00,299.8803740410272,0.8934119426224002,32.589293907712175,22.02129392146688
2026-03-22 11:00:00,296.421148775327,0.979247169365546,74.11983065717216,26.934385657515076
2026-03-22 12:00:00,296.29375908039805,0.9983331682555336,35.41831715383465,27.18601776573368
2026-03-22 13:00:00,292.9329926189455,0.9493689646982384,31.2878321548737,27.316448272987405
2026-03-22 14:00:00,291.8343064990986,0.8356921458546337,39.8332275692527,25.63033431738835
2026-03-22 15:00:00,289.64839684295254,0.6650513579500955,44.33586612521014,24.339916435825003
2026-03-22 16:00:00,293.04039805058096,0.4490781289473363,37.60858792080234,27.861303987630656
2026-03-22 17:00:00,289.5240286718678,0.202494019167258,61.35905137539718,24.955948618437333
2026-03-22 18:00:00,289.0966594945716,0.0,46.31270501239892,22.31340692024503
2026-03-22 19:00:00,289.8730987730001,0.0,38.54523514916786,21.991522916231837
2026-03-22 20:00:00,289.1291613158523,0.0,63.69454230063872,19.776848740062892
2026-03-22 21:00:00,291.27395664236946,0.0,43.14467513732951,17.78591861996348
2026-03-22 22:00:00,290.4854033195808,0.0,598.5538438923954,18.498431879865308
2026-03-22 23:00:00,293.76130270214173,0.0,571.5560123640262,15.49201285158176
2026-03-23 00:00:00,295.8281581096543,0.0,513.7530570347478,13.968740229045885
2026-03-23 01:00:00,296.4387930945048,0.0,523.70528339956,12.627904429272949
2026-03-23 02:00:00,299.1149812107852,0.0,497.6773066713741,12.42574867466094
2026-03-23 03:00:00,297.85304883071115,0.0,534.8888800217339,15.270067942644708
2026-03-23 04:00:00,301.0359579853305,0.0,493.5228654069285,14.81429745770018
2026-03-23 05:00:00,301.5816846391349,0.0,481.9187033416065,13.734285229893402
2026-03-23 06:00:00,301.77648808178185,0.0582509214498563,33.801800119663106,15.268892312565686
2026-03-23 07:00:00,300.4610932314937,0.3146740038710772,55.42181322851119,18.61526605845825
2026-03-23 08:00:00,300.2243659902112,0.5496477041128583,47.73332920359766,20.09388445232723
2026-03-23 09:00:00,298.26864053141213,0.7471553171515842,43.11118267866507,21.221257814717575
2026-03-23 10:00:00,300.06378247288933,0.8937339695903402,46.7968796997739,22.361083714663263
2026-03-23 11:00:00,296.0702229066204,0.9793923005387164,44.47936937749833,25.06369065420641
2026-03-23 12:00:00,294.81871307194814,0.9982915109387636,42.340290072625095,25.42376363765889
2026-03-23 13:00:00,292.50901542701814,0.9491433584133664,47.61243296987347,26.45499855924637
2026-03-23 14:00:00,293.72740956878897,0.8352979687879021,41.15536564686801,25.237903891426164
2026-03-23 15:00:00,289.45605215849463,0.664515478716095,66.4551284006634,26.774722955301495
2026-03-23 16:00:00,288.998274587912,0.4484370751218324,29.321254755918652,25.109843950611737
2026-03-23 17:00:00,290.5334196616067,0.2017914874277673,55.98180392766472,23.485050567155554
2026-03-23 18:00:00,289.9898127003027,0.0,69.70515325439322,22.997863770646184
2026-03-23 19:00:00,288.7872945052999,0.0,42.35277443741735,21.02978011271106
2026-03-23 20:00:00,290.1112704819764,0.0,53.85360584666297,21.490156365707332
2026-03-23 21:00:00,291.442481334454,0.0,65.53613703582306,17.76187744224839
2026-03-23 22:00:00,291.5889870875045,0.0,450.3238543732589,17.368269690846773
2026-03-23 23:00:00,292.8704832821266,0.0,411.8843402107014,15.40423000713107
2026-03-24 00:00:00,296.67308410788905,0.0,443.4777744559052,13.190680021296501
2026-03-24 01:00:00,296.8410170893163,0.0,447.26273926438,12.613129275228717
2026-03-24 02:00:00,298.5731483022799,0.0,468.608147055883,11.887155741137008
2026-03-24 03:00:00,299.8260843695118,0.0,536.7240009536139,13.001588743114509
2026-03-24 04:00:00,300.92573788138515,0.0,431.6565297919093,13.623845162037249
2026-03-24 05:00:00,302.01332606638186,0.0,548.7497286690675,15.299714605151852
2026-03-24 06:00:00,300.67282454393774,0.058967028822723,57.27882286170396,16.529780810464587
2026-03-24 07:00:00,302.67099097560583,0.315354822299517,30.037711015480376,16.357052810951238
2026-03-24 08:00:00,299.9458798365056,0.5502468264119129,43.921356911365294,18.8531451030117
2026-03-24 09:00:00,298.593699026739,0.7476319048567547,48.88155063044468,20.220748663471184
2026-03-24 10:00:00,298.8894667160122,0.8940555366629725,42.042890571792334,25.175969269970818
2026-03-24 11:00:00,294.6075276359616,0.9795369277387818,50.91256192594392,25.60255956323822
2026-03-24 12:00:00,295.1967200847546,0.9982493399237944,52.0894007884062,26.784599602098485
2026-03-24 13:00:00,293.71059037583075,0.9489172637208388,47.47790566853181,26.715387831556797
2026-03-24 14:00:00,291.6430286943387,0.834903361895756,60.47962526760188,27.334603827328458
2026-03-24 15:00:00,289.32774438055463,0.6639792575375233,38.55303903155677,26.38612049298403
2026-03-24 16:00:00,288.84954291755105,0.4477957905407672,73.73753456079692,26.098793217957653
2026-03-24 17:00:00,287.95615983369464,0.2010888518510036,44.96559959941455,27.43874342772306
2026-03-24 18:00:00,289.351430990748,0.0,57.44358557650949,24.32483766443799
2026-03-24 19:00:00,289.79541220984504,0.0,70.83951577129005,19.74456747248999
2026-03-24 20:00:00,291.0598075454462,0.0,64.67844750505458,20.77182502236562
2026-03-24 21:00:00,290.56124866554035,0.0,56.28793876795912,21.689242953443916
2026-03-24 22:00:00,292.0567817591022,0.0,556.048869728662,16.04228746768603
2026-03-24 23:00:00,294.0903334004558,0.0,441.6322415321344,13.612984770500857
2026-03-25 00:00:00,296.1449873262523,0.0,484.26047539154166,12.86365614440144
2026-03-25 01:00:00,296.18999233960227,0.0,500.213275988215,11.899340886591013
2026-03-25 02:00:00,296.09904531996784,0.0,482.7463258673818,12.672318542001214
2026-03-25 03:00:00,301.4156106244289,0.0,522.8336815527464,13.139734159606355
2026-03-25 04:00:00,299.8271827632121,0.0,521.5267088358804,14.298329556691723
2026-03-25 05:00:00,299.90698961768305,0.0,474.03670025399686,15.729788272942594
2026-03-25 06:00:00,300.7520550011593,0.0596831058526059,53.4699841866908,15.746644581381556
2026-03-25 07:00:00,301.42083552162705,0.3160354784535622,48.21545430926561,17.358048466044643
2026-03-25 08:00:00,300.232230977214,0.550845665566509,29.506653541622317,20.392919612780933
2026-03-25 09:00:00,299.23021426086603,0.748108107847519,56.95803511929425,22.780455452843075
2026-03-25 10:00:00,297.298025414779,0.8943766436749278,52.9807077319977,22.78907545938431
2026-03-25 11:00:00,296.13944284007107,0.9796810508913428,69.47032104854264,25.46943020327227
2026-03-25 12:00:00,295.7157564053872,0.9982066552323228,32.634920087089526,25.49084088377776
2026-03-25 13:00:00,293.560906880398,0.9486906807369632,48.45638056595507,26.655023754112335
2026-03-25 14:00:00,291.61577701886284,0.8345083253812198,48.21366750338882,26.91162280480078
2026-03-25 15:00:00,291.7853149625987,0.6634426946902229,55.79580533079304,24.71386645450935
2026-03-25 16:00:00,289.5127430695312,0.4471542755340803,51.67615032270751,24.88484263437561
2026-03-25 17:00:00,288.30048062560746,0.2003861127984159,55.43112037127381,25.89192814892387
2026-03-25 18:00:00,288.8755342234971,0.0,42.17448463455293,23.49556592581221
2026-03-25 19:00:00,289.54172867963337,0.0,52.88863667247528,22.200870189688736
2026-03-25 20:00:00,291.230335912001,0.0,63.88488398414026,20.866021260573007
2026-03-25 21:00:00,291.4650098909993,0.0,39.23920221250993,19.800743719221
2026-03-25 22:00:00,292.8924941616751,0.0,509.6055904256584,16.52332762532781
2026-03-25 23:00:00,294.1295571015634,0.0,530.1757322759842,15.853503000304249
2026-03-26 00:00:00,295.33945185825235,0.0,598.1872247296318,14.610905481760687
2026-03-26 01:00:00,298.0596411676908,0.0,452.97556083302345,13.463298463685883
2026-03-26 02:00:00,298.71120394963015,0.0,464.86305355576286,14.111355823642395
2026-03-26 03:00:00,299.34349168265373,0.0,555.4587126557971,12.946789167100915
2026-03-26 04:00:00,301.86298197932786,0.0,453.7726758022546,15.165143377528445
2026-03-26 05:00:00,299.70638303133,0.0,565.4817788936633,15.86013845679392
2026-03-26 06:00:00,300.3741769848693,0.0603991521709144,71.66843902148887,16.253408483258706
2026-03-26 07:00:00,302.21859017752644,0.3167159719829086,48.24358947480511,20.728810007337906
2026-03-26 08:00:00,301.4542604111729,0.5514442212684028,66.53591291737959,20.09429159171204
2026-03-26 09:00:00,297.5445476298692,0.7485839258787964,49.248611721453685,21.508370609381583
2026-03-26 10:00:00,298.5446739987741,0.8946972904609205,33.96324067024876,24.368541602199997
2026-03-26 11:00:00,297.85008116296126,0.9798246699222254,45.33629172250007,26.060379170409103
2026-03-26 12:00:00,295.4594707257904,0.9981634568863162,43.88676242382392,26.001038692363817
2026-03-26 13:00:00,293.2920408790978,0.948463609578352,30.020390110877702,25.27077250331027
2026-03-26 14:00:00,289.5485052033041,0.8341128594476017,29.428461652215848,26.78057908839223
2026-03-26 15:00:00,290.6241676823533,0.6629057904503393,35.144164111442514,27.680250891837307
2026-03-26 16:00:00,290.9722098652663,0.4465125304319317,55.072049310828966,25.915345658386677
2026-03-26 17:00:00,288.32812336712385,0.1996832706316734,43.14441263356424,23.227467493656643
2026-03-26 18:00:00,289.9482595874121,0.0,47.7861787618587,25.253713286971458
2026-03-26 19:00:00,289.3338367889235,0.0,59.84562163211831,21.610994194063945
2026-03-26 20:00:00,290.37589104179165,0.0,54.018652148513496,19.104219446182935
2026-03-26 21:00:00,289.16580148677053,0.0,60.77457933675331,19.822590103045968
2026-03-26 22:00:00,292.00644352491537,0.0,485.0157193553775,15.934553905428075
2026-03-26 23:00:00,294.49839951138813,0.0,396.86205807601925,16.719603765329325
2026-03-27 00:00:00,294.9195348130911,0.0,533.3926336599449,15.512028156321707
2026-03-27 01:00:00,296.9109934642921,0.0,520.0735460929228,14.07704153388407
2026-03-27 02:00:00,298.9267090384462,0.0,489.68172237749343,9.8443922934931
2026-03-27 03:00:00,300.4596868111041,0.0,531.1952611839647,12.144901724665456
2026-03-27 04:00:00,300.78034644135755,0.0,561.1607494667239,14.30743309930088
2026-03-27 05:00:00,300.99279583854457,0.0,579.0347299765115,14.05539284355293
2026-03-27 06:00:00,301.5931549727371,0.0611151674091872,38.16815651670182,17.45645235538967
2026-03-27 07:00:00,300.4703828239773,0.3173963025373897,50.85072908938836,18.02126229662463
2026-03-27 08:00:00,300.87915727493726,0.5520424932095908,38.80917271409906,19.340161096207815
2026-03-27 09:00:00,300.61228042449704,0.7490593587056662,52.22896849109013,22.637004833147557
2026-03-27 10:00:00,299.3666998449898,0.8950174768559531,41.2243220318661,23.12181745505515
2026-03-27 11:00:00,296.53844362373417,0.979967784757504,52.056312678548686,24.24146985909896
2026-03-27 12:00:00,294.2359413992258,0.998119744908004,36.99872806762632,25.105293489273993
2026-03-27 13:00:00,293.2522237250959,0.948236050361887,61.35570387829968,28.119177415560813
2026-03-27 14:00:00,293.0153311140922,0.8337169642983994,38.51555291465375,26.518181193331465
2026-03-27 15:00:00,290.1572316883476,0.6623685450942364,30.4848709439264,27.415892190577264
2026-03-27 16:00:00,290.3248249082443,0.4458705555645487,36.48696179298434,26.399532387519507
2026-03-27 17:00:00,288.81016786841855,0.1989803257125543,27.783386594984627,25.526753738503086
2026-03-27 18:00:00,288.5791061604471,0.0,55.91367741449304,24.161681660354393
2026-03-27 19:00:00,290.8479503846203,0.0,44.24358255087966,20.71152123428156
2026-03-27 20:00:00,290.1033617894996,0.0,40.16827612306568,19.95081766509263
2026-03-27 21:00:00,290.7509981246389,0.0,64.34058493542247,18.443391940349773
2026-03-27 22:00:00,292.5383803665528,0.0,500.6017833212392,17.17013394991109
2026-03-27 23:00:00,295.62450814035583,0.0,476.0139159370914,13.95480215889175
2026-03-28 00:00:00,297.18907339653936,0.0,476.8463181909427,14.286572081142435
2026-03-28 01:00:00,296.873171092558,0.0,511.3743471081881,14.045161596845166
2026-03-28 02:00:00,298.4503345823578,0.0,480.5966912225589,13.913281974733062
2026-03-28 03:00:00,301.1911525587145,0.0,501.2852850653344,13.64129182339117
2026-03-28 04:00:00,299.3580723027823,0.0,504.2175458019174,13.652569668257993
2026-03-28 05:00:00,301.41843831550983,0.0,480.8332011136554,15.453017981162223
2026-03-28 06:00:00,299.5779842152604,0.0618311511989792,33.24106717211101,18.026298910488393
2026-03-28 07:00:00,301.3470973549439,0.318076469766815,52.81725844285188,16.406284755845988
2026-03-28 08:00:00,300.67506048909223,0.5526404810822161,47.178028440247694,20.34572860943792
2026-03-28 09:00:00,299.1750746501586,0.7495344060836321,62.61273659135032,20.552907446357686
2026-03-28 10:00:00,299.43770966729886,0.895337202695265,53.18348791969647,23.298082337365717
2026-03-28 11:00:00,297.4279766210656,0.9801103953235806,68.14402054888794,25.31977370531419
2026-03-28 12:00:00,295.76824640344256,0.9980755193198796,43.76763969466723,25.18457330493206
2026-03-28 13:00:00,292.6322880359791,0.9480080032045924,47.42175480315624,26.041542966611004
2026-03-28 14:00:00,293.2876722351774,0.8333206401373315,30.492398415808488,27.234671627631407
2026-03-28 15:00:00,290.4123251028242,0.6618309588981983,44.236633492896,27.011357563401628
2026-03-28 16:00:00,290.51415123662787,0.4452283512622771,49.22206531967324,24.841735102431347
2026-03-28 17:00:00,288.00766517140966,0.1982772784025553,46.61450678775891,25.042995249520537
2026-03-28 18:00:00,289.95819202161414,0.0,54.7088007083448,24.51564349121511
2026-03-28 19:00:00,289.13015119729823,0.0,43.58586818027449,20.88494559302709
2026-03-28 20:00:00,291.89754091643226,0.0,37.57555907741492,18.844547202234402
2026-03-28 21:00:00,290.97015767127635,0.0,53.63099897123739,19.46780056613993
2026-03-28 22:00:00,292.731149543254,0.0,491.2412845211003,18.103794656019623
2026-03-28 23:00:00,294.79287176692856,0.0,580.7376417834205,14.034362757370122
2026-03-29 00:00:00,294.72865686001643,0.0,495.97564737257466,14.107324657779797
2026-03-29 01:00:00,298.0808264569296,0.0,472.0023642359329,14.132119345051697
2026-03-29 02:00:00,298.0022258573061,0.0,517.6279770619493,13.191814937930387
2026-03-29 03:00:00,300.7531536067654,0.0,575.7720392497951,13.023624382981133
2026-03-29 04:00:00,298.8738346615507,0.0,423.8392311080838,12.62617925006873
2026-03-29 05:00:00,301.5027145868166,0.0,578.1670458723888,16.245386827343058
2026-03-29 06:00:00,301.9965706937525,0.0625471031718613,59.90161602856477,16.30654717009884
2026-03-29 07:00:00,302.33729262282486,0.3187564733214015,56.96690474303266,16.535906053236626
2026-03-29 08:00:00,299.74199253909615,0.5532381845785674,30.236112418591407,19.89152913735857
2026-03-29 09:00:00,300.651353274724,0.7500090677681702,56.2328476258707,19.81026937432091
2026-03-29 10:00:00,297.3563578202128,0.8956564678143324,72.44973559864945,22.69209445836744
2026-03-29 11:00:00,296.47125455283543,0.980252501547048,52.90451174556677,25.278639863242645
2026-03-29 12:00:00,293.45614988543457,0.9980307801446998,47.28577151736233,26.557920547371808
2026-03-29 13:00:00,293.74867398042807,0.9477794682238528,55.73165844005743,28.022945273368933
2026-03-29 14:00:00,292.1170594275543,0.8329238871683378,48.143047115926976,26.30997067198795
2026-03-29 15:00:00,288.7474258011042,0.6612930321389398,58.73152614496992,25.71349886922621
2026-03-29 16:00:00,290.9384337047906,0.4445859178555807,65.70258572562274,27.519010563017538
2026-03-29 17:00:00,289.45619230244364,0.1975741290635598,42.86819551820108,25.222835358624156
2026-03-29 18:00:00,290.4753100118128,0.0,57.835321940706166,24.009649625646272
2026-03-29 19:00:00,289.60615823464843,0.0,57.81039650916596,22.79664140535347
2026-03-29 20:00:00,290.55068109364674,0.0,41.485896841163694,21.03093398593011
2026-03-29 21:00:00,293.00934155104164,0.0,54.81607871072954,16.60838568527992
2026-03-29 22:00:00,291.7051913925933,0.0,520.3373358213756,16.403257720437818
2026-03-29 23:00:00,293.6909717254572,0.0,531.9830257975765,15.06833550483792
2026-03-30 00:00:00,293.1610577969203,0.0,514.0791357336266,14.585444491206644
2026-03-30 01:00:00,296.39274347448827,0.0,443.0980193210771,13.945910137699517
2026-03-30 02:00:00,299.8526590324114,0.0,496.1190180457229,14.177165564345293
2026-03-30 03:00:00,299.67931770904613,0.0,526.8255287060844,16.022477917299145
2026-03-30 04:00:00,300.97375006578284,0.0,493.132250420922,13.638953182355117
2026-03-30 05:00:00,301.02807318509474,0.0,538.0562845520582,14.530502446144238
2026-03-30 06:00:00,301.1468735704574,0.0632630229594209,42.28040329752989,15.090350433373331
2026-03-30 07:00:00,299.9947942146583,0.3194363128511269,34.84076223278198,17.120144627892973
2026-03-30 08:00:00,299.5132411476306,0.5538356033910804,57.4261148237133,21.199049317547892
2026-03-30 09:00:00,299.08469434813566,0.7504833435150304,36.51440668028185,19.83912625502751
2026-03-30 10:00:00,297.5141890768336,0.8959752720488688,50.345939133297286,24.685178195383052
2026-03-30 11:00:00,295.4584554671031,0.9803941033547814,58.00530008866764,23.749593175690453
2026-03-30 12:00:00,294.10492892743486,0.9979855274054868,52.15246297892158,25.638365049630213
2026-03-30 13:00:00,295.6406216558093,0.9475504455372666,62.40597817330463,25.93671996342677
2026-03-30 14:00:00,292.34876535228136,0.832526705595578,31.4244347195922,27.089488723672122
2026-03-30 15:00:00,292.4406787612692,0.6607547650932656,48.99565056268199,26.193067995613344
2026-03-30 16:00:00,289.1409161720517,0.4439432556750413,48.51950117835394,27.173093698663504
2026-03-30 17:00:00,287.7370046695509,0.1968708780573928,22.250546688701544,25.175273450133734
2026-03-30 18:00:00,290.07391330383143,0.0,70.75956301964769,24.444442316562412
2026-03-30 19:00:00,289.1185561746376,0.0,50.65421208571552,21.836434713499493
2026-03-30 20:00:00,291.6864178124634,0.0,51.15888543330013,19.682764109100678
2026-03-30 21:00:00,290.9004435665705,0.0,47.24585688507964,20.42691972178615
2026-03-30 22:00:00,291.4734664783077,0.0,439.0501219024364,16.420177938438247
2026-03-30 23:00:00,295.2842971683233,0.0,499.3179920132766,15.448532084688555
2026-03-31 00:00:00,294.9961828860647,0.0,586.4550577653978,14.990466475740675
2026-03-31 01:00:00,297.1624336913273,0.0,461.73918101378587,14.141450386437112
2026-03-31 02:00:00,297.9400275191951,0.0,513.8813492145005,12.53651649454493
2026-03-31 03:00:00,299.1120802787952,0.0,466.4550128974942,14.487757421440318
2026-03-31 04:00:00,301.42264483556755,0.0,530.7810775894222,14.3272806016851
2026-03-31 05:00:00,300.99698444283246,0.0,568.9668667831949,15.071937370488138
2026-03-31 06:00:00,300.8562420819822,0.0639789101932618,44.52116107250128,15.05823921584928
2026-03-31 07:00:00,301.03683558446664,0.3201159880061611,63.26222087489395,18.777938705498663
2026-03-31 08:00:00,300.2341498678506,0.5544327372123367,49.95203262540209,20.66134779662519
2026-03-31 09:00:00,300.3513484858329,0.7509572330801609,43.4835947172829,23.304894365013958
2026-03-31 10:00:00,298.92939767690007,0.8962936152348249,40.49233653977856,22.25540255860735
2026-03-31 11:00:00,297.2804109832063,0.980535200673916,46.72829560769783,26.582260107104783
2026-03-31 12:00:00,293.668651355805,0.9979397611255264,23.224233949305887,26.628625252406223
2026-03-31 13:00:00,292.7703321438107,0.947320935262684,46.38860939356232,27.306371695167527
2026-03-31 14:00:00,292.4203207942055,0.8321290956234327,65.21304251008976,26.355191441584683
2026-03-31 15:00:00,289.9870652539292,0.6602161580381559,48.80480857150439,26.82376744144221
2026-03-31 16:00:00,290.52974613576134,0.4433003650513581,45.509020529695874,27.032052658131253
2026-03-31 17:00:00,290.0445452512091,0.1961675257459312,39.57371083077494,25.206450337932193
2026-03-31 18:00:00,289.5527385508077,0.0,47.80919617169973,22.494221662405796
2026-03-31 19:00:00,287.6142083293429,0.0,45.0889688042761,22.446613937172636
2026-03-31 20:00:00,290.9518569638425,0.0,38.39399807855234,20.313303802224336
2026-03-31 21:00:00,290.804154980562,0.0,62.236762533385125,17.17683010264733
2026-03-31 22:00:00,293.9597529746571,0.0,574.845985934166,17.209416078108532
2026-03-31 23:00:00,293.6622325796751,0.0,512.4022071041155,14.570775786619253
2026-04-01 00:00:00,295.3122836076683,0.0,587.8948619838027,15.596032577595512
2026-04-01 01:00:00,297.2733357593672,0.0,485.72011094203,15.552840359416612
2026-04-01 02:00:00,297.57254650398005,0.0,470.00290892282806,13.5875090354869
2026-04-01 03:00:00,297.4034688281501,0.0,524.9434676358103,12.475195453832267
2026-04-01 04:00:00,301.49070612531887,0.0,532.266134524668,13.693792852194205
2026-04-01 05:00:00,300.3825739294062,0.0,491.9349777262764,14.194160805872437
2026-04-01 06:00:00,302.45401641601586,0.0646947645050047,49.84633721036232,15.339548052904897
2026-04-01 07:00:00,301.0022335992127,0.3207954984367588,50.88829427860782,17.862692057023878
2026-04-01 08:00:00,300.968177215006,0.5550295857350647,48.252763198727386,21.540878110746366
2026-04-01 09:00:00,298.91362514459666,0.7514307362197091,64.90673358118406,21.977843888363243
2026-04-01 10:00:00,299.7071926284676,0.8966114972083882,63.87470022726121,21.529739214344666
2026-04-01 11:00:00,296.689546308177,0.980675793431846,57.69508005774597,26.47945410397339
2026-04-01 12:00:00,294.52228684870926,0.9978934813283692,72.49334319160461,25.531544157474414
2026-04-01 13:00:00,294.06453606291234,0.9470909375182056,60.9485605768074,27.036920740489006
2026-04-01 14:00:00,292.8370523938566,0.8317310574565034,46.12706000712136,26.226763211597785
2026-04-01 15:00:00,291.9812538445958,0.6596772112507658,54.12096168757415,29.356058739166702
2026-04-01 16:00:00,289.40940495921666,0.4426572463153482,40.53654258694252,26.721906450238997
2026-04-01 17:00:00,289.20751072074853,0.1954640724911042,48.77423134768728,24.79990070791256
2026-04-01 18:00:00,290.1443989633893,0.0,68.68811645791364,23.31545210385318
2026-04-01 19:00:00,288.3767368136833,0.0,54.11501423508975,21.516380581663825
2026-04-01 20:00:00,289.4997283632006,0.0,63.900273170086095,20.66362642189252
2026-04-01 21:00:00,291.50887884306394,0.0,49.85557004677271,18.48796782762847
2026-04-01 22:00:00,291.85675774991404,0.0,484.1647208054103,13.957218770371425
2026-04-01 23:00:00,292.64082263157525,0.0,518.0309060060364,13.946164758460426
2026-04-02 00:00:00,295.7685136179218,0.0,554.3503643169163,12.567197954381673
2026-04-02 01:00:00,296.3428888926909,0.0,503.8340085524918,14.553924899551081
2026-04-02 02:00:00,298.5379569790174,0.0,573.5245674126477,13.266424239644746
2026-04-02 03:00:00,299.0961431448024,0.0,470.2350753355613,14.878308549560229
2026-04-02 04:00:00,299.1644197969092,0.0,469.6608273461008,13.45392494169107
2026-04-02 05:00:00,300.92083562214617,0.0,464.04335776311655,15.018973744761787
2026-04-02 06:00:00,300.24239738699185,0.0654105855261737,48.09741866538266,17.325077522989012
2026-04-02 07:00:00,300.0482609502411,0.3214748437932593,58.06109523678035,16.860779141919334
2026-04-02 08:00:00,299.822400324305,0.5556261486520452,47.175726932002895,19.586354480089334
2026-04-02 09:00:00,299.79774135874845,0.751903852690021,63.0995773408211,21.35170816080466
2026-04-02 10:00:00,298.42331481762994,0.8969289178059338,35.912386252085284,21.539705443325186
2026-04-02 11:00:00,296.2274428190323,0.980815881556226,51.77088365331276,25.008547142832263
2026-04-02 12:00:00,295.1434913014533,0.9978466880378372,47.47917479862962,24.049960598361654
2026-04-02 13:00:00,294.38668203863733,0.9468604524221832,51.45510682021763,26.416941702697812
2026-04-02 14:00:00,292.0085388093629,0.8313325912996744,30.72434436302296,25.502386622971738
2026-04-02 15:00:00,291.3908737514553,0.659137925008425,37.1672733763248,26.523365279468774
2026-04-02 16:00:00,290.9766194005413,0.4420138997980478,42.81766330680429,25.209597989259635
2026-04-02 17:00:00,290.404067180566,0.194760518654893,50.06954232441015,24.07988589562492
2026-04-02 18:00:00,290.9664937490392,0.0,36.52306590985452,25.5003997936607
2026-04-02 19:00:00,290.00790896606645,0.0,46.75308820161424,22.02219717234473
2026-04-02 20:00:00,291.3151956821169,0.0,51.03959727895654,20.185832670152386
2026-04-02 21:00:00,292.7077451240147,0.0,53.49518815473795,17.80697108771457
2026-04-02 22:00:00,293.5431844921502,0.0,577.6269146940674,17.92793343704255
2026-04-02 23:00:00,295.72727347823195,0.0,483.9944605541384,14.582579993597497
2026-04-03 00:00:00,296.5318424706471,0.0,559.9555052390234,14.549104747601987
2026-04-03 01:00:00,295.90023354481616,0.0,494.6438638403504,14.43869700681006
2026-04-03 02:00:00,300.17884163009825,0.0,507.6355870057224,10.987303229029497
2026-04-03 03:00:00,299.676135626381,0.0,455.53257066332606,13.831826487323143
2026-04-03 04:00:00,300.81875159726553,0.0,491.5745212452108,15.17144123866125
2026-04-03 05:00:00,300.3217429969139,0.0,481.7828137030459,15.937990337871524
2026-04-03 06:00:00,299.533295542822,0.0661263728886505,39.07883112227729,16.462418291872766
2026-04-03 07:00:00,301.77738856165644,0.3221540237260868,56.819488455734856,19.486212323742002
2026-04-03 08:00:00,301.26161004769153,0.5562224256564896,43.15668901574917,19.35902499579471
2026-04-03 09:00:00,300.96096014499034,0.7523765822476416,46.71734540104496,21.190597098394687
2026-04-03 10:00:00,298.2825126032423,0.8972458768642246,67.73793048356846,23.458870819312086
2026-04-03 11:00:00,296.9691642249586,0.9809554649749695,50.91291209562252,23.156776015826342
2026-04-03 12:00:00,295.64469030806765,0.997799381277994,29.09743978833973,26.362177552001633
2026-04-03 13:00:00,294.0507126613163,0.9466294800932188,47.26053836198957,27.49134981962932
2026-04-03 14:00:00,292.0898359745028,0.8309336973578612,35.06406956598318,26.302706684230824
2026-04-03 15:00:00,291.4086092360686,0.6585982995886379,47.245422576096026,26.86248509038324
2026-04-03 16:00:00,289.9449406743229,0.4413703258303046,40.46339309461423,26.29010710270531
2026-04-03 17:00:00,288.7548522027099,0.1940568645993302,40.69876664654066,25.675842152475013
2026-04-03 18:00:00,288.2720727010886,0.0,60.81662918908792,24.107348493837286
2026-04-03 19:00:00,290.37810651205547,0.0,50.75357679970039,22.839750659746983
2026-04-03 20:00:00,289.0544157216503,0.0,51.88686185219565,21.5864441313824
2026-04-03 21:00:00,291.2883605142404,0.0,50.14495776244853,17.96009013523672
2026-04-03 22:00:00,291.47708003776665,0.0,548.9583526967068,17.833783334532697
2026-04-03 23:00:00,291.9990649455471,0.0,551.97565179867,13.98312229969343
2026-04-04 00:00:00,294.18887895387763,0.0,467.3642472123188,14.744419987053664
2026-04-04 01:00:00,296.6739636555065,0.0,516.4921240349863,14.314221148424492
2026-04-04 02:00:00,299.3901370571135,0.0,463.39144514994166,11.726152022740777
2026-04-04 03:00:00,299.5554712989809,0.0,417.5379473655529,12.494753824342219
2026-04-04 04:00:00,300.90139123553683,0.0,548.4801406730187,15.637819145900332
2026-04-04 05:00:00,301.0338958435443,0.0,483.3777239194361,16.517641688303602
2026-04-04 06:00:00,300.8287309014113,0.0668421262239936,62.25311259062554,16.714827960822674
2026-04-04 07:00:00,302.1102804472859,0.3228330378857508,51.87036468133402,19.26166201211285
2026-04-04 08:00:00,299.95149928272895,0.5568184164414726,69.2725929525316,18.44578744981985
2026-04-04 09:00:00,299.53528216985984,0.7528489246493147,32.822182194361346,21.900227968087044
2026-04-04 10:00:00,299.18537964071794,0.8975623742201106,43.321739173035,23.8522829385496
2026-04-04 11:00:00,296.35820931959904,0.9810945436162504,64.73965985542269,25.434417701024895
2026-04-04 12:00:00,295.6547630049476,0.99775156107319,48.67344780375765,25.649354679294945
2026-04-04 13:00:00,291.38020665917287,0.9463980206501662,53.11960850366693,27.205287419357912
2026-04-04 14:00:00,290.05834018739563,0.8305343758363886,50.626676029361455,26.123640649062775
2026-04-04 15:00:00,289.42897258819346,0.6580583352690837,54.77354979084296,28.824783637855358
2026-04-04 16:00:00,289.5943716589937,0.4407265247433891,38.57923210485124,25.420714961749276
2026-04-04 17:00:00,290.55676542361005,0.1933531106865006,43.338519592936905,24.26939831227665
2026-04-04 18:00:00,288.3746680333496,0.0,15.69920820493521,24.807278854225757
2026-04-04 19:00:00,289.87819428651204,0.0,64.89619205342632,20.752214497946415
2026-04-04 20:00:00,290.3137587984595,0.0,70.85706412237379,20.3590969314656
2026-04-04 21:00:00,290.6052839447024,0.0,53.59804998769052,19.431675871059564
2026-04-04 22:00:00,294.77364010659346,0.0,461.0187551513272,16.12938165488592
2026-04-04 23:00:00,295.7656522171513,0.0,436.079860270588,16.080173944942278
2026-04-05 00:00:00,294.82117799680367,0.0,496.9554438781623,13.41728782673232
2026-04-05 01:00:00,296.8886593806472,0.0,501.0083156010832,12.054564478002883
2026-04-05 02:00:00,298.98829933277017,0.0,402.3943541486543,13.587263817942445
2026-04-05 03:00:00,300.618418217449,0.0,542.4357253485506,11.371216525555262
2026-04-05 04:00:00,300.0472665432864,0.0,527.9016839924815,13.110328516202497
2026-04-05 05:00:00,299.8784811849934,0.0,506.35088748725576,14.099091646731335
2026-04-05 06:00:00,301.4854836039404,0.0675578451638925,66.77882426458095,16.539210837113508
2026-04-05 07:00:00,299.9784451619046,0.3235118859228459,56.04990788874764,17.818773292815134
2026-04-05 08:00:00,300.1168910381539,0.5574141207003108,46.527705908623886,20.971350504150937
2026-04-05 09:00:00,300.8464178983021,0.7533208796519838,46.17459297506406,22.278240309456486
2026-04-05 10:00:00,297.68600804366844,0.8978784097107294,41.19975481679732,21.715053605841593
2026-04-05 11:00:00,296.0797889345695,0.9812331174085016,69.61910389172182,25.960579128897532
2026-04-05 12:00:00,296.2798953092626,0.9977032274480327,57.69620280358767,23.50497741989937
2026-04-05 13:00:00,295.1773918399732,0.9461660742121286,31.893951171810038,25.54418322548279
2026-04-05 14:00:00,289.66487476041215,0.8301346269407385,57.793165357466144,26.821337914825133
2026-04-05 15:00:00,287.4852787735078,0.6575180323276156,39.886409948803575,27.931745986810842
2026-04-05 16:00:00,290.4136416574964,0.4400824968685868,42.15559581223901,25.85790291515426
2026-04-05 17:00:00,288.88047933270394,0.1926492572785397,60.129589688148,25.309155923771844
2026-04-05 18:00:00,290.7415440459482,0.0,46.37690811028985,20.823550902690535
2026-04-05 19:00:00,289.1908102402288,0.0,61.238544764847,21.602929537769505
2026-04-05 20:00:00,289.2852138118316,0.0,54.68347874840162,21.197841632320138
2026-04-05 21:00:00,290.7026296051775,0.0,50.38504927194733,18.042428035751126
2026-04-05 22:00:00,291.69575368054024,0.0,411.9897721842549,16.20430610060312
2026-04-05 23:00:00,293.6540626026137,0.0,465.36536155063,15.108602430210693
2026-04-06 00:00:00,294.75028693986326,0.0,618.0323690449675,14.205288279684583
2026-04-06 01:00:00,298.930010769776,0.0,548.1072497210201,12.32787035814713
2026-04-06 02:00:00,297.743453735248,0.0,602.2340889789159,14.937698381239223
2026-04-06 03:00:00,297.9874041105296,0.0,432.05420753997095,14.096559730072643
2026-04-06 04:00:00,300.2369423214442,0.0,525.9929875952373,13.54548775617925
2026-04-06 05:00:00,300.70212863767455,0.0,467.6369080456794,16.015152363966862
2026-04-06 06:00:00,301.7953369215323,0.0682735293400546,50.43815231460964,17.294965014674737
2026-04-06 07:00:00,299.4429669810078,0.3241905674880523,32.73397205940039,14.84247867752154
2026-04-06 08:00:00,299.2611628226113,0.5580095381264685,33.63072477716386,18.758970305421254
2026-04-06 09:00:00,299.3547060720152,0.7537924470127917,46.47041947710417,20.98578854393577
2026-04-06 10:00:00,299.20020323046214,0.8981939831734562,55.68697200279549,24.212443940702382
2026-04-06 11:00:00,296.12587321406886,0.981371186280416,46.73426999023609,25.09930903777485
2026-04-06 12:00:00,296.3656715372138,0.9976543804273934,71.70227782280463,27.699339657749434
2026-04-06 13:00:00,292.11425935803754,0.9459336408984608,47.19884647452156,27.213224371594837
2026-04-06 14:00:00,291.26082949734246,0.8297344508766125,43.63277211272233,27.087477217474905
2026-04-06 15:00:00,289.5065995912728,0.6569773910422615,69.59695384819638,27.40799744721258
2026-04-06 16:00:00,291.4362532366057,0.4394382425372998,43.29551209797737,25.33771686552066
2026-04-06 17:00:00,291.0995893970204,0.1919453047376348,50.55773371192264,24.614152818781847
2026-04-06 18:00:00,288.6293915967958,0.0,46.48734911704356,23.935725178858256
2026-04-06 19:00:00,289.08695622549806,0.0,42.64935701763001,21.19708269571235
2026-04-06 20:00:00,291.4597799041992,0.0,65.33209928670584,18.96637986089268
2026-04-06 21:00:00,291.2942117509349,0.0,50.83908995321596,18.836673574916578
2026-04-06 22:00:00,290.7106264934625,0.0,531.5158378748596,16.26822166256966
2026-04-06 23:00:00,291.44346506100027,0.0,573.7897837511689,14.164210186824771
2026-04-07 00:00:00,295.7362342477012,0.0,485.5902578560189,14.652927518102272
2026-04-07 01:00:00,296.89959324680825,0.0,529.1894318950295,12.288766002918685
2026-04-07 02:00:00,297.60687388762324,0.0,475.84565532827895,12.370419392873657
2026-04-07 03:00:00,299.58035804184743,0.0,436.378351742578,11.839078395068448
2026-04-07 04:00:00,298.97163473845,0.0,487.6996398068745,16.454134054845177
2026-04-07 05:00:00,300.36969450989994,0.0,461.4145476196175,15.212606753269979
2026-04-07 06:00:00,299.88332697752764,0.0689891783842049,51.516493594147526,15.709168093587854
2026-04-07 07:00:00,300.5915603058146,0.3248690822320283,57.16875380688506,17.323627832125236
2026-04-07 08:00:00,301.6390420584924,0.558604668413557,52.49577331546696,21.916798511174264
2026-04-07 09:00:00,298.4318695545547,0.7542636264890056,41.912166005559946,22.358732434916437
2026-04-07 10:00:00,299.4033068964912,0.898509094445904,63.00233639732336,25.39421827314852
2026-04-07 11:00:00,295.5020683743472,0.9815087501609252,60.40882497463126,24.429230971049826
2026-04-07 12:00:00,293.7483460794003,0.9976050200364074,63.01417787416213,26.28968000204923
2026-04-07 13:00:00,292.5454432685832,0.9457007208288044,49.366888011138336,27.57478333281297
2026-04-07 14:00:00,292.6366290474807,0.8293338478499322,44.59941250035915,26.0796822365231
2026-04-07 15:00:00,290.64711446270235,0.6564364116913087,46.024580747118094,24.96553175069682
2026-04-07 16:00:00,291.9468652894956,0.4387937620810468,61.17963718081495,26.537261463840803
2026-04-07 17:00:00,290.1637334672939,0.1912412534261353,43.06329045135283,25.348059081822914
2026-04-07 18:00:00,288.8648090853461,0.0,64.19713942448396,25.312329911492174
2026-04-07 19:00:00,290.7127147399415,0.0,43.730068506705145,21.52293341101335
2026-04-07 20:00:00,289.939104052201,0.0,52.60629923468564,20.916912371087495
2026-04-07 21:00:00,292.62612931968647,0.0,59.265368728012206,17.736735624061748
2026-04-07 22:00:00,294.26309786081254,0.0,441.72907300838233,16.00920211662977
2026-04-07 23:00:00,293.97114469503634,0.0,438.505757390956,15.145783562739894
2026-04-08 00:00:00,295.5132503342596,0.0,551.4039117930158,13.149072502762511
2026-04-08 01:00:00,297.2337622773088,0.0,428.71888496655,13.79153273328416
2026-04-08 02:00:00,299.550331841233,0.0,461.8324071453218,12.09607294641055
2026-04-08 03:00:00,299.76321428985864,0.0,561.1720867652182,14.560458651144053
2026-04-08 04:00:00,299.4941897254846,0.0,450.01742920026646,11.91988966677675
2026-04-08 05:00:00,300.06910264911977,0.0,586.8537719998825,14.338560056915652
2026-04-08 06:00:00,299.80127002305403,0.0697047919280867,51.84612613696259,16.495928890866242
2026-04-08 07:00:00,300.9528056266178,0.3255474298058406,45.95953500240015,17.803318480340053
2026-04-08 08:00:00,299.84255385439707,0.5591995112553362,67.49555070738748,21.285169929484628
2026-04-08 09:00:00,299.1234482662427,0.7547344178383166,61.96412839483138,21.605225416267942
2026-04-08 10:00:00,299.27730153337137,0.8988237433659237,63.48764245840835,23.79826321404963
2026-04-08 11:00:00,295.5461224226223,0.9816458089792856,62.11578477745802,25.94189667251198
2026-04-08 12:00:00,294.9355874399636,0.9975551463004748,45.43734653067149,25.727635604246572
2026-04-08 13:00:00,292.2552125426056,0.945467314122941,58.34311300074087,25.465870805506203
2026-04-08 14:00:00,291.2655032386485,0.8289328180668389,49.98529124445442,26.222214015469234
2026-04-08 15:00:00,290.62480374574847,0.6558950945529616,50.36602870357089,27.574868841422713
2026-04-08 16:00:00,289.59940309064893,0.4381490558314629,62.57416065459592,24.809173928794927
2026-04-08 17:00:00,290.2922409195738,0.1905371037061069,49.38521355474899,24.911034539407055
2026-04-08 18:00:00,288.9034268615058,0.0,64.99102941124889,22.22111533155216
2026-04-08 19:00:00,289.14878718560084,0.0,52.15061476075527,20.662482537511877
2026-04-08 20:00:00,289.8583014001468,0.0,50.65620142638854,19.48647665526835
2026-04-08 21:00:00,291.203071480665,0.0,62.53416291465911,17.552003019397272
2026-04-08 22:00:00,293.3198299140276,0.0,451.9798284144566,16.841875422024575
2026-04-08 23:00:00,294.5963737088541,0.0,472.8167236520377,14.457274946168344
2026-04-09 00:00:00,294.1624069020661,0.0,514.054479715894,13.376534004431758
2026-04-09 01:00:00,294.9474965266767,0.0,448.9176602459251,14.64384609762812
2026-04-09 02:00:00,298.7074995565705,0.0,479.9288082635087,12.24568496435642
2026-04-09 03:00:00,299.5779217055082,0.0,405.7180826776596,14.263552155529055
2026-04-09 04:00:00,300.4431293361519,0.0,512.8264648037026,15.04749443881522
2026-04-09 05:00:00,300.37192635035626,0.0,581.5245171251507,16.35311219663335
2026-04-09 06:00:00,301.4156742581136,0.0704203696034614,52.02428409808696,15.558303440770406
2026-04-09 07:00:00,300.62590284977387,0.3262256098603196,56.34570417383184,17.223390087180313
2026-04-09 08:00:00,300.8941220236036,0.5597940663457132,64.86218508999224,20.74731430425538
2026-04-09 09:00:00,297.4573835977239,0.7552048208183917,55.71735086477116,20.90565735346591
2026-04-09 10:00:00,296.51301168091817,0.8991379297716042,57.61162095583174,23.399730599363433
2026-04-09 11:00:00,296.25322140078606,0.9817823626649474,30.473548075504592,26.85209620460074
2026-04-09 12:00:00,293.29815893952605,0.9975047592452592,50.27243298726036,26.017977759084594
2026-04-09 13:00:00,294.53409013770766,0.9452334209010134,43.58209660463184,26.37529773566913
2026-04-09 14:00:00,292.2303738658288,0.8285313617336934,47.31753265880768,26.87344712643322
2026-04-09 15:00:00,290.82745585972515,0.6553534399058553,49.40529558948177,26.17828264101959
2026-04-09 16:00:00,289.9449815370424,0.4375041241202993,43.99853970483651,25.668201754894294
2026-04-09 17:00:00,289.56918386132526,0.1898328559400009,33.97047094111825,24.310549388344295
2026-04-09 18:00:00,288.721575138026,0.0,38.30939976258093,23.945077720938322
2026-04-09 19:00:00,289.7637528771239,0.0,43.45830164230741,20.51087024330856
2026-04-09 20:00:00,290.2411047411378,0.0,60.49168675989544,18.365242444668507
2026-04-09 21:00:00,292.18347012301314,0.0,38.88205400420522,18.782493584133167
2026-04-09 22:00:00,292.9004291105286,0.0,465.4449165954421,14.662341202377148
2026-04-09 23:00:00,292.7804589920328,0.0,553.8442677197355,15.369825018926596
2026-04-10 00:00:00,295.6823356813918,0.0,455.6033827487481,12.853207247803866
2026-04-10 01:00:00,299.4078269599832,0.0,531.6688993634896,13.093076600634262
2026-04-10 02:00:00,298.3771067948588,0.0,436.5803901236836,13.404875403904516
2026-04-10 03:00:00,300.4485623192669,0.0,536.4034255347144,14.068818008732777
2026-04-10 04:00:00,301.41260815727617,0.0,487.8001074540531,13.515084705425213
2026-04-10 05:00:00,299.80866682126333,0.0,483.64043272266457,17.736673704556274
2026-04-10 06:00:00,302.17260036609747,0.071135911042109,41.60267384194101,16.882788584311246
2026-04-10 07:00:00,300.2247792740097,0.3269036220464889,54.39044417017523,16.55537550187998
2026-04-10 08:00:00,301.841135086116,0.5603883333787433,45.32718925963688,20.497807913188673
2026-04-10 09:00:00,299.8268107086657,0.7556748351871717,55.4180767780819,22.380442135467774
2026-04-10 10:00:00,298.868360513731,0.8994516535012722,57.86083080556072,23.348808395359658
2026-04-10 11:00:00,295.8179124766615,0.9819184111476436,49.3544043871508,22.78676044668941
2026-04-10 12:00:00,295.85135550697464,0.9974538588966888,45.75942122993269,26.765362785443337
2026-04-10 13:00:00,294.1480785530716,0.9449990412833776,54.9450457401163,27.074601317311224
2026-04-10 14:00:00,292.3692128069325,0.828129479057076,51.16788802009757,27.295342389469063
2026-04-10 15:00:00,292.1162955598861,0.654811448028713,41.572643049072255,27.53533623770933
2026-04-10 16:00:00,288.20120942674606,0.4368589672794232,56.123246636031794,26.621989552628328
2026-04-10 17:00:00,290.747817768468,0.189128510490207,67.9319381024885,24.717263004759705
2026-04-10 18:00:00,288.3188272028557,0.0,64.04295733927906,24.213653874796538
2026-04-10 19:00:00,289.2864948134771,0.0,51.21561441170731,20.4428077772439
2026-04-10 20:00:00,288.54126475462544,0.0,54.40597392927344,18.549998847226714
2026-04-10 21:00:00,290.9155110227263,0.0,61.51024282755882,18.23434930578741
2026-04-10 22:00:00,292.113948376879,0.0,534.2109455953884,14.427447350778142
2026-04-10 23:00:00,294.2517532869911,0.0,497.59648634230393,13.500310907388902
2026-04-11 00:00:00,294.13256500519,0.0,447.9255922971923,12.307312943473843
2026-04-11 01:00:00,295.56574604829945,0.0,582.0651963936018,13.568420086781966
2026-04-11 02:00:00,297.5619142854684,0.0,486.5731223360056,13.073086507463099
2026-04-11 03:00:00,300.4415223856596,0.0,467.2881866548127,12.293015686344836
2026-04-11 04:00:00,299.30491136825685,0.0,433.6922683318917,14.709956570574874
2026-04-11 05:00:00,301.33839302026774,0.0,513.0985810628295,12.236880039738216
2026-04-11 06:00:00,301.43374471524606,0.0718514158758281,54.85502243234526,16.97783075597799
2026-04-11 07:00:00,300.0461821876516,0.327581466015459,48.68180819684648,17.745004067090495
2026-04-11 08:00:00,298.74776526006684,0.5609823120486304,54.10500719293319,18.419113899865557
2026-04-11 09:00:00,298.0616728356576,0.7561444607027985,54.220491774707135,21.323184095505376
2026-04-11 10:00:00,297.6339806289773,0.8997649143934926,47.60856045949782,24.59517049389521
2026-04-11 11:00:00,299.2584104245718,0.9820539543573668,49.3750452034524,26.209979279762443
2026-04-11 12:00:00,296.26200286263486,0.9974024452809556,44.02990684824641,24.822179085570312
2026-04-11 13:00:00,290.51014669841715,0.9447641753906404,34.82525102230676,25.68498950757056
2026-04-11 14:00:00,291.6606206124384,0.8277271702437865,52.63673387609713,26.4529628542578
2026-04-11 15:00:00,288.8217302150735,0.6542691192004317,21.64163973730648,26.63195761890654
2026-04-11 16:00:00,290.81817885901523,0.4362135856408178,38.63383386776342,25.984371058354917
2026-04-11 17:00:00,288.4488246243446,0.1884240677191655,40.784450086701625,25.677215822442893
2026-04-11 18:00:00,290.50972659244513,0.0,32.63106005653688,24.347893955282014
2026-04-11 19:00:00,291.37255911645263,0.0,27.5571120669902,21.948085370623765
2026-04-11 20:00:00,289.5032602962908,0.0,46.97288604910795,18.42954177554102
2026-04-11 21:00:00,289.55835125317304,0.0,61.29146314502022,17.632805531832428
2026-04-11 22:00:00,291.0527065197455,0.0,556.0768505605281,18.119384323040396
2026-04-11 23:00:00,292.7793741402923,0.0,562.5606200610266,14.22257920104327
2026-04-12 00:00:00,297.13647920936023,0.0,481.258672231007,14.26187522568615
2026-04-12 01:00:00,295.3368370773888,0.0,471.5301689243397,13.858815981765323
2026-04-12 02:00:00,299.561770809847,0.0,544.2132388797047,13.020329985456504
2026-04-12 03:00:00,298.77094808163133,0.0,466.0986685224972,12.254317928474189
2026-04-12 04:00:00,301.0438462623787,0.0,557.9175412865055,13.411032715725735
2026-04-12 05:00:00,300.6441164319975,0.0,428.8182645984284,16.361187241448135
2026-04-12 06:00:00,300.58142273253,0.0725668837364361,56.27100309849203,15.8027315323567
2026-04-12 07:00:00,300.56479045006233,0.3282591414184266,55.94906847563422,20.022099073894566
2026-04-12 08:00:00,299.6522359478342,0.5615760020496322,59.30874235600578,21.189976800513946
2026-04-12 09:00:00,298.6243041998409,0.7566136971236129,51.48334119726373,19.702909976103328
2026-04-12 10:00:00,298.23261652950777,0.9000777122870189,48.62350840546961,23.294657132314263
2026-04-12 11:00:00,295.73922721204576,0.9821889922243692,47.9110363504812,25.86118065697382
2026-04-12 12:00:00,293.9158816847072,0.9973505184245244,40.02605361835488,26.128717393998333
2026-04-12 13:00:00,294.0916241036005,0.9445288233436578,52.41978449088803,27.93461856262319
2026-04-12 14:00:00,290.6433170769714,0.8273244355009077,56.59520386872166,28.65837839134939
2026-04-12 15:00:00,291.0970590677555,0.6537264537000813,42.23871638942229,26.533088600141973
2026-04-12 16:00:00,291.5933994424598,0.4355679795366841,70.98313067002869,24.19760113154845
2026-04-12 17:00:00,287.20179186428777,0.1877195279893668,48.05165225517363,24.904181270273106
2026-04-12 18:00:00,288.24711075253623,0.0,55.57233162634803,24.095078627235623
2026-04-12 19:00:00,290.2263568220877,0.0,47.57646420009073,22.157137292839035
2026-04-12 20:00:00,289.6530804910558,0.0,61.31403684243924,20.32303154157126
2026-04-12 21:00:00,289.1024557999016,0.0,48.67496370618087,17.18614497959804
2026-04-12 22:00:00,293.17020301544244,0.0,585.9559640247395,16.799651637292424
2026-04-12 23:00:00,294.61154661372643,0.0,460.8213162369241,15.4076500493352
2026-04-13 00:00:00,296.7596434425023,0.0,503.3349617138855,13.751486703038903
2026-04-13 01:00:00,298.8854753953144,0.0,473.1210251433247,13.861173801983563
2026-04-13 02:00:00,298.1754662553417,0.0,533.2976682261462,11.992674738925295
2026-04-13 03:00:00,299.0827387974849,0.0,443.16343374447285,11.209583969459018
2026-04-13 04:00:00,301.4675468983259,0.0,477.7282102887359,12.348031395708073
2026-04-13 05:00:00,301.75614479715,0.0,512.2101302676675,15.539386034129315
2026-04-13 06:00:00,300.5983622078668,0.073282314255656,48.029862855164936,16.951772934543747
2026-04-13 07:00:00,301.67355902386,0.3289366479066754,51.30227537606752,18.793690302944242
2026-04-13 08:00:00,299.9362652154758,0.5621694030764377,32.99508126131121,20.997290865931948
2026-04-13 09:00:00,298.8398511546264,0.7570825442081567,69.79952038752515,21.272311694745852
2026-04-13 10:00:00,296.9440925580125,0.9003900470209916,41.934490213583615,24.126803150532236
2026-04-13 11:00:00,296.20957461158434,0.9823235246791636,50.39545452894806,24.019059890294756
2026-04-13 12:00:00,295.80686607558096,0.9972980783540988,74.77469087569708,27.17862177250385
2026-04-13 13:00:00,294.0445507681735,0.9442929852635372,44.99603639767934,27.007781819103112
2026-04-13 14:00:00,292.5145885936448,0.8269212750355501,40.98351961169243,26.800571879796593
2026-04-13 15:00:00,292.6998625477911,0.6531834518069053,47.24892286181973,26.19882295986253
2026-04-13 16:00:00,289.7783060295471,0.4349221492990318,44.33129460697933,25.44934530909646
2026-04-13 17:00:00,289.8979286613219,0.1870148916633509,51.081513708388826,25.20463248878081
2026-04-13 18:00:00,289.1685936121796,0.0,59.89900166917731,21.14027854897873
2026-04-13 19:00:00,289.5422163689446,0.0,48.37927319556889,23.1327649709859
2026-04-13 20:00:00,287.89296571818033,0.0,55.04991712252244,20.416610760481003
2026-04-13 21:00:00,292.0475974894176,0.0,59.34356609911443,18.652003712030375
2026-04-13 22:00:00,292.9238451123637,0.0,499.2102047796376,15.17938251690935
2026-04-13 23:00:00,293.2298767997443,0.0,439.853074002522,16.343549255383284
2026-04-14 00:00:00,295.07558029794023,0.0,544.2982345606741,14.416497212413828
2026-04-14 01:00:00,296.4779589608916,0.0,459.9550294367782,13.231786040526378
2026-04-14 02:00:00,296.81981994754085,0.0,530.5644434695332,12.601547120622262
2026-04-14 03:00:00,299.9758482870942,0.0,441.5737537920508,13.729289315404072
2026-04-14 04:00:00,301.4180677484396,0.0,591.2305705322834,14.052551270421942
2026-04-14 05:00:00,301.3403249912626,0.0,460.6624581659122,14.608308846413765
2026-04-14 06:00:00,300.23850334373395,0.0739977070655702,25.304415897070413,15.799060827622709
2026-04-14 07:00:00,299.89621364276667,0.3296139851315758,63.912745236559445,19.294237241355063
2026-04-14 08:00:00,299.0359802882178,0.562762514823602,45.02618347759163,19.107621097627362
2026-04-14 09:00:00,299.77341558551666,0.7575510017151718,51.114079183989226,22.529480991755058
2026-04-14 10:00:00,298.2549135539432,0.9007019184346405,48.39499303363607,25.208442947664228
2026-04-14 11:00:00,294.6745112918894,0.9824575516525226,43.19871025078277,22.82640935155324
2026-04-14 12:00:00,293.6996453329281,0.997245125096672,52.378790922627054,26.930891348641868
2026-04-14 13:00:00,293.4608486354272,0.9440566612716352,63.01857334739972,26.9589808294215
2026-04-14 14:00:00,290.4773662846183,0.8265176890552349,44.65692714829698,27.798144237813872
2026-04-14 15:00:00,289.7245683903838,0.65264011380032,39.91478800518826,26.213764003398317
2026-04-14 16:00:00,290.1822255381968,0.4342760952602927,44.37894356118553,26.37665374118877
2026-04-14 17:00:00,290.71794381822804,0.1863101591037078,47.856371560865405,26.88546909598933
2026-04-14 18:00:00,290.3732860798673,0.0,59.23590584142835,25.116636792953443
2026-04-14 19:00:00,288.8772901810375,0.0,49.48687160237871,22.794211456435242
2026-04-14 20:00:00,290.44505629386094,0.0,62.839851655769934,22.987832145734576
2026-04-14 21:00:00,291.189372563835,0.0,50.59213833013745,18.279557717248586
2026-04-14 22:00:00,294.2431960394744,0.0,516.8904005593962,16.24617851034133
2026-04-14 23:00:00,292.09194280876363,0.0,497.9755388668832,14.476218962980173
2026-04-15 00:00:00,295.5655722538025,0.0,503.8130875342538,15.538490437524821
2026-04-15 01:00:00,297.015689424568,0.0,564.3093342323126,12.76160308964772
2026-04-15 02:00:00,298.48011306121555,0.0,523.9119240837915,11.937524990345912
2026-04-15 03:00:00,299.5907700093384,0.0,464.48611932013705,11.823136584683123
2026-04-15 04:00:00,299.73786247604954,0.0,547.2833369605371,14.219771425666963
2026-04-15 05:00:00,301.3909543106293,0.0,505.3494537942568,15.079614315779258
2026-04-15 06:00:00,300.769361599543,0.0747130617979406,68.27192412691318,17.712977709980034
2026-04-15 07:00:00,300.53067630841707,0.3302911527445855,31.477230468657616,18.887392813919618
2026-04-15 08:00:00,300.8021313841437,0.5633553369859231,47.82902218061243,20.21041594858589
2026-04-15 09:00:00,301.1047326161747,0.7580190694036003,48.054574641450586,19.576128193928128
2026-04-15 10:00:00,299.45464301746995,0.901013326367484,43.025404757729405,23.28811469971798
2026-04-15 11:00:00,295.8282979672462,0.9825910730754788,42.00882159322392,24.80149402450559
2026-04-15 12:00:00,294.65531224141125,0.997191658679492,47.423288981684735,24.95732313396914
2026-04-15 13:00:00,293.12831756364665,0.9438198514895592,41.58429854435685,27.038050234304848
2026-04-15 14:00:00,292.32516601797323,0.8261136777676381,39.56829737443762,28.193938211664328
2026-04-15 15:00:00,289.3367572031002,0.6520964399599151,43.64619406859708,25.638585035344477
2026-04-15 16:00:00,290.7496231505795,0.4336298177529117,42.51513447698663,26.187031279037136
2026-04-15 17:00:00,289.3268058995768,0.1856053306730769,54.51998697700834,23.93389789331469
2026-04-15 18:00:00,290.576853718151,0.0,52.60874492550215,24.522314901073134
2026-04-15 19:00:00,290.944529970266,0.0,37.89152627398144,22.503138903575657
2026-04-15 20:00:00,289.3685297725487,0.0,54.7333331523346,22.067324646369713
2026-04-15 21:00:00,290.5380604380519,0.0,34.62008341843817,18.125136428345762
2026-04-15 22:00:00,292.7431344687494,0.0,442.8362060902826,15.93748323791471
2026-04-15 23:00:00,293.870563528038,0.0,574.1566411068849,16.166233298799547
2026-04-16 00:00:00,296.05685889348723,0.0,440.8822305826212,13.291623084938715
2026-04-16 01:00:00,298.60103596545935,0.0,466.6987491631127,10.848813128431967
2026-04-16 02:00:00,300.15188331914555,0.0,575.9579525108591,13.28581323678795
2026-04-16 03:00:00,299.7343608113346,0.0,541.7278010386298,13.17473212222726
2026-04-16 04:00:00,299.2057793737481,0.0,517.0501771675098,13.674747531202685
2026-04-16 05:00:00,300.6767983678988,0.0,463.4250835159097,13.671186140759396
2026-04-16 06:00:00,300.52923111259787,0.0754283780846616,60.27382370428896,16.982733554621635
2026-04-16 07:00:00,299.7713128903675,0.3309681503972493,44.456317579707616,19.006090637314077
2026-04-16 08:00:00,303.7899135542041,0.5639478692583483,48.34761932534293,20.634111620724564
2026-04-16 09:00:00,296.69651731928974,0.7584867470325857,53.83172385710383,23.230725973185358
2026-04-16 10:00:00,296.9091900940323,0.901324270659278,38.60202787794391,23.449967673447723
2026-04-16 11:00:00,297.3985681496084,0.9827240888793256,50.051352227083,26.802634272035426
2026-04-16 12:00:00,295.6995528862982,0.9971376791300716,34.95904248329828,27.08192532226219
2026-04-16 13:00:00,291.8027265213365,0.943582556039166,54.36384865864753,26.369427269353753
2026-04-16 14:00:00,291.5832461839853,0.8257092413806549,40.74270602524691,27.035987541570414
2026-04-16 15:00:00,291.8616080450271,0.6515524305654526,49.4822897488561,27.747402093509432
2026-04-16 16:00:00,288.90971426413614,0.4329833171094487,65.2097833250616,24.56270699785704
2026-04-16 17:00:00,289.29238606573733,0.184900406734147,46.14786230015674,24.449045179229053
2026-04-16 18:00:00,288.43058098771206,0.0,55.23869961969984,22.98423336835252
2026-04-16 19:00:00,288.1270369812696,0.0,44.76661190857568,23.29159124967066
2026-04-16 20:00:00,287.1876584498477,0.0,51.16868171218983,19.56209003831129
2026-04-16 21:00:00,289.5068401541102,0.0,43.26367438027148,17.724135955855967
2026-04-16 22:00:00,292.2182157151125,0.0,457.63501607256,16.783641965355752
2026-04-16 23:00:00,294.28817507545983,0.0,497.7858273478734,16.057040682962267
2026-04-17 00:00:00,296.09525543130667,0.0,566.7651017089363,13.425700273039327
2026-04-17 01:00:00,296.4699475082518,0.0,477.8454827568964,12.520196996469387
2026-04-17 02:00:00,297.67932212680074,0.0,588.5750485143507,13.173230442543542
2026-04-17 03:00:00,299.03417234151686,0.0,454.4854312470192,12.080230500875473
2026-04-17 04:00:00,300.1675952602546,0.0,498.9208514801957,14.776432830672157
2026-04-17 05:00:00,301.4011331637832,0.0,590.9491256856617,13.599504758949276
2026-04-17 06:00:00,302.41387277005595,0.0761436555576478,64.45565821073478,17.73454191599803
2026-04-17 07:00:00,300.1575357049101,0.3316449777411997,22.328588157549277,18.34817751271259
2026-04-17 08:00:00,299.8268163697259,0.5645401113359737,49.65159204112874,19.082569183468117
2026-04-17 09:00:00,298.1212481232945,0.7589540343614712,43.67566465642849,21.369451282996547
2026-04-17 10:00:00,298.3723586303918,0.9016347511500185,56.47936458361236,21.386413228565406
2026-04-17 11:00:00,295.5538392531397,0.9828565989956156,68.3096780567045,25.01803284583722
2026-04-17 12:00:00,294.1830952101828,0.9970831864761877,58.00679991342303,26.386372425064838
2026-04-17 13:00:00,293.4703633321757,0.943344775042562,66.13005945139972,26.81409282553849
2026-04-17 14:00:00,292.06510198602365,0.825304380102399,41.15968632271148,24.753749354657216
2026-04-17 15:00:00,290.04969608816043,0.6510080858968675,48.9553384602476,26.717715147462396
2026-04-17 16:00:00,289.7989144145048,0.432336593662578,34.06857623343936,25.54498967029532
2026-04-17 17:00:00,289.5140426078847,0.1841953876497676,60.28116979361124,24.755894996626452
2026-04-17 18:00:00,289.7907782158282,0.0,42.22030663667361,23.184584398490717
2026-04-17 19:00:00,289.0186415500498,0.0,36.48971378341824,21.678863327154456
2026-04-17 20:00:00,289.51461232049786,0.0,35.185448514281084,20.15868339278596
2026-04-17 21:00:00,290.45699796349584,0.0,59.77447980914103,16.652567499462812
2026-04-17 22:00:00,292.42607919180614,0.0,472.70107148977945,14.579940438277058
2026-04-17 23:00:00,291.10707267161297,0.0,565.9500001434707,13.685585068403194
2026-04-18 00:00:00,294.5715216587604,0.0,522.0106461582506,14.634335056027787
2026-04-18 01:00:00,297.13974603435224,0.0,465.90636169020775,11.80366204287558
2026-04-18 02:00:00,299.8310606222862,0.0,443.2486795579296,12.29115539996961
2026-04-18 03:00:00,299.36395945268987,0.0,451.6090633005233,14.215255553532135
2026-04-18 04:00:00,301.1220185076565,0.0,482.9806710800435,14.202065745574364
2026-04-18 05:00:00,301.42327258396057,0.0,601.6510833137398,15.498566622900851
2026-04-18 06:00:00,299.9340337744403,0.0768588938488335,65.36696029900041,15.120113917852914
2026-04-18 07:00:00,301.3675215594338,0.3323216344280493,69.3223392783822,16.580699963028543
2026-04-18 08:00:00,299.599182062046,0.5651320629140452,56.18071521015546,19.217815069414133
2026-04-18 09:00:00,298.9337591090171,0.7594209311497276,58.77250307281752,23.432358522669915
2026-04-18 10:00:00,300.4438179807796,0.9019447676799384,55.94953915523874,23.13241619200607
2026-04-18 11:00:00,293.67983576417294,0.9829886033561412,51.40162199703745,23.42291613065237
2026-04-18 12:00:00,292.74383255769146,0.9970281807458804,56.98396391796474,26.826608595643535
2026-04-18 13:00:00,292.3737174057308,0.9431065086221422,63.18670178240609,25.791318218354085
2026-04-18 14:00:00,291.61034982008084,0.8248990941412029,63.80192925652959,27.62867590609659
2026-04-18 15:00:00,290.19989779092737,0.6504634062343537,54.44122120165706,26.409750647594176
2026-04-18 16:00:00,288.7938012415674,0.431689647745089,37.70343453837041,27.118948548263408
2026-04-18 17:00:00,288.78218258586713,0.1834902737825022,51.81104489928481,25.580699253224147
2026-04-18 18:00:00,288.1557436099846,0.0,41.85758544414324,23.841595889306735
2026-04-18 19:00:00,291.1961121108941,0.0,54.08793794138755,23.299028658561532
2026-04-18 20:00:00,290.223508925708,0.0,61.58438502327096,18.58119771996124
2026-04-18 21:00:00,289.7023469496137,0.0,42.257880688214655,17.663879621355104
2026-04-18 22:00:00,292.42872063468235,0.0,548.7373789880116,17.23657926675239
2026-04-18 23:00:00,293.6066647197611,0.0,511.6192015630487,13.794558478811838
2026-04-19 00:00:00,294.9927631907366,0.0,438.1735076416389,12.55145808057124
2026-04-19 01:00:00,294.807852956331,0.0,415.98166191208577,13.724702700121147
2026-04-19 02:00:00,298.54482115404625,0.0,551.6073829150278,12.21604251268366
2026-04-19 03:00:00,299.20836916540003,0.0,421.45200777774846,12.772947181894775
2026-04-19 04:00:00,300.90963027513203,0.0,384.0285629011866,13.047442152867808
2026-04-19 05:00:00,300.20983877810755,0.0,489.5260062325369,15.841138392765894
2026-04-19 06:00:00,300.7923389278942,0.0775740925901734,54.63704211640926,15.73558092210842
2026-04-19 07:00:00,302.3819698386466,0.3329981201098204,42.56330370934212,17.963267879496094
2026-04-19 08:00:00,298.8067437937064,0.5657237236879578,55.901979733858354,19.920408704854914
2026-04-19 09:00:00,298.0287985769888,0.7598874371572484,39.591447505472736,23.64921125102091
2026-04-19 10:00:00,296.6587189829035,0.9022543200895108,42.109025777593146,23.830104257972295
2026-04-19 11:00:00,294.6251601073592,0.983120101893018,54.78465989330598,23.26657954007838
2026-04-19 12:00:00,296.489479611198,0.996972661967455,58.42582104141666,24.76190204246087
2026-04-19 13:00:00,294.0314334056267,0.9428677569004374,54.24198047712176,26.86614151261474
2026-04-19 14:00:00,293.12892232926,0.8244933837056176,52.03497924972735,26.182600723027818
2026-04-19 15:00:00,291.3668059521154,0.6499183918580181,50.04536913354146,27.001564293398943
2026-04-19 16:00:00,290.1493709824045,0.4310424796898853,47.08634295326669,24.883552169589617
2026-04-19 17:00:00,289.211610531256,0.1827850654952981,44.43305677484215,23.73472571226295
2026-04-19 18:00:00,288.2795924678514,0.0,50.1334351935963,22.721425698234132
2026-04-19 19:00:00,288.01533471595445,0.0,43.14409662601236,21.04223185492238
2026-04-19 20:00:00,291.8376841048663,0.0,52.99012866765118,20.26819387075481
2026-04-19 21:00:00,291.0601383240154,0.0,38.14140388092267,19.8313261865055
2026-04-19 22:00:00,293.3301960429183,0.0,476.6996173902997,17.047975075115282
2026-04-19 23:00:00,294.69336914159715,0.0,452.3864583092957,15.990689128773338
2026-04-20 00:00:00,296.8598385304796,0.0,503.5733331626692,13.363504126711634
2026-04-20 01:00:00,296.44375845835884,0.0,519.521232664532,13.183746070852738
2026-04-20 02:00:00,298.43249745692805,0.0,542.2951735866925,12.351806604309626
2026-04-20 03:00:00,298.5546279084387,0.0,502.4441878136121,12.845507566865031
2026-04-20 04:00:00,300.60566156413745,0.0,486.4302696952773,13.578886877502745
2026-04-20 05:00:00,301.6818987353298,0.0,520.1862683870596,14.631666281976658
2026-04-20 06:00:00,302.0700697008481,0.0782892514136423,49.93779186597139,15.583935757507351
2026-04-20 07:00:00,301.1410979634474,0.3336744344383016,48.73457801474664,18.644890940377213
2026-04-20 08:00:00,301.34371462688915,0.5663150933532562,65.53645599428546,19.976278296232454
2026-04-20 09:00:00,299.1532622475059,0.7603535521439061,56.76955533772639,21.57551708879066
2026-04-20 10:00:00,297.3766365047347,0.9025634082194468,43.30936432534339,23.298516016450304
2026-04-20 11:00:00,297.2091633053079,0.9832510945385587,53.33748234478863,25.31524512196222
2026-04-20 12:00:00,293.4059412969733,0.9969166301694798,39.76220297302508,26.99379851884863
2026-04-20 13:00:00,292.8907421708023,0.9426285200003416,45.13844778172038,26.96027702237362
2026-04-20 14:00:00,291.3466443857269,0.8240872490044124,35.335446107953345,27.170483525450653
2026-04-20 15:00:00,289.9457312133407,0.6493730430483993,35.282174128388206,28.575684929670956
2026-04-20 16:00:00,289.25440725638794,0.4303950898299851,61.8824893800453,27.93568095327539
2026-04-20 17:00:00,289.1406395590853,0.1820797631510395,43.593847142693605,24.86671990975213
2026-04-20 18:00:00,290.0217793980032,0.0,35.459566163660504,23.649794955237798
2026-04-20 19:00:00,291.02689951847924,0.0,39.7526373359256,23.148786256434523
2026-04-20 20:00:00,290.708115798251,0.0,55.05416388167684,20.21354293883308
2026-04-20 21:00:00,290.0508737632443,0.0,72.19574154929067,19.82950924544847
2026-04-20 22:00:00,292.92570282483194,0.0,525.6210054594943,17.046168353812934
2026-04-20 23:00:00,295.40645152706537,0.0,447.81007281945614,13.483129779157869
2026-04-21 00:00:00,296.57674647029984,0.0,529.5493973427365,14.452797805565929
2026-04-21 01:00:00,296.8348837517503,0.0,529.1227270826441,13.014306321335877
2026-04-21 02:00:00,297.875719370762,0.0,512.542868995902,13.998240451647435
2026-04-21 03:00:00,299.800241305096,0.0,569.774923375489,10.6627713076724
2026-04-21 04:00:00,298.31681767930263,0.0,453.320979321992,14.3835684702613
2026-04-21 05:00:00,301.6567500766535,0.0,518.7453670997861,13.787628637766412
2026-04-21 06:00:00,301.6984489301479,0.0790043699512358,45.95976036956928,17.654034145646893
2026-04-21 07:00:00,300.7005437458013,0.3343505770654768,41.32067491766375,18.06896324648491
2026-04-21 08:00:00,299.5369595954029,0.5669061716056352,70.61205099120802,20.907841752529553
2026-04-21 09:00:00,297.6424823091768,0.7608192758698484,54.76094848964031,22.540304467374646
2026-04-21 10:00:00,297.89966899175334,0.9028720319106968,71.81941123019861,22.76739919123124
2026-04-21 11:00:00,295.8359517884756,0.9833815812253578,55.194551022684976,24.819778532585698
2026-04-21 12:00:00,293.5664878372228,0.996860085380788,35.3544800083798,27.032668669427366
2026-04-21 13:00:00,291.9500814804962,0.9423887980449608,65.03836562700299,26.031845884379532
2026-04-21 14:00:00,293.3564048376593,0.8236806902465752,44.871938749684816,26.610197349601442
2026-04-21 15:00:00,290.37479531087376,0.6488273600861214,55.81185256197702,25.719575506800318
2026-04-21 16:00:00,290.6671994919656,0.4297474784985204,55.91002324220081,25.908244525567262
2026-04-21 17:00:00,290.038568836771,0.181374367112659,54.45744618982053,26.675171551985972
2026-04-21 18:00:00,290.5358644847436,0.0,52.37574720212045,23.1380274872666
2026-04-21 19:00:00,288.036518534642,0.0,45.602369358278,21.785061668899445
2026-04-21 20:00:00,289.57015291236144,0.0,42.4611996638124,19.515814848866842
2026-04-21 21:00:00,289.6245807473743,0.0,31.27359705019993,18.216974770144255
2026-04-21 22:00:00,291.2031076304202,0.0,489.18153282994695,15.719790103854764
2026-04-21 23:00:00,294.3212227056983,0.0,407.5184237998904,16.601805708473627
2026-04-22 00:00:00,295.5854887605409,0.0,526.3883133444594,14.520623901299595
2026-04-22 01:00:00,296.93370270070784,0.0,463.5600389919479,11.278476993591953
2026-04-22 02:00:00,298.8785509760347,0.0,524.18398415103,12.346834886971383
2026-04-22 03:00:00,299.235967228758,0.0,445.5449148125507,13.345264725825034
2026-04-22 04:00:00,302.0931246795435,0.0,447.16657888695727,13.778040555717187
2026-04-22 05:00:00,301.50219176306376,0.0,475.4730687163837,15.144029879796667
2026-04-22 06:00:00,302.932379876393,0.07971944783497,45.89514709518521,14.292513356762306
2026-04-22 07:00:00,299.98406856715644,0.3350265476434183,52.39025104278655,17.423243245342327
2026-04-22 08:00:00,302.2184756401496,0.567496958140939,58.11280077646441,22.192665145910645
2026-04-22 09:00:00,299.78064363318526,0.7612846080954245,69.40633958287589,23.61388942821503
2026-04-22 10:00:00,299.10514716912195,0.9031801910044496,32.146824590415314,24.029806012641348
2026-04-22 11:00:00,297.0200973802754,0.9835115618862694,62.155882466470864,24.03882115232333
2026-04-22 12:00:00,293.75254629927593,0.9968030276304756,39.055694720566514,28.054214858763903
2026-04-22 13:00:00,292.96397524844605,0.9421485911576502,29.41322164540615,25.286074810569232
2026-04-22 14:00:00,292.8593089657212,0.8232737076413117,40.118765151648034,27.894320250099483
2026-04-22 15:00:00,289.73381151729336,0.6482813432519804,65.3009188045743,26.508351771461083
2026-04-22 16:00:00,289.53203989001065,0.4290996460287374,57.62865044800439,25.78376235652615
2026-04-22 17:00:00,290.1040811698469,0.1806688777431376,62.53917292257447,25.341200178788878
2026-04-22 18:00:00,289.7692070548618,0.0,49.92915480040492,22.902077891586323
2026-04-22 19:00:00,288.4421449508368,0.0,35.10138528263626,21.01667838189554
2026-04-22 20:00:00,290.495949735042,0.0,51.78473670241831,19.860003890013207
2026-04-22 21:00:00,291.9447879150036,0.0,50.390457495927656,19.950100427330202
2026-04-22 22:00:00,293.0728921402649,0.0,547.3048715658429,16.9607086705685
2026-04-22 23:00:00,294.2533712860025,0.0,576.8671054691816,14.055095572425202
2026-04-23 00:00:00,297.9234523038327,0.0,614.0653103120146,14.240207237395204
2026-04-23 01:00:00,298.65886760817125,0.0,467.1211430581109,13.481129690738321
2026-04-23 02:00:00,298.88894153283155,0.0,539.3024397197553,12.601525556333788
2026-04-23 03:00:00,297.6619888655405,0.0,502.3950551882359,13.809579906707626
2026-04-23 04:00:00,299.9112135105136,0.0,538.2085240257803,13.658770346101935
2026-04-23 05:00:00,302.6923797258086,0.0,460.7743833120344,14.294485777618842
2026-04-23 06:00:00,300.01068718878525,0.0804344846967688,40.10650250701036,16.904945171722353
2026-04-23 07:00:00,301.4454685032505,0.335702345824287,47.65824811297742,16.70207231590685
2026-04-23 08:00:00,300.63942197958625,0.5680874526550689,50.27653186848169,20.57304156751648
2026-04-23 09:00:00,298.49455612531034,0.761749548581185,50.12584554667134,21.8988582288228
2026-04-23 10:00:00,296.5811160536509,0.9034878853420856,71.24748327358783,23.489143678715262
2026-04-23 11:00:00,295.58047286153004,0.9836410364544088,52.99774925112799,23.80534243021062
2026-04-23 12:00:00,294.9390591198959,0.9967454569479128,64.54653211809047,26.524970672894945
2026-04-23 13:00:00,292.7533220741452,0.941907899462015,41.48380992478269,27.798233642072024
2026-04-23 14:00:00,291.5681656694817,0.8228663013981107,58.84390704449512,26.380772224587748
2026-04-23 15:00:00,289.2050892530962,0.6477349928269441,40.263701328629054,26.060444974947764
2026-04-23 16:00:00,290.7429816132322,0.4284515927540987,54.08371250534266,24.900625212684634
2026-04-23 17:00:00,286.899757595109,0.1799632954055039,59.33670702555073,25.47348414084289
2026-04-23 18:00:00,289.1911822138308,0.0,46.15711299677043,23.324442203002523
2026-04-23 19:00:00,288.77395790615174,0.0,39.185613893554994,21.963343661052924
2026-04-23 20:00:00,290.32223869985927,0.0,60.00979318642842,20.05382829253146
2026-04-23 21:00:00,291.8153944680444,0.0,55.57380533869185,18.613609361739446
2026-04-23 22:00:00,292.57647173569603,0.0,554.6059787729288,16.295050510875058
2026-04-23 23:00:00,293.2343165024216,0.0,439.4647954750843,13.879019261495463
2026-04-24 00:00:00,294.7436218329515,0.0,460.4387734633684,15.319603985709948
2026-04-24 01:00:00,299.854539664693,0.0,380.90026667127904,11.43156496608048
2026-04-24 02:00:00,298.5411373478973,0.0,487.3146887130464,12.837228036727922
2026-04-24 03:00:00,299.5381857286275,0.0,522.2304187966672,14.374963801559009
2026-04-24 04:00:00,300.01948695512976,0.0,551.606483362889,14.923801626573102
2026-04-24 05:00:00,298.90992886483684,0.0,530.6946548160172,17.61148878874706
2026-04-24 06:00:00,302.06756805022724,0.0811494801689169,44.66307681236504,17.07913838147617
2026-04-24 07:00:00,301.6914054273311,0.3363779712603325,41.940932878124,17.42575314743287
2026-04-24 08:00:00,301.15611141276275,0.5686776548443568,47.3446568202492,21.62264122758137
2026-04-24 09:00:00,298.494686382411,0.762214097087882,59.18479515307806,22.100907161066978
2026-04-24 10:00:00,297.6860055186727,0.903795114765369,39.88737119673226,22.932868675263812
2026-04-24 11:00:00,296.35763470542804,0.9837700048631508,39.5334933938697,25.35985008362294
2026-04-24 12:00:00,293.88541712470743,0.9966873733627056,42.63192126037713,26.402393539223723
2026-04-24 13:00:00,293.30528928309445,0.9416667230819098,51.763200700934966,26.150168778536703
2026-04-24 14:00:00,291.53153869514887,0.822458471726485,54.34596160771028,26.88305017730171
2026-04-24 15:00:00,291.15737603966784,0.6471883090921524,64.18937525606087,26.431819786063336
2026-04-24 16:00:00,290.40565107153697,0.4278033190078725,51.628711721884976,26.897888943668207
2026-04-24 17:00:00,288.18394239546,0.1792576204628347,56.48710370260381,25.239394706513938
2026-04-24 18:00:00,289.15912427787714,0.0,55.63712199057272,23.035324678771705
2026-04-24 19:00:00,290.16071260616724,0.0,49.069129718232,21.796656021023146
2026-04-24 20:00:00,292.62336839495185,0.0,54.1622170186317,19.233041912936766
2026-04-24 21:00:00,292.5256844583605,0.0,40.01988487579827,16.176176670023015
2026-04-24 22:00:00,292.29284873396307,0.0,591.547671383901,16.77241148663707
2026-04-24 23:00:00,294.9369513096861,0.0,522.4682368244361,15.279264988505252
2026-04-25 00:00:00,295.22886754872866,0.0,501.02105818090064,13.1165775751449
2026-04-25 01:00:00,297.5991775560717,0.0,563.5181714095232,13.295077441732543
2026-04-25 02:00:00,297.9402151187615,0.0,519.5617236498891,14.566663145569814
2026-04-25 03:00:00,299.046632511102,0.0,437.8061346439603,12.443879172632727
2026-04-25 04:00:00,300.5546615445987,0.0,362.1896707796316,13.750338156201806
2026-04-25 05:00:00,300.5813529562639,0.0,534.2892971593182,13.496443475424082
2026-04-25 06:00:00,300.7298429513275,0.0818644338833807,43.020959676204754,17.048912741006685
2026-04-25 07:00:00,300.8752573240228,0.3370534236038933,48.49904210186633,17.7631066461645
2026-04-25 08:00:00,300.6249016039752,0.5692675644050047,57.032574194596336,20.484105022926077
2026-04-25 09:00:00,299.22968369017303,0.7626782533764694,39.415158837209,21.835322784280848
2026-04-25 10:00:00,298.17906402311024,0.904101879116158,67.24207326569133,22.428038694499758
2026-04-25 11:00:00,296.1476144916817,0.9838984670461316,51.07522024277225,26.239755244252667
2026-04-25 12:00:00,296.001573315271,0.9966287769047524,62.71960205120276,25.00202666353258
2026-04-25 13:00:00,293.27954295115524,0.9414250621414384,38.52684079291112,26.000127666069744
2026-04-25 14:00:00,292.1718946974998,0.8220502188363591,46.12848598285829,27.277521656237063
2026-04-25 15:00:00,290.428166235764,0.6466412923289161,37.9564431062247,25.133950707211074
2026-04-25 16:00:00,290.3676061748557,0.4271548251237484,55.58340637220217,25.443584619322117
2026-04-25 17:00:00,289.4001781517507,0.1785518532782543,57.94105864196237,24.870904807983575
2026-04-25 18:00:00,288.74163667908056,0.0,47.88488636176341,21.73675698969327
2026-04-25 19:00:00,290.0997234718757,0.0,26.765475761037106,23.199337301178144
2026-04-25 20:00:00,291.3440221884316,0.0,48.06325038942359,19.129000502020027
2026-04-25 21:00:00,291.87213535904374,0.0,59.98331094245766,17.68374933506028
2026-04-25 22:00:00,292.31840964825886,0.0,494.428073940232,16.17048547404202
2026-04-25 23:00:00,293.47652587807863,0.0,402.91370369648985,14.527483885962138
2026-04-26 00:00:00,296.03682300956814,0.0,505.989679883531,13.66778490760952
2026-04-26 01:00:00,297.4989247099776,0.0,563.0012286503227,11.766811006964192
2026-04-26 02:00:00,298.62309808103544,0.0,440.0321017990673,14.484732533366511
2026-04-26 03:00:00,299.6711766327504,0.0,488.208798270399,12.94596574428203
2026-04-26 04:00:00,298.43065116043005,0.0,419.7126077377994,13.709374855454737
2026-04-26 05:00:00,298.7003366108454,0.0,573.0746540407375,14.921620866749816
2026-04-26 06:00:00,301.7813256158745,0.0825793454722611,55.65259301275252,16.691290820224975
2026-04-26 07:00:00,301.86339875221535,0.3377287025073967,42.26484821119414,15.771414288549396
2026-04-26 08:00:00,299.9673452831591,0.5698571810334582,40.575108868452126,20.40479170401379
2026-04-26 09:00:00,300.13023513701563,0.7631420172081029,44.6357626428896,20.901551275613144
2026-04-26 10:00:00,297.2162559156322,0.9044081782365988,54.314078046270055,22.77448830473356
2026-04-26 11:00:00,297.0561516842116,0.9840264229372472,61.436567325518126,24.594494041012386
2026-04-26 12:00:00,294.24310709176456,0.9965696676042044,48.10838119258688,26.52923975557008
2026-04-26 13:00:00,292.16155591619184,0.941182916764954,45.23016705016642,27.359520105244318
2026-04-26 14:00:00,292.5694541949874,0.8216415429378107,43.8252286000743,26.165175668136243
2026-04-26 15:00:00,290.9347358044698,0.6460939428187177,60.67637321798388,26.500818041761686
2026-04-26 16:00:00,290.1179416455526,0.4265061114354266,53.36843738425961,24.609833169236847
2026-04-26 17:00:00,289.4003168155508,0.1778459942149346,63.159767196948486,24.627729501319404
2026-04-26 18:00:00,289.6534514795383,0.0,59.475247218028656,23.020834641449685
2026-04-26 19:00:00,288.43642728410566,0.0,51.506731061078014,23.580673371613788
2026-04-26 20:00:00,290.22444811017243,0.0,58.68357028286038,19.265313799632217
2026-04-26 21:00:00,292.17795026334306,0.0,36.660538377790026,18.006803238705935
2026-04-26 22:00:00,291.179760007731,0.0,531.2131955569009,16.044636156698964
2026-04-26 23:00:00,294.3813832592342,0.0,434.28875065594457,14.157279931622865
2026-04-27 00:00:00,295.1602548409396,0.0,497.6396675617625,13.63145699702317
2026-04-27 01:00:00,298.09156832076525,0.0,470.2534306022101,14.193799415422486
2026-04-27 02:00:00,297.6995012300082,0.0,413.3716210540143,12.601531673277004
2026-04-27 03:00:00,298.6920620524006,0.0,414.4312317834509,12.764103664285345
2026-04-27 04:00:00,300.74629510218904,0.0,430.021126832221,13.903440532293295
2026-04-27 05:00:00,298.8946928489249,0.0,566.2819891656719,16.05296982051799
2026-04-27 06:00:00,301.15609385374137,0.0832942145676808,49.11516298717514,16.9667358357984
2026-04-27 07:00:00,301.2347671215065,0.3384038076233597,51.47169463593504,16.314616391207082
2026-04-27 08:00:00,298.8345487321816,0.5704465044263141,66.72117330766935,21.599520483188968
2026-04-27 09:00:00,297.7796358523287,0.76360538834414,50.00894999195752,23.766632116599656
2026-04-27 10:00:00,297.72103589439064,0.9047140119690766,76.11910711284452,22.799432537738234
2026-04-27 11:00:00,296.7541575803515,0.9841538724706548,51.66621735682016,23.811058012306646
2026-04-27 12:00:00,294.6605377953418,0.9965100454914788,52.35084296515407,25.887163781934127
2026-04-27 13:00:00,291.80611547317034,0.9409402870770592,37.29376910650608,27.556558590422867
2026-04-27 14:00:00,290.6784509074739,0.8212324442411351,41.58436267693919,26.75095069108871
2026-04-27 15:00:00,288.62914031440425,0.6455462608432109,50.689139071989096,25.928932997272177
2026-04-27 16:00:00,291.8618381206465,0.4258571782767207,59.27556985708428,25.3308092319642
2026-04-27 17:00:00,289.6095336394491,0.1771400436360946,46.48477064872544,27.775750391746772
2026-04-27 18:00:00,290.2590959238896,0.0,62.06733863054647,23.240460452483234
2026-04-27 19:00:00,289.35250805393906,0.0,50.59792833604139,22.371132456137136
2026-04-27 20:00:00,289.54796421376443,0.0,32.913322618574014,21.004281432750933
2026-04-27 21:00:00,290.8761897796427,0.0,63.511572999435934,17.789453714786386
2026-04-27 22:00:00,291.5577657375678,0.0,510.096018909275,17.610551085284573
2026-04-27 23:00:00,292.7533209419399,0.0,490.8481454347614,15.711137846230628
2026-04-28 00:00:00,294.63977058725703,0.0,491.9282412431576,12.313587372846252
2026-04-28 01:00:00,298.3897209344236,0.0,459.2591043883028,12.831814181440912
2026-04-28 02:00:00,299.1465582710265,0.0,494.58259581716425,11.304190424501881
2026-04-28 03:00:00,298.9213310858884,0.0,463.0616283051159,12.761173209463982
2026-04-28 04:00:00,301.96951221799884,0.0,494.55219146151046,14.768066617627309
2026-04-28 05:00:00,302.27619165513653,0.0,491.5280729917482,15.690099338045485
2026-04-28 06:00:00,301.745224816253,0.0840090408017843,38.73546724681741,17.12648065415678
2026-04-28 07:00:00,300.74693814436864,0.3390787386043883,48.89177807667368,16.656660677829354
2026-04-28 08:00:00,301.18496834028025,0.5710355342803198,60.2622694602074,19.483253453572928
2026-04-28 09:00:00,300.7401346304762,0.7640683665460674,63.59530701957691,22.01818648320012
2026-04-28 10:00:00,297.6440930422857,0.9050193801562164,58.47090613172775,23.6924490436224
2026-04-28 11:00:00,296.31204955495696,0.984280815580751,36.74390436839321,25.044340849786337
2026-04-28 12:00:00,294.5064017069321,0.9964499105972556,52.275315816264936,26.45474932614975
2026-04-28 13:00:00,291.3163992277716,0.940697173202644,40.23851062224302,23.648911141850242
2026-04-28 14:00:00,291.54485667371887,0.8208229229568451,41.93249399236124,27.257922824156328
2026-04-28 15:00:00,292.1561724386191,0.6449982466843072,38.30692530539051,26.814676794484797
2026-04-28 16:00:00,290.90181457809126,0.4252080259815567,45.12759989928372,26.594150789201453
2026-04-28 17:00:00,289.604523568916,0.1764340019051124,55.88270772047193,25.623603084036844
2026-04-28 18:00:00,289.8274479903628,0.0,56.93958149024288,24.532892050019907
2026-04-28 19:00:00,290.41917741128776,0.0,47.408946809270375,21.7750900163017
2026-04-28 20:00:00,289.6212045969823,0.0,45.92772863968704,18.947276021854805
2026-04-28 21:00:00,291.1792201281235,0.0,28.087768006015885,18.10015934180034
2026-04-28 22:00:00,293.6994940732735,0.0,480.07960810699655,17.42773554311914
2026-04-28 23:00:00,294.57068087281505,0.0,449.9580523047683,14.103416070543037
2026-04-29 00:00:00,296.91552835665715,0.0,506.08387366382175,13.792020403702534
2026-04-29 01:00:00,297.97843008436206,0.0,443.0971938550695,13.544011882467288
2026-04-29 02:00:00,297.9053155208042,0.0,582.62772253427,12.467755470159489
2026-04-29 03:00:00,300.1289337197518,0.0,586.1581251719683,13.1298118184997
2026-04-29 04:00:00,302.8993953507477,0.0,556.1911080371282,14.155131778162039
2026-04-29 05:00:00,301.90626153060686,0.0,576.2861225603409,15.014796851142927
2026-04-29 06:00:00,300.703426742797,0.0847238238067383,59.52663222265994,17.498038463392433
2026-04-29 07:00:00,300.6207369787268,0.3397534951030716,56.67207392818564,15.708257188173935
2026-04-29 08:00:00,301.5039247142519,0.571624270292374,52.90943050879645,19.666007639809447
2026-04-29 09:00:00,301.05753211121566,0.7645309515757933,60.62323811810996,21.82071899901345
2026-04-29 10:00:00,298.7053656044956,0.9053242826408824,52.05864012819589,24.065935806140423
2026-04-29 11:00:00,295.6813855031415,0.9844072522022548,35.690080741152485,24.69142997605903
2026-04-29 12:00:00,293.32899910216906,0.9963892629524788,52.35032112699368,25.65528879575278
2026-04-29 13:00:00,292.34043688771214,0.9404535752667328,56.196771248113,25.45818778433815
2026-04-29 14:00:00,289.73122928062713,0.8204129792956714,38.86996270162823,27.093644711054413
2026-04-29 15:00:00,290.5345998747665,0.6444499006238287,43.720774847444,25.766600957886688
2026-04-29 16:00:00,290.74384822689217,0.424558654883974,49.16522509201362,25.946409555084117
2026-04-29 17:00:00,289.29661393355485,0.1757278693850774,35.41632205603568,25.210968059226104
2026-04-29 18:00:00,290.28362272675173,0.0,49.19564694997384,22.659112065493588
2026-04-29 19:00:00,289.2039090927009,0.0,47.64686452558432,20.339685142109907
2026-04-29 20:00:00,289.24841655736174,0.0,48.530394331792245,19.91335478465392
2026-04-29 21:00:00,289.85781687139433,0.0,36.81462364148448,16.911295212773666
2026-04-29 22:00:00,292.35827812180605,0.0,481.922596715959,15.927774239399145
2026-04-29 23:00:00,294.2758532735435,0.0,480.7116963117687,14.357637747686699
2026-04-30 00:00:00,296.9423080432176,0.0,455.6511220814883,14.58334463424994
2026-04-30 01:00:00,298.8986022105366,0.0,514.1093828905681,13.65339219244592
2026-04-30 02:00:00,300.61567924820866,0.0,524.0780430265429,11.04726227342967
2026-04-30 03:00:00,299.0048324618233,0.0,558.8975238817338,12.437014474050116
2026-04-30 04:00:00,302.5969040765549,0.0,492.2554026843209,13.290458272879457
2026-04-30 05:00:00,300.90246348191874,0.0,536.7285975128923,14.871586878861608
2026-04-30 06:00:00,301.31372374703227,0.0854385632147317,39.32656650057588,16.37222714082806
2026-04-30 07:00:00,299.8849728026199,0.3404280767724089,24.95581062340955,17.99343350981015
2026-04-30 08:00:00,301.5981286284991,0.5722127121595264,49.61330938719482,20.9498756562741
2026-04-30 09:00:00,299.36383254205833,0.7649931431952088,45.943062543682665,22.96485032394112
2026-04-30 10:00:00,298.43631352316794,0.9056287192661788,55.55841034312087,24.166841215800677
2026-04-30 11:00:00,295.940119027009,0.984533182270084,49.034301165880734,25.734092695558605
2026-04-30 12:00:00,292.86530780290474,0.996328102588356,61.93552438993574,25.267118443703847
2026-04-30 13:00:00,293.7571732593201,0.9402094933947136,51.42708489674106,26.29614529667301
2026-04-30 14:00:00,292.72260720576026,0.8200026134685615,61.93458195720567,26.357388329515892
2026-04-30 15:00:00,290.45944377806927,0.6439012229440285,47.97861908940603,28.141336372877895
2026-04-30 16:00:00,290.5702643475884,0.4239090653181239,27.28997410303699,26.887829791538756
2026-04-30 17:00:00,289.5630163296983,0.175021646439461,60.08816567768415,25.886701769764723
2026-04-30 18:00:00,288.9301935730052,0.0,41.68751820040364,23.470454645954174
2026-04-30 19:00:00,287.8681952573425,0.0,52.76997204223267,21.89732991580638
2026-04-30 20:00:00,291.30142056422886,0.0,41.95107979943421,18.90374191032756
2026-04-30 21:00:00,291.0080549204126,0.0,29.11001591445298,19.363158432296938
2026-04-30 22:00:00,292.7395929771952,0.0,549.6901681027607,15.961713530990412
2026-04-30 23:00:00,294.4515668342607,0.0,485.0398573429461,14.870144821410396
2026-05-01 00:00:00,296.06367044879624,0.0,565.002329355673,14.231127914512737
2026-05-01 01:00:00,297.901368560348,0.0,519.9473453885431,13.711671906402323
2026-05-01 02:00:00,298.9473449247762,0.0,563.1949129968174,12.248830773180352
2026-05-01 03:00:00,299.1004492780923,0.0,482.1287975841056,11.164517782250126
2026-05-01 04:00:00,300.7468471346479,0.0,551.7439275695485,12.883861902691876
2026-05-01 05:00:00,301.4251149985762,0.0,491.5073072593439,15.705291121810605
2026-05-01 06:00:00,300.1452417420052,0.0861532586579756,63.6190980539308,16.438792378587436
2026-05-01 07:00:00,300.1827334766868,0.3411024832651689,41.89683780577191,18.201561804887874
2026-05-01 08:00:00,299.9961142363078,0.5728008595789784,54.78728209659854,19.887640635567124
2026-05-01 09:00:00,300.2624899300114,0.7654549411664806,36.31281843446772,19.85462986297248
2026-05-01 10:00:00,296.7626545916285,0.9059326898754496,34.21059940965698,24.00458976095836
2026-05-01 11:00:00,295.9845383823705,0.984658605719438,21.017761194884766,23.635076697348605
2026-05-01 12:00:00,294.4885893064325,0.9962664295363596,61.62629201911786,27.63934900256663
2026-05-01 13:00:00,292.0037538944865,0.939964927712186,39.63719847715316,26.68674501010154
2026-05-01 14:00:00,291.78076594577493,0.8195918256866804,48.50248935542537,26.737728814246804
2026-05-01 15:00:00,290.1873300653398,0.643352213927244,54.49166574035862,29.437805867114054
2026-05-01 16:00:00,289.3434948731858,0.4232592576182709,39.83683247662647,26.27339397162259
2026-05-01 17:00:00,287.6875281767948,0.1743153334316699,51.68950741528692,23.72383997236542
2026-05-01 18:00:00,287.401640376317,0.0,44.99414804853546,24.295088982268847
2026-05-01 19:00:00,289.9464343120897,0.0,37.595173719675344,21.78264055591392
2026-05-01 20:00:00,290.366706769417,0.0,46.60213050267204,19.533513073808837
2026-05-01 21:00:00,292.8021058875914,0.0,40.75318576826777,17.882876873877148
2026-05-01 22:00:00,291.0772042404764,0.0,550.3086563439607,15.502555003288577
2026-05-01 23:00:00,294.18055204570584,0.0,537.3812048862075,15.288048714447042
2026-05-02 00:00:00,294.5647307385005,0.0,479.365025528082,13.914161772180144
2026-05-02 01:00:00,296.35732649230107,0.0,483.5707236244229,13.032506317498237
2026-05-02 02:00:00,300.355615988567,0.0,416.7800766694759,13.511192910493008
2026-05-02 03:00:00,299.24446204476226,0.0,504.2250445860665,13.21847223720013
2026-05-02 04:00:00,300.1137933379983,0.0,401.0734468828642,13.023469814160432
2026-05-02 05:00:00,300.84488008491405,0.0,509.3141926285298,14.435078027650258
2026-05-02 06:00:00,302.1064128536565,0.0868679097687041,72.66345682751984,16.172829357169405
2026-05-02 07:00:00,299.2760550941916,0.3417767142343172,38.671862138638616,19.295996693772544
2026-05-02 08:00:00,299.6499927860816,0.5733887122480822,50.573356488964016,20.89559535149613
2026-05-02 09:00:00,299.23571522883856,0.7659163452519777,43.528823403631726,22.55592818910349
2026-05-02 10:00:00,297.5544038663899,0.9062361943122782,64.75396129149443,21.889337266875962
2026-05-02 11:00:00,295.7762509691134,0.9847835224857768,58.19096348502204,23.936335577931946
2026-05-02 12:00:00,292.8106139210612,0.9962042438282246,58.0609694243982,25.826320644081697
2026-05-02 13:00:00,294.4069722766129,0.939719878344997,61.78260624785358,28.184210414869703
2026-05-02 14:00:00,291.03148249546905,0.8191806161614102,32.515601344988475,26.044654854654276
2026-05-02 15:00:00,289.1461950478913,0.6428028738559826,46.60339096026199,27.416484671307703
2026-05-02 16:00:00,290.3208813544122,0.4226092321187908,72.19383839516254,25.0575988305206
2026-05-02 17:00:00,287.55475225882094,0.1736089307251565,63.63807291554591,25.098586795781504
2026-05-02 18:00:00,287.16957186411656,0.0,72.84603873636382,24.96661971585074
2026-05-02 19:00:00,290.0064738182905,0.0,59.83347980521852,22.070381533242287
2026-05-02 20:00:00,291.0998136746726,0.0,62.51742198568554,21.404068921552373
2026-05-02 21:00:00,290.2952719824075,0.0,41.89103897325109,16.37107561690597
2026-05-02 22:00:00,292.76082938448707,0.0,449.32034971605975,16.238254681629375
2026-05-02 23:00:00,292.9930560457241,0.0,552.0258425273283,15.98708198196776
2026-05-03 00:00:00,295.3745062634109,0.0,535.6145973692365,12.750974784480086
2026-05-03 01:00:00,298.1907249686596,0.0,462.69271832019945,13.746954087312698
2026-05-03 02:00:00,297.28307485656927,0.0,534.0332251744702,13.236588052803596
2026-05-03 03:00:00,299.85418385589696,0.0,465.1728004611345,14.02802827246597
2026-05-03 04:00:00,299.9234557583885,0.0,429.447821523995,13.966992694544222
2026-05-03 05:00:00,300.9652113521171,0.0,476.9468826123313,15.102422623285765
2026-05-03 06:00:00,300.0700851529319,0.0875825161791739,46.20965143197273,17.384988219730513
2026-05-03 07:00:00,302.1858667012123,0.3424507693329099,43.27489238445669,19.819292127540376
2026-05-03 08:00:00,299.4027824490963,0.5739762698643425,43.661345962075785,21.578852631550124
2026-05-03 09:00:00,299.30521477991294,0.7663773552142722,44.93703050101146,19.968161846964165
2026-05-03 10:00:00,299.6578231258016,0.9065392324204884,44.04030459905103,22.361210510203883
2026-05-03 11:00:00,295.8236212443558,0.9849079325048212,76.45199578803502,26.288937636691713
2026-05-03 12:00:00,294.6055794051613,0.9961415454959504,49.8418697436319,25.10669265626295
2026-05-03 13:00:00,293.2980131134883,0.9394743454192443,53.8072588111749,26.78104821855421
2026-05-03 14:00:00,292.5759194593273,0.8187689851043501,45.30540637316464,26.832471918092768
2026-05-03 15:00:00,291.1233658539077,0.6422532030129223,48.313335513674126,25.786784197284565
2026-05-03 16:00:00,289.69205322430594,0.4219589891542755,29.300175182771547,24.095838338342087
2026-05-03 17:00:00,289.015890423078,0.1729024386834197,55.46556254369678,27.233179460327804
2026-05-03 18:00:00,290.04908736595104,0.0,54.01058279066001,24.12065795648819
2026-05-03 19:00:00,289.14691386975977,0.0,59.40086508097522,21.617828432534115
2026-05-03 20:00:00,290.56186311715203,0.0,26.67615465200906,18.12846268003948
2026-05-03 21:00:00,292.9480637444465,0.0,28.558344536545004,19.077924539112857
2026-05-03 22:00:00,291.11290481316405,0.0,419.5534230281565,14.080515582257274
2026-05-03 23:00:00,295.55176579836944,0.0,525.6227915411986,16.133748903018297
2026-05-04 00:00:00,297.17816544067824,0.0,454.35041899531353,14.713381888974915
2026-05-04 01:00:00,295.49962763546,0.0,565.8095434854971,13.519689877109164
2026-05-04 02:00:00,297.3341726302815,0.0,563.1186040795287,14.903255374948332
2026-05-04 03:00:00,301.19033731621244,0.0,491.8082796418212,14.407167552858748
2026-05-04 04:00:00,299.3354690244552,0.0,549.064862314646,13.964941410388542
2026-05-04 05:00:00,301.02971235801925,0.0,483.48769141954114,13.110117732019804
2026-05-04 06:00:00,301.04327963315,0.0882970775215514,61.24394691423886,18.05656189575729
2026-05-04 07:00:00,301.69186511660644,0.3431246482140934,38.00899694157877,16.579048139388412
2026-05-04 08:00:00,301.0677815784219,0.5745635321253222,65.31519054835995,19.881839368466657
2026-05-04 09:00:00,298.940354508468,0.7668379708161388,34.84257420746096,22.374113894553076
2026-05-04 10:00:00,298.5215421629731,0.9068418040440952,60.04091809085334,22.93170351683291
2026-05-04 11:00:00,294.8993410438574,0.9850318357125524,54.33092161336098,26.035239840363197
2026-05-04 12:00:00,295.2466125388011,0.9960783345718106,65.96578843604291,25.950873310544196
2026-05-04 13:00:00,293.4868946854351,0.9392283290612732,63.33929638579482,28.164219951583085
2026-05-04 14:00:00,292.50185966423754,0.8183569327273813,39.50624357128078,26.17303588175032
2026-05-04 15:00:00,291.6499715772574,0.6417032016809112,30.525216073486632,25.967274712623574
2026-05-04 16:00:00,292.4097415239799,0.421308529059119,31.394055747354543,25.541967881920307
2026-05-04 17:00:00,288.377517584549,0.1721958576700044,49.186720337418286,26.276162885587837
2026-05-04 18:00:00,288.91789341001964,0.0,54.87988644575728,23.828272591334013
2026-05-04 19:00:00,288.8761994376566,0.0,54.38478102688512,21.33928658791804
2026-05-04 20:00:00,290.74898616589985,0.0,44.6123216854661,18.79743019700704
2026-05-04 21:00:00,290.5878003733486,0.0,35.90535657030501,18.980865164524836
2026-05-04 22:00:00,293.3906165446274,0.0,480.34975439373136,16.207990468165253
2026-05-04 23:00:00,295.5751570953917,0.0,493.50560750525256,12.495082262797261
2026-05-05 00:00:00,293.88588511003155,0.0,481.68709911514384,14.599590118160826
2026-05-05 01:00:00,298.0561773493879,0.0,496.2065497087417,13.08783639021419
2026-05-05 02:00:00,297.8220636963725,0.0,511.2730871097257,14.334309755626334
2026-05-05 03:00:00,298.7735545939875,0.0,450.6218848327579,13.508103591951299
2026-05-05 04:00:00,301.5236384461928,0.0,583.3609312239178,14.094205198053443
2026-05-05 05:00:00,301.5651745249462,0.0,578.306522618966,15.625661762365896
2026-05-05 06:00:00,300.2441143959694,0.0890115934283661,39.63637491253,16.338633531211144
2026-05-05 07:00:00,300.2601545763551,0.3437983505311051,78.20126908415963,16.26307448493713
2026-05-05 08:00:00,299.46285277360823,0.5751504987290158,36.07024688610695,19.447248222124784
2026-05-05 09:00:00,298.66732127906283,0.767298191820555,54.91770304089205,20.713042068387608
2026-05-05 10:00:00,297.6213140051341,0.9071439090274984,33.02759242250919,23.194126210236828
2026-05-05 11:00:00,296.79709633538084,0.9851552320452124,51.14301697093856,25.859878026243077
2026-05-05 12:00:00,294.8126092484796,0.9960146110883116,49.14275651373369,26.98119559625357
2026-05-05 13:00:00,293.58507446905685,0.9389818293976784,41.890671011141066,26.55135524110448
2026-05-05 14:00:00,291.51769624861805,0.8179444592424061,38.40162156678329,26.02732261271893
2026-05-05 15:00:00,288.942763647711,0.6411528701429677,52.0959540482782,24.58490840486646
2026-05-05 16:00:00,290.30819431669306,0.4206578521681365,45.69761928033565,26.324951176320248
2026-05-05 17:00:00,289.2990646799407,0.1714891880485011,49.80757094754208,24.444599068051044
2026-05-05 18:00:00,289.48295284258245,0.0,57.91930121650752,23.250709452599843
2026-05-05 19:00:00,289.46233966359847,0.0,51.36411483299192,23.441018892203665
2026-05-05 20:00:00,290.7621869738512,0.0,34.7028046174246,21.7935576594396
2026-05-05 21:00:00,291.2064619927518,0.0,34.51485499871042,17.505451406710197
2026-05-05 22:00:00,292.5461746911887,0.0,481.5133544143396,16.798841229649504
2026-05-05 23:00:00,293.6012668328154,0.0,396.01217992257233,14.032670658294995
2026-05-06 00:00:00,294.7745694545304,0.0,551.2840359561771,13.391745585075814
2026-05-06 01:00:00,296.13351460787857,0.0,466.35332069392456,14.670183412727834
2026-05-06 02:00:00,298.9780251133715,0.0,538.851915051348,13.747501533885572
2026-05-06 03:00:00,300.08325222024314,0.0,492.5640698850482,12.812447967671101
2026-05-06 04:00:00,300.57600775838046,0.0,477.2249323389843,13.537082231176777
2026-05-06 05:00:00,300.9454183608848,0.0,476.57509964345,15.631765141433911
2026-05-06 06:00:00,300.33973116326536,0.0897260635318309,67.0126179570376,15.351222254547242
2026-05-06 07:00:00,299.47653102688224,0.3444718759372728,53.91024885732934,17.986042207342233
2026-05-06 08:00:00,300.14358302175833,0.5757371693732902,33.727310247202794,21.359488607693986
2026-05-06 09:00:00,300.2106215084041,0.7677580179907016,61.74145793516024,20.99129767705884
2026-05-06 10:00:00,295.9385944361223,0.9074455472151935,33.62360297593982,25.50513039228045
2026-05-06 11:00:00,296.802172894484,0.9852781214393048,37.62826052897411,23.786365099715667
2026-05-06 12:00:00,293.27373271172604,0.9959503750782543,76.52809872281367,26.56416172788423
2026-05-06 13:00:00,292.5680132222745,0.9387348465553024,59.24013077124144,28.27950349417366
2026-05-06 14:00:00,292.0398861445036,0.8175315648617392,51.23953479856755,28.133703959684624
2026-05-06 15:00:00,290.43226436367286,0.6406022086822798,45.82961450782086,27.586608668514017
2026-05-06 16:00:00,288.1598990177204,0.4200069588161514,67.76548096402598,24.60895818283341
2026-05-06 17:00:00,288.35545528646924,0.170782430182546,53.719558066141815,25.896843683198203
2026-05-06 18:00:00,287.8699157017695,0.0,59.9429987441096,23.161080710688907
2026-05-06 19:00:00,290.3782619804353,0.0,51.16916069273674,22.962837687315425
2026-05-06 20:00:00,290.1327460228607,0.0,37.46338766570844,19.26629785964449
2026-05-06 21:00:00,291.36157709652355,0.0,34.568873559014826,20.0445230351768
2026-05-06 22:00:00,293.89625526277246,0.0,529.07994456488,17.28277834501391
2026-05-06 23:00:00,294.5217874701444,0.0,537.3431393787905,15.823373610221614
2026-05-07 00:00:00,293.9160162882251,0.0,466.7700181725899,13.717290038311662
2026-05-07 01:00:00,297.17359456933025,0.0,563.3528761512457,11.877571545979462
2026-05-07 02:00:00,297.6402083152957,0.0,508.9125665151958,14.27721348950121
2026-05-07 03:00:00,300.6407884884893,0.0,565.0318694964135,10.951158343975743
2026-05-07 04:00:00,301.589552683117,0.0,456.195804769356,14.474797581355656
2026-05-07 05:00:00,303.05772316321014,0.0,503.6077460218631,15.897264177429685
2026-05-07 06:00:00,298.7719191688053,0.0904404874642959,56.56807480392392,17.723482424181352
2026-05-07 07:00:00,302.742402173522,0.3451452240860158,60.207908090398334,15.982094172439517
2026-05-07 08:00:00,300.56628534414074,0.5763235437562583,50.50088869630682,18.85136299095006
2026-05-07 09:00:00,299.45199803502703,0.7682174490899626,65.10752196954547,19.396641480511647
2026-05-07 10:00:00,299.057660336034,0.9077467184519644,58.80188673474617,23.31670333092868
2026-05-07 11:00:00,296.3240015269111,0.9854005038315932,63.41678195618447,25.163502507510213
2026-05-07 12:00:00,295.3977146860888,0.9958856265746932,43.77041569153427,29.364080614484823
2026-05-07 13:00:00,292.8941598409103,0.9384873806612378,32.54869469545891,26.282877627510977
2026-05-07 14:00:00,292.7549827858555,0.8171182497978468,61.68804943654128,27.70712122722401
2026-05-07 15:00:00,291.16845672710105,0.6400512175822055,38.09493889357895,26.261582128167454
2026-05-07 16:00:00,287.7919196596844,0.4193558493380989,39.48760533884318,24.62023304486658
2026-05-07 17:00:00,287.463963279853,0.1700755844358207,41.35159468811732,25.59931610742957
2026-05-07 18:00:00,288.97432323631136,0.0,47.639681512586414,25.20584651394204
2026-05-07 19:00:00,289.9441426820166,0.0,29.770637224992385,21.49942341755287
2026-05-07 20:00:00,290.0504910905132,0.0,53.81286575311495,22.009726170165816
2026-05-07 21:00:00,292.80571475431464,0.0,57.20861069683714,17.426321241279076
2026-05-07 22:00:00,291.5513386981601,0.0,541.9392748306659,17.251710460409306
2026-05-07 23:00:00,292.5975092409136,0.0,517.7326205550663,14.131655867324357
2026-05-08 00:00:00,296.7361391483757,0.0,608.0782677975092,13.75218816312707
2026-05-08 01:00:00,295.78026533499417,0.0,437.51607062672485,11.089199112698731
2026-05-08 02:00:00,298.9809845397036,0.0,445.4875462006952,11.198118653855396
2026-05-08 03:00:00,298.92585527253,0.0,512.3598032967855,15.265942711850364
2026-05-08 04:00:00,300.7498552832465,0.0,408.5512101394088,13.682454029130135
2026-05-08 05:00:00,301.9516964638602,0.0,488.6959716079273,14.011270231449895
2026-05-08 06:00:00,304.3580167988658,0.0911548648581345,33.365266532960604,16.24661959260903
2026-05-08 07:00:00,300.75881495296284,0.3458183946308442,49.51289103168723,17.827249807155734
2026-05-08 08:00:00,300.758965317768,0.576909621576185,49.5639276865887,19.34811750736544
2026-05-08 09:00:00,300.23085702943683,0.768676484881925,62.106783156637256,21.35001489180705
2026-05-08 10:00:00,297.8845922620025,0.9080474225828352,45.851657783738254,24.127635924096637
2026-05-08 11:00:00,294.55729063580543,0.9855223791591026,45.572461322290906,24.687422093526646
2026-05-08 12:00:00,294.0466906247209,0.995820365610946,59.77044677470853,26.43462378940681
2026-05-08 13:00:00,293.2026690961031,0.9382394318428244,53.76739941604637,26.8806313720601
2026-05-08 14:00:00,290.5025570252426,0.8167045142634114,50.01942072209281,27.942098592304298
2026-05-08 15:00:00,291.2082595170318,0.6394998971262722,56.73793691832002,25.944089911773638
2026-05-08 16:00:00,289.33683537719304,0.418704524069025,54.496462319847,25.536313805550492
2026-05-08 17:00:00,291.9763343833096,0.169368651172052,47.14900669437714,25.11959994214134
2026-05-08 18:00:00,289.22930493352754,0.0,48.73026434564016,25.47562149961744
2026-05-08 19:00:00,290.0951621601405,0.0,39.357886404915575,22.379658945076972
2026-05-08 20:00:00,290.2668958220354,0.0,66.32807897019559,19.52906445750416
2026-05-08 21:00:00,291.2987167762409,0.0,50.43986566879784,16.390800712914515
2026-05-08 22:00:00,291.6285282801348,0.0,522.2996988926251,18.18029371917232
2026-05-08 23:00:00,295.3755288078532,0.0,576.2568284530539,14.981892349940692
2026-05-09 00:00:00,294.66266814679113,0.0,541.3398500643659,16.53857261379899
2026-05-09 01:00:00,297.2923035440437,0.0,487.1271383151866,13.548797255373117
2026-05-09 02:00:00,298.0175105534792,0.0,503.96927378663617,12.470443670800641
2026-05-09 03:00:00,299.3166701566802,0.0,584.3069186834706,13.019216818770724
2026-05-09 04:00:00,300.1150163730547,0.0,566.6540595548413,12.55987403213197
2026-05-09 05:00:00,301.88506885912574,0.0,582.7027209427007,16.78139777696688
2026-05-09 06:00:00,301.10443325647327,0.0918691953457444,50.3466668537511,16.603224392791347
2026-05-09 07:00:00,301.45829792873906,0.3464913872252532,41.21036287112523,19.13789810684599
2026-05-09 08:00:00,298.5419563610528,0.5774954025314877,48.67787821800567,18.38479067996036
2026-05-09 09:00:00,300.29486236588286,0.7691351251303067,61.37670928061163,22.440373159697046
2026-05-09 10:00:00,298.2028306857653,0.9083476594530704,62.72227993050235,23.274942507256405
2026-05-09 11:00:00,294.4112961308219,0.9856437473590992,54.73751001967005,24.861666526662695
2026-05-09 12:00:00,294.5967310098212,0.9957545922205948,27.38294847083059,25.207414315334052
2026-05-09 13:00:00,294.05847218138445,0.9379910002276908,52.92700498692056,27.033734616019903
2026-05-09 14:00:00,291.0587808048031,0.8162903584713319,29.77837774235466,25.309655882989315
2026-05-09 15:00:00,288.709294615085,0.6389482475982645,52.11381139634495,25.875673123932682
2026-05-09 16:00:00,290.0011215381621,0.4180529833440869,52.50261529487791,27.157149112718105
2026-05-09 17:00:00,289.2160529550536,0.1686616307551237,35.884514629318815,23.814830287780826
2026-05-09 18:00:00,289.5374385502665,0.0,56.30535597632263,24.567928587172
2026-05-09 19:00:00,288.9764457332176,0.0,69.89209672399943,23.02603548384151
2026-05-09 20:00:00,290.9590558127784,0.0,66.1694943350372,19.0956933692836
2026-05-09 21:00:00,289.803711275211,0.0,41.043117360887614,17.85008943822003
2026-05-09 22:00:00,294.102282078979,0.0,523.9220147373168,17.330840606357356
2026-05-09 23:00:00,294.1027935765828,0.0,549.5831464691994,14.544319458384633
2026-05-10 00:00:00,294.01035888555697,0.0,504.8882182458411,13.501448582769264
2026-05-10 01:00:00,297.16792451859504,0.0,486.9861161577964,13.449645513239743
2026-05-10 02:00:00,297.3531078195842,0.0,472.8114093356001,13.64312491129149
2026-05-10 03:00:00,300.131879091864,0.0,592.440140977616,12.39674789908219
2026-05-10 04:00:00,298.6027001213385,0.0,514.4464589728249,15.094332094035412
2026-05-10 05:00:00,298.9189362573724,0.0,535.783948572143,14.909101209409126
2026-05-10 06:00:00,300.04313946262687,0.0925834785595473,46.883778765852334,18.274997335867333
2026-05-10 07:00:00,300.71554301962203,0.3471642015231493,33.02856759988613,20.413311197559477
2026-05-10 08:00:00,301.13222005263634,0.5780808863207371,60.48293405719763,19.673452532030414
2026-05-10 09:00:00,298.51172609716696,0.7695933695992472,42.325173151638346,21.40118851116802
2026-05-10 10:00:00,297.8929509267874,0.9086474289081746,53.51248634095844,23.791714572899828
2026-05-10 11:00:00,297.1482686999181,0.9857646083691682,54.60656584132525,25.248625518007064
2026-05-10 12:00:00,295.4648827620939,0.9956883064374852,52.75372840754403,25.350906438070734
2026-05-10 13:00:00,293.19000505406,0.9377420859435956,72.80725892522996,25.68260640659271
2026-05-10 14:00:00,290.187056163768,0.8158757826347236,37.84020861708354,27.887359405221627
2026-05-10 15:00:00,291.0748112770565,0.6383962692818739,42.75266606222715,25.38580435328414
2026-05-10 16:00:00,289.41611888304624,0.4174012274985529,52.29423458318944,26.987721890585355
2026-05-10 17:00:00,288.59681800258625,0.1679545235486286,58.01934643298928,24.498314639644363
2026-05-10 18:00:00,289.7487830642014,0.0,42.49711540575331,24.149694236152605
2026-05-10 19:00:00,290.17211518476967,0.0,69.20897227192273,22.17199426502979
2026-05-10 20:00:00,289.4469385089136,0.0,65.29237158750453,20.16035723699215
2026-05-10 21:00:00,292.2333923634173,0.0,46.45610234612407,16.933899950049543
2026-05-10 22:00:00,293.42148696454905,0.0,497.5307555425693,18.887392393947874
2026-05-10 23:00:00,294.2967520172543,0.0,486.3822330837749,15.463351763999885
2026-05-11 00:00:00,295.0178222757553,0.0,524.8398202705837,12.44506453727862
2026-05-11 01:00:00,299.8319717788605,0.0,500.1920127705027,12.468982359045716
2026-05-11 02:00:00,298.75354815251075,0.0,539.2351146864632,11.687767545227773
2026-05-11 03:00:00,301.4439556712409,0.0,564.3012525820368,14.109014218727589
2026-05-11 04:00:00,301.63962845030915,0.0,532.2641941458521,12.561354537414662
2026-05-11 05:00:00,301.5939443289373,0.0,476.6794365056656,15.514686409504145
2026-05-11 06:00:00,301.13615981214343,0.0932977141319892,52.69525520925564,16.602397534359472
2026-05-11 07:00:00,300.6068166272292,0.3478368371782108,52.58775570966676,19.471381062260683
2026-05-11 08:00:00,299.8987073884815,0.5786660726426563,53.15283582027094,19.47493875629818
2026-05-11 09:00:00,299.8871090600033,0.7700512180528716,51.99856796045132,21.58188939426222
2026-05-11 10:00:00,297.3810649530144,0.9089467307938937,52.9960157075084,23.613555396311426
2026-05-11 11:00:00,296.18340911675983,0.9858849621270982,45.74520366471804,25.969714040282344
2026-05-11 12:00:00,293.7312933467851,0.9956215082957264,46.78868526581834,25.08813713205375
2026-05-11 13:00:00,293.50264459073145,0.9374926891186632,57.35765871993905,26.358150226854146
2026-05-11 14:00:00,291.4119522648969,0.8154607869669178,63.75281550216427,27.656021068779555
2026-05-11 15:00:00,291.9998910801171,0.6378439624612233,35.52862126701191,25.728932562701335
2026-05-11 16:00:00,289.0780309494709,0.4167492568678017,54.29307386165044,23.16872627327323
2026-05-11 17:00:00,289.2836936799121,0.1672473299165399,44.71647323408735,26.39182020311587
2026-05-11 18:00:00,288.1196888822917,0.0,51.98434730655441,22.324003726527575
2026-05-11 19:00:00,290.0297817206194,0.0,62.40234493427866,22.08976225876826
2026-05-11 20:00:00,290.7435879780064,0.0,48.91838395704834,19.591231495061074
2026-05-11 21:00:00,291.35238890908624,0.0,59.274309952170825,16.579498480941666
2026-05-11 22:00:00,293.5672425193589,0.0,474.6244969259064,15.178686392294237
2026-05-11 23:00:00,294.27788458803093,0.0,453.2383262102738,15.057557271280093
2026-05-12 00:00:00,294.78696680590497,0.0,558.0655700893533,15.124124115538505
2026-05-12 01:00:00,296.7765470541658,0.0,414.2521283237096,16.147944744640125
2026-05-12 02:00:00,297.3190887287005,0.0,493.4425221350369,12.244506321958548
2026-05-12 03:00:00,298.57724546827217,0.0,562.4501459003312,13.88602682393238
2026-05-12 04:00:00,301.2567404669685,0.0,551.7180305138456,14.58891964224026
2026-05-12 05:00:00,298.749253899732,0.0,508.6857651540057,15.056547112639723
2026-05-12 06:00:00,301.5486833158218,0.0940119016955407,39.91256917400465,17.40441328771482
2026-05-12 07:00:00,298.9391298131044,0.3485092938443147,51.23301989274776,18.93280797368063
2026-05-12 08:00:00,300.3413803406003,0.5792509611961218,33.75129464247823,19.362564031412283
2026-05-12 09:00:00,297.5775059174023,0.7705086702555815,56.43885614871671,21.840429431617174
2026-05-12 10:00:00,297.25496966722164,0.9092455649562132,53.9980663006486,22.84137657570887
2026-05-12 11:00:00,297.00784529223245,0.9860048085709576,70.4184370487718,23.93741752011675
2026-05-12 12:00:00,293.8665076401746,0.9955541978296908,44.404105254730496,25.369964462114606
2026-05-12 13:00:00,292.60746650068734,0.937242809881228,31.20474451166034,27.009141013191208
2026-05-12 14:00:00,292.05823011295166,0.8150453716814618,57.41603103419577,24.60057641757436
2026-05-12 15:00:00,290.37944085209705,0.6372913274205172,61.21857135899116,25.94174462891788
2026-05-12 16:00:00,291.0543855042543,0.4160970717873226,51.20645818400119,26.128622960878108
2026-05-12 17:00:00,289.73018240274706,0.1665400502227635,52.48490123334604,24.737107257407008
2026-05-12 18:00:00,287.66862996708835,0.0,46.54281091711587,23.034319340826464
2026-05-12 19:00:00,290.32383505057845,0.0,67.22765764826008,21.629907642797516
2026-05-12 20:00:00,289.6838834022489,0.0,39.163178189829466,19.6213044027346
2026-05-12 21:00:00,291.5619758617536,0.0,36.12405866757929,18.343102532083893
2026-05-12 22:00:00,291.24421986080745,0.0,540.3365226692996,15.811349117476016
2026-05-12 23:00:00,294.15090894799766,0.0,481.2097026419799,13.16657498828474
2026-05-13 00:00:00,296.1996339954594,0.0,557.8887146018343,10.744441804697273
2026-05-13 01:00:00,296.9231485077711,0.0,437.9344409284535,13.169574686285408
2026-05-13 02:00:00,298.38400376422123,0.0,520.185887646564,12.205089954472443
2026-05-13 03:00:00,299.89058988602306,0.0,556.7357219291077,13.799673809894246
2026-05-13 04:00:00,300.8879737929224,0.0,440.9658957470977,12.749469869944665
2026-05-13 05:00:00,299.52046541192163,0.0,539.4656139717346,14.815467544159542
2026-05-13 06:00:00,300.93709292339355,0.0947260408826971,40.65640350362373,16.895617644773196
2026-05-13 07:00:00,299.80625541415475,0.34918157117543,43.22678286208698,16.669545367414585
2026-05-13 08:00:00,299.6172885693108,0.5798355516801632,50.55327347705772,20.58209983602307
2026-05-13 09:00:00,297.6079862006282,0.7709657259719822,39.48037468175738,22.640075008735106
2026-05-13 10:00:00,295.8612580257974,0.9095439312413603,41.600942628204685,23.659125277866327
2026-05-13 11:00:00,295.66497580462044,0.9861241476390764,43.53710950144733,26.11794707557691
2026-05-13 12:00:00,293.8918379550471,0.9954863750740148,49.44731143317285,26.16934766679725
2026-05-13 13:00:00,291.63102556218263,0.9369924483598722,50.62062631290824,26.57445069484382
2026-05-13 14:00:00,293.13605631513644,0.814629536992119,51.88889346332461,27.124468306335743
2026-05-13 15:00:00,290.73614447550307,0.6367383644441292,39.96578592399612,26.244353395307048
2026-05-13 16:00:00,287.9682974697996,0.4154446725927153,59.82344395968746,25.665935261647363
2026-05-13 17:00:00,290.48375587807743,0.1658326848312496,50.08714181761192,24.91855400127433
2026-05-13 18:00:00,289.560144096602,0.0,43.246460706908415,22.668921198273097
2026-05-13 19:00:00,289.999546742457,0.0,50.026631080811065,21.98072277773913
2026-05-13 20:00:00,291.58093336600524,0.0,36.26596362781337,21.691957149371138
2026-05-13 21:00:00,291.5179643425469,0.0,51.46806331176784,16.84785837906482
2026-05-13 22:00:00,292.47070078290346,0.0,534.4948341016554,16.590411177134875
2026-05-13 23:00:00,296.57355777077817,0.0,460.9682247965527,14.608932715637025
2026-05-14 00:00:00,294.2960541785886,0.0,548.7378516256883,13.698657348625803
2026-05-14 01:00:00,298.12822865616414,0.0,481.9083406172048,12.047555307951663
2026-05-14 02:00:00,300.2874196014468,0.0,479.4301854200684,13.021873541911752
2026-05-14 03:00:00,300.3423839396697,0.0,538.572068926065,12.316276243594983
2026-05-14 04:00:00,301.3509901436548,0.0,464.84695349254287,13.735465349790761
2026-05-14 05:00:00,299.1542771632352,0.0,491.5439231646501,16.67954043585317
2026-05-14 06:00:00,299.9541084732937,0.0954401313259784,57.5352159686016,17.404544438141908
2026-05-14 07:00:00,301.5229272507046,0.349853668825618,36.85131739084993,19.715831778268214
2026-05-14 08:00:00,300.8237493717032,0.5804198437939635,56.494027530564985,19.84664633463622
2026-05-14 09:00:00,298.810268478035,0.7714223849668834,59.473042046068855,21.435503148070776
2026-05-14 10:00:00,297.7831049404091,0.9098418294957552,61.88763265020107,22.798431679479396
2026-05-14 11:00:00,296.33344301350945,0.9862429792700452,68.39039683320303,24.407362943412203
2026-05-14 12:00:00,294.8389097887485,0.99541804006361,50.562392179208686,26.38580393085532
2026-05-14 13:00:00,292.2817767582645,0.936741604683426,52.38912648596206,27.06213753445468
2026-05-14 14:00:00,292.422777901428,0.8142132831129345,47.84761812429541,27.609581178812977
2026-05-14 15:00:00,291.7559710363915,0.6361850738166016,45.60408356180124,26.094764728523543
2026-05-14 16:00:00,289.3286048857383,0.4147920596197931,49.575594789828834,26.459926441810023
2026-05-14 17:00:00,289.67392665029473,0.1651252341059923,45.71829131157419,24.355204865703428
2026-05-14 18:00:00,289.3587643810281,0.0,71.41104604423369,22.529947097760548
2026-05-14 19:00:00,289.3918908701777,0.0,44.19040607869273,23.22072262012433
2026-05-14 20:00:00,290.6641419514071,0.0,37.28185838729723,19.38326443290375
2026-05-14 21:00:00,291.8330620528468,0.0,60.53726144706892,18.931118027798924
2026-05-14 22:00:00,293.61412916070583,0.0,412.4972861634727,16.079706434471266
2026-05-14 23:00:00,293.060945240466,0.0,359.1805570945862,15.654066261940352
2026-05-15 00:00:00,296.4966481183039,0.0,408.5151354416637,12.565131432087089
2026-05-15 01:00:00,297.29513017879174,0.0,456.8375969163391,13.861975093952337
2026-05-15 02:00:00,298.9374308524904,0.0,414.6767110514367,12.405405978491238
2026-05-15 03:00:00,298.7174599997948,0.0,540.3554700697935,15.17474632841342
2026-05-15 04:00:00,301.2868031228272,0.0,474.1713523696829,14.078046291923412
2026-05-15 05:00:00,300.5141363886742,0.0,491.2810497953002,16.699223890817724
2026-05-15 06:00:00,299.9808921392433,0.0961541726578167,36.76127980887973,16.340682139484265
2026-05-15 07:00:00,301.7766008291628,0.3505255864490325,63.58149179978332,19.139727492201335
2026-05-15 08:00:00,298.4772665759158,0.5810038372367665,51.65542083388282,19.856838429668226
2026-05-15 09:00:00,297.1103881947015,0.7718786470052986,58.76164488135734,20.819448370142158
2026-05-15 10:00:00,296.6264478160668,0.9101392595662005,40.39745718112954,22.24829971296418
2026-05-15 11:00:00,297.40209041769083,0.9863613034027164,43.03389267960509,24.81377262111197
2026-05-15 12:00:00,293.7935319026044,0.995349192833618,46.06473208074874,24.580245517372923
2026-05-15 13:00:00,293.5431585693201,0.936490278980968,43.752281812462,26.65662802694698
2026-05-15 14:00:00,291.0459194744852,0.8137966102579711,48.38703691997633,27.75611953662097
2026-05-15 15:00:00,290.8836697368067,0.635631455822645,61.87857953137771,27.30813298597719
2026-05-15 16:00:00,290.5503359823074,0.4141392332041689,30.90854617153405,26.31758579601011
2026-05-15 17:00:00,290.2291561893063,0.1644176984110297,53.06586456620545,23.987160610562732
2026-05-15 18:00:00,287.8113637808368,0.0,51.817582749372015,23.998459204749004
2026-05-15 19:00:00,289.11734577124304,0.0,58.74594894121056,23.162410916967897
2026-05-15 20:00:00,290.05161708140565,0.0,58.62809965658391,19.14521214295976
2026-05-15 21:00:00,290.05108429298144,0.0,52.214155539878256,18.78460897915263
2026-05-15 22:00:00,292.2993576255926,0.0,494.69014804823325,17.859318391906978
2026-05-15 23:00:00,294.0699234374404,0.0,464.721862280249,14.802389880370688
2026-05-16 00:00:00,295.46853244798547,0.0,502.5837632503646,15.313409928575563
2026-05-16 01:00:00,297.18686073545206,0.0,554.4517446898201,13.406637512759099
2026-05-16 02:00:00,298.01969972532,0.0,556.0961907284112,13.140512282427977
2026-05-16 03:00:00,299.72951660790073,0.0,452.1359888577972,13.675181827919477
2026-05-16 04:00:00,299.84692672224907,0.0,523.2502238921311,14.06251396710027
2026-05-16 05:00:00,302.06114935990104,0.0,530.253109868352,16.08090226663766
2026-05-16 06:00:00,300.867603736529,0.0968681645110089,57.40402787001526,16.03109660115306
2026-05-16 07:00:00,302.02930654168694,0.3511973236999198,48.05297353484951,18.10578102802102
2026-05-16 08:00:00,299.5473288364651,0.5815875317082476,64.72825061261979,20.359854848469574
2026-05-16 09:00:00,298.16481049492984,0.7723345118524457,54.93021630124272,21.305596492189903
2026-05-16 10:00:00,297.364875745857,0.910436221299598,54.206526632481705,26.95728969058283
2026-05-16 11:00:00,295.8954273771449,0.9864791199762024,62.139623308058106,25.91208730125756
2026-05-16 12:00:00,295.6714234069258,0.9952798334194766,44.7349141072801,26.31446897426759
2026-05-16 13:00:00,294.58390572744065,0.9362384713818248,41.62369000192266,25.55906948644347
2026-05-16 14:00:00,292.2057864183976,0.8133795186417052,44.40788080412557,27.26671631245896
2026-05-16 15:00:00,289.7825430117534,0.6350775107471388,25.323156838593025,25.618931192445523
2026-05-16 16:00:00,289.4228292870277,0.4134861936818759,51.11938580590325,26.041973676090468
2026-05-16 17:00:00,288.5187493685646,0.1637100781104437,53.13841984162401,25.806397560220713
2026-05-16 18:00:00,288.9425060798665,0.0,47.97463540762183,23.202645153619876
2026-05-16 19:00:00,290.88771845691656,0.0,48.448621471465565,22.854099993042887
2026-05-16 20:00:00,290.3722908021574,0.0,55.20489285061093,22.23178977378976
2026-05-16 21:00:00,290.5310420038545,0.0,49.64726927139766,18.87841380088128
2026-05-16 22:00:00,291.3350907079766,0.0,433.77161799337097,16.540856306858288
2026-05-16 23:00:00,293.15145186145963,0.0,534.0756792510363,15.724117051657048
2026-05-17 00:00:00,294.27622424405376,0.0,476.832058675004,14.103798173407924
2026-05-17 01:00:00,297.8725477305396,0.0,594.2951239294894,15.569345704465475
2026-05-17 02:00:00,299.4302718913652,0.0,495.13476508302455,13.423171192759117
2026-05-17 03:00:00,300.4880586923922,0.0,477.098561254501,12.553477152232261
2026-05-17 04:00:00,300.9185968001248,0.0,483.2140109537991,12.259565955438749
2026-05-17 05:00:00,301.2650757711855,0.0,484.6807713087387,17.262347442247595
2026-05-17 06:00:00,302.80462856473133,0.0975821065180379,40.44455883154507,15.54648138388611
2026-05-17 07:00:00,300.5170479110706,0.3518688802326194,34.6650427765226,19.931333010973667
2026-05-17 08:00:00,299.7871890702348,0.5821709269079585,39.36933241887844,19.742432178914566
2026-05-17 09:00:00,299.3082828820574,0.772789979273747,51.27537721198819,21.93877642848758
2026-05-17 10:00:00,297.14142932129914,0.910732714543138,35.013172828549045,23.898433228278034
2026-05-17 11:00:00,295.290713609824,0.986596428929878,49.64402546431572,27.025333938812892
2026-05-17 12:00:00,296.2836626571904,0.9952099618568768,65.0571686067177,25.42011851509124
2026-05-17 13:00:00,292.4724014685101,0.9359861820155704,57.589251496883065,23.617910078514356
2026-05-17 14:00:00,291.41049472362624,0.8129620084787627,52.36312358508329,27.161267059949918
2026-05-17 15:00:00,291.3349648850422,0.6345232388751305,44.60944970521445,24.699309890266296
2026-05-17 16:00:00,290.9603277045064,0.4128329413889535,53.49553264836369,25.34520155109821
2026-05-17 17:00:00,288.7355892244137,0.1630023735683597,45.69041230309085,23.538471615896878
2026-05-17 18:00:00,290.06960013331667,0.0,34.218592503191296,23.90776147424604
2026-05-17 19:00:00,288.98541105547565,0.0,63.84365899204819,22.096046560424476
2026-05-17 20:00:00,291.82285247231846,0.0,53.56365758619306,19.937196376171958
2026-05-17 21:00:00,289.77153814141434,0.0,69.17564720304134,19.8695757432746
2026-05-17 22:00:00,293.99613874238315,0.0,426.844277149856,14.813868761164596
2026-05-17 23:00:00,294.95131157165,0.0,593.968288644383,14.643491938373463
2026-05-18 00:00:00,295.398723165632,0.0,504.4769765805832,14.419113815045662
2026-05-18 01:00:00,297.0226170768022,0.0,501.5071605589378,12.887249961850374
2026-05-18 02:00:00,298.1290319516908,0.0,405.2660012303081,12.72642340053846
2026-05-18 03:00:00,299.7173231041673,0.0,422.4987608030514,12.441584930036909
2026-05-18 04:00:00,299.6411926113467,0.0,510.7966724522256,13.801655760266149
2026-05-18 05:00:00,302.657301151763,0.0,530.3198045352691,17.49724613107042
2026-05-18 06:00:00,300.35391959153736,0.0982959983115251,42.17774169784666,17.8247823079032
2026-05-18 07:00:00,299.77588167156995,0.3525402557015632,64.18357249921056,18.28509211210474
2026-05-18 08:00:00,298.18783616034506,0.5827540225356969,41.85967977827568,19.738878954603237
2026-05-18 09:00:00,297.7543382574312,0.7732450490348293,44.0230212937032,22.71247161708459
2026-05-18 10:00:00,297.81857498068376,0.9110287391442522,30.653240193547123,24.129271633299528
2026-05-18 11:00:00,296.9464120173532,0.986713230203378,61.91143336094484,25.799145902083563
2026-05-18 12:00:00,293.21115391570345,0.9951395781817732,59.82240142794043,24.69114819804653
2026-05-18 13:00:00,294.46490152972376,0.935733411012028,42.905147844519405,26.22621719485144
2026-05-18 14:00:00,293.21439845725524,0.8125440799839848,66.86951939627363,28.12715080681218
2026-05-18 15:00:00,290.5045101447912,0.633968640491836,35.23658251991334,25.51662548617314
2026-05-18 16:00:00,291.77916938304634,0.4121794766615503,50.10731883492738,24.690494803985324
2026-05-18 17:00:00,288.56572890169514,0.1622945851489464,43.166210762391216,24.071077757195884
2026-05-18 18:00:00,288.55635879557605,0.0,58.62007646064074,22.22127075288745
2026-05-18 19:00:00,290.110794982498,0.0,39.60870129399876,22.444206336298542
2026-05-18 20:00:00,289.0187061767093,0.0,47.55019370232698,19.56120235607251
2026-05-18 21:00:00,290.495500082792,0.0,39.42235003149537,18.455215064698432
2026-05-18 22:00:00,294.1124752139584,0.0,460.0687480674607,16.479382657297656
2026-05-18 23:00:00,293.6569773538107,0.0,508.8016423123502,16.773333206342386
2026-05-19 00:00:00,294.164546599312,0.0,416.0678501279162,14.59793429556704
2026-05-19 01:00:00,295.65519052402254,0.0,540.8696938733068,14.112405718165338
2026-05-19 02:00:00,299.26279569826977,0.0,469.54252615532016,12.206293035573811
2026-05-19 03:00:00,300.1856113590451,0.0,510.7416489638189,13.863419691849696
2026-05-19 04:00:00,298.2087641139441,0.0,477.4276662704697,12.862543476292027
2026-05-19 05:00:00,300.6268270743958,0.0,562.0333783148798,16.624597872702847
2026-05-19 06:00:00,301.183727132752,0.0990098395241181,64.97227502340986,17.120450051042546
2026-05-19 07:00:00,300.68904920813526,0.3532114497612768,51.154451868053904,17.525516934050984
2026-05-19 08:00:00,299.9675806738007,0.583336818291415,50.98386088667695,19.38271548063407
2026-05-19 09:00:00,299.4435390273039,0.7736997209015238,52.62536485206863,21.605558714534713
2026-05-19 10:00:00,296.2340012570032,0.9113242949506126,63.19852193679291,22.801015818802004
2026-05-19 11:00:00,296.00365815791446,0.9868295237366,38.3801307297794,23.921121167926895
2026-05-19 12:00:00,292.444382853031,0.995068682430383,68.11953942020068,25.39092596673234
2026-05-19 13:00:00,292.7230738589368,0.9354801585012672,40.19742796883638,28.341397858431627
2026-05-19 14:00:00,289.8041681922521,0.8121257333724283,36.94077857201947,27.179100966563162
2026-05-19 15:00:00,292.50200682381615,0.633413715882639,60.52188115608502,26.234860393954833
2026-05-19 16:00:00,290.58440501017645,0.4115257998359248,42.58679987342985,26.046519352856503
2026-05-19 17:00:00,289.3302507136756,0.1615867132165279,57.56496533250901,25.663608856646885
2026-05-19 18:00:00,288.99008838889137,0.0,52.90202489600227,24.17782775431458
2026-05-19 19:00:00,289.1912205846752,0.0,58.182093494157,22.69542989873753
2026-05-19 20:00:00,289.70028634413785,0.0,45.15190714925936,20.548381346557377
2026-05-19 21:00:00,289.41241031400574,0.0,47.49986080288607,17.601122331548947
2026-05-19 22:00:00,293.8629998603054,0.0,482.44703517721314,16.482664434512298
2026-05-19 23:00:00,293.4283705017868,0.0,565.867841777955,14.648826928463322
2026-05-20 00:00:00,295.9876849533367,0.0,467.6049113587104,13.515084465223564
2026-05-20 01:00:00,296.98618287245284,0.0,526.7419392702272,12.059697784334762
2026-05-20 02:00:00,298.76984865512753,0.0,484.7511095336888,13.052310220760662
2026-05-20 03:00:00,299.7812959883316,0.0,472.8821990552234,12.903522187253047
2026-05-20 04:00:00,299.5917714456629,0.0,514.4201648770228,14.508657370457692
2026-05-20 05:00:00,300.7818960382086,0.0,362.2569180379048,16.749171544810892
2026-05-20 06:00:00,301.5069908135404,0.0997236297884903,72.37129501543028,17.15009787494573
2026-05-20 07:00:00,299.2851417007756,0.3538824620662725,56.47398471216152,19.957398559671624
2026-05-20 08:00:00,300.6075502724935,0.5839193138752197,33.928483075817745,21.156951785039933
2026-05-20 09:00:00,300.16828111103047,0.7741539946397951,36.69094845292533,21.757087658315754
2026-05-20 10:00:00,298.2420085690355,0.9116193818101332,56.95071741792898,23.480436801660073
2026-05-20 11:00:00,295.6960730633594,0.9869453094696832,27.06431044235213,24.94393520936428
2026-05-20 12:00:00,293.8459784065099,0.994997274639188,66.29838233650342,26.44032511526704
2026-05-20 13:00:00,292.84260709289015,0.9352264246136464,34.505350405747855,26.99825089953266
2026-05-20 14:00:00,290.7334392968868,0.8117069688593644,45.0944372115667,27.375980272399115
2026-05-20 15:00:00,290.2197224097393,0.6328584653331791,55.861451270656346,26.64102398218775
2026-05-20 16:00:00,289.6196183257464,0.4108719112484439,42.69500880551399,26.06751314154534
2026-05-20 17:00:00,288.8906339624386,0.1608787581351346,63.1534203592926,24.822720861432988
2026-05-20 18:00:00,291.07356162180463,0.0,43.48307673030932,22.79825304284043
2026-05-20 19:00:00,290.9341789710676,0.0,47.956962035778496,20.286224897720558
2026-05-20 20:00:00,291.8887417417847,0.0,50.491835604423954,20.111753417436734
2026-05-20 21:00:00,290.897478773816,0.0,41.87735491519268,19.79675444871566
2026-05-20 22:00:00,293.27047408881964,0.0,597.9019610223615,14.926498367585404
2026-05-20 23:00:00,293.5187339723722,0.0,461.5921735592266,14.018274877202142
2026-05-21 00:00:00,294.76338464848874,0.0,496.9686279652194,13.195591155974236
2026-05-21 01:00:00,296.44270122308075,0.0,548.9971875437262,13.237564743870085
2026-05-21 02:00:00,299.6656746958622,0.0,426.0602365944944,10.618827622634182
2026-05-21 03:00:00,300.3551193219631,0.0,499.5928406978833,13.88571495593775
2026-05-21 04:00:00,299.35199674360405,0.0,447.48452389300365,14.437407022483509
2026-05-21 05:00:00,300.7886645113388,0.0,485.38765304601145,13.657840055454276
2026-05-21 06:00:00,300.12794045599634,0.1004373687373414,52.7604571833637,16.087839509195284
2026-05-21 07:00:00,301.3155695836602,0.3545532922714753,58.690552237729634,20.09661038357648
2026-05-21 08:00:00,298.55696019527767,0.5845015089873715,47.94090404114593,20.970190915216133
2026-05-21 09:00:00,301.66850058212674,0.7746078700160278,42.558603648424224,21.91858959617295
2026-05-21 10:00:00,296.7610608106216,0.9119139995709686,27.45505031527801,23.20139463469216
2026-05-21 11:00:00,294.71702903274723,0.9870605873430834,36.15903609847808,23.016249591979037
2026-05-21 12:00:00,295.4649930542088,0.994925354844933,50.65788063169623,24.79381825333129
2026-05-21 13:00:00,291.0124470829888,0.9349722094796508,38.45983842471418,26.311312925859756
2026-05-21 14:00:00,292.86022099684385,0.8112877866602802,38.29041230728217,25.58040592849719
2026-05-21 15:00:00,289.9190760543535,0.6323028891289997,62.08228518681617,25.35587106326596
2026-05-21 16:00:00,291.43919289914624,0.4102178112355841,41.88328724307827,25.20916419835693
2026-05-21 17:00:00,289.3461733973464,0.1601707202691764,67.38170177414273,25.15786273809821
2026-05-21 18:00:00,289.22706093544195,0.0,46.10071773962288,24.41359151626751
2026-05-21 19:00:00,288.75190554685867,0.0,55.52334996665859,21.82979028237971
2026-05-21 20:00:00,289.4578142230644,0.0,54.09179497944611,19.34757885050783
2026-05-21 21:00:00,290.5678103846907,0.0,55.23629368289156,18.92794176074701
2026-05-21 22:00:00,292.508323313377,0.0,527.0784765810462,16.37642684892172
2026-05-21 23:00:00,294.030668421705,0.0,541.8520344833616,15.612358986546136
2026-05-22 00:00:00,295.5949325419547,0.0,516.6502582313269,14.132647642484745
2026-05-22 01:00:00,297.81010901530806,0.0,491.3893149835717,12.302568008420486
2026-05-22 02:00:00,298.11609543718447,0.0,541.1470318749499,13.426234860155896
2026-05-22 03:00:00,299.60478385581683,0.0,509.6096399279243,12.745874070394246
2026-05-22 04:00:00,300.48609545736787,0.0,505.5052021006833,14.154665787910192
2026-05-22 05:00:00,301.15091727629755,0.0,499.092926847713,15.801509595114744
2026-05-22 06:00:00,301.7975612258546,0.1011510560033975,65.55798393821993,15.911964309268575
2026-05-22 07:00:00,301.6047032706327,0.3552239400315848,55.66234966207209,17.846796941864575
2026-05-22 08:00:00,301.0334980699363,0.5850834033282862,40.46607689306772,21.181179852653806
2026-05-22 09:00:00,296.65842620039217,0.7750613467965962,40.22218065721477,21.479118186922136
2026-05-22 10:00:00,295.9783838615019,0.9122081480815156,27.017056367357,23.88618900715314
2026-05-22 11:00:00,295.9631388957283,0.9871753572974632,52.04169843314309,23.82155433881516
2026-05-22 12:00:00,292.9855716623609,0.9948529230846264,55.81496307836783,27.67973532696196
2026-05-22 13:00:00,292.8827900582475,0.9347175132301344,46.01444298580924,25.750462690665945
2026-05-22 14:00:00,292.88622579301943,0.8108681869908774,41.5341397194924,27.02712013838096
2026-05-22 15:00:00,289.95452609524364,0.6317469875560757,31.11513306122752,26.661707428865768
2026-05-22 16:00:00,289.50535127407085,0.4095635001339304,43.13421042284432,26.078468004083906
2026-05-22 17:00:00,289.3740047985263,0.1594625999829935,37.70940617923525,25.434616288847682
2026-05-22 18:00:00,288.7229009817372,0.0,41.25428172924919,24.280439434724016
2026-05-22 19:00:00,289.3061997959844,0.0,50.697393761696894,21.998174195694816
2026-05-22 20:00:00,290.2327578998013,0.0,60.277996491863846,18.784975706322452
2026-05-22 21:00:00,293.2297552594687,0.0,55.156803302778464,18.691738936529603
2026-05-22 22:00:00,292.81208029931264,0.0,522.1285155200652,16.020712947938996
2026-05-22 23:00:00,294.1347063757446,0.0,455.8306312991306,14.12432272276616
2026-05-23 00:00:00,294.93799373538167,0.0,451.25684975369217,14.607969439400453
2026-05-23 01:00:00,295.77196918333925,0.0,493.6700845668992,14.335529579659445
2026-05-23 02:00:00,299.6085575865259,0.0,500.9314436103695,10.237103687211459
2026-05-23 03:00:00,299.72948120504174,0.0,473.49841901827625,13.182438245580549
2026-05-23 04:00:00,300.4178659757,0.0,653.2463734001242,13.116635553187214
2026-05-23 05:00:00,301.0067985995222,0.0,482.04900119999166,15.36781732772782
2026-05-23 06:00:00,300.95477139968386,0.1018646912194115,54.82952706461671,17.318036644231313
2026-05-23 07:00:00,301.1072361275036,0.3558944050015009,47.764133911286045,18.05430790266023
2026-05-23 08:00:00,298.8406739416824,0.5856649965985343,64.48606112400577,20.730545550573307
2026-05-23 09:00:00,298.6766534497706,0.7755144247481511,50.99425847268239,22.46734132941255
2026-05-23 10:00:00,298.07535403969445,0.9125018271904116,49.58994252377474,25.080650485872074
2026-05-23 11:00:00,296.8534637744075,0.9872896192737644,45.004228150445584,23.94159013976505
2026-05-23 12:00:00,294.23074964167506,0.9947799793955396,40.316324934487454,24.476993461208654
2026-05-23 13:00:00,293.38938735308864,0.9344623359961576,45.19614966883718,26.08513667891391
2026-05-23 14:00:00,292.0335042326128,0.8104481700670724,45.8754979596171,28.137873913492786
2026-05-23 15:00:00,289.82152886638585,0.6311907609004616,72.26085890434128,25.991958951387787
2026-05-23 16:00:00,290.2436762949632,0.4089089782801764,34.52609502641142,26.76711245042024
2026-05-23 17:00:00,289.8894992608286,0.1587543976409687,34.53754980225261,24.33350555775402
2026-05-23 18:00:00,288.8068749313729,0.0,45.193697746819495,23.793564200033362
2026-05-23 19:00:00,289.62277959293897,0.0,40.96808139259476,23.116798401635947
2026-05-23 20:00:00,289.83984868330083,0.0,42.027428682793385,21.597151379544187
2026-05-23 21:00:00,290.8219248746167,0.0,52.23324852530601,17.023498904952348
2026-05-23 22:00:00,292.363854272017,0.0,550.4324172808094,18.66678370929875
2026-05-23 23:00:00,295.40866726084846,0.0,441.4601559569018,12.24290298599163
2026-05-24 00:00:00,294.8791213210855,0.0,435.0882478672961,14.558996747582803
2026-05-24 01:00:00,296.94417456321946,0.0,408.8686514216416,12.8332984377219
2026-05-24 02:00:00,298.60674943112235,0.0,463.4358590858409,13.704620082842444
2026-05-24 03:00:00,299.09973997243765,0.0,504.3809077508727,12.98940714178031
2026-05-24 04:00:00,301.9164837086318,0.0,566.4714668435519,14.407212096822956
2026-05-24 05:00:00,301.1330870295483,0.0,461.4048216254345,16.639392544605425
2026-05-24 06:00:00,301.2500084966484,0.1025782740181626,56.35504178486865,16.89119623245884
2026-05-24 07:00:00,300.85790412097043,0.3565646868362174,45.25618068510811,19.824913390803886
2026-05-24 08:00:00,300.5671766656653,0.5862462884988409,69.70450376444593,19.2989438843922
2026-05-24 09:00:00,298.1952416616828,0.7759671036375493,48.14046766133268,20.099458793748692
2026-05-24 10:00:00,298.01944898660537,0.9127950367465364,45.213418387222994,22.236240989675544
2026-05-24 11:00:00,296.2796561548882,0.9874033732131904,67.63221915321512,25.015593099101856
2026-05-24 12:00:00,294.9240384216062,0.994706523815208,65.11807301993613,25.414663873674215
2026-05-24 13:00:00,292.9727096128876,0.9342066779090288,40.46851427734851,27.236974064544828
2026-05-24 14:00:00,292.5018840736154,0.8100277361049962,30.323649615411284,27.270128488546476
2026-05-24 15:00:00,289.3348392227386,0.6306342094483788,54.40560413763641,26.438684129519743
2026-05-24 16:00:00,290.74661459040607,0.4082542460111243,57.1973762806939,26.05664414024101
2026-05-24 17:00:00,289.2258880477024,0.1580461136075267,43.01123624325408,24.082004861694134
2026-05-24 18:00:00,289.2980573074609,0.0,50.450222898811845,21.361234819286725
2026-05-24 19:00:00,289.8869433993316,0.0,54.81609388414586,22.989009340662776
2026-05-24 20:00:00,291.2322274219961,0.0,54.425536705005456,19.23306480977167
2026-05-24 21:00:00,289.9070942897404,0.0,46.12318483378876,17.951052414418726
2026-05-24 22:00:00,293.55581828554364,0.0,550.5524563805449,14.438844560953125
2026-05-24 23:00:00,293.08988488859444,0.0,550.2459986190895,15.714500091203593
2026-05-25 00:00:00,295.508945998524,0.0,569.7185417421924,15.315314140805784
2026-05-25 01:00:00,295.8083874712538,0.0,461.3667698229095,11.780028360866527
2026-05-25 02:00:00,298.57037621915066,0.0,498.8293675227472,12.747443007758132
2026-05-25 03:00:00,301.3050255683556,0.0,454.4178762332873,12.545921000350651
2026-05-25 04:00:00,299.5991813449818,0.0,448.85823344348336,13.782337076112555
2026-05-25 05:00:00,301.3852744086031,0.0,480.7541869657357,14.572033465843777
2026-05-25 06:00:00,301.2943436178112,0.1032918040323443,59.22593756119469,16.60134838433483
2026-05-25 07:00:00,299.90544300578046,0.3572347851908226,58.17669145926562,20.15914586514501
2026-05-25 08:00:00,298.38827104678614,0.5868272787299942,28.77056664000787,20.185539757626945
2026-05-25 09:00:00,299.4355268385677,0.776419383231852,54.31999055853631,20.682414600302703
2026-05-25 10:00:00,297.56970414983755,0.9130877765989645,69.36809272419436,23.02813173006264
2026-05-25 11:00:00,298.5026044348149,0.987516619057206,46.84983806171384,24.714953849449714
2026-05-25 12:00:00,293.0176552992754,0.9946325563814418,53.05040266251209,26.07572904537153
2026-05-25 13:00:00,293.4980939915631,0.9339505391003045,49.90213246065458,27.310745067252874
2026-05-25 14:00:00,293.63234395954487,0.8096068853210616,74.66150140182027,25.954586825174687
2026-05-25 15:00:00,289.5994214564414,0.6300773334862162,45.55795680908503,25.71444657357741
2026-05-25 16:00:00,291.0964488115612,0.4075993036637884,49.83171277571961,25.844762290377204
2026-05-25 17:00:00,288.527791272875,0.1573377482471346,58.0345296210999,25.215929400473097
2026-05-25 18:00:00,289.3274424230088,0.0,39.98285792839656,23.449876177900443
2026-05-25 19:00:00,287.9403765451905,0.0,43.70764031338088,22.757975590492038
2026-05-25 20:00:00,289.9786171926493,0.0,33.92801090467302,20.7621037346791
2026-05-25 21:00:00,291.4079940699656,0.0,60.6807296274006,18.504546893975697
2026-05-25 22:00:00,294.0615415248135,0.0,513.9838808842036,17.067920386082598
2026-05-25 23:00:00,292.8565279609952,0.0,460.6886660188831,15.229060250440945
2026-05-26 00:00:00,296.3466343928986,0.0,529.4340224924536,15.994102899190425
2026-05-26 01:00:00,296.54142521137067,0.0,487.48237084602863,11.870267734459635
2026-05-26 02:00:00,298.03899741821186,0.0,514.4481362938006,13.738064902225453
2026-05-26 03:00:00,297.04838522852776,0.0,468.0957642442089,11.6480834369581
2026-05-26 04:00:00,300.11859463890016,0.0,520.9572607414524,14.57007555747782
2026-05-26 05:00:00,302.9957789240789,0.0,464.7364756773012,14.736527763228505
2026-05-26 06:00:00,302.9375500122911,0.1040052808950163,42.50541849473001,14.564082928224677
2026-05-26 07:00:00,300.6967939271345,0.3579046997204989,43.00416226703205,17.1955336559319
2026-05-26 08:00:00,300.2535728594043,0.5874079669932142,44.45943247495263,19.484273167747986
2026-05-26 09:00:00,299.6013443753045,0.7768712632983267,51.15862832678666,20.396664839829153
2026-05-26 10:00:00,298.03506366620456,0.913380046597151,69.05334639551393,22.84489829247204
2026-05-26 11:00:00,295.99431685590446,0.9876293567475376,42.37999507493845,24.619070990651437
2026-05-26 12:00:00,294.45670094071966,0.9945580771322796,42.23141838000252,26.488617631426624
2026-05-26 13:00:00,294.5223447630028,0.9336939197017872,46.62502272433759,26.182422764149013
2026-05-26 14:00:00,293.370473319372,0.8091856179316954,41.829428529562655,25.241169013021604
2026-05-26 15:00:00,290.9222512097805,0.6295201333005295,45.46592953903894,28.68672224910508
2026-05-26 16:00:00,287.28764344064547,0.4069441515749795,48.55125987155987,25.340791079315313
2026-05-26 17:00:00,289.6503309402719,0.156629301924301,58.5444129017141,24.815843688994086
2026-05-26 18:00:00,288.04642909981646,0.0,56.04028944223674,22.38445047645305
2026-05-26 19:00:00,288.0182032221612,0.0,59.63253705316462,23.116710670094818
2026-05-26 20:00:00,290.529042256301,0.0,44.60128276876661,21.215899935103817
2026-05-26 21:00:00,290.7385017551835,0.0,54.29344394872749,18.874549239256083
2026-05-26 22:00:00,293.2156784458677,0.0,568.4771848635474,15.967430614560719
2026-05-26 23:00:00,295.2281362319974,0.0,495.5200266116669,14.137527103804537
2026-05-27 00:00:00,296.227610781063,0.0,490.3370866674306,13.98345639381577
2026-05-27 01:00:00,297.8038032403305,0.0,468.6766366822218,10.403615417921936
2026-05-27 02:00:00,296.3298183562163,0.0,546.0428976101125,14.968283756349892
2026-05-27 03:00:00,298.2190336292974,0.0,487.72328736322834,11.860521656581469
2026-05-27 04:00:00,301.2232908582417,0.0,545.7193700534044,13.805375612394299
2026-05-27 05:00:00,301.72751959503427,0.0,531.8178464015697,14.863093791098294
2026-05-27 06:00:00,300.1473009683522,0.1047187042389267,48.992503524371976,15.205621115876754
2026-05-27 07:00:00,302.300784920252,0.3585744300805236,53.06046008750632,18.584288035277126
2026-05-27 08:00:00,300.18585806062043,0.5879883529895995,47.64528786055925,21.074621627634208
2026-05-27 09:00:00,299.0242401608764,0.7773227436044461,43.948170071694605,23.433261550417683
2026-05-27 10:00:00,300.24131446914515,0.9136718465906546,51.460963784332286,23.55311614521742
2026-05-27 11:00:00,295.6739325374627,0.9877415862261728,37.857769899158384,25.972037440862355
2026-05-27 12:00:00,295.4455022807245,0.9944830861060584,59.23391837744679,26.37826535215593
2026-05-27 13:00:00,293.5044590196474,0.9334368198455276,54.7372283319569,25.256784622617694
2026-05-27 14:00:00,291.82089186598944,0.8087639341537388,38.87912402968956,25.5647920545732
2026-05-27 15:00:00,291.9929112328999,0.6289626091780414,39.56196668049912,26.57720952659036
2026-05-27 16:00:00,289.088605880388,0.4062887900819277,53.052543464238816,26.272728017219322
2026-05-27 17:00:00,288.80349237380943,0.1559207750035764,33.47418390938276,25.438509816171713
2026-05-27 18:00:00,287.6629366105193,0.0,52.82195450484402,22.36642855680974
2026-05-27 19:00:00,290.0796716330929,0.0,53.82401629962486,21.092583876566056
2026-05-27 20:00:00,291.2697608835341,0.0,59.26325702851597,20.08504968742913
2026-05-27 21:00:00,291.3105584513532,0.0,41.570456801648646,17.204122032617132
2026-05-27 22:00:00,293.00681968762683,0.0,541.8325830171534,15.481870102744073
2026-05-27 23:00:00,294.7922094816847,0.0,542.7251544019507,15.849330626109692
2026-05-28 00:00:00,296.79585516751274,0.0,485.2406996485337,14.77981065642506
2026-05-28 01:00:00,298.269591978931,0.0,620.068945009727,11.979570777392654
2026-05-28 02:00:00,300.5193961217454,0.0,534.646250737184,14.30065288762927
2026-05-28 03:00:00,299.8956346159223,0.0,529.437493746314,13.230461484906943
2026-05-28 04:00:00,301.3632704538217,0.0,453.7587981879356,14.528820463864623
2026-05-28 05:00:00,300.6573738372616,0.0,488.91338004877485,15.897552379631431
2026-05-28 06:00:00,300.6309759377797,0.1054320736969637,42.64087425307876,16.228778084880993
2026-05-28 07:00:00,299.25989729054214,0.3592439759262685,59.17881426835803,18.049001924517526
2026-05-28 08:00:00,300.1468106025191,0.5885684364204968,54.74124925530482,22.1082825661585
2026-05-28 09:00:00,297.354715123604,0.7777738239178885,46.01135551734324,22.165007056597354
2026-05-28 10:00:00,298.7642887043264,0.9139631764293212,50.9101745481805,23.39316746807592
2026-05-28 11:00:00,294.665154954287,0.9878533074353606,53.59753192797917,24.86155446743043
2026-05-28 12:00:00,295.3900150721146,0.9944075833413673,57.18536399653856,25.83131691944936
2026-05-28 13:00:00,292.7447759177831,0.9331792396638238,65.88555504746842,28.57231782447897
2026-05-28 14:00:00,290.07095960470906,0.8083418342041809,46.49387881068041,26.647055723231915
2026-05-28 15:00:00,291.1775566266235,0.628404761405641,37.64157609370726,24.483911234253043
2026-05-28 16:00:00,289.5054095474527,0.4056332195218673,63.30652523751282,26.516673319365594
2026-05-28 17:00:00,286.6106411251185,0.1552121678495528,36.08533262629149,25.776044922595254
2026-05-28 18:00:00,290.2248078074442,0.0,53.369805648160806,22.33363130743649
2026-05-28 19:00:00,289.740335060572,0.0,50.99200495456114,21.49179460327288
2026-05-28 20:00:00,289.2679096050452,0.0,64.36000140114946,19.383828247739828
2026-05-28 21:00:00,291.791886212393,0.0,59.61768099683124,18.244524106957357
2026-05-28 22:00:00,293.69467814605207,0.0,512.9888842018083,18.562120170896907
2026-05-28 23:00:00,295.1906870264468,0.0,468.4531552091226,15.039526130725607
2026-05-29 00:00:00,294.5169124030272,0.0,614.5052547402015,14.726718418411021
2026-05-29 01:00:00,298.392227455197,0.0,483.9785522473461,13.765954306403415
2026-05-29 02:00:00,297.74358598594665,0.0,529.7527830904221,12.527972888330035
2026-05-29 03:00:00,299.86210364875853,0.0,494.88975095007135,13.629202789365527
2026-05-29 04:00:00,300.21060837321795,0.0,462.744013059792,15.334830597266025
2026-05-29 05:00:00,303.432216609348,0.0,505.8050561914376,16.627156598321665
2026-05-29 06:00:00,300.9702731205492,0.1061453889020438,50.49707378092064,16.043483621724356
2026-05-29 07:00:00,300.5235357667313,0.3599133369132006,66.82869520606377,18.510953332113118
2026-05-29 08:00:00,300.1414691838399,0.5891482169874083,70.09900687325623,22.185366932846406
2026-05-29 09:00:00,298.5359212800011,0.7782245040065383,64.02845775852764,21.20232632846276
2026-05-29 10:00:00,294.9198427102164,0.9142540359632392,27.64327797927098,22.731268798343958
2026-05-29 11:00:00,292.7247472763456,0.9879645203176122,58.84362531102458,23.436451045118574
2026-05-29 12:00:00,293.6153873619596,0.9943315688770574,57.69614551983132,26.64177403517263
2026-05-29 13:00:00,293.7436201706456,0.9329211792892204,38.690111114475926,25.6210188171417
2026-05-29 14:00:00,291.5807885528679,0.8079193183002247,51.28521676309886,26.173439593637713
2026-05-29 15:00:00,289.9279913702061,0.6278465902703844,39.096347721581125,26.926902794440906
2026-05-29 16:00:00,290.7678856074507,0.4049774402321401,50.26396564418824,24.39030023898452
2026-05-29 17:00:00,289.6269067696998,0.1545034808268632,39.88446816887427,25.3171439851384
2026-05-29 18:00:00,287.9634129626695,0.0,56.11861691483858,22.77714076413111
2026-05-29 19:00:00,290.68178348437976,0.0,69.78610263928486,20.06385510837843
2026-05-29 20:00:00,290.5026931325816,0.0,58.23844626452895,18.659082462168218
2026-05-29 21:00:00,293.6012622213869,0.0,48.21643106817318,18.832651316624553
2026-05-29 22:00:00,293.4826713829364,0.0,466.3915195141744,17.01319706917049
2026-05-29 23:00:00,295.7885938760325,0.0,495.86463653300206,14.109316276446055
2026-05-30 00:00:00,297.4983002797912,0.0,504.0793369055546,13.016707747764114
2026-05-30 01:00:00,298.2793006733903,0.0,533.3563366119936,12.304244936358012
2026-05-30 02:00:00,297.20353930400813,0.0,445.34658655329343,12.670647098461718
2026-05-30 03:00:00,300.2942596686702,0.0,481.47425581167937,12.031191942571157
2026-05-30 04:00:00,301.1331325023052,0.0,517.168097009393,13.70041527458822
2026-05-30 05:00:00,301.1900558704928,0.0,462.2727636217571,14.287762184555163
2026-05-30 06:00:00,300.3825127878918,0.106858649487111,49.559792045163896,17.194365403235185
2026-05-30 07:00:00,299.53204385057,0.3605825126968819,46.809397456652015,18.087908479607716
2026-05-30 08:00:00,298.11165601614255,0.589727694391992,42.356668343545024,18.487570447897433
2026-05-30 09:00:00,299.554047157341,0.7786747836384145,54.60827191100586,21.472325130149443
2026-05-30 10:00:00,296.5931465001144,0.9145444250427388,68.2706307380424,24.042968549090492
2026-05-30 11:00:00,295.51822801948595,0.9880752248156822,63.31515331018165,23.821620064998882
2026-05-30 12:00:00,296.14829568233154,0.9942550427522449,48.7476294960812,25.227068422099368
2026-05-30 13:00:00,293.271664108812,0.9326626388545506,73.05030820325264,24.433543605844477
2026-05-30 14:00:00,292.06051873987803,0.8074963866592874,41.45678037484309,28.11829167870694
2026-05-30 15:00:00,291.41405348177284,0.627288096059582,38.68799141177527,26.06768684450253
2026-05-30 16:00:00,289.0305586178422,0.4043214525501952,54.08408527550327,26.04753762114162
2026-05-30 17:00:00,290.0951418073146,0.1537947143002944,48.64098775242538,25.325884037252006
2026-05-30 18:00:00,288.5005933917752,0.0,44.81202367492567,25.6109937777876
2026-05-30 19:00:00,288.7106095822476,0.0,50.73015207037188,21.341317901656236
2026-05-30 20:00:00,289.3348590959805,0.0,45.91185700878323,19.31821199904598
2026-05-30 21:00:00,291.2543042624038,0.0,50.603748491128265,18.940054880048244
2026-05-30 22:00:00,289.943684068073,0.0,523.26248685574,17.445049239292647
2026-05-30 23:00:00,293.90669419233194,0.0,404.4212946856169,15.110587015613472
2026-05-31 00:00:00,295.9396899145382,0.0,562.3844392079129,12.966038061006449
2026-05-31 01:00:00,299.0786120813436,0.0,548.7036087190102,11.869648639821172
2026-05-31 02:00:00,297.0088291532634,0.0,447.331678245192,11.527680643855481
2026-05-31 03:00:00,299.9745077918394,0.0,426.5148259743668,12.723101307287466
2026-05-31 04:00:00,300.63514984725776,0.0,519.2579373009204,15.505526096447086
2026-05-31 05:00:00,301.6822428099449,0.0,431.5679822497692,14.194285285526941
2026-05-31 06:00:00,301.5760445530294,0.1075718550851377,49.14348592691093,16.34436930473418
2026-05-31 07:00:00,300.81428454476765,0.3612515029328636,53.03005940804239,18.509613239220652
2026-05-31 08:00:00,299.9494890191437,0.5903068683360619,45.44842295925741,19.40072574365772
2026-05-31 09:00:00,298.4241184902638,0.7791246625819559,57.91818903914681,23.781954126365633
2026-05-31 10:00:00,297.73294352598094,0.9148343435183928,57.345659454578254,24.94196190979536
2026-05-31 11:00:00,293.88299722144825,0.98818542087264,51.279861921299386,24.81740959670708
2026-05-31 12:00:00,294.9316091580831,0.994178005006308,54.756138938811695,27.405086018242855
2026-05-31 13:00:00,294.4790184817797,0.9324036184927716,41.833602098498766,27.933447182580895
2026-05-31 14:00:00,291.73561988272326,0.8070730394989998,68.08821542493232,26.703084947927938
2026-05-31 15:00:00,290.8252967936846,0.6267292790604456,59.02070463669022,27.149051205823554
2026-05-31 16:00:00,290.7283192671581,0.403665256813589,45.227912568090645,26.523585081674245
2026-05-31 17:00:00,287.35305250676123,0.1530858686343368,71.31619084291394,24.391530908308123
2026-05-31 18:00:00,288.8938788765673,0.0,52.957457681101545,22.85014010370364
2026-05-31 19:00:00,288.34615717597165,0.0,57.75793558119859,21.63964439228698
2026-05-31 20:00:00,290.74747947260875,0.0,54.48567216157356,18.323822076325165
2026-05-31 21:00:00,289.1361034025271,0.0,44.55453460778754,17.814808590333786
2026-05-31 22:00:00,290.8292591974744,0.0,481.94765016951993,14.844525476409517
2026-05-31 23:00:00,292.85036388104623,0.0,466.6100362828024,14.206181722117769
2026-06-01 00:00:00,295.22076990731887,0.0,497.6797864282742,13.938165869295629
2026-06-01 01:00:00,297.5516492526276,0.0,501.2078984087689,13.777301946212635
2026-06-01 02:00:00,298.7121100899352,0.0,506.5939022994792,13.55920345488129
2026-06-01 03:00:00,300.74767121891574,0.0,510.69109052585935,13.453592829917255
2026-06-01 04:00:00,300.82514885730507,0.0,467.0367826343589,13.427313414229586
2026-06-01 05:00:00,301.3409252185333,0.0,405.3704348350648,15.3786962985816
2026-06-01 06:00:00,300.5692616138154,0.1082850053291243,59.18385560823727,13.803036268728684
2026-06-01 07:00:00,300.7376942445776,0.3619203072771105,58.495397627924746,18.113973975116448
2026-06-01 08:00:00,299.16710827284425,0.5908857385215883,60.71498005719454,18.993252966186027
2026-06-01 09:00:00,298.805192180184,0.7795741406055938,55.96194406677922,20.70186513187302
2026-06-01 10:00:00,298.3156662370176,0.915123791241015,71.55501880058775,24.527167439914844
2026-06-01 11:00:00,295.70551686745813,0.9882951084317632,63.77942352712829,25.364607842836023
2026-06-01 12:00:00,294.9776371499154,0.9941004556788884,68.25791029537895,26.80866049930817
2026-06-01 13:00:00,293.35805119304024,0.93214411833721,38.78030239189896,27.5292907206187
2026-06-01 14:00:00,292.1627040850509,0.8066492770372069,44.53309429728748,25.66347739232579
2026-06-01 15:00:00,290.8020500280433,0.6261701395606181,42.762992436394,27.002081673516496
2026-06-01 16:00:00,289.0569275235981,0.403008853359985,54.65415101077046,26.644593037269996
2026-06-01 17:00:00,288.94350003077585,0.1523769441938588,48.6020381023261,25.914677295812886
2026-06-01 18:00:00,288.7372636820455,0.0,45.43133592476644,24.515696066847312
2026-06-01 19:00:00,287.77221214081925,0.0,71.30199085976525,20.936081431171285
2026-06-01 20:00:00,290.2187315766487,0.0,50.66896158380906,19.014259543938135
2026-06-01 21:00:00,294.55167212021627,0.0,45.48389812051307,17.383935276213066
2026-06-01 22:00:00,290.97534442996295,0.0,580.7383032499025,15.673204643769576
2026-06-01 23:00:00,295.5427538719399,0.0,414.22377171592416,16.924897111302244
2026-06-02 00:00:00,295.1442145964639,0.0,543.5590724888386,13.625439693827554
2026-06-02 01:00:00,297.45121433755713,0.0,419.0851192367976,13.82221560458622
2026-06-02 02:00:00,298.1515385434106,0.0,538.5599278751514,13.72405595573746
2026-06-02 03:00:00,298.9525495230752,0.0,498.9596312676652,13.021772068085589
2026-06-02 04:00:00,301.08303288238614,0.0,508.7442229594626,13.75597264937616
2026-06-02 05:00:00,300.91249822537225,0.0,501.211136892044,14.633908054976732
2026-06-02 06:00:00,300.7493976387055,0.1089980998520998,34.73915626815663,15.288560804745892
2026-06-02 07:00:00,300.4629395312003,0.3625889253853652,46.25375213949908,17.703417039889313
2026-06-02 08:00:00,299.4411836801657,0.5914643046506978,50.95451541675602,19.783386146646208
2026-06-02 09:00:00,299.59607644938427,0.7800232174780369,48.56107320249468,19.781686234223752
2026-06-02 10:00:00,299.26983429509863,0.9154127680616624,45.875327162774745,25.193752461402553
2026-06-02 11:00:00,294.8456122253127,0.9884042874366092,61.053686441010974,24.076493496111187
2026-06-02 12:00:00,294.02437887781525,0.9940223948098916,50.04175711111694,26.286774296341836
2026-06-02 13:00:00,291.7726545693554,0.9318841385213988,55.12806011861288,26.218168079942252
2026-06-02 14:00:00,290.8310268408069,0.8062250994919673,48.1263243385105,28.65059370790973
2026-06-02 15:00:00,291.1827178937484,0.6256106778478199,48.477112870177294,27.448126551278882
2026-06-02 16:00:00,291.2611870045017,0.4023522425271535,63.50044585742743,26.18007058690844
2026-06-02 17:00:00,290.9174850904734,0.1516679413436567,58.695228874221975,24.31633581182762
2026-06-02 18:00:00,289.2956169696621,0.0,38.178135700532096,24.331936687543354
2026-06-02 19:00:00,289.4171651410116,0.0,51.77228784879755,20.014677803612557
2026-06-02 20:00:00,288.641562788928,0.0,53.37432662522654,19.886904369287482
2026-06-02 21:00:00,292.0456571776624,0.0,70.24947687414708,16.88515766282654
2026-06-02 22:00:00,291.4776385081883,0.0,442.29241248522544,14.399703272548766
2026-06-02 23:00:00,294.43292760133346,0.0,473.6846859118463,15.31440354529204
2026-06-03 00:00:00,295.46577509139,0.0,479.9513467879592,14.390456540711355
2026-06-03 01:00:00,297.67548327315507,0.0,543.1921904743341,13.196288521322307
2026-06-03 02:00:00,298.20195351422825,0.0,513.5227275761391,13.362940800076279
2026-06-03 03:00:00,299.2624880831547,0.0,475.6134118429001,12.046824599304344
2026-06-03 04:00:00,301.2540926589172,0.0,614.1051734518895,13.062958673149552
2026-06-03 05:00:00,300.613822472697,0.0,546.8165842386834,14.88827163526857
2026-06-03 06:00:00,301.53131630656014,0.1097111382871221,51.37909350102901,16.809975593808364
2026-06-03 07:00:00,301.35590862048434,0.3632573569135717,41.37836586625505,16.885322990669444
2026-06-03 08:00:00,298.7050558010636,0.592042566425673,61.17217549833763,21.379383855106013
2026-06-03 09:00:00,299.0609341888683,0.7804718929682004,42.94859313721169,21.965401542466754
2026-06-03 10:00:00,297.6220274177499,0.9157012738316344,40.68325276234842,24.1719576505394
2026-06-03 11:00:00,295.4467097665648,0.9885129578309972,48.51327537881652,25.79967240765781
2026-06-03 12:00:00,295.49063967409995,0.993943822439486,39.979907901221125,28.31190737927378
2026-06-03 13:00:00,292.46943070642305,0.931623679179118,54.55472531298778,28.429038690303408
2026-06-03 14:00:00,292.62466909624527,0.8058005070815532,58.3381769000781,27.564099096938975
2026-06-03 15:00:00,289.07444261808774,0.6250508942099375,48.98553672619598,27.993341156619007
2026-06-03 16:00:00,289.30932860764483,0.4016954246529716,23.15579893435078,25.60484026293719
2026-06-03 17:00:00,291.038503454272,0.1509588604485674,48.25303917453666,25.560837142306166
2026-06-03 18:00:00,290.6178441201384,0.0,44.87496576355329,23.862633859192165
2026-06-03 19:00:00,287.67274472742974,0.0,76.00497532856926,22.37504145157764
2026-06-03 20:00:00,290.49876896234605,0.0,60.90563686696453,20.413258628543105
2026-06-03 21:00:00,291.82100659050576,0.0,51.31558316454548,18.409310412162146
2026-06-03 22:00:00,290.89942995519783,0.0,517.3698443389716,16.619975642087468
2026-06-03 23:00:00,294.463838094703,0.0,564.1706636698186,14.494200166645596
2026-06-04 00:00:00,295.65243004538166,0.0,475.0096796471802,14.117627143836778
2026-06-04 01:00:00,298.4225892669525,0.0,590.6851729937204,14.025270907346801
2026-06-04 02:00:00,298.2709781076676,0.0,513.3007052943293,14.679055686915712
2026-06-04 03:00:00,300.17607380636883,0.0,473.5554564485016,15.96176605275348
2026-06-04 04:00:00,300.6442643693923,0.0,563.3167313225495,13.213497258378958
2026-06-04 05:00:00,301.0974919588892,0.0,463.134304532289,13.951697636547225
2026-06-04 06:00:00,301.5147120387051,0.1104241202672777,48.26732280216088,16.512817257543002
2026-06-04 07:00:00,300.6453470860549,0.3639256015177704,59.15344308178473,18.218123896588477
2026-06-04 08:00:00,300.1027879055509,0.592620523548954,53.73767618883507,22.7511156581323
2026-06-04 09:00:00,298.3042552699499,0.7809201668452062,42.00083295582044,22.72579442782365
2026-06-04 10:00:00,297.79481429367945,0.9159893084024722,54.74872856336645,24.60247717394018
2026-06-04 11:00:00,296.2393404649635,0.9886211195590076,51.43264885089727,25.40193365250023
2026-06-04 12:00:00,293.3039467225112,0.9938647386081028,59.96798713437413,26.586697724906777
2026-06-04 13:00:00,293.50561672858043,0.931362740444394,56.54332185650631,28.295339508188647
2026-06-04 14:00:00,291.9929828340205,0.8053755000244501,58.77966596937125,27.238647915701357
2026-06-04 15:00:00,291.8417385757652,0.624490788935023,45.2772433980557,28.1907175234041
2026-06-04 16:00:00,290.6923741031078,0.4010384000754229,44.47433166638452,26.078356256153498
2026-06-04 17:00:00,289.7828988590009,0.1502497018734679,44.3764274347097,22.543361013827695
2026-06-04 18:00:00,289.0577729011951,0.0,62.63946132962919,24.148274152561974
2026-06-04 19:00:00,289.8631190255678,0.0,60.686787318866365,23.462992496344484
2026-06-04 20:00:00,290.9007820409088,0.0,47.64060190786788,20.00355343941036
2026-06-04 21:00:00,291.75411162514035,0.0,27.63743721094635,18.596900627507353
2026-06-04 22:00:00,293.83562621656904,0.0,444.2033964949836,16.01902507431279
2026-06-04 23:00:00,293.7907765538349,0.0,621.4593854191027,15.99627360809028
2026-06-05 00:00:00,296.01944551785374,0.0,560.6100326660946,12.277258237613776
2026-06-05 01:00:00,296.3517268076017,0.0,487.2343602110484,10.899180719244331
2026-06-05 02:00:00,298.5499377450936,0.0,468.6214149011324,12.753410400059296
2026-06-05 03:00:00,299.46612276484905,0.0,522.0795431703666,13.793015269293031
2026-06-05 04:00:00,301.12985612050016,0.0,532.8502067178541,16.120623758514316
2026-06-05 05:00:00,302.3473225724322,0.0,528.6484195544006,16.66431312351496
2026-06-05 06:00:00,300.9040034043853,0.1111370454255692,57.3725801742449,17.736317712826853
2026-06-05 07:00:00,302.2245101373531,0.3645936588540978,35.7030446142911,19.526772540291873
2026-06-05 08:00:00,298.5493296650032,0.5931981757230452,40.55455174991224,20.81692247707682
2026-06-05 09:00:00,298.88848809637386,0.7813680388783825,62.29667319862086,21.568930498758878
2026-06-05 10:00:00,296.3082919773446,0.9162768716259142,37.908179274747454,24.359613142881663
2026-06-05 11:00:00,296.6460684866905,0.9887287725649828,56.27317929541812,23.211346380314314
2026-06-05 12:00:00,293.7691616444658,0.9937851433564496,42.914961998754,25.68865016380118
2026-06-05 13:00:00,293.14424004879004,0.9311013224514996,50.78116847075552,26.22643817135793
2026-06-05 14:00:00,290.1082074421049,0.8049500785394246,34.4032616453315,28.932074444841433
2026-06-05 15:00:00,289.04390733481864,0.6239303623112935,35.76832567437321,26.207075140998608
2026-06-05 16:00:00,287.5415290552156,0.4003811691327015,46.07689485507312,25.379104546454165
2026-06-05 17:00:00,289.41298565460926,0.149540465983275,40.81825539998031,25.674309863413026
2026-06-05 18:00:00,287.4163566084304,0.0,62.15010486682571,24.092131472256437
2026-06-05 19:00:00,291.523034132088,0.0,54.45513165794826,22.20905547248604
2026-06-05 20:00:00,289.4361627153469,0.0,36.39374734075098,20.918505501637934
2026-06-05 21:00:00,290.2232680020048,0.0,47.50542384032056,18.104603026453944
2026-06-05 22:00:00,292.27296010494865,0.0,438.027722014436,16.367663680843584
2026-06-05 23:00:00,293.06149996558315,0.0,579.8275999661508,16.2564847745895
2026-06-06 00:00:00,296.1706946703341,0.0,511.1316366844054,12.779498476663424
2026-06-06 01:00:00,296.49336787713446,0.0,462.855738626688,13.659627458857518
2026-06-06 02:00:00,297.91042721692696,0.0,467.26107929438496,12.369132420291843
2026-06-06 03:00:00,299.95030973894336,0.0,457.5532063292269,14.072986076836122
2026-06-06 04:00:00,302.8600682246165,0.0,481.7371807023918,14.98201704624581
2026-06-06 05:00:00,302.32211096849,0.0,449.06376216387696,14.528606095022875
2026-06-06 06:00:00,301.9821343607964,0.1118499133953675,34.99558103901796,17.226725348517377
2026-06-06 07:00:00,300.8644149849288,0.3652615285787867,42.72823156986124,18.550919032429896
2026-06-06 08:00:00,300.9393483152073,0.5937755226508833,33.98553508142852,19.444245338386775
2026-06-06 09:00:00,298.8907836450952,0.7818155088372646,55.25450693229857,22.06517090156398
2026-06-06 10:00:00,296.81559811839105,0.916563963354078,49.457393424761456,23.126645382988514
2026-06-06 11:00:00,297.8987425133727,0.9888359167935274,42.29647808166297,25.865093259063354
2026-06-06 12:00:00,293.90218652540887,0.9937050367254592,74.4382976954009,25.93199136989426
2026-06-06 13:00:00,291.3492112724632,0.930839425334955,48.91008469146814,26.62771623396918
2026-06-06 14:00:00,290.81504879264475,0.8045242428452538,33.830601289943324,26.651694583137466
2026-06-06 15:00:00,289.7720631052664,0.6233696146271321,37.010087035757394,26.95994716856921
2026-06-06 16:00:00,289.72163988185423,0.3997237321627953,50.32465602489279,27.725216145072547
2026-06-06 17:00:00,287.6675542381897,0.1488311531429456,55.06531218054404,24.497996165515172
2026-06-06 18:00:00,289.28618256372243,0.0,36.05018839652295,24.314741127514115
2026-06-06 19:00:00,288.90996018880986,0.0,56.023672679471225,22.561328988069302
2026-06-06 20:00:00,290.86759812981484,0.0,40.567821581489504,17.73113378073071
2026-06-06 21:00:00,292.74444631635674,0.0,44.25774358161927,17.61502003202111
2026-06-06 22:00:00,294.2644952305522,0.0,480.4893403508445,16.357887266002912
2026-06-06 23:00:00,294.4139046808489,0.0,464.8654341723839,13.012802333752974
2026-06-07 00:00:00,294.676285202124,0.0,487.5687616369202,13.414014738614693
2026-06-07 01:00:00,298.3781750547248,0.0,447.1010934805364,13.227690625043858
2026-06-07 02:00:00,298.8300228168736,0.0,478.1105140414481,13.48149994602326
2026-06-07 03:00:00,298.6468281531567,0.0,512.5003942092152,12.35745745166224
2026-06-07 04:00:00,302.7080640838285,0.0,524.1476795401562,15.350643564984257
2026-06-07 05:00:00,301.01843144476527,0.0,486.1730631277468,15.09998375246285
2026-06-07 06:00:00,300.9010356179143,0.1125627238097338,37.282424577298485,16.655669804242837
2026-06-07 07:00:00,299.0725390965957,0.3659292103481664,60.58417395750517,18.123477790115878
2026-06-07 08:00:00,300.21528183298057,0.5943525640352868,33.673262172151965,19.77773768201954
2026-06-07 09:00:00,298.7186977122606,0.7822625764915945,43.80573701915666,20.758269215175996
2026-06-07 10:00:00,295.97729962103006,0.9168505834391872,32.7524977177556,24.818846440642776
2026-06-07 11:00:00,296.9798436178442,0.988942552189507,64.02135611828112,25.367144622448073
2026-06-07 12:00:00,295.1404132230481,0.9936244187563648,54.82923131826781,28.052422498817954
2026-06-07 13:00:00,293.03244825543004,0.9305770492295264,36.83720294166044,26.856403906817327
2026-06-07 14:00:00,291.94325850846,0.8040979931611311,72.93148683535921,27.36534341753794
2026-06-07 15:00:00,289.7334085793228,0.6228085461710869,52.10978818048689,27.832742208199946
2026-06-07 16:00:00,289.0344575621414,0.3990660895041105,45.66750235628192,25.649949909920124
2026-06-07 17:00:00,288.55596052975835,0.1481217637174759,59.36572653281921,24.08692496141845
2026-06-07 18:00:00,289.00048807360747,0.0,45.02369907095489,24.6810083376447
2026-06-07 19:00:00,290.17700353765224,0.0,50.358718905740766,20.178052143590897
2026-06-07 20:00:00,290.6171038608646,0.0,60.88110568452716,19.41226894334779
2026-06-07 21:00:00,292.7135720168162,0.0,47.85700486907715,16.85675389621668
2026-06-07 22:00:00,293.74186466676645,0.0,495.313571875986,16.859062015823575
2026-06-07 23:00:00,293.1738408110489,0.0,543.2933997106181,14.771192307075271
2026-06-08 00:00:00,296.04910346199404,0.0,476.7484522190823,14.018801423016166
2026-06-08 01:00:00,296.879677560184,0.0,413.2775550226472,13.97966414934929
2026-06-08 02:00:00,298.1973681241921,0.0,550.1943164119556,13.295066308098788
2026-06-08 03:00:00,299.91147787418504,0.0,555.1354944391989,13.187321018441137
2026-06-08 04:00:00,298.9695133852079,0.0,426.53016403281606,14.331349466373164
2026-06-08 05:00:00,301.7399526499464,0.0,524.635948143563,14.224280910776072
2026-06-08 06:00:00,301.3410717575985,0.1132754763018721,49.54197368551689,15.528933835936535
2026-06-08 07:00:00,300.6188804751165,0.366596703818663,57.159541545893376,16.750300851897247
2026-06-08 08:00:00,299.100429250684,0.5949292995793234,30.36621478924417,20.57381695739052
2026-06-08 09:00:00,300.0563726898493,0.7827092416113215,48.223463760090766,21.615324306996573
2026-06-08 10:00:00,297.1954329860967,0.9171367317337537,72.06694476565175,24.871300175003515
2026-06-08 11:00:00,294.2334916195337,0.9890486786980496,44.439350409954336,26.842842020955388
2026-06-08 12:00:00,294.60075038496655,0.9935432894906512,55.017920540152176,24.671266107595585
2026-06-08 13:00:00,293.4122738007589,0.9303141942702264,45.09159149242197,26.57895526014875
2026-06-08 14:00:00,290.9823573592946,0.8036713297063944,38.04282306510928,26.432454788436612
2026-06-08 15:00:00,291.97574233551325,0.622247157231871,64.39383871057574,27.224497312505786
2026-06-08 16:00:00,291.07298323504114,0.3984082414950553,35.87502988286238,25.75161046262657
2026-06-08 17:00:00,288.28501772293254,0.1474122980719016,71.76686071667531,25.22377888119139
2026-06-08 18:00:00,290.5491857222503,0.0,65.74452250417201,24.12818559656971
2026-06-08 19:00:00,288.923864915528,0.0,50.860509763418,22.8444026320877
2026-06-08 20:00:00,290.1464769563513,0.0,52.888615290849735,20.891080630481905
2026-06-08 21:00:00,289.2446878858621,0.0,43.73337691139621,18.942144715153688
2026-06-08 22:00:00,291.8109825683353,0.0,466.96784362044446,14.699174232435526
2026-06-08 23:00:00,295.48386068146897,0.0,452.9137083614353,15.55724441739447
2026-06-09 00:00:00,296.55467334324663,0.0,459.440488699066,14.085475744912383
2026-06-09 01:00:00,296.99577839884694,0.0,549.7110987230606,12.868636953797841
2026-06-09 02:00:00,300.35391770571704,0.0,453.4004443104687,13.22979866024056
2026-06-09 03:00:00,301.68351191565404,0.0,524.2518694857874,13.157907841359666
2026-06-09 04:00:00,300.44223834509194,0.0,589.2362792812581,12.363690573795111
2026-06-09 05:00:00,300.8476168833309,0.0,477.5913929842522,14.410017764550778
2026-06-09 06:00:00,302.02469166761324,0.113988170505016,46.13000996702007,16.664353618099724
2026-06-09 07:00:00,301.73265328538326,0.3672640086467996,50.44327467526051,19.852294839352858
2026-06-09 08:00:00,301.34387816192844,0.5955057289862181,44.49898537929324,20.824581347409794
2026-06-09 09:00:00,298.82928298805234,0.7831555039666017,38.28976443183994,20.201058990175053
2026-06-09 10:00:00,296.2076735114077,0.9174224080905315,49.71049922123364,25.108691651983868
2026-06-09 11:00:00,295.4488608069364,0.9891542962645448,51.45076705518748,24.913784512449624
2026-06-09 12:00:00,293.79173002423016,0.9934616489700652,63.33205294805887,24.8140445234632
2026-06-09 13:00:00,291.56682677309004,0.9300508605923146,34.32596947618414,25.86023864649742
2026-06-09 14:00:00,289.6403137117611,0.8032442527005952,40.00499451506017,27.282502198320977
2026-06-09 15:00:00,292.15717814092454,0.6216854480983622,37.52765642945005,26.440037269175328
2026-06-09 16:00:00,289.1668136105982,0.3977501884741433,61.15235694388758,24.785866776464065
2026-06-09 17:00:00,288.0934640034427,0.1467027565712978,47.89457813081779,27.49311099236391
2026-06-09 18:00:00,289.44093894043715,0.0,36.7134357597824,23.95385764910246
2026-06-09 19:00:00,291.46286541671896,0.0,50.97822046874116,21.3581440237929
2026-06-09 20:00:00,290.77176779064087,0.0,44.48932651952148,19.78165921601083
2026-06-09 21:00:00,291.4822993115037,0.0,52.30624217870128,19.026730433691704
2026-06-09 22:00:00,293.5538308707326,0.0,475.8246612735984,16.55471006723358
2026-06-09 23:00:00,295.467192273227,0.0,499.7699964942737,14.54707111002223
2026-06-10 00:00:00,295.3915920822517,0.0,479.523331794066,13.619215332307707
2026-06-10 01:00:00,295.87029429465093,0.0,505.1454475427423,12.899978049897637
2026-06-10 02:00:00,297.2461908669241,0.0,506.7248285056912,13.382978353588646
2026-06-10 03:00:00,300.16774429828183,0.0,515.6113699123403,12.525140824292565
2026-06-10 04:00:00,300.7133296872071,0.0,472.5690625078056,13.067165163620325
2026-06-10 05:00:00,301.2110975492429,0.0,534.57667485345,14.864081489050019
2026-06-10 06:00:00,299.6391088242727,0.1147008060524293,35.28761154496053,16.12381493389684
2026-06-10 07:00:00,300.3003823774682,0.3679311244890904,42.215935435597856,16.899385651436475
2026-06-10 08:00:00,298.6288374186322,0.5960818519593534,52.7100855757483,20.120140415779982
2026-06-10 09:00:00,298.377199705304,0.783601363327728,45.82993543761101,20.262106292606646
2026-06-10 10:00:00,297.43395500341654,0.9177076123625189,55.87312887218256,23.654278910048998
2026-06-10 11:00:00,296.3165840701618,0.9892594048346276,47.64265726771892,25.97946312678655
2026-06-10 12:00:00,293.4553487915868,0.9933794972366172,58.94361563885594,25.202503534845413
2026-06-10 13:00:00,293.4487819344755,0.929787048331338,50.33477323207461,28.349890537565337
2026-06-10 14:00:00,290.55800321279673,0.8028167623634977,58.28432510697076,27.424889544384456
2026-06-10 15:00:00,291.4176115929531,0.6211234190596927,50.11699572728099,26.325350857616883
2026-06-10 16:00:00,289.4357989859593,0.3970919307799936,56.74077823537482,23.625919697162473
2026-06-10 17:00:00,289.14869834440685,0.1459931395808908,41.21664356775899,23.23037971920849
2026-06-10 18:00:00,288.2113921949314,0.0,56.01140162926013,24.7028773905091
2026-06-10 19:00:00,289.43601345269536,0.0,58.47935700429916,22.164510726121918
2026-06-10 20:00:00,291.8044216300033,0.0,58.96170750505736,19.12338402243774
2026-06-10 21:00:00,290.63307249408643,0.0,63.12586312404045,18.724868156515278
2026-06-10 22:00:00,293.1664949093623,0.0,486.7444583260158,17.99750468030212
2026-06-10 23:00:00,293.5004338593101,0.0,532.446835204996,14.786444049895078
2026-06-11 00:00:00,297.29077589498326,0.0,392.0717645103626,15.194197262082332
2026-06-11 01:00:00,295.5880578335305,0.0,426.6652001273525,13.761718803658635
2026-06-11 02:00:00,297.408676368945,0.0,549.5554638553524,10.564677836509272
2026-06-11 03:00:00,300.91954577898485,0.0,505.9174379242674,14.793063914524302
2026-06-11 04:00:00,300.4690723007208,0.0,437.3009749625445,13.165963026932268
2026-06-11 05:00:00,300.3115586011793,0.0,570.3724278451523,15.027534560842787
2026-06-11 06:00:00,300.427319734423,0.1154133825774059,40.434768054968565,19.271324673487502
2026-06-11 07:00:00,300.45549990448444,0.3685980510024643,48.26460207005884,18.515248101157667
2026-06-11 08:00:00,300.8058104914132,0.5966576682022693,50.386999896404845,20.979153556620005
2026-06-11 09:00:00,299.73523410117394,0.7840468194654127,42.60433496681529,20.444800541787373
2026-06-11 10:00:00,297.7913252797377,0.9179923444029556,52.386136189757934,23.040921462229075
2026-06-11 11:00:00,294.9838124140999,0.989364004354245,59.93107074765369,25.127695292282116
2026-06-11 12:00:00,294.5515666746113,0.9932968343325808,67.65522790620365,28.242887459297176
2026-06-11 13:00:00,293.95031071782995,0.929522757622965,57.00167511552109,27.591158287921516
2026-06-11 14:00:00,292.83419092445257,0.8023888589150787,55.16336641080682,26.513397969791814
2026-06-11 15:00:00,289.6080348262433,0.6205610704048916,41.09222035601971,26.445941607885
2026-06-11 16:00:00,289.2007102050167,0.3964334687513308,40.830066968792,25.561200480299583
2026-06-11 17:00:00,288.600686016888,0.1452834474656087,37.094779365401706,24.75822536708683
2026-06-11 18:00:00,288.96819790397643,0.0,54.522063284579865,23.681551920218226
2026-06-11 19:00:00,290.92188789535135,0.0,59.066240673574285,23.568524336671494
2026-06-11 20:00:00,291.5734351225555,0.0,60.88367204465544,20.65982414844009
2026-06-11 21:00:00,290.981180775126,0.0,55.8131147816161,17.79762144769384
2026-06-11 22:00:00,291.24993854999184,0.0,555.8850449675977,17.062093266128414
2026-06-11 23:00:00,295.9846247388593,0.0,514.6515501149777,14.849704772486172
2026-06-12 00:00:00,295.1436601342125,0.0,493.8690528283294,14.867168493523078
2026-06-12 01:00:00,297.91126833170506,0.0,574.9360896053923,12.174095946243986
2026-06-12 02:00:00,297.56788064890424,0.0,560.9095943336087,13.160254160478058
2026-06-12 03:00:00,301.1981847038138,0.0,502.02798021170406,12.871958113827915
2026-06-12 04:00:00,300.3963231102026,0.0,524.779373775463,14.427733094434519
2026-06-12 05:00:00,300.88318601165906,0.0,470.716521595964,14.246816248441778
2026-06-12 06:00:00,303.0840043104164,0.11612589971327,50.23220263476849,15.04883767021447
2026-06-12 07:00:00,301.11059221344243,0.3692647878436301,47.14924483232421,18.130015788057175
2026-06-12 08:00:00,297.76981074654293,0.5972331774186639,38.73888825314511,22.40186808882447
2026-06-12 09:00:00,298.8191093268288,0.7844918721503633,36.420974016311725,21.274995399937033
2026-06-12 10:00:00,296.5498585954446,0.9182766040653252,55.665442365198125,24.225728787785368
2026-06-12 11:00:00,295.1233619619489,0.9894680947695556,49.9539793599568,24.20714907183499
2026-06-12 12:00:00,293.877685922411,0.9932136603004924,42.83142128294085,26.29990445620752
2026-06-12 13:00:00,293.0584085888073,0.9292579886032352,45.71938476261586,26.234059543787787
2026-06-12 14:00:00,293.45977847700976,0.8019605425755277,39.578697995431625,26.236929042855657
2026-06-12 15:00:00,289.3835128979357,0.61999840242342,58.731182349374926,25.934600704387943
2026-06-12 16:00:00,290.3092792498465,0.3957748027269844,50.575443597185725,26.176608854076317
2026-06-12 17:00:00,289.1602551668353,0.1445736805907552,68.27125910714372,25.316874965727795
2026-06-12 18:00:00,290.4552304050708,0.0,60.91234461297783,23.297053531834834
2026-06-12 19:00:00,290.0621979295112,0.0,38.06321779160599,21.62772709698905
2026-06-12 20:00:00,291.1130533746078,0.0,56.91080963372335,21.235866082676164
2026-06-12 21:00:00,292.0778071725072,0.0,45.74155551064124,17.812540431417975
2026-06-12 22:00:00,291.2703866736715,0.0,457.2594412672023,18.357413848626123
2026-06-12 23:00:00,294.0596779230396,0.0,561.6864818003961,16.018645798461286
2026-06-13 00:00:00,296.9049107618042,0.0,509.44819598511975,14.275000519278988
2026-06-13 01:00:00,297.0289737734535,0.0,472.9118320588706,12.22426094194892
2026-06-13 02:00:00,298.43371157055304,0.0,564.0528603273691,11.9466091971596
2026-06-13 03:00:00,299.17879532690574,0.0,508.8564460348617,13.056341934898207
2026-06-13 04:00:00,300.10211208218,0.0,514.237140656997,15.54287148203327
2026-06-13 05:00:00,302.7892559230235,0.0,422.7763750910895,14.988258078972562
2026-06-13 06:00:00,299.58393856362807,0.1168383570934894,47.27874270965642,17.366065006485858
2026-06-13 07:00:00,298.3782840447282,0.3699313346696058,42.7997142471658,17.948785600681934
2026-06-13 08:00:00,302.07703491639296,0.5978083793123933,63.80760133969842,19.253696739566173
2026-06-13 09:00:00,298.7720009849354,0.7849365211537067,55.11248708143341,21.877284623797745
2026-06-13 10:00:00,296.6900804693309,0.9185603912033988,58.600503162865664,23.850611209195595
2026-06-13 11:00:00,295.60676226589845,0.9895716760270132,48.87817840555522,22.467435160855707
2026-06-13 12:00:00,295.65747752675173,0.9931299751831516,72.22903482139844,24.583266802192636
2026-06-13 13:00:00,294.552234773005,0.928992741408309,39.85390307782005,28.289797332992414
2026-06-13 14:00:00,290.5625946101624,0.8015318135651784,64.67455364138812,27.637636680911747
2026-06-13 15:00:00,290.19296212807063,0.6194354154047245,50.93729182037433,26.308718712309776
2026-06-13 16:00:00,287.893572884441,0.3951159330458892,46.11031112130998,25.567031173687372
2026-06-13 17:00:00,288.8226835521998,0.1438638393213354,62.84566142800814,26.589249305999886
2026-06-13 18:00:00,289.6153138346843,0.0,44.390006684930704,24.288330806605924
2026-06-13 19:00:00,290.2890367257108,0.0,59.066109795086135,21.941350312382912
2026-06-13 20:00:00,291.15962542524414,0.0,70.92559745968046,19.601994235618342
2026-06-13 21:00:00,289.84214375573583,0.0,56.137545370729626,18.37313301218798
2026-06-13 22:00:00,294.3448189854018,0.0,451.8961359082989,17.10419861293949
2026-06-13 23:00:00,294.9016347187485,0.0,437.2827206300749,15.068453941239259
2026-06-14 00:00:00,295.676241184516,0.0,533.157836804701,13.56820097377174
2026-06-14 01:00:00,297.26157777660404,0.0,518.2666344733393,11.887358032367203
2026-06-14 02:00:00,297.99618228173574,0.0,447.04722308551067,12.971280030263527
2026-06-14 03:00:00,302.2133911524303,0.0,543.1991082418306,13.242268068779676
2026-06-14 04:00:00,300.58766276486364,0.0,516.2581068658227,12.862527253755363
2026-06-14 05:00:00,300.33250477828284,0.0,411.27792705095743,16.267880064539217
2026-06-14 06:00:00,299.6853855582931,0.1175507543512238,64.38720887411563,16.894593617074445
2026-06-14 07:00:00,302.36446457448443,0.3705976911371904,54.84872900869946,17.020012063879665
2026-06-14 08:00:00,299.3350982378675,0.5983832735874715,47.65441517787064,20.453266473409005
2026-06-14 09:00:00,298.34747923780856,0.7853807662463548,40.19615590473288,20.830682738696108
2026-06-14 10:00:00,297.6466464314624,0.9188437056710562,41.39672100089197,24.330690225616557
2026-06-14 11:00:00,292.412932054156,0.9896747480732844,39.53143701185462,24.362571916512255
2026-06-14 12:00:00,293.6375105508088,0.9930457790236208,61.87797753325489,28.838018897388583
2026-06-14 13:00:00,292.4819358101494,0.9287270161748444,52.05429395484961,27.081057872056657
2026-06-14 14:00:00,292.2282999105704,0.8011026721047813,52.383758550237125,28.041723404485104
2026-06-14 15:00:00,291.2891659675612,0.6188721096386842,44.16899725860869,26.38098648571433
2026-06-14 16:00:00,289.0197983579826,0.3944568600470846,37.42155952118449,26.115105666898152
2026-06-14 17:00:00,288.96096206157176,0.1431539240230675,43.14733500685995,24.457615045673666
2026-06-14 18:00:00,290.13539192994443,0.0,38.55800036660212,23.701428038355388
2026-06-14 19:00:00,288.3409623295042,0.0,63.121112942408686,23.674872590525954
2026-06-14 20:00:00,289.59898338819335,0.0,45.90248002618364,19.73441062638082
2026-06-14 21:00:00,291.84518699348047,0.0,68.27562092933388,17.251717574734794
2026-06-14 22:00:00,293.14926509511656,0.0,609.7830284816811,17.1688334903814
2026-06-14 23:00:00,295.94451401326734,0.0,446.3558867894341,13.81347481403137
2026-06-15 00:00:00,295.89967397552834,0.0,555.3468856279812,12.739268921134665
2026-06-15 01:00:00,297.077959925521,0.0,524.7095662017359,13.952841348088771
2026-06-15 02:00:00,298.14724046112195,0.0,583.3533115712836,12.353344556253019
2026-06-15 03:00:00,300.9328435895648,0.0,450.54501918542616,11.586276192462389
2026-06-15 04:00:00,297.88928636884816,0.0,526.2181345863931,14.141742561760054
2026-06-15 05:00:00,301.4151273453634,0.0,547.9328403323317,15.655561378420925
2026-06-15 06:00:00,301.44719730453176,0.1182630911200026,36.371892977904736,16.010160094217536
2026-06-15 07:00:00,300.2926893268103,0.3712638569035973,44.03235010689688,19.31092801390714
2026-06-15 08:00:00,299.93682485387177,0.5989578599480708,61.385329956724185,20.771067747663064
2026-06-15 09:00:00,298.9423838074308,0.7858246071997095,49.76838541040608,22.407082537672146
2026-06-15 10:00:00,297.60165538522205,0.9191265473225552,45.10923600585558,25.233187000179203
2026-06-15 11:00:00,295.5864344604943,0.9897773108553471,52.33945391699202,25.66047016065432
2026-06-15 12:00:00,295.90761361255375,0.9929610718652252,53.57927421046415,25.83086164800957
2026-06-15 13:00:00,292.4438152489344,0.928460813039578,47.69432609910891,26.69032679108214
2026-06-15 14:00:00,292.38700510660664,0.8006731184150946,59.02944947824959,24.929699333894625
2026-06-15 15:00:00,289.9744242943061,0.6183084854150742,52.92738509460602,28.56833528526021
2026-06-15 16:00:00,288.3986977310691,0.3937975840697146,47.197396134956335,24.541018079197084
2026-06-15 17:00:00,289.78485102333536,0.1424439350612579,52.13500250701168,23.598049784520995
2026-06-15 18:00:00,288.8766192198377,0.0,47.95304560320343,23.831595363708754
2026-06-15 19:00:00,289.13261874638295,0.0,43.325387935249,22.466470466568584
2026-06-15 20:00:00,289.62935482266306,0.0,39.97509101200618,20.860321930308867
2026-06-15 21:00:00,292.7031712346053,0.0,68.28502525625318,17.64024988548903
2026-06-15 22:00:00,293.1233234706347,0.0,376.101655999534,16.662251670030592
2026-06-15 23:00:00,293.30644628216254,0.0,487.5565079733463,14.079604440068227
2026-06-16 00:00:00,296.5191617942153,0.0,534.1188195261972,14.897357675028596
2026-06-16 01:00:00,300.0838950333783,0.0,519.3865757360962,14.047391003862543
2026-06-16 02:00:00,297.23118550868537,0.0,497.4836025450546,13.338701319502924
2026-06-16 03:00:00,299.08142235542147,0.0,530.0698673478981,12.563522886872448
2026-06-16 04:00:00,302.3753801079173,0.0,583.1234359901706,13.2558642686979
2026-06-16 05:00:00,300.8695440415701,0.0,593.9972259847854,15.352415568075756
2026-06-16 06:00:00,303.068006508972,0.1189753670332735,53.82539510732887,16.61254451642261
2026-06-16 07:00:00,301.3695362068945,0.371929831626033,59.01538024102283,17.130619102363056
2026-06-16 08:00:00,298.1804310104019,0.5995321380985225,25.23814976732101,19.841299833289877
2026-06-16 09:00:00,299.87106931877025,0.7862680437856615,52.29972041838654,21.387443724495704
2026-06-16 10:00:00,298.8492019670573,0.919408916012352,59.66941138910033,21.86810894092413
2026-06-16 11:00:00,298.2044669409289,0.989879364320425,46.61845606066395,22.644948875640527
2026-06-16 12:00:00,296.2956278713304,0.9928758537515536,59.833900110042165,26.986839771759062
2026-06-16 13:00:00,293.8374186911659,0.9281941321393234,29.47281271899408,27.12327488651913
2026-06-16 14:00:00,291.56161228978766,0.800243152717157,58.85842683236663,26.29641320701968
2026-06-16 15:00:00,289.3349526156095,0.6177445430239228,48.90916608939989,27.923316572042133
2026-06-16 16:00:00,290.6471235281742,0.3931381054530276,51.16412480837274,24.614666557616104
2026-06-16 17:00:00,287.9401975712234,0.1417338728008008,45.48390918114592,25.420278769481783
2026-06-16 18:00:00,288.35209219924025,0.0,59.10532838289405,22.716762948565513
2026-06-16 19:00:00,290.5446991310513,0.0,32.97486821702037,21.100026495460114
2026-06-16 20:00:00,290.6870765504854,0.0,53.73326445398863,20.004231031945533
2026-06-16 21:00:00,290.97001896653376,0.0,31.118403436247828,19.259673825364633
2026-06-16 22:00:00,291.7629819825073,0.0,522.9747052044282,17.632891744133886
2026-06-16 23:00:00,293.85858788323696,0.0,479.13473580321903,15.654287033198157
2026-06-17 00:00:00,294.96821521593705,0.0,533.6047130142903,12.57203453990767
2026-06-17 01:00:00,296.43984377323244,0.0,480.7499182448317,13.157543237748847
2026-06-17 02:00:00,298.90085097139627,0.0,470.63680868029167,11.438667760936365
2026-06-17 03:00:00,298.9171356132133,0.0,549.3172243458635,13.845529515847964
2026-06-17 04:00:00,299.29309337445284,0.0,379.14557558880455,13.464419538245387
2026-06-17 05:00:00,300.20194810760995,0.0,453.5319392875474,16.196816500531426
2026-06-17 06:00:00,302.1675683200413,0.1196875817245154,57.35025736139803,18.438668878100394
2026-06-17 07:00:00,301.01805905155555,0.3725956149618018,57.27016561521181,19.344185815093983
2026-06-17 08:00:00,300.02875382543124,0.6001061077433156,64.75119894968496,19.24305475614685
2026-06-17 09:00:00,300.0908995281273,0.7867110757758878,26.410585051088077,22.874319897063604
2026-06-17 10:00:00,296.8460781659495,0.919690811595146,51.672244318261896,24.52470011758413
2026-06-17 11:00:00,296.072400178978,0.9899809084160036,46.64733608415252,25.198522180784177
2026-06-17 12:00:00,293.8835446035203,0.9927901247264568,53.8817442053307,25.801452911452248
2026-06-17 13:00:00,293.51125818621193,0.9279269736113928,48.689828520738814,25.62419823619365
2026-06-17 14:00:00,291.65108806182894,0.7998127752322193,52.68537097663522,26.919264181277185
2026-06-17 15:00:00,289.8285603561446,0.617180282755422,62.65279841662704,27.682235107794597
2026-06-17 16:00:00,291.0883843561691,0.3924784245363764,55.64628637520696,25.35878325130742
2026-06-17 17:00:00,288.55444356946526,0.1410237376073031,50.23751901669415,24.180183572903687
2026-06-17 18:00:00,288.73180526731545,0.0,33.79409491865383,22.91523863143451
2026-06-17 19:00:00,289.6283136460094,0.0,50.88735751582513,22.4816475763991
2026-06-17 20:00:00,289.38666661732213,0.0,58.65367885706566,20.324367951629746
2026-06-17 21:00:00,291.89202384393616,0.0,36.14866049701534,16.650012134837855
2026-06-17 22:00:00,292.0684320986817,0.0,535.9158271060164,17.003359039814143
2026-06-17 23:00:00,293.3418142278496,0.0,477.8375298602094,14.876818006243829
2026-06-18 00:00:00,294.5991557221457,0.0,446.6253883651836,15.743205056685795
2026-06-18 01:00:00,298.1761634892756,0.0,492.7381231937532,12.725863080450877
2026-06-18 02:00:00,297.77678164277035,0.0,549.5420502174487,13.300507675454549
2026-06-18 03:00:00,299.7495113088206,0.0,497.2062591120485,14.573962600160742
2026-06-18 04:00:00,300.8774509639898,0.0,519.1062565847458,12.205249281605537
2026-06-18 05:00:00,301.4060825372496,0.0,509.43986401711,17.000871102640403
2026-06-18 06:00:00,299.80642244830824,0.1203997348272387,41.29063554391895,15.488816436617444
2026-06-18 07:00:00,298.52820744198505,0.3732612065683067,51.67323480213332,18.111157345999885
2026-06-18 08:00:00,300.2271529531666,0.6006797685870986,44.33165761082393,19.109969814016473
2026-06-18 09:00:00,298.3244077394553,0.7871537029424142,59.5829362302818,21.13123844922349
2026-06-18 10:00:00,298.5362997776772,0.91997223392588,49.49819380012138,23.100467547834896
2026-06-18 11:00:00,295.98721246878176,0.9900819430898304,60.30937130089389,25.208081917638292
2026-06-18 12:00:00,295.03830274551893,0.9927038848340496,37.15184657508356,26.729928643236253
2026-06-18 13:00:00,292.09650208719904,0.9276593375932596,43.755917263471545,27.90704540068088
2026-06-18 14:00:00,291.67372242115243,0.7993819861817436,49.89131866454382,26.42017863324608
2026-06-18 15:00:00,291.74829209476206,0.6166157048999272,79.28575294107382,26.043719204991852
2026-06-18 16:00:00,288.63393963079284,0.3918185416592179,46.3499068522277,25.120597219284324
2026-06-18 17:00:00,289.1677147652319,0.1403135298461843,39.26385007107137,25.948341530537856
2026-06-18 18:00:00,289.19165734842807,0.0,52.77896373889997,23.133064700555423
2026-06-18 19:00:00,289.448013380625,0.0,38.71211252636728,21.197013522582743
2026-06-18 20:00:00,291.3308669712412,0.0,46.21121604906229,19.192054642689477
2026-06-18 21:00:00,291.6371744656539,0.0,34.43963938762091,18.44797396340233
2026-06-18 22:00:00,293.526417200631,0.0,463.43082086308647,15.756119507182554
2026-06-18 23:00:00,294.62367758259643,0.0,504.1263219505705,16.105903747372878
2026-06-19 00:00:00,299.0755039916817,0.0,540.4377907737676,15.989678052499645
2026-06-19 01:00:00,298.40696044412306,0.0,514.9168494928098,13.398805591811879
2026-06-19 02:00:00,300.33745088265084,0.0,525.9487158105463,12.681270134075906
2026-06-19 03:00:00,300.3171555144971,0.0,522.0344293680085,13.957880929179044
2026-06-19 04:00:00,300.48261535432533,0.0,516.6633997173066,14.260598631402909
2026-06-19 05:00:00,300.6274657250457,0.0,478.63989890559793,14.57747094852555
2026-06-19 06:00:00,302.19033276133,0.1211118259749857,68.76757559410703,16.693678905350456
2026-06-19 07:00:00,300.85182938714274,0.3739266061030494,43.277515946322254,15.766680874426164
2026-06-19 08:00:00,300.8955730918864,0.6012531203346786,39.337969938680885,20.027923732906437
2026-06-19 09:00:00,299.1557305801965,0.7875959250574747,45.38622769682272,20.66026636029145
2026-06-19 10:00:00,298.0504125112104,0.9202531828597404,58.23299984264102,23.356293191061344
2026-06-19 11:00:00,296.580304494232,0.9901824682899156,29.324547810774067,24.320672125295147
2026-06-19 12:00:00,293.3708925766934,0.9926171341187086,43.57140361173013,26.488109953841008
2026-06-19 13:00:00,294.28120949914126,0.9273912242226438,59.29761537496445,26.084939505108665
2026-06-19 14:00:00,292.536152784424,0.7989507857874046,51.128835143406526,27.801399454538444
2026-06-19 15:00:00,290.4904510617849,0.6160508097479577,59.59892131514254,27.12223173214272
2026-06-19 16:00:00,290.4411533011102,0.3911584571611128,70.06413828349899,27.650627229482506
2026-06-19 17:00:00,288.61473099361365,0.1396032498829013,56.60960718560376,26.013992450230177
2026-06-19 18:00:00,289.7875298675807,0.0,46.93844203201679,24.283138018643005
2026-06-19 19:00:00,291.5488047011237,0.0,39.310877317265344,22.540629718031017
2026-06-19 20:00:00,291.98491600703085,0.0,39.2212406590256,19.724128802719743
2026-06-19 21:00:00,291.1399115957527,0.0,63.800262527308405,15.691755196087101
2026-06-19 22:00:00,292.7646533088641,0.0,581.4541281082722,16.420876393831083
2026-06-19 23:00:00,293.22895334217435,0.0,523.2449281206772,14.289019319917712
2026-06-20 00:00:00,295.2367922756588,0.0,409.3943398593868,14.87270530141974
2026-06-20 01:00:00,297.28828032733315,0.0,418.4331994660614,15.592881915354209
2026-06-20 02:00:00,296.78820626187115,0.0,505.2436993403605,13.197085367595975
2026-06-20 03:00:00,297.5887091024406,0.0,504.2365227179829,14.655912013324432
2026-06-20 04:00:00,301.59191927308405,0.0,569.0456080935468,14.315851648404859
2026-06-20 05:00:00,302.2614256637037,0.0,453.47551396696406,14.618948548732503
2026-06-20 06:00:00,300.99557744855866,0.1218238548013302,49.215887870472926,19.016069743532984
2026-06-20 07:00:00,300.61219031412384,0.3745918132236303,50.823099961307136,18.255165760562814
2026-06-20 08:00:00,299.96452558754294,0.6018261626910216,61.12263520176497,19.84998896459039
2026-06-20 09:00:00,298.0788161160824,0.7880377418935117,53.72657108873515,24.152381562661102
2026-06-20 10:00:00,296.5344806694356,0.9205336582521574,40.37210017924107,23.225794381689674
2026-06-20 11:00:00,296.3804945862614,0.9902824839645308,51.33622888680584,25.111242749092753
2026-06-20 12:00:00,295.5253910727037,0.992529872625074,59.18064492606642,25.778494956271768
2026-06-20 13:00:00,293.1429689137135,0.92712263363751,41.649421146179776,28.629425648841817
2026-06-20 14:00:00,291.5495049693296,0.7985191742710881,51.598314964863725,27.33904712634777
2026-06-20 15:00:00,288.3790478228623,0.6154855975901954,54.89801719713199,26.56631365394488
2026-06-20 16:00:00,288.5371406591639,0.3904981713817258,58.75149391268042,25.86267213554949
2026-06-20 17:00:00,288.6587793184429,0.138892898082948,46.72220031514586,24.31124453251686
2026-06-20 18:00:00,287.7303304935358,0.0,46.77980754483929,22.829335197606213
2026-06-20 19:00:00,288.3685315477572,0.0,53.38288368556341,21.141911708355863
2026-06-20 20:00:00,290.11180759371075,0.0,54.65853773626452,20.24176867480112
2026-06-20 21:00:00,290.6808437677079,0.0,44.052639748953446,17.21130842528718
2026-06-20 22:00:00,293.41223656367566,0.0,441.136849693816,17.303528269287366
2026-06-20 23:00:00,292.750918785378,0.0,491.62588734697306,16.558586801503704
2026-06-21 00:00:00,297.24525833016685,0.0,488.0169734157557,13.819739904638737
2026-06-21 01:00:00,297.91581912355167,0.0,517.5585293320239,14.715640416015589
2026-06-21 02:00:00,299.22295513533174,0.0,394.5895297375706,12.523534875140903
2026-06-21 03:00:00,298.419519362557,0.0,461.0828371806439,13.282923588141971
2026-06-21 04:00:00,300.4477471403479,0.0,434.03208176366303,14.892811263233357
2026-06-21 05:00:00,299.8776141369849,0.0,519.2707607866802,14.719685414226575
2026-06-21 06:00:00,299.75630580632395,0.1225358209396529,53.39904081186647,16.618655019494863
2026-06-21 07:00:00,301.5993504138137,0.3752568275877489,39.58892094466865,17.918763209011807
2026-06-21 08:00:00,299.2580305793325,0.6023988953612532,46.21180630909655,20.54418096774973
2026-06-21 09:00:00,298.03489872490496,0.7884791532231765,60.318617875065456,21.45515388935458
2026-06-21 10:00:00,296.43872325801146,0.920813659958716,53.32133116780572,23.03466094594041
2026-06-21 11:00:00,296.14691124724703,0.9903819900622106,45.73763636879216,24.603738956411267
2026-06-21 12:00:00,294.82044250623494,0.9924421003980484,39.5113098216942,26.325331956737973
2026-06-21 13:00:00,293.04348593188195,0.9268535659760688,55.01626923600315,26.740878231012086
2026-06-21 14:00:00,291.441442413325,0.7980871518550287,48.33119669425763,26.467582035043396
2026-06-21 15:00:00,291.25075419196844,0.6149200687174857,53.404315918197376,26.22377353757482
2026-06-21 16:00:00,290.0316680497164,0.3898376846608248,37.10290472459896,24.370166339666497
2026-06-21 17:00:00,288.1529461465509,0.1381824748118554,52.96964129796636,24.462969099011005
2026-06-21 18:00:00,288.7093622692431,0.0,64.65045043940748,23.308378214054727
2026-06-21 19:00:00,287.5516140901215,0.0,30.499545374985264,22.871700809634085
2026-06-21 20:00:00,289.2831163790074,0.0,51.622264765460464,19.658680126467974
2026-06-21 21:00:00,292.4948589748699,0.0,50.52203938296579,17.59534460481792
2026-06-21 22:00:00,292.3808364954978,0.0,513.7283985754575,17.379858382030147
2026-06-21 23:00:00,293.7281564813717,0.0,503.3839038502285,14.391993781010996
2026-06-22 00:00:00,296.8675329445466,0.0,513.325116701157,13.880442587767202
2026-06-22 01:00:00,296.8801976429163,0.0,486.6340036162782,13.840954057057177
2026-06-22 02:00:00,299.5362911302197,0.0,508.59258907462095,11.722019164391
2026-06-22 03:00:00,298.9706281296312,0.0,420.22601028570415,12.873970821015753
2026-06-22 04:00:00,300.52896760347414,0.0,591.8008563991856,13.796883147926694
2026-06-22 05:00:00,301.2720891585926,0.0,565.4380230918373,14.88890121492765
2026-06-22 06:00:00,301.57205716235865,0.1232477240240433,56.98892302001437,17.80573424946585
2026-06-22 07:00:00,302.6233504878743,0.3759216488532039,58.98682774042176,17.212597886329373
2026-06-22 08:00:00,299.6571658695481,0.6029713180506581,41.53246295641837,18.789994857869022
2026-06-22 09:00:00,299.16696961561223,0.7889201588193288,55.3450085943239,20.940293381264233
2026-06-22 10:00:00,297.1142003227311,0.9210931878355112,33.02018544916061,22.77289226508067
2026-06-22 11:00:00,295.84631039084417,0.9904809865317512,39.610681000330885,25.19140312991636
2026-06-22 12:00:00,294.76938724571136,0.9923538174827976,37.836225429458175,25.949480537975727
2026-06-22 13:00:00,293.190583789548,0.9265840213767768,39.72886554385777,27.411434250823657
2026-06-22 14:00:00,290.49100314636274,0.7976547187612612,41.98000413688938,26.72201108555307
2026-06-22 15:00:00,290.1164211781783,0.6143542234208372,53.38933328442688,26.236495862554154
2026-06-22 16:00:00,291.5405236758277,0.3891769973382815,39.72767579713419,26.96450321287781
2026-06-22 17:00:00,289.05971058960523,0.1374719804351912,48.99289610741525,25.632506579620284
2026-06-22 18:00:00,290.614647137729,0.0,49.27566081787174,24.27033766252647
2026-06-22 19:00:00,289.9934261330133,0.0,43.74537208314546,20.49185430909259
2026-06-22 20:00:00,291.0937949742703,0.0,47.68513006741844,20.05326100999134
2026-06-22 21:00:00,288.99126590378097,0.0,34.89527729387532,18.3118712183678
2026-06-22 22:00:00,293.494327752887,0.0,621.7639346384946,17.894274765516435
2026-06-22 23:00:00,295.80741761397275,0.0,565.9556468491002,15.372746219932772
2026-06-23 00:00:00,297.89499745364185,0.0,557.8984597977118,13.319624253323681
2026-06-23 01:00:00,297.56723351159275,0.0,486.2243555618521,13.122930811703583
2026-06-23 02:00:00,297.9144902499576,0.0,408.9187916333639,10.833952658307684
2026-06-23 03:00:00,299.9960008083268,0.0,451.8323458416312,13.108398301109832
2026-06-23 04:00:00,300.7968967700806,0.0,482.85372374937526,15.198766116368699
2026-06-23 05:00:00,301.71068450483943,0.0,517.1074188395028,13.338973660703063
2026-06-23 06:00:00,301.5483365851709,0.1239595636879466,51.31252738155264,16.31061613997527
2026-06-23 07:00:00,302.0722434545521,0.3765862766778933,49.74588009956187,17.80333616752065
2026-06-23 08:00:00,301.28108576994475,0.6035434304646805,45.60540381183839,18.79824526031724
2026-06-23 09:00:00,300.10727254731404,0.789360758455037,46.23116782763006,21.26807594362542
2026-06-23 10:00:00,297.3564306769793,0.9213722417386154,30.995448717436915,24.04600807597801
2026-06-23 11:00:00,295.871190028365,0.9905794733222112,56.75373143621396,23.70190408760462
2026-06-23 12:00:00,294.5344868371037,0.99226502392475,44.92365399966,25.125283569991485
2026-06-23 13:00:00,291.3474733243166,0.9263139999783352,49.81043302330212,27.361453728028867
2026-06-23 14:00:00,291.2523912707826,0.797221875212443,67.75363323654891,25.37737830829734
2026-06-23 15:00:00,289.1540491951631,0.6137880619914209,43.32504541855596,27.246086048528184
2026-06-23 16:00:00,290.7689662992556,0.3885161097540704,73.00648953262666,26.41895260601553
2026-06-23 17:00:00,289.0995113996633,0.1367614153185597,60.05762013217172,23.781291567581036
2026-06-23 18:00:00,289.43582855258,0.0,37.51455089287015,21.178891593749537
2026-06-23 19:00:00,289.0204931538797,0.0,49.12356031280387,21.86009869704389
2026-06-23 20:00:00,290.03795188024446,0.0,44.0360195266619,20.810633049579867
2026-06-23 21:00:00,290.65282989785504,0.0,46.75479062043566,16.787198288664715
2026-06-23 22:00:00,293.9166378150895,0.0,510.9214912792468,16.15003313214462
2026-06-23 23:00:00,292.15134994239213,0.0,505.39557609449656,15.791045911951208
2026-06-24 00:00:00,295.27315125915175,0.0,534.8958148062602,12.682632065431646
2026-06-24 01:00:00,296.1940791875443,0.0,447.314438025616,12.650262209510702
2026-06-24 02:00:00,295.32706666232764,0.0,567.0857444272482,13.10328739524985
2026-06-24 03:00:00,299.93973412423304,0.0,508.3827394100606,14.219253290618537
2026-06-24 04:00:00,300.32013523587693,0.0,516.3717960260108,13.426960452120909
2026-06-24 05:00:00,302.78621148016066,0.0,469.2436147638905,17.366219808923155
2026-06-24 06:00:00,301.3214023512125,0.1246713395650662,50.93708504469074,17.290321157474274
2026-06-24 07:00:00,300.6772339883028,0.3772507107198147,52.64977515804152,18.225926381596626
2026-06-24 08:00:00,299.02505101643897,0.6041152323089243,50.4066010030496,20.149091682396445
2026-06-24 09:00:00,299.68288690104794,0.7898009519035784,44.09753102541749,22.52313866124648
2026-06-24 10:00:00,296.45961720844355,0.9216508215244338,53.17441060034936,24.048039016178056
2026-06-24 11:00:00,296.700902010984,0.990677450382912,56.52597331224098,23.751132069080793
2026-06-24 12:00:00,295.9028857346075,0.9921757197695964,48.21078137101107,27.534572565493892
2026-06-24 13:00:00,292.59589134887324,0.9260435019196908,58.72424757143106,26.59362104851274
2026-06-24 14:00:00,290.91805119661603,0.7967886214313056,57.211580019581895,28.02285325354371
2026-06-24 15:00:00,290.2370920675174,0.6132215847205706,39.54399772331232,26.04968927001327
2026-06-24 16:00:00,289.81845209858784,0.3878550222482695,52.99070289389327,26.348751575770578
2026-06-24 17:00:00,290.812793385109,0.1360507798276016,51.26255013176127,25.467185962041977
2026-06-24 18:00:00,289.6959975685899,0.0,43.65668890544238,23.139315128795232
2026-06-24 19:00:00,289.47914903999424,0.0,47.50441424568784,22.12005879415934
2026-06-24 20:00:00,290.79362106944427,0.0,43.4785621131315,19.68270167510166
2026-06-24 21:00:00,291.7876087792063,0.0,42.35605896699908,16.519637529159994
2026-06-24 22:00:00,292.81520556908094,0.0,579.4343281223776,16.794496237439887
2026-06-24 23:00:00,295.3187581081214,0.0,511.8628155593358,15.301328021567771
2026-06-25 00:00:00,295.2915380076848,0.0,626.4253050136492,15.047644713082285
2026-06-25 01:00:00,298.9127916946064,0.0,440.5050628781487,13.03766433471888
2026-06-25 02:00:00,300.39156670636544,0.0,498.8962698213495,13.334915464248095
2026-06-25 03:00:00,297.70752456582017,0.0,529.8462656530572,12.750950874119582
2026-06-25 04:00:00,299.35019910110304,0.0,423.383281593279,12.70959759400425
2026-06-25 05:00:00,300.2799271528086,0.0,505.31054709714994,14.906252797828724
2026-06-25 06:00:00,303.1948101374173,0.1253830512891383,25.47610272916616,16.94664758735573
2026-06-25 07:00:00,300.03330129185895,0.3779149506370655,47.723071594421086,17.436172583708572
2026-06-25 08:00:00,299.6906498846225,0.6046867232891532,68.70885658073647,18.365349272659103
2026-06-25 09:00:00,300.7359539329408,0.7902407389384396,40.14681975141912,20.176394904231806
2026-06-25 10:00:00,297.39730476221183,0.9219289270496156,44.10990503794988,22.151320445090967
2026-06-25 11:00:00,295.8060895434326,0.990774917663436,46.86332335102967,23.88703753569425
2026-06-25 12:00:00,293.9984924126686,0.9920859050632912,59.4179696194264,25.842152811387436
2026-06-25 13:00:00,292.0725462703807,0.925772527340036,36.9191739645018,28.000663676392133
2026-06-25 14:00:00,291.3327594164145,0.7963549576407913,50.91151674867678,25.231178209698868
2026-06-25 15:00:00,290.4844759643687,0.6126547918997829,40.69540573501016,25.084573239710398
2026-06-25 16:00:00,289.4148948653049,0.3871937351610594,25.45683738132196,24.877769692285625
2026-06-25 17:00:00,288.4410107247989,0.1353400743279939,42.937191881077496,25.930771557824002
2026-06-25 18:00:00,289.1685118542499,0.0,53.82873137016065,23.011319390506618
2026-06-25 19:00:00,290.1063865846048,0.0,60.39941724263313,22.306891828895804
2026-06-25 20:00:00,289.8327470296666,0.0,56.08521336231459,22.083254257484242
2026-06-25 21:00:00,291.46755803527896,0.0,48.51546028073559,19.228462827359678
2026-06-25 22:00:00,293.69647720936143,0.0,581.7222653408912,17.02167431639682
2026-06-25 23:00:00,292.16459836877607,0.0,473.5397438119071,14.704188504958193
2026-06-26 00:00:00,296.03275675962743,0.0,481.1383047906415,12.60160231747104
2026-06-26 01:00:00,296.36306377321154,0.0,437.8285366686766,13.345258110481609
2026-06-26 02:00:00,300.71944704014766,0.0,483.7480493664359,11.939615770608572
2026-06-26 03:00:00,299.480998153344,0.0,402.6849151407332,14.382230098746053
2026-06-26 04:00:00,300.0330643056046,0.0,510.3232376327003,15.411310622785189
2026-06-26 05:00:00,301.47606129181247,0.0,481.7033308099572,15.88038801318567
2026-06-26 06:00:00,299.5977169460781,0.1260946984939323,46.50448333628378,16.589065443174494
2026-06-26 07:00:00,301.403636928,0.3785789960876322,42.08749532073417,18.65659030558153
2026-06-26 08:00:00,300.50363745293794,0.6052579031112909,54.80301239469959,18.792160173049567
2026-06-26 09:00:00,297.57967767456813,0.7906801193333162,50.90339768908447,21.32012227303144
2026-06-26 10:00:00,297.2215452263429,0.922206558171054,80.55330186947504,24.48552466460055
2026-06-26 11:00:00,294.8568890350255,0.9908718751135988,61.09942190585176,24.521026607827533
2026-06-26 12:00:00,292.17910849721613,0.9919955798520508,40.35451861901248,26.08740598328484
2026-06-26 13:00:00,293.46032087293213,0.925501076378808,36.47154444067536,25.02148141721807
2026-06-26 14:00:00,292.86065339771824,0.795920884064054,55.143182877763415,28.442392746812214
2026-06-26 15:00:00,289.86606877612434,0.6120876838208962,46.19274325570942,25.433715509507547
2026-06-26 16:00:00,289.6859099545952,0.3865322488327234,48.43720889722606,26.497993151908393
2026-06-26 17:00:00,290.229076747752,0.1346292991854495,60.46700112661633,25.53356651280647
2026-06-26 18:00:00,291.27261186221466,0.0,51.50395287578894,22.899194768125177
2026-06-26 19:00:00,289.3838485131872,0.0,57.59413250566597,21.784377654845105
2026-06-26 20:00:00,291.2547985392754,0.0,73.52298170592294,22.366147514416767
2026-06-26 21:00:00,291.99641345282686,0.0,46.11534669618689,17.536084559677796
2026-06-26 22:00:00,292.03769962930386,0.0,501.4137363383078,16.65228180827177
2026-06-26 23:00:00,293.5384542788613,0.0,513.179608438437,12.160611483737297
2026-06-27 00:00:00,294.586666957148,0.0,441.99967175494265,14.06047679151533
2026-06-27 01:00:00,297.6201101422155,0.0,469.8020619604672,13.239709530581145
2026-06-27 02:00:00,298.4470440289529,0.0,551.9072194495403,11.86140562147209
2026-06-27 03:00:00,299.3778612643037,0.0,549.5499181078394,10.885544465267952
2026-06-27 04:00:00,301.8288587001037,0.0,536.7901945817541,15.314341089832642
2026-06-27 05:00:00,301.9291484894319,0.0,570.1266905817256,15.52667077817118
2026-06-27 06:00:00,300.0673287899603,0.1268062808132506,44.442365818964376,17.85725997258425
2026-06-27 07:00:00,299.07828868452424,0.3792428467302332,37.821201690444106,17.270558549559308
2026-06-27 08:00:00,297.26538592112485,0.6058287714814212,55.55043271810443,20.366891295125196
2026-06-27 09:00:00,299.9277140319157,0.7911190928621128,55.25233357051475,20.208310764750593
2026-06-27 10:00:00,299.2085046140486,0.922483714745886,41.16048405765663,24.201842084839374
2026-06-27 11:00:00,296.3245113228998,0.9909683226835694,57.77874445261547,24.192193349012886
2026-06-27 12:00:00,294.2387019241612,0.9919047441823544,52.31175752771357,24.82952534252279
2026-06-27 13:00:00,292.2239530813748,0.9252291491756895,58.81693109413641,26.014861260675517
2026-06-27 14:00:00,290.4880386364082,0.795486400924458,46.247076732740354,27.852296880334972
2026-06-27 15:00:00,290.97317692758884,0.6115202607753719,42.616469646003,26.23603248834282
2026-06-27 16:00:00,292.05163817336233,0.3858705636036474,48.911654688491176,25.327560829360433
2026-06-27 17:00:00,291.0943935843728,0.1339184547657172,51.705441126296094,26.35261344950159
2026-06-27 18:00:00,287.3964069170452,0.0,51.48843121428115,25.136769958312094
2026-06-27 19:00:00,288.7438643628043,0.0,58.50871694252808,23.277268939901337
2026-06-27 20:00:00,291.5327112073764,0.0,68.37677177636891,20.58750256994686
2026-06-27 21:00:00,291.3665011699338,0.0,67.43568242283158,16.901829205736057
2026-06-27 22:00:00,291.9616906825969,0.0,532.3521731366774,15.386692036309098
2026-06-27 23:00:00,294.18832524340456,0.0,529.8781338038897,14.676872739943821
2026-06-28 00:00:00,295.0859552047097,0.0,428.6467129653549,13.736237608758545
2026-06-28 01:00:00,296.43128325810073,0.0,512.206221717443,15.72587911170196
2026-06-28 02:00:00,298.72406710541526,0.0,471.0858161258591,15.538058810871886
2026-06-28 03:00:00,300.1907577489839,0.0,457.79547766820616,11.641823084316663
2026-06-28 04:00:00,300.4979698580724,0.0,464.8892180704976,12.986085238987991
2026-06-28 05:00:00,300.1386614094547,0.0,473.6832568206796,16.742754299542604
2026-06-28 06:00:00,300.9800212209825,0.127517797880929,58.751872211814586,16.730975810611728
2026-06-28 07:00:00,301.58330676065214,0.3799065022230553,56.22008582174389,16.718364373854364
2026-06-28 08:00:00,299.01284640063136,0.6063993281057883,42.49067925748828,19.052260788763387
2026-06-28 09:00:00,298.09955687102826,0.7915576592989438,46.46483073509105,22.987524538953014
2026-06-28 10:00:00,297.6420673215332,0.9227603966314936,54.52349205981123,24.87488773765522
2026-06-28 11:00:00,296.8183468824968,0.9910642603236874,52.96618110546011,26.84626725900247
2026-06-28 12:00:00,294.4322161029749,0.991813398100944,48.67712554653341,25.807969212096555
2026-06-28 13:00:00,291.29032622217534,0.9249567458706082,57.556099966013065,26.46256438527584
2026-06-28 14:00:00,292.47887395010025,0.7950515084455784,46.860618718069134,27.227485843310642
2026-06-28 15:00:00,290.5114371597584,0.6109525230553728,55.23626723194461,26.915489977139067
2026-06-28 16:00:00,289.4663135569687,0.3852086798143196,52.58439305348579,25.84052427905613
2026-06-28 17:00:00,289.26586282716363,0.1332075414345815,51.47786686630572,23.72240544490382
2026-06-28 18:00:00,290.77522973038714,0.0,47.68697484555026,23.325606657217484
2026-06-28 19:00:00,290.24700781113575,0.0,42.31965370909778,19.984646897203042
2026-06-28 20:00:00,290.6740310391464,0.0,40.20850913260853,21.073485597864998
2026-06-28 21:00:00,293.0541107002561,0.0,52.76475161552705,17.024770536293083
2026-06-28 22:00:00,292.76370482173525,0.0,458.1514949129532,16.853050017425698
2026-06-28 23:00:00,293.07177710164825,0.0,436.5631308769849,14.56252069253433
2026-06-29 00:00:00,296.7053162113875,0.0,648.1660552569124,13.660866579788657
2026-06-29 01:00:00,296.75938207293655,0.0,530.8146323093656,15.011392871347514
2026-06-29 02:00:00,299.76323498339946,0.0,574.1378182103117,13.385558322750613
2026-06-29 03:00:00,299.96945894335806,0.0,425.1120830184174,11.488870108898475
2026-06-29 04:00:00,301.11156185918674,0.0,565.2114184235663,12.95935019366522
2026-06-29 05:00:00,299.94225726209226,0.0,492.6033130965456,14.740962172807286
2026-06-29 06:00:00,303.06795051235696,0.128229249330837,58.7776935630116,17.637197306671283
2026-06-29 07:00:00,298.2614487943444,0.3805699622245966,45.90713582768414,17.903277141485717
2026-06-29 08:00:00,300.6711840214237,0.6069695726907965,62.31027597661564,18.5272228499864
2026-06-29 09:00:00,298.2325982223255,0.7919958184181327,56.42585508629339,20.354815134500125
2026-06-29 10:00:00,298.6778495094848,0.9230366036855024,42.632549872281466,23.583741233426192
2026-06-29 11:00:00,296.6674556189969,0.9911596879845854,54.67340598591785,25.28177436315211
2026-06-29 12:00:00,293.161698094046,0.9917215416548244,54.94899155838077,25.039588385667667
2026-06-29 13:00:00,293.58542584104134,0.9246838666037364,59.26865716107211,26.03528594605355
2026-06-29 14:00:00,291.6605089249693,0.7946162068512012,44.41889909753967,27.112412529091618
2026-06-29 15:00:00,290.96451524366296,0.6103844709530439,51.212038868125525,25.887536015253925
2026-06-29 16:00:00,290.13689946718523,0.3845465978053305,57.84829892131094,27.782007349026664
2026-06-29 17:00:00,288.9951613622335,0.1324965595578622,57.83646650183715,24.845089215546988
2026-06-29 18:00:00,291.0315410385585,0.0,64.83553283462186,24.619662742922443
2026-06-29 19:00:00,289.932558628446,0.0,77.49985936165007,21.124013446281964
2026-06-29 20:00:00,291.48450790486584,0.0,47.32014985281681,20.23189717757303
2026-06-29 21:00:00,290.859231754993,0.0,31.335598214184014,17.862973845782605
2026-06-29 22:00:00,292.4598545366822,0.0,549.9125678585809,16.270641417651575
2026-06-29 23:00:00,292.00501718267225,0.0,459.1629091015735,16.19935989301936
2026-06-30 00:00:00,295.60095215668395,0.0,483.8931921615479,14.506931343185276
2026-06-30 01:00:00,298.64060646453095,0.0,444.4766412222826,13.784850277636023
2026-06-30 02:00:00,299.40120966027035,0.0,531.9676331683613,13.902396944389777
2026-06-30 03:00:00,300.06389245823715,0.0,512.0045765741758,13.358725256300861
2026-06-30 04:00:00,299.5267365646416,0.0,476.2687307577641,13.54133903901059
2026-06-30 05:00:00,300.7719432039325,0.0,582.5853083126468,14.67458623932408
2026-06-30 06:00:00,303.34336270768534,0.1289406347968778,31.913591185549937,17.015422221767327
2026-06-30 07:00:00,299.4090403261324,0.3812332263934556,46.72414577751618,16.873374576468066
2026-06-30 08:00:00,299.57278462293607,0.607539504943011,65.47642940211367,21.336602276400313
2026-06-30 09:00:00,298.0407899420939,0.7924335699942128,38.52462693627291,23.029649020371114
2026-06-30 10:00:00,297.5197748097655,0.9233123357657824,28.677768581431465,24.745678730147233
2026-06-30 11:00:00,296.46932413901885,0.9912546056171586,54.763741648571845,24.2258745092498
2026-06-30 12:00:00,294.56388884333285,0.9916291748912628,23.627595912532637,22.927802671700793
2026-06-30 13:00:00,292.5407520361797,0.9244105115154916,53.99363142655663,26.509458152814975
2026-06-30 14:00:00,290.2989700111041,0.7941804963653225,60.21461193792624,26.490031712834558
2026-06-30 15:00:00,290.67151990692315,0.6098161047606919,50.68151800984139,27.361229532059774
2026-06-30 16:00:00,289.02746787028934,0.3838843179173725,46.14460845461313,24.04217221255669
2026-06-30 17:00:00,289.254817203766,0.1317855095014144,65.75333307779971,24.106923066637293
2026-06-30 18:00:00,289.9719971370091,0.0,36.34216817468927,21.523400268522632
2026-06-30 19:00:00,289.8451930673,0.0,47.20620774774882,22.928787522650175
2026-06-30 20:00:00,290.1512494005888,0.0,43.84401010666305,21.341681962600184
2026-06-30 21:00:00,292.5560335948704,0.0,34.58875587072759,17.698730441169328
2026-06-30 22:00:00,294.42527137445063,0.0,472.2805077747389,16.551105810784215
2026-06-30 23:00:00,294.70999158204063,0.0,507.0024806098931,14.942503495473703
2026-07-01 00:00:00,297.01800113737835,0.0,502.3384386023762,12.659543700729007
2026-07-01 01:00:00,296.969067469903,0.0,552.7414056165891,14.128965831439274
2026-07-01 02:00:00,300.3548982597542,0.0,411.1169579844993,12.786072864792056
2026-07-01 03:00:00,301.0783031733818,0.0,467.49354087912326,12.584951277519428
2026-07-01 04:00:00,298.68078629696134,0.0,515.084254590136,15.528088916294605
2026-07-01 05:00:00,299.8743714833809,0.0,563.0459242257119,13.705691031318612
2026-07-01 06:00:00,298.840553701547,0.1296519539129886,57.03117709033579,15.332008445268222
2026-07-01 07:00:00,300.9551624477765,0.3818962943883315,28.17666500277809,20.672223224767038
2026-07-01 08:00:00,299.2216741359712,0.6081091245691574,47.369588517134765,21.92779377515254
2026-07-01 09:00:00,300.3541047725715,0.7928709138019269,40.1069595090963,22.773789122571664
2026-07-01 10:00:00,297.4029130734386,0.923587592730448,52.2808376090264,21.794180828540714
2026-07-01 11:00:00,297.22937156186424,0.9913490131725642,48.15285090946269,22.700619881593745
2026-07-01 12:00:00,294.6573970075581,0.9915362978578184,45.2556134143787,27.08641980517472
2026-07-01 13:00:00,292.0186908859531,0.924136680746536,49.345835842461526,27.660786846973973
2026-07-01 14:00:00,291.148473672103,0.7937443772121493,54.86269750149187,26.550070023522597
2026-07-01 15:00:00,292.3705188403261,0.6092474247707853,56.88549547859387,26.388095317482176
2026-07-01 16:00:00,290.08472819190285,0.3832218404914497,58.36081493268642,27.16563462055194
2026-07-01 17:00:00,289.491819138448,0.1310743916311285,41.58468308158335,25.340261934533764
2026-07-01 18:00:00,289.2372179329165,0.0,41.88205758229709,23.462346385391573
2026-07-01 19:00:00,290.51210109427024,0.0,35.82526479565866,21.23646249756119
2026-07-01 20:00:00,290.927988783416,0.0,64.04890354727968,20.256019668994274
2026-07-01 21:00:00,292.04733238764504,0.0,34.23432881805627,19.240336324199994
2026-07-01 22:00:00,294.0863313379971,0.0,501.61016191102783,16.236646715584516
2026-07-01 23:00:00,295.1962497566074,0.0,515.555481136831,15.880150452378642
2026-07-02 00:00:00,293.09300692697803,0.0,552.0718937522205,13.578664651757498
2026-07-02 01:00:00,297.3859317409584,0.0,514.660483440608,12.591258166378713
2026-07-02 02:00:00,299.0531670384436,0.0,496.4352540918783,13.596034532061383
2026-07-02 03:00:00,299.1438748940809,0.0,528.4597180350082,13.086105519465292
2026-07-02 04:00:00,300.9361639961498,0.0,475.8060091922941,16.50136532011568
2026-07-02 05:00:00,301.44306006653693,0.0,567.354671571307,13.96893071249798
2026-07-02 06:00:00,301.32692829929226,0.1303632063131406,40.52733193716854,15.892243234876231
2026-07-02 07:00:00,301.42808343791165,0.3825591658680246,56.38101459473057,19.254844222096242
2026-07-02 08:00:00,300.3437299401998,0.6086784312759421,48.0772915720147,18.881991486604804
2026-07-02 09:00:00,297.4628170216761,0.7933078496162279,58.58163458619518,22.801347820600736
2026-07-02 10:00:00,296.81566118069,0.9238623744378583,74.89227885403675,23.29927150011137
2026-07-02 11:00:00,295.28786471540235,0.9914429106022228,69.77621211363504,24.164544528614215
2026-07-02 12:00:00,294.19977270596763,0.9914429106022248,36.33810757222994,25.48641427555234
2026-07-02 13:00:00,292.7029786847584,0.9238623744377772,64.06380561918617,28.316031248282986
2026-07-02 14:00:00,290.8700163654113,0.7933078496160985,44.89784329021782,26.782628989615656
2026-07-02 15:00:00,291.3617553436663,0.6086784312759538,40.271857267785066,25.891518200222258
2026-07-02 16:00:00,289.90542812419875,0.3825591658680382,50.85105758780892,27.072450839984615
2026-07-02 17:00:00,289.3124618592139,0.1303632063129297,50.82599179539678,23.66720632086274
2026-07-02 18:00:00,288.08269944351434,0.0,47.36240541804924,22.862116288915058
2026-07-02 19:00:00,291.5960647164172,0.0,63.66350550041834,20.92634068334815
2026-07-02 20:00:00,291.1359741414249,0.0,71.20957715205334,20.373188246350583
2026-07-02 21:00:00,291.94981028807103,0.0,35.31826028003925,19.328010539603312
2026-07-02 22:00:00,295.0420675643136,0.0,412.286246705307,16.316568256372733
2026-07-02 23:00:00,294.379168378155,0.0,415.2762653695037,14.122261162503547
2026-07-03 00:00:00,294.4933373643324,0.0,551.6582468543277,12.756284551365953
2026-07-03 01:00:00,297.5949413771125,0.0,487.2800787786355,11.336590564709988
2026-07-03 02:00:00,298.21719853250016,0.0,591.1156105952232,12.212592098273666
2026-07-03 03:00:00,301.7022734152433,0.0,470.5630433765086,13.181726711803062
2026-07-03 04:00:00,298.04947040087296,0.0,468.5001323221953,12.940493960599962
2026-07-03 05:00:00,300.9564672765765,0.0,409.3239852956041,14.585362815227947
2026-07-03 06:00:00,299.86009711457353,0.1310743916313394,35.08664591675592,16.22663316031459
2026-07-03 07:00:00,300.315596462464,0.3832218404914361,47.641140369900114,16.096875928437456
2026-07-03 08:00:00,299.91353402238445,0.6092474247707738,72.81502509732772,19.631118094283526
2026-07-03 09:00:00,301.56157756610094,0.7937443772122786,51.20060763244055,20.410514109366044
2026-07-03 10:00:00,297.6868099064819,0.9241366807466171,47.46035657008218,23.342181242898473
2026-07-03 11:00:00,295.8054736369049,0.9915362978578164,43.08416297130599,24.21441016626121
2026-07-03 12:00:00,292.9783391169379,0.9913490131725664,47.93475147100615,25.183947300903167
2026-07-03 13:00:00,291.9028564369908,0.9235875927303664,58.22947847321758,26.46357812397448
2026-07-03 14:00:00,292.16484364615314,0.7928709138017973,65.36325148371434,27.39967688070292
2026-07-03 15:00:00,289.9068948605745,0.6081091245689886,53.722050637588566,26.07217756465446
2026-07-03 16:00:00,289.6876974290764,0.3818962943883451,56.00057810897447,27.56280464729435
2026-07-03 17:00:00,290.20692484060123,0.1296519539127777,63.25974119933548,25.581882253016428
2026-07-03 18:00:00,289.6730284298368,0.0,34.74591187379116,24.635784179358218
2026-07-03 19:00:00,289.4903556725644,0.0,66.97440276682073,21.70631317490591
2026-07-03 20:00:00,289.0677280800447,0.0,41.874923729341376,19.037903547204433
2026-07-03 21:00:00,290.8145435787378,0.0,47.8541065869233,18.42503260761822
2026-07-03 22:00:00,292.8921895795674,0.0,476.3106929246587,15.864042332680725
2026-07-03 23:00:00,294.5675511089998,0.0,588.8541769222992,14.834253098034244
2026-07-04 00:00:00,296.4952432136367,0.0,409.477720717106,15.171719639534944
2026-07-04 01:00:00,296.7880542428679,0.0,483.6689968378435,14.017406102642239
2026-07-04 02:00:00,297.5134194450252,0.0,517.6234729235432,13.02919199414853
2026-07-04 03:00:00,300.0761508440789,0.0,475.0436069432766,16.152336972157748
2026-07-04 04:00:00,301.092221620618,0.0,574.3355775121688,13.93331238677347
2026-07-04 05:00:00,300.51571613745386,0.0,459.0928891266479,16.159687979328893
2026-07-04 06:00:00,301.9042936290175,0.1317855095016253,45.89096377460695,15.77207585068696
2026-07-04 07:00:00,300.8393205070762,0.3838843179175689,54.74508390716896,18.797950334466265
2026-07-04 08:00:00,299.9027599461463,0.6098161047606804,49.12976993322628,19.169391646728467
2026-07-04 09:00:00,299.44614697971866,0.7941804963654518,52.42746629473615,21.56728283785163
2026-07-04 10:00:00,296.87455112299074,0.9244105115155724,32.30025853596891,24.92093312168769
2026-07-04 11:00:00,296.44051270954003,0.99162917489129,44.19653539950747,25.96841767766364
2026-07-04 12:00:00,293.169682145566,0.9912546056171604,41.25018829205095,27.261039210178907
2026-07-04 13:00:00,293.7534503412379,0.9233123357657006,57.83238179734316,26.479965789876324
2026-07-04 14:00:00,291.2653606906992,0.792433569994083,56.19022421142538,26.75614374982211
2026-07-04 15:00:00,291.4810804687648,0.607539504942842,49.43072792490055,26.49000257171146
2026-07-04 16:00:00,289.0866022582732,0.3812332263934692,29.898646751627982,27.88397949219621
2026-07-04 17:00:00,289.55482163959414,0.1289406347966669,40.42371803897063,23.070154769677227
2026-07-04 18:00:00,286.86326091070464,0.0,38.77683244843498,21.947143586152347
2026-07-04 19:00:00,288.5984113012437,0.0,45.87316780633903,22.046431568121207
2026-07-04 20:00:00,290.7960823928987,0.0,49.24501742915616,18.60475265173989
2026-07-04 21:00:00,291.7136397436587,0.0,68.16126361609679,18.920616690096697
2026-07-04 22:00:00,291.9026195517514,0.0,511.4412157566649,15.605631328734738
2026-07-04 23:00:00,294.4241764812114,0.0,551.3268607235563,15.001456143810897
2026-07-05 00:00:00,295.23348557590657,0.0,602.8080262437196,15.435464611752211
2026-07-05 01:00:00,297.33724794833944,0.0,550.1232810489593,11.367749366917257
2026-07-05 02:00:00,299.7218819689837,0.0,544.8310896525538,13.499695613039012
2026-07-05 03:00:00,300.733659535158,0.0,544.4562977172476,14.357272729805594
2026-07-05 04:00:00,299.9394552823942,0.0,460.24315396826273,15.212454110219907
2026-07-05 05:00:00,300.3247003142881,0.0,530.3257185428758,15.750095158403184
2026-07-05 06:00:00,302.61495816230814,0.132496559558073,55.68192263366847,15.45694239936216
2026-07-05 07:00:00,298.8632339223552,0.3845465978055269,42.845686399565295,18.010198924249156
2026-07-05 08:00:00,300.6604689679903,0.6103844709530323,52.208222973019325,19.86496395883835
2026-07-05 09:00:00,298.89726483572895,0.7946162068513303,49.67929247431649,21.461164214135117
2026-07-05 10:00:00,296.08629910210544,0.9246838666038172,59.76232592445885,23.61023305050927
2026-07-05 11:00:00,295.5434162888878,0.9917215416548516,54.99720698165879,24.486381352478205
2026-07-05 12:00:00,294.38908131381896,0.9911596879845874,73.59388961376334,24.51349254249453
2026-07-05 13:00:00,293.34632431932107,0.9230366036854204,57.866735741560085,26.44457927202682
2026-07-05 14:00:00,291.9166039159456,0.7919958184180028,49.56643410308052,27.404235460360304
2026-07-05 15:00:00,290.9228362237613,0.6069695726906275,74.99929917239304,27.924426162258076
2026-07-05 16:00:00,291.3624796794152,0.3805699622246102,41.23633688970597,27.764463001137653
2026-07-05 17:00:00,290.5084391226134,0.1282292493306261,65.36032714789025,24.048640755725266
2026-07-05 18:00:00,289.995908904463,0.0,54.07550477532721,22.8191346540181
2026-07-05 19:00:00,289.0952789147091,0.0,64.55272515872572,21.20572926587015
2026-07-05 20:00:00,290.4842310062816,0.0,40.66408966899363,21.12313418089028
2026-07-05 21:00:00,292.2545867828883,0.0,50.8875206126769,18.31079009824946
2026-07-05 22:00:00,293.11831485120285,0.0,613.4789770786764,14.511508033876915
2026-07-05 23:00:00,294.12761130932927,0.0,519.4984196565024,15.263898428880795
2026-07-06 00:00:00,296.32939187740874,0.0,490.2354554356892,13.090229687827637
2026-07-06 01:00:00,296.68789184784805,0.0,512.2487902044145,12.536157391681737
2026-07-06 02:00:00,297.91410695491226,0.0,361.21231242020247,12.666744593728337
2026-07-06 03:00:00,298.6370695306835,0.0,495.99360387181287,14.212632539581026
2026-07-06 04:00:00,300.55370626899304,0.0,489.2682092529224,12.348550226950625
2026-07-06 05:00:00,301.7376443797456,0.0,450.28807674025785,13.471620606397497
2026-07-06 06:00:00,300.26923207437665,0.1332075414347923,52.13437803185025,15.285926628756277
2026-07-06 07:00:00,301.55773269801506,0.3852086798145159,54.5272318131707,18.461345584844278
2026-07-06 08:00:00,301.1881516250582,0.6109525230553612,33.22005122038191,20.525222411281185
2026-07-06 09:00:00,299.42997848004063,0.7950515084457075,37.12572917296095,22.10101927031332
2026-07-06 10:00:00,296.9505356908605,0.924956745870689,51.47504579421312,22.73451254132881
2026-07-06 11:00:00,296.0868257990243,0.9918133981009712,39.577705066761766,25.063867640153212
2026-07-06 12:00:00,295.8935334096675,0.9910642603236895,59.70101447352776,26.445332907181704
2026-07-06 13:00:00,292.54616399565634,0.9227603966314116,50.450203002402446,27.20621419378165
2026-07-06 14:00:00,291.01918053567977,0.7915576592988138,55.66401880863725,27.868970738848095
2026-07-06 15:00:00,291.2946037148492,0.6063993281056191,48.23366477472318,26.945483434199076
2026-07-06 16:00:00,287.8298412243333,0.3799065022230689,51.0337851189646,25.75679525926926
2026-07-06 17:00:00,288.3268340642456,0.1275177978809436,64.6453633086063,25.019649706027266
2026-07-06 18:00:00,291.628142518516,0.0,32.82876442336827,22.785815879066288
2026-07-06 19:00:00,289.8763012081116,0.0,50.40562526299777,20.709679939318114
2026-07-06 20:00:00,289.986461855911,0.0,50.824272964122535,19.64542715357442
2026-07-06 21:00:00,291.67670452416263,0.0,53.8124585543073,19.506331494060557
2026-07-06 22:00:00,293.30537668549044,0.0,524.3120832685937,17.183507110749566
2026-07-06 23:00:00,295.76401708960697,0.0,476.1577395146616,14.783123466860452
2026-07-07 00:00:00,297.13938080843394,0.0,503.4326544306966,13.749851819142426
2026-07-07 01:00:00,296.6673781884992,0.0,503.7205053315644,12.539024316988026
2026-07-07 02:00:00,299.0310470946661,0.0,533.8641734817502,13.864080025253799
2026-07-07 03:00:00,301.36354928735204,0.0,528.4138158024409,13.9676786141076
2026-07-07 04:00:00,301.0598623898526,0.0,492.6705587446953,13.583819774953488
2026-07-07 05:00:00,299.908914667702,0.0,490.095789764456,14.427037695024564
2026-07-07 06:00:00,301.6089495143934,0.133918454765928,28.83772436891212,15.032646202674812
2026-07-07 07:00:00,300.19738691953995,0.3858705636038436,23.66765218996664,18.957573810301998
2026-07-07 08:00:00,298.4794895250215,0.6115202607753603,53.79716495345415,20.32421141256468
2026-07-07 09:00:00,300.6674360785947,0.7954864009244491,44.63217211973279,19.292119350304514
2026-07-07 10:00:00,296.3990530782325,0.9252291491757704,46.894157585913206,24.864939907310042
2026-07-07 11:00:00,295.6523137891962,0.9919047441823812,50.38918833316397,25.95749469166858
2026-07-07 12:00:00,293.9393857897202,0.9909683226835714,66.2685485897935,28.101145096458257
2026-07-07 13:00:00,293.7797609330668,0.9224837147458916,58.09459259255849,25.83337935796299
2026-07-07 14:00:00,291.2087479998225,0.7911190928619828,34.93623565240207,28.765998756552694
2026-07-07 15:00:00,290.3283556955885,0.605828771481252,26.93985998128685,27.176889220503888
2026-07-07 16:00:00,289.88268996967145,0.3792428467302467,67.03246701236095,25.82982292310818
2026-07-07 17:00:00,289.8337031247051,0.1268062808132651,54.11010595815405,22.468049929029068
2026-07-07 18:00:00,288.50461105505565,0.0,56.01395083086753,24.531294478344098
2026-07-07 19:00:00,289.91822876888773,0.0,57.12570534088139,22.37930921417642
2026-07-07 20:00:00,291.921857422873,0.0,50.32021982743042,21.096841382478374
2026-07-07 21:00:00,292.8640910464941,0.0,69.76884736285163,18.440264086976
2026-07-07 22:00:00,291.639420531499,0.0,560.048172758812,17.18258939315466
2026-07-07 23:00:00,296.0393633394169,0.0,570.8081515072723,13.632291198813249
2026-07-08 00:00:00,295.11604226809203,0.0,475.2798479350249,13.707718400641395
2026-07-08 01:00:00,297.470776137314,0.0,539.0074918368819,13.520364859177812
2026-07-08 02:00:00,296.4875635065428,0.0,524.2647633006037,12.253347396079242
2026-07-08 03:00:00,300.14944937415333,0.0,560.8004355958257,14.81537871416358
2026-07-08 04:00:00,303.31070195935,0.0,463.8197824550592,14.748862407232473
2026-07-08 05:00:00,301.67931742958024,0.0,443.6766939619564,14.013909905281654
2026-07-08 06:00:00,301.8439943477481,0.1346292991856603,45.54998598035439,16.78974942713957
2026-07-08 07:00:00,302.3810220085467,0.3865322488329196,43.02374655448102,18.372193394690996
2026-07-08 08:00:00,298.4504196603782,0.6120876838208845,64.98309042317005,21.396387307980067
2026-07-08 09:00:00,298.21178255811856,0.7959208840640452,33.58223800947786,21.755083628571604
2026-07-08 10:00:00,297.65036974774955,0.9255010763788888,44.521240648722255,24.183388969037953
2026-07-08 11:00:00,297.147313688154,0.9919955798520776,47.84808159627178,26.3563554950935
2026-07-08 12:00:00,293.94415681740355,0.9908718751136008,43.77093577273671,24.615008821297145
2026-07-08 13:00:00,292.91329058793355,0.9222065581710596,36.240081018517536,26.818381265592176
2026-07-08 14:00:00,293.5519582167399,0.7906801193331859,42.397120788622416,27.317477173337792
2026-07-08 15:00:00,290.45162744523844,0.6052579031111216,61.07267060682787,26.803856737965635
2026-07-08 16:00:00,290.8693805092452,0.3785789960876458,56.67539987802786,24.75988999317259
2026-07-08 17:00:00,288.2449981371043,0.1260946984939469,46.91215220443653,23.321281699601997
2026-07-08 18:00:00,288.7069944232054,0.0,55.7757567155878,24.28527376918189
2026-07-08 19:00:00,291.88847316199195,0.0,45.87230418354165,22.10585446324091
2026-07-08 20:00:00,290.3191697544339,0.0,41.57933900109762,18.620966854332664
2026-07-08 21:00:00,291.5122386395202,0.0,45.81006531576574,17.9636996845618
2026-07-08 22:00:00,293.48099151587,0.0,478.5946793046608,16.332750905888552
2026-07-08 23:00:00,294.1600428916243,0.0,485.3579652338295,14.697234772984045
2026-07-09 00:00:00,295.0576165343907,0.0,447.69196990625807,13.50212877652251
2026-07-09 01:00:00,298.5616379291306,0.0,518.7562007414293,13.485844820944923
2026-07-09 02:00:00,298.5109695623036,0.0,544.3707008923889,13.097860191994526
2026-07-09 03:00:00,302.0294765280694,0.0,573.2880700287288,12.233163655636675
2026-07-09 04:00:00,300.6552126878686,0.0,510.718418539538,13.964675955213842
2026-07-09 05:00:00,300.4595309880621,0.0,431.3772254656097,17.29372587541097
2026-07-09 06:00:00,301.45407031904915,0.1353400743282047,63.57392487296498,17.424961750751024
2026-07-09 07:00:00,299.275267845128,0.3871937351612555,66.8111181443882,17.588401103593498
2026-07-09 08:00:00,298.5187794602519,0.6126547918999511,47.57273508015473,19.466326826181316
2026-07-09 09:00:00,300.12640017592304,0.7963549576407825,52.98797890941883,21.68119397458259
2026-07-09 10:00:00,298.14835883697714,0.9257725273401164,60.12793541006485,23.174744608320555
2026-07-09 11:00:00,294.9358056510904,0.9920859050633178,49.60116797813341,25.47788994955669
2026-07-09 12:00:00,294.8843449668932,0.9907749176634072,45.56850992389976,25.472339747625846
2026-07-09 13:00:00,292.6643311839738,0.9219289270496211,38.64116359597044,24.77665439232751
2026-07-09 14:00:00,291.7999417602235,0.7902407389383093,44.40213654996192,26.516298509492618
2026-07-09 15:00:00,288.7889641715596,0.6046867232889838,22.009886437648422,27.208665117621265
2026-07-09 16:00:00,289.8214966289667,0.3779149506368685,52.497131960358125,24.649907745561645
2026-07-09 17:00:00,289.3509995999327,0.1253830512891529,39.54575541718075,25.012702431141097
2026-07-09 18:00:00,291.31919422186417,0.0,59.528514222991056,21.757879675695094
2026-07-09 19:00:00,289.66632173379475,0.0,39.180107509226616,22.074786443374382
2026-07-09 20:00:00,289.66920508347937,0.0,56.2364548249849,19.520649495914533
2026-07-09 21:00:00,290.59867202205146,0.0,55.46385818349577,20.292388354729816
2026-07-09 22:00:00,292.63739538593177,0.0,586.906321835484,15.923665515993621
2026-07-09 23:00:00,294.8045588411352,0.0,586.5111968634446,13.905781457770699
2026-07-10 00:00:00,295.37635311042123,0.0,478.2426807251857,12.34629102047336
2026-07-10 01:00:00,298.2709971254436,0.0,411.12125201408674,15.586163453617852
2026-07-10 02:00:00,299.4347259790758,0.0,466.9025914605885,15.634405234100722
2026-07-10 03:00:00,301.5824217701018,0.0,507.33467867119,12.452708600970642
2026-07-10 04:00:00,301.0630593880602,0.0,484.6053786151295,13.037172698242442
2026-07-10 05:00:00,301.93219783372695,0.0,577.127151109409,15.750936640901042
2026-07-10 06:00:00,299.64428107799097,0.1360507798278123,47.37014420639966,16.675343188912507
2026-07-10 07:00:00,301.89362839401986,0.3878550222484656,53.20250765967735,17.506985152794794
2026-07-10 08:00:00,300.55399750234227,0.6132215847207387,62.22518041970525,18.845159083036613
2026-07-10 09:00:00,297.97246434029114,0.7967886214312967,56.31832207431917,20.355008104363872
2026-07-10 10:00:00,297.1244489538211,0.926043501919771,55.70657591759587,24.15292845797078
2026-07-10 11:00:00,294.4951552633082,0.992175719769623,40.81335387718585,25.082859567861487
2026-07-10 12:00:00,292.64504510896217,0.9906774503828828,48.00397020360224,28.127163826761976
2026-07-10 13:00:00,294.24189385102864,0.9216508215244394,53.84112372144456,27.532132692177267
2026-07-10 14:00:00,289.88342843708074,0.7898009519034479,50.44386455377617,27.43721558002712
2026-07-10 15:00:00,289.5706750698821,0.6041152323087547,54.92676153393882,26.50667566639312
2026-07-10 16:00:00,288.8959591912523,0.3772507107196178,52.61693769275392,27.43398895125079
2026-07-10 17:00:00,287.97900500178395,0.1246713395650807,58.20464709513406,26.076707579712203
2026-07-10 18:00:00,289.25960224407527,0.0,40.523553084121055,23.738825119096425
2026-07-10 19:00:00,290.3576444996889,0.0,45.62576862891463,22.028666653099506
2026-07-10 20:00:00,290.82352822135084,0.0,43.01370548890194,20.360200137120522
2026-07-10 21:00:00,291.0536110995008,0.0,58.51895132204585,17.604151961571873
2026-07-10 22:00:00,291.222464374004,0.0,446.94644355208095,16.45273160927067
2026-07-10 23:00:00,293.2709027525813,0.0,514.2853691470953,15.699376442707473
2026-07-11 00:00:00,294.2160644066652,0.0,482.38418244713137,15.115347784432295
2026-07-11 01:00:00,298.7135482620222,0.0,489.6536379547781,12.50795843097843
2026-07-11 02:00:00,297.81641105185,0.0,518.9804903351305,13.486692885050726
2026-07-11 03:00:00,301.29419170878583,0.0,494.9827547830972,13.47816823095379
2026-07-11 04:00:00,301.56352635420154,0.0,492.52929130758633,14.049214840385874
2026-07-11 05:00:00,301.1397170375677,0.0,537.1062099065648,15.886044263554133
2026-07-11 06:00:00,300.5585924058176,0.1367614153187704,55.36691035054942,15.718223942133628
2026-07-11 07:00:00,299.15870329628376,0.3885161097542665,56.81433824395644,20.047729503831423
2026-07-11 08:00:00,298.74803543336924,0.6137880619915889,57.72295909740489,19.42855095184833
2026-07-11 09:00:00,299.8211165586734,0.7972218752124342,51.547425894997176,20.667898282492114
2026-07-11 10:00:00,297.6106440814186,0.9263139999784152,44.2997767356996,24.159024606591288
2026-07-11 11:00:00,295.7987630374537,0.9922650239247762,72.19496852374391,24.243279343611196
2026-07-11 12:00:00,294.3154192165803,0.9905794733221822,31.47134810091117,25.869146861284644
2026-07-11 13:00:00,292.7210521234325,0.9213722417386212,52.39026774424523,28.456639532007024
2026-07-11 14:00:00,292.3272704354992,0.7893607584549063,43.20268155321654,27.441610393871834
2026-07-11 15:00:00,291.16055368502737,0.6035434304645109,43.60085959453648,24.862483896562257
2026-07-11 16:00:00,288.20686004150934,0.3765862766776963,39.76031982837912,25.273872959113476
2026-07-11 17:00:00,288.7048596501699,0.1239595636879611,42.70132959572144,23.531655198117136
2026-07-11 18:00:00,290.00643928132143,0.0,35.3011439336052,22.53381527150432
2026-07-11 19:00:00,289.4207582461989,0.0,56.68145966317545,22.335987875643735
2026-07-11 20:00:00,290.44258681401016,0.0,35.092294797043834,20.036770781751095
2026-07-11 21:00:00,291.9824864399274,0.0,64.25892029800296,19.267819749543424
2026-07-11 22:00:00,293.4758615037225,0.0,528.8533806270151,17.228540758494
2026-07-11 23:00:00,295.3786083739077,0.0,464.183155269528,15.774083163123157
2026-07-12 00:00:00,295.10103880838653,0.0,475.6853626538127,12.354140488739748
2026-07-12 01:00:00,296.83889127135524,0.0,494.5188257991408,14.156815664651699
2026-07-12 02:00:00,298.9020695198518,0.0,473.18281514830886,14.624359960775733
2026-07-12 03:00:00,300.22277824124336,0.0,533.7932760836222,14.161694483259188
2026-07-12 04:00:00,300.9155698664234,0.0,462.1876088457846,13.660522740537077
2026-07-12 05:00:00,300.19357193492806,0.0,490.939721598453,16.370238066254583
2026-07-12 06:00:00,303.0184869354802,0.1374719804351767,35.20073361967857,17.34776745732138
2026-07-12 07:00:00,301.17178419516216,0.3891769973384774,28.26440817470932,17.362890387232817
2026-07-12 08:00:00,300.4283082171444,0.6143542234210051,55.02506219804341,19.24032449374721
2026-07-12 09:00:00,299.9016909095324,0.7976547187612524,40.30275594591866,21.520825720704913
2026-07-12 10:00:00,297.65740505263875,0.9265840213767712,39.92460820225541,24.193979293309415
2026-07-12 11:00:00,294.75063520383253,0.9923538174828238,51.587344311276816,25.69066237555001
2026-07-12 12:00:00,294.27566851005224,0.990480986531722,76.37369529813141,26.06783601309343
2026-07-12 13:00:00,289.85654583896775,0.9210931878355167,43.26843939253774,27.409569143446394
2026-07-12 14:00:00,293.0188403989461,0.7889201588193377,52.34809830979402,27.58308293117596
2026-07-12 15:00:00,291.3499050660397,0.6029713180504884,63.39383048783206,25.617795129479894
2026-07-12 16:00:00,291.2322881840417,0.3759216488530068,58.67595596745739,26.2005810109179
2026-07-12 17:00:00,289.138042520108,0.1232477240240579,52.01447510604034,25.935424034735142
2026-07-12 18:00:00,289.1703312934767,0.0,49.176030861856006,23.72885466156979
2026-07-12 19:00:00,289.47149785175515,0.0,37.80788627731097,23.147007692346754
2026-07-12 20:00:00,289.72120700986744,0.0,64.44081186279033,19.63043577502637
2026-07-12 21:00:00,289.16879905705946,0.0,53.61098438029158,18.475272164697124
2026-07-12 22:00:00,293.0986438523596,0.0,569.7646328086935,17.16602339787613
2026-07-12 23:00:00,295.6814395746267,0.0,560.6474959790439,13.03365433480032
2026-07-13 00:00:00,295.85325335075623,0.0,511.87587863236814,13.416022800873767
2026-07-13 01:00:00,296.78914107937896,0.0,548.2517546437654,13.181278859811384
2026-07-13 02:00:00,297.24680868848185,0.0,502.8550949554175,12.414243788283073
2026-07-13 03:00:00,299.6940827618754,0.0,477.9842351131604,11.817470796344331
2026-07-13 04:00:00,301.16841609397284,0.0,472.0919695511794,14.19719476610669
2026-07-13 05:00:00,299.0665529391664,0.0,477.92895330050806,15.395752283283963
2026-07-13 06:00:00,301.8510263409892,0.1381824748118409,51.44276557256054,14.448395494855067
2026-07-13 07:00:00,298.6571258429146,0.3898376846610207,32.36426933417728,18.850539590577537
2026-07-13 08:00:00,300.66080783588,0.6149200687176535,48.77685350075688,19.247486442353026
2026-07-13 09:00:00,300.9851283206715,0.7980871518550198,60.196685952799626,21.828725437737642
2026-07-13 10:00:00,298.5552019855571,0.9268535659760634,54.65849449040257,24.548561779923087
2026-07-13 11:00:00,295.4159471658056,0.9924421003980743,38.95631207060623,25.239069780474026
2026-07-13 12:00:00,294.78192283111065,0.9903819900621812,66.03540028718812,24.327189057762418
2026-07-13 13:00:00,292.909125866984,0.9208136599587216,24.43984295292176,26.984403299493298
2026-07-13 14:00:00,292.05834961689953,0.7884791532231856,52.214819966218926,26.696876246932707
2026-07-13 15:00:00,288.3943957158824,0.6023988953610835,79.45511581740803,28.319517528136878
2026-07-13 16:00:00,287.5752434322858,0.3752568275875517,73.76179572305273,25.713218560064508
2026-07-13 17:00:00,289.3123435533886,0.1225358209396675,43.25099646672725,23.846664962169655
2026-07-13 18:00:00,288.59015761538234,0.0,51.919293430044576,24.28776726799815
2026-07-13 19:00:00,288.46125011658665,0.0,55.41986102999285,21.413581030389693
2026-07-13 20:00:00,291.5079572481196,0.0,69.43601813644811,21.00411102883405
2026-07-13 21:00:00,291.6010879211048,0.0,43.25513340839421,19.19133517762567
2026-07-13 22:00:00,291.3033080444656,0.0,515.0551241706355,17.953900449406156
2026-07-13 23:00:00,293.5028770167221,0.0,416.8013506132224,14.740753309452373
2026-07-14 00:00:00,294.59984177333416,0.0,521.1536221336055,12.891632525218442
2026-07-14 01:00:00,298.2220744114381,0.0,461.4519202322088,12.47337159359147
2026-07-14 02:00:00,299.6075139608879,0.0,411.5901010468032,14.719414052486165
2026-07-14 03:00:00,300.7729280332569,0.0,477.3726812767709,14.35334821154157
2026-07-14 04:00:00,299.2697475187573,0.0,443.8541529974622,13.976686412360873
2026-07-14 05:00:00,300.96447228702067,0.0,514.3893378657999,15.052497381621471
2026-07-14 06:00:00,299.3270624709017,0.1388928980829335,50.30288039819852,15.752026599965346
2026-07-14 07:00:00,300.9737392924261,0.3904981713819216,28.92600321518572,17.590316257643707
2026-07-14 08:00:00,299.25106707124434,0.615485597590363,53.62548983032556,20.16259494067378
2026-07-14 09:00:00,298.21960506908187,0.7985191742712162,50.20744363755816,21.645965557069065
2026-07-14 10:00:00,295.7672644925107,0.9271226336375044,49.2015014657126,25.45044027672102
2026-07-14 11:00:00,296.08412236195124,0.9925298726250998,59.17041748306887,26.12708212517936
2026-07-14 12:00:00,293.4458220306714,0.9902824839645012,35.70916797357527,26.869664968287534
2026-07-14 13:00:00,293.282365658864,0.9205336582520742,57.10801346530454,26.845264525505822
2026-07-14 14:00:00,291.99938232476245,0.7880377418935208,43.92491720215664,28.494278452888672
2026-07-14 15:00:00,289.4995656989847,0.6018261626908518,31.90915512102028,28.2796764860379
2026-07-14 16:00:00,289.6716402337518,0.3745918132234331,56.47853651461666,26.056706152189314
2026-07-14 17:00:00,288.36937591542033,0.1218238548011191,27.434050169990066,24.33225908953859
2026-07-14 18:00:00,289.6462418308236,0.0,48.53803109327026,22.1193190295117
2026-07-14 19:00:00,289.75400618710285,0.0,45.63708095765352,21.50821585397309
2026-07-14 20:00:00,289.94986439212465,0.0,59.22067882598165,18.718669466746917
2026-07-14 21:00:00,290.4765518798611,0.0,46.70506613229841,17.899198154291025
2026-07-14 22:00:00,292.61598283658265,0.0,462.6646632413568,15.670838966183451
2026-07-14 23:00:00,295.02229162623354,0.0,458.390629150317,14.179127067022122
2026-07-15 00:00:00,296.2268309858196,0.0,516.5101535078537,14.368702427715494
2026-07-15 01:00:00,296.94199445107165,0.0,554.733353316989,13.297111860642504
2026-07-15 02:00:00,299.35392379791165,0.0,618.9029263999518,13.425422947822353
2026-07-15 03:00:00,298.54427681905645,0.0,580.9260542934502,14.138060148628794
2026-07-15 04:00:00,299.20053571598226,0.0,494.3370866146686,15.499138209892827
2026-07-15 05:00:00,300.8515271667094,0.0,456.3462844134568,14.159506745408546
2026-07-15 06:00:00,300.8287394411942,0.1396032498828868,48.90236660323569,18.241587024063005
2026-07-15 07:00:00,299.8959242989912,0.3911584571613086,39.33462876124504,17.810827432487848
2026-07-15 08:00:00,297.71593702211135,0.6160508097481252,47.71976700176784,19.237023815126513
2026-07-15 09:00:00,297.7454358783541,0.7989507857875325,42.37834534101727,22.343009150912817
2026-07-15 10:00:00,295.35954882431463,0.9273912242226384,47.53748917408674,22.947128281463307
2026-07-15 11:00:00,294.8841586217618,0.9926171341187344,35.27267677107108,23.713560073332932
2026-07-15 12:00:00,293.4472864812516,0.9901824682898858,53.47296038564319,25.782164639083085
2026-07-15 13:00:00,293.1898505012493,0.9202531828596572,40.62030183415838,26.06025988393476
2026-07-15 14:00:00,292.4888906509322,0.7875959250574837,41.164230320363366,28.612495277095793
2026-07-15 15:00:00,291.6331910575128,0.6012531203345086,33.174509385104784,24.546544102849136
2026-07-15 16:00:00,290.74523650855724,0.3739266061028521,49.82509163352761,25.49451799611321
2026-07-15 17:00:00,290.946381030914,0.1211118259747745,39.78277526612874,25.28293469585399
2026-07-15 18:00:00,288.12121304748825,0.0,57.79623538080424,24.593943316028607
2026-07-15 19:00:00,289.2950555677489,0.0,42.20505889200194,22.678357050276258
2026-07-15 20:00:00,291.2823280870991,0.0,46.41219667873366,19.833402313487706
2026-07-15 21:00:00,290.45002866998016,0.0,54.13172122260544,19.185412347057863
2026-07-15 22:00:00,293.96778615245194,0.0,531.798037129705,17.617144257211084
2026-07-15 23:00:00,294.7362405853198,0.0,508.78520569670553,15.120719170993576
2026-07-16 00:00:00,294.63790034346016,0.0,557.2127199748355,14.306981122155857
2026-07-16 01:00:00,298.4554316921876,0.0,569.5754102055754,12.74851973172211
2026-07-16 02:00:00,300.2527648564638,0.0,448.25378227108007,14.297454858282869
2026-07-16 03:00:00,300.7817857285452,0.0,506.2774284244555,13.659065923450804
2026-07-16 04:00:00,300.0741462307632,0.0,492.62679333956345,14.206332280218778
2026-07-16 05:00:00,302.73721830720604,0.0,590.9997201293396,14.264865923455718
2026-07-16 06:00:00,301.40558352512335,0.1403135298461698,48.41721730819471,17.067935293768965
2026-07-16 07:00:00,299.81434093300106,0.3918185416594136,52.35714892402154,19.290576939263527
2026-07-16 08:00:00,298.38642202680745,0.6166157049000948,34.351674335779265,20.39490725131857
2026-07-16 09:00:00,298.70214051572765,0.7993819861818715,54.43041348194953,21.901229465338822
2026-07-16 10:00:00,295.77101373895323,0.9276593375932544,65.34517388516781,25.982526387014346
2026-07-16 11:00:00,294.94486228976336,0.9927038848340752,60.170270958330654,24.926259543394583
2026-07-16 12:00:00,294.6134339081095,0.9900819430898006,51.76802894574929,25.2146669264212
2026-07-16 13:00:00,292.94875254458884,0.9199722339257964,61.95239443089473,26.98105158870389
2026-07-16 14:00:00,290.7886344644513,0.7871537029424233,46.52684654301406,26.155494313871458
2026-07-16 15:00:00,290.20712707911656,0.6006797685869285,61.09817114131885,26.88575430451626
2026-07-16 16:00:00,289.2653691530181,0.3732612065681094,37.739089699906,26.853099999238914
2026-07-16 17:00:00,287.66672881565177,0.1203997348270276,49.74559695850779,25.048623803746608
2026-07-16 18:00:00,289.1379096460481,0.0,60.968265563204405,23.786790421063603
2026-07-16 19:00:00,288.56285175933846,0.0,50.16536742015936,22.843582943140635
2026-07-16 20:00:00,290.0657142093392,0.0,46.59989502911148,20.230518807196443
2026-07-16 21:00:00,293.37720833850784,0.0,49.25241115626733,17.28425857140037
2026-07-16 22:00:00,293.846611222223,0.0,435.8215622977831,16.020695556237882
2026-07-16 23:00:00,295.43122467193683,0.0,614.0304564180558,15.497054212836
2026-07-17 00:00:00,295.6834290215846,0.0,468.9541925561599,12.838321001758803
2026-07-17 01:00:00,297.7946701929609,0.0,506.3735538864651,14.690732213197705
2026-07-17 02:00:00,296.7954217439823,0.0,493.22770534825145,12.832160353244095
2026-07-17 03:00:00,300.1959377475764,0.0,483.35344320074233,13.698336161779304
2026-07-17 04:00:00,300.11881507885266,0.0,451.5489474705141,14.23111201066874
2026-07-17 05:00:00,301.0963605661621,0.0,503.7203000783328,13.932813569971236
2026-07-17 06:00:00,300.2756513751253,0.1410237376072886,46.818861531181966,16.178043399351164
2026-07-17 07:00:00,300.958313089184,0.392478424536572,51.08029450323599,17.155882728371086
2026-07-17 08:00:00,300.626934228695,0.6171802827555893,57.67133857172199,19.335660010332813
2026-07-17 09:00:00,298.80228200053506,0.7998127752323468,59.74592692729974,22.334299912859176
2026-07-17 10:00:00,296.5912656343259,0.9279269736113872,67.45774918410761,24.19777420315569
2026-07-17 11:00:00,294.9388704546039,0.9927901247264552,41.714520032621934,26.392862623018445
2026-07-17 12:00:00,293.56855390936494,0.9899809084159736,65.2048038944357,25.87458847342805
2026-07-17 13:00:00,293.00774553922315,0.9196908115950624,59.110952621820914,26.613711749171475
2026-07-17 14:00:00,291.3192401708917,0.7867110757758969,52.63896091683745,28.474413021348738
2026-07-17 15:00:00,288.9920015936021,0.6001061077433274,64.23294508338782,26.982022926522507
2026-07-17 16:00:00,289.5128596149173,0.3725956149616044,47.99422282142577,27.324544704080832
2026-07-17 17:00:00,289.8154750921506,0.1196875817243042,48.05363987370063,25.964330705777606
2026-07-17 18:00:00,289.8714107792992,0.0,69.7460600968803,24.600943909360875
2026-07-17 19:00:00,290.3355788604338,0.0,42.34227573843757,20.761441629377256
2026-07-17 20:00:00,290.01874712623936,0.0,52.3253546062467,19.52855719408946
2026-07-17 21:00:00,290.89938597272715,0.0,56.47532148939561,17.671923674909053
2026-07-17 22:00:00,292.3106385608384,0.0,477.20410228187376,15.92395791789565
2026-07-17 23:00:00,293.54848469162096,0.0,554.2759194856519,13.676534448310099
2026-07-18 00:00:00,297.8319964875549,0.0,450.4491427439087,12.199290871501125
2026-07-18 01:00:00,296.4138272140036,0.0,449.43237223773855,12.621053525169843
2026-07-18 02:00:00,298.77763512782315,0.0,609.8208741856116,14.022178024774494
2026-07-18 03:00:00,298.64871829631863,0.0,547.0058973489686,12.226191703918587
2026-07-18 04:00:00,301.0581796234039,0.0,430.4623594423993,13.190744100309505
2026-07-18 05:00:00,301.67599366579014,0.0,549.4983897739078,15.537168126586653
2026-07-18 06:00:00,300.1335297997852,0.1417338728007863,46.57014048545855,17.91579332490996
2026-07-18 07:00:00,300.18921713049616,0.3931381054530141,35.26430536547517,18.955861656819465
2026-07-18 08:00:00,299.0990631906873,0.6177445430240901,30.996350566458243,20.5365111023286
2026-07-18 09:00:00,299.1039276568275,0.8002431527172845,63.31348007671127,22.80271075674571
2026-07-18 10:00:00,296.85647541841666,0.928194132139318,33.63112985770778,24.69175621334907
2026-07-18 11:00:00,295.0400257069958,0.992875853751552,30.99565743651076,26.55182790932419
2026-07-18 12:00:00,292.9913261361087,0.9898793643203948,39.57771053043186,24.963849998595627
2026-07-18 13:00:00,293.3595488611714,0.9194089160122684,39.91926073283797,24.60944748761419
2026-07-18 14:00:00,293.73321990867043,0.7862680437856706,78.39029113599699,26.766240171498318
2026-07-18 15:00:00,292.05341194211127,0.5995321380985342,54.29998093903082,27.373124930284263
2026-07-18 16:00:00,290.3526246694178,0.3719298316258356,55.75459748773047,26.77913779057174
2026-07-18 17:00:00,290.4137924459359,0.1189753670330623,61.93184064642899,24.310297271182122
2026-07-18 18:00:00,289.2881842376345,0.0,38.24491392279175,23.6075557845489
2026-07-18 19:00:00,287.49377881411624,0.0,44.86713482450908,21.16908100702863
2026-07-18 20:00:00,291.4132484957907,0.0,57.59993309854722,21.303887277292198
2026-07-18 21:00:00,291.5141647275077,0.0,39.58841729007283,17.751764637729238
2026-07-18 22:00:00,293.77971571665046,0.0,489.0874261293325,16.466552998150494
2026-07-18 23:00:00,293.9317212403551,0.0,507.65732333424825,15.226446912234653
2026-07-19 00:00:00,296.5270942382183,0.0,411.4822832514493,14.449966027640315
2026-07-19 01:00:00,296.580202362137,0.0,504.5750611020584,13.382619915855992
2026-07-19 02:00:00,296.9170330924518,0.0,612.8258871617495,12.15385656667034
2026-07-19 03:00:00,301.8814033923832,0.0,426.132259049377,12.419187713870063
2026-07-19 04:00:00,301.81808792691595,0.0,511.3806015186683,12.935471225010575
2026-07-19 05:00:00,301.4083565144091,0.0,575.6918701194726,16.40796670505582
2026-07-19 06:00:00,301.41742773977313,0.1424439350612434,51.61503935452624,15.85443097714814
2026-07-19 07:00:00,301.43641522724647,0.3937975840697011,35.29557093227703,18.598889157984253
2026-07-19 08:00:00,298.2557541572703,0.6183084854152414,49.73139303335623,20.212216909504225
2026-07-19 09:00:00,297.95641924469084,0.800673118415222,64.23951681771518,22.928751572858836
2026-07-19 10:00:00,297.86011576382845,0.9284608130395726,39.86385287168859,22.91226792725062
2026-07-19 11:00:00,293.77710778722405,0.9929610718652236,40.76904455026256,24.219215823498573
2026-07-19 12:00:00,294.8534308803562,0.9897773108553168,51.381434856304615,25.459239389363198
2026-07-19 13:00:00,293.421647646897,0.9191265473224716,40.61681382713924,24.633029212628117
2026-07-19 14:00:00,290.7533312781408,0.7858246071997185,68.64181776340598,26.874110824940807
2026-07-19 15:00:00,288.93253722756555,0.5989578599480826,48.1926827903339,24.676503105298522
2026-07-19 16:00:00,289.38088926477155,0.3712638569033998,41.29876136022831,24.940756683217202
2026-07-19 17:00:00,287.5525721578325,0.1182630911197914,58.26072719070768,23.228735445338256
2026-07-19 18:00:00,290.6051121831934,0.0,50.11194209256838,23.141342167742568
2026-07-19 19:00:00,288.2973814327778,0.0,56.41632549957752,20.724591216123486
2026-07-19 20:00:00,293.2614294772293,0.0,65.23117930907472,19.673137640448967
2026-07-19 21:00:00,291.2654079735325,0.0,41.90841978208521,18.46588743012886
2026-07-19 22:00:00,292.2565430813561,0.0,558.2251772494409,16.04011830409706
2026-07-19 23:00:00,294.2000192671477,0.0,531.1836916192727,14.6980525223677
2026-07-20 00:00:00,296.3705931140812,0.0,421.3735367772093,13.822010945752927
2026-07-20 01:00:00,298.2154724011041,0.0,499.97336751378793,12.702353133674004
2026-07-20 02:00:00,299.3217546650648,0.0,484.6094937397351,12.372765926475447
2026-07-20 03:00:00,300.77184202477554,0.0,559.0679230770664,15.124003907957752
2026-07-20 04:00:00,301.48589035221795,0.0,543.5468723483932,14.761041090822975
2026-07-20 05:00:00,300.6012269489441,0.0,449.5533196637939,15.244526754807072
2026-07-20 06:00:00,301.07275493833595,0.143153924023278,54.03156661864888,16.421752242808726
2026-07-20 07:00:00,300.59108011884445,0.3944568600470711,69.35052895482033,18.059601468783036
2026-07-20 08:00:00,301.0651053892563,0.6188721096388513,55.30427800540289,20.5296438568307
2026-07-20 09:00:00,299.414510278101,0.8011026721049086,57.12080721424202,21.084180925357614
2026-07-20 10:00:00,296.9913558868708,0.9287270161749231,68.73683003733409,23.986470449454007
2026-07-20 11:00:00,296.35392832465675,0.9930457790236192,56.83532777943088,25.815920049188993
2026-07-20 12:00:00,293.722462055597,0.989674748073254,47.54693979017696,26.123188250907056
2026-07-20 13:00:00,293.09301785239666,0.9188437056709724,38.19286417439,26.702726355470322
2026-07-20 14:00:00,291.1672974466514,0.7853807662462231,49.04554667920955,24.582351488736325
2026-07-20 15:00:00,288.3039702265087,0.5983832735874832,51.694373112652045,26.556249571973623
2026-07-20 16:00:00,289.7719384953857,0.3705976911369928,60.27032772001169,24.71507977562761
2026-07-20 17:00:00,288.1679868539522,0.1175507543510126,48.382584065821234,26.01931174595019
2026-07-20 18:00:00,288.96008116251164,0.0,54.12180179378655,24.51556239057942
2026-07-20 19:00:00,289.26971176270126,0.0,52.22707509860684,19.42697628402954
2026-07-20 20:00:00,290.25600330712786,0.0,51.36502550437088,20.663663963256077
2026-07-20 21:00:00,292.0417858875847,0.0,56.355991473192645,18.795498170663162
2026-07-20 22:00:00,292.21247284746534,0.0,423.2861027455946,16.47013663655007
2026-07-20 23:00:00,296.6931475137088,0.0,533.8763316113851,15.438728362906707
2026-07-21 00:00:00,295.16607109479867,0.0,561.9533994331347,13.61542900961914
2026-07-21 01:00:00,297.2779924401761,0.0,511.18591948679,12.821709523449414
2026-07-21 02:00:00,298.6644013636575,0.0,558.8404299097099,13.55875517031015
2026-07-21 03:00:00,299.6860276084389,0.0,489.9295833827335,12.204273120642695
2026-07-21 04:00:00,300.61676336959846,0.0,596.8679941999358,13.864707099626512
2026-07-21 05:00:00,303.385287947229,0.0,512.3346747672285,14.21450455032283
2026-07-21 06:00:00,300.82766819869994,0.1438638393215459,51.54999255800311,16.52656655698089
2026-07-21 07:00:00,300.1829244202935,0.3951159330458758,42.74908875489611,17.76894101885289
2026-07-21 08:00:00,298.4388059045425,0.6194354154048913,29.782572166903115,20.490899033199714
2026-07-21 09:00:00,299.4113536588356,0.8015318135653057,46.2082795601842,23.973874800698088
2026-07-21 10:00:00,295.57905413030886,0.9289927414083876,59.6383960400843,25.163991171751466
2026-07-21 11:00:00,296.74470875855826,0.99312997518315,53.557037397609385,25.823700294106292
2026-07-21 12:00:00,293.5711177107856,0.9895716760269824,43.765929655370655,26.622237037710907
2026-07-21 13:00:00,292.6686242821692,0.9185603912033148,50.483148934368536,28.361515109706712
2026-07-21 14:00:00,293.0030508559694,0.7849365211535749,48.44581325118323,26.80015394961134
2026-07-21 15:00:00,290.71204319136154,0.597808379312405,60.074766248170775,26.46258201876634
2026-07-21 16:00:00,288.55580739800894,0.3699313346694082,55.78945405131664,26.162388959728887
2026-07-21 17:00:00,289.5953235167021,0.1168383570932782,60.46958627114503,26.414271668408553
2026-07-21 18:00:00,288.6480834754416,0.0,35.95269513278113,23.586063876479365
2026-07-21 19:00:00,289.8458171275004,0.0,46.46830063838093,20.915817482936795
2026-07-21 20:00:00,291.5835434474965,0.0,61.858741363487454,20.147175763549978
2026-07-21 21:00:00,291.47865582756134,0.0,56.03989584025864,18.992374792925
2026-07-21 22:00:00,294.07389790058807,0.0,547.0688468355611,16.810658128601375
2026-07-21 23:00:00,295.6368198806785,0.0,506.67785781240616,16.91251452994873
2026-07-22 00:00:00,294.91616792763625,0.0,506.8002801471932,12.960322483570527
2026-07-22 01:00:00,297.9587311980923,0.0,530.608176121756,12.609915434414996
2026-07-22 02:00:00,298.48464471176254,0.0,522.5152049646206,13.582866624899875
2026-07-22 03:00:00,299.5189965292485,0.0,424.0504712333127,12.907476565215193
2026-07-22 04:00:00,300.9901686551934,0.0,432.5145943749664,14.816761580575465
2026-07-22 05:00:00,301.46102375502403,0.0,470.2418022903297,16.01249726929182
2026-07-22 06:00:00,301.4683332680682,0.1445736805907407,47.13591631441935,14.833992709154797
2026-07-22 07:00:00,300.9324403890996,0.395774802726971,37.456213058786126,18.43018364574257
2026-07-22 08:00:00,300.48512041496525,0.6199984024234976,55.62673716006331,19.334884756108142
2026-07-22 09:00:00,298.8736057128215,0.8019605425755868,41.29435037380254,24.135453440807723
2026-07-22 10:00:00,298.7503951155222,0.92925798860323,51.56468423052928,24.646038505145167
2026-07-22 11:00:00,295.88362071852885,0.9932136603004909,26.535632730040263,24.676914014564964
2026-07-22 12:00:00,293.81634818775973,0.9894680947695412,60.91134467747116,26.60234986450494
2026-07-22 13:00:00,293.6911241055047,0.918276604065286,60.82241491677281,26.113834134724804
2026-07-22 14:00:00,291.3635603645748,0.7844918721503724,34.13866574223435,25.645396072963806
2026-07-22 15:00:00,291.5556609052872,0.5972331774186757,54.24604584843285,24.650915500788095
2026-07-22 16:00:00,289.57585931552234,0.3692647878437494,36.23221351121917,25.778004282125522
2026-07-22 17:00:00,289.3834832524766,0.1161258997131717,51.14405710767465,25.02507668705637
2026-07-22 18:00:00,290.70977982844795,0.0,34.40693929549296,22.991546970223496
2026-07-22 19:00:00,288.6956982708504,0.0,57.40233285543184,23.316658741462327
2026-07-22 20:00:00,289.85669756477694,0.0,40.42198164823418,18.997131772228258
2026-07-22 21:00:00,292.3513131998645,0.0,39.51315049512506,20.016702323114544
2026-07-22 22:00:00,291.71261314024656,0.0,458.7505580145772,17.234541399400662
2026-07-22 23:00:00,295.1392921327843,0.0,544.7478193160271,13.413518816198735
2026-07-23 00:00:00,295.7337695091256,0.0,513.1041839452603,11.860598461045537
2026-07-23 01:00:00,296.8825328447665,0.0,460.7852832207252,14.197740733836321
2026-07-23 02:00:00,299.7914666164359,0.0,604.0275383597516,12.062000830618931
2026-07-23 03:00:00,299.41337542949583,0.0,632.3405552907939,12.708227846610091
2026-07-23 04:00:00,301.87242080869515,0.0,500.5072568486583,16.428523245669247
2026-07-23 05:00:00,301.24572453206986,0.0,472.6125360967948,13.868416256792345
2026-07-23 06:00:00,302.89021304747257,0.1452834474655941,40.05276717553132,16.87825273608239
2026-07-23 07:00:00,300.913658249986,0.3964334687513173,49.78320593706413,17.28945550044666
2026-07-23 08:00:00,299.56333396142685,0.620561070404791,58.64873100523998,21.9159859944792
2026-07-23 09:00:00,300.271933198176,0.8023888589151378,61.09698652032641,21.96027365382094
2026-07-23 10:00:00,297.3676512215039,0.9295227576229596,39.97658060373423,21.228729770804613
2026-07-23 11:00:00,296.53466529023325,0.9932968343325792,47.4752101989522,24.571442790121647
2026-07-23 12:00:00,294.51928751003896,0.9893640043542636,64.98978327675513,24.147948327437646
2026-07-23 13:00:00,292.63931938978027,0.9179923444029164,54.4495451585915,25.567542215339692
2026-07-23 14:00:00,291.3358896856236,0.7840468194654218,40.35329246220025,26.039984260555926
2026-07-23 15:00:00,290.0774254419134,0.596657668202281,55.82953990881988,25.709314299167804
2026-07-23 16:00:00,288.96897310284146,0.3685980510025836,57.37614391286463,27.62763484704791
2026-07-23 17:00:00,290.457825742175,0.1154133825773076,58.472059140508,25.20015729181213
2026-07-23 18:00:00,290.3897960253777,0.0,58.9824790501492,23.893138329536225
2026-07-23 19:00:00,290.528338218261,0.0,47.91917503669882,21.235491464135457
2026-07-23 20:00:00,292.0997344831475,0.0,54.11029186628864,19.300469654101096
2026-07-23 21:00:00,292.3494239994861,0.0,53.38909451283576,18.320671159656612
2026-07-23 22:00:00,293.2870398546152,0.0,537.6867256870391,15.663562541113807
2026-07-23 23:00:00,293.2361133932452,0.0,561.1588257913651,14.592026520775118
2026-07-24 00:00:00,297.21610304201084,0.0,627.9967922612682,14.99768509114979
2026-07-24 01:00:00,298.4704480882568,0.0,555.7419477928063,12.592684470243018
2026-07-24 02:00:00,299.79828288356333,0.0,442.39211032160495,14.00127742191973
2026-07-24 03:00:00,299.7063891462585,0.0,594.325969834821,13.056078655134522
2026-07-24 04:00:00,300.317156656946,0.0,587.7276654132901,12.92420976074781
2026-07-24 05:00:00,303.2753987486764,0.0,468.7065415949668,14.994815484602329
2026-07-24 06:00:00,302.2951398040439,0.1459931395808763,45.83267372884112,17.015142720908578
2026-07-24 07:00:00,299.6907637808501,0.3970919307799802,35.27837026410867,19.904556459564464
2026-07-24 08:00:00,301.0081714370369,0.6211234190595921,63.66343497803853,17.66211269662133
2026-07-24 09:00:00,299.9124128945349,0.8028167623635568,40.9129044333839,21.743756538742865
2026-07-24 10:00:00,296.9220138417667,0.9297870483313324,52.64713465691474,24.844797713448465
2026-07-24 11:00:00,295.7588431772149,0.9933794972366156,56.421744378181415,26.7668247454564
2026-07-24 12:00:00,293.7391690626876,0.9892594048346464,46.30972744868159,25.742281114092656
2026-07-24 13:00:00,292.15649871799866,0.9177076123624796,39.86760541612666,25.311688733492723
2026-07-24 14:00:00,292.5006231948679,0.7836013633277371,45.37618052838125,26.447405186742078
2026-07-24 15:00:00,290.3558894150158,0.5960818519593651,46.23551090488641,27.244783097172487
2026-07-24 16:00:00,288.7725329957747,0.3679311244892098,37.2880283851844,26.27821952340699
2026-07-24 17:00:00,290.5766656975725,0.114700806052331,51.04889448737592,25.363409215523927
2026-07-24 18:00:00,288.9568038543521,0.0,51.26092251551346,23.096322637182503
2026-07-24 19:00:00,290.6896065554984,0.0,63.877504351421805,21.33895649669426
2026-07-24 20:00:00,289.96290080523187,0.0,42.024137919793176,20.42056172680175
2026-07-24 21:00:00,291.6476369127949,0.0,72.36971576981766,16.80836705912826
2026-07-24 22:00:00,293.486755178035,0.0,421.60604171854783,16.304333296251666
2026-07-24 23:00:00,294.48744564187353,0.0,404.75183179198535,16.436167300091814
2026-07-25 00:00:00,297.0938185804304,0.0,641.2085624013786,11.755364029809167
2026-07-25 01:00:00,297.50744238859306,0.0,492.22561152692913,12.593581154178684
2026-07-25 02:00:00,300.40778213498754,0.0,623.4928754091345,11.894431650282907
2026-07-25 03:00:00,299.36646483921726,0.0,518.43159229192,11.387623519645471
2026-07-25 04:00:00,300.5213252019224,0.0,418.0783758060902,12.923128864588486
2026-07-25 05:00:00,301.4874409298945,0.0,466.6565751408782,15.216079890875042
2026-07-25 06:00:00,300.3493509558197,0.1467027565713957,44.96935402669549,17.666903924241616
2026-07-25 07:00:00,298.0431070392448,0.3977501884741298,59.22204507756713,18.634542490716356
2026-07-25 08:00:00,299.02025052483805,0.6216854480983508,65.3237448319904,18.966826362587845
2026-07-25 09:00:00,298.24003303323366,0.8032442527006542,47.14134572163594,22.032334614211248
2026-07-25 10:00:00,297.7380427473877,0.9300508605923508,41.84291809225105,23.309412326543573
2026-07-25 11:00:00,293.15509144747904,0.9934616489700634,42.33615376861602,25.91799906228158
2026-07-25 12:00:00,294.8509206232728,0.989154296264547,50.62948964076592,25.460768977483607
2026-07-25 13:00:00,291.9644684498764,0.9174224080904922,38.51935194540254,27.294097515377224
2026-07-25 14:00:00,293.1814210385841,0.7831555039665401,55.51111433293645,26.33212748756751
2026-07-25 15:00:00,290.72432302159984,0.5955057289862299,52.44804080842839,26.230732067553962
2026-07-25 16:00:00,289.1975748949061,0.3672640086468132,44.09578040429584,26.717255086521675
2026-07-25 17:00:00,289.18294623057983,0.1139881705049176,56.23426309499543,24.47670111866777
2026-07-25 18:00:00,288.304062145715,0.0,51.937049974814265,22.427392689837635
2026-07-25 19:00:00,288.95203542830365,0.0,43.02623206464265,20.930913091961557
2026-07-25 20:00:00,290.40791338750506,0.0,52.24261678368583,18.971117012216446
2026-07-25 21:00:00,292.364586174931,0.0,38.68002810125935,16.588288256673753
2026-07-25 22:00:00,293.4548991795912,0.0,499.9143800546121,16.673540092790176
2026-07-25 23:00:00,296.7709684940947,0.0,371.3060952117029,14.872164018033802
2026-07-26 00:00:00,297.8209755371711,0.0,615.383860591315,14.405699127696689
2026-07-26 01:00:00,297.4491385206451,0.0,500.5667879922324,13.58546646837474
2026-07-26 02:00:00,297.08057590669847,0.0,602.4460454664245,14.338774587832742
2026-07-26 03:00:00,300.9045726292746,0.0,504.8343931421679,14.296894811729397
2026-07-26 04:00:00,301.95889312407337,0.0,458.2494568150904,15.218427540845255
2026-07-26 05:00:00,302.15430558841786,0.0,403.2093194537966,14.928678232520845
2026-07-26 06:00:00,301.9966125159396,0.1474122980719996,48.08018952851132,16.593762577193388
2026-07-26 07:00:00,300.419814048242,0.3984082414950418,49.551925650773725,18.88586955462936
2026-07-26 08:00:00,301.547396594706,0.6222471572318595,61.10008935631477,19.692594174502897
2026-07-26 09:00:00,298.6611105606723,0.8036713297064533,50.89519125105568,21.154884224538637
2026-07-26 10:00:00,295.4523409118289,0.9303141942702629,41.5746034011376,24.48863763442744
2026-07-26 11:00:00,294.5050023434899,0.9935432894906494,62.70936415619136,25.42773456933619
2026-07-26 12:00:00,295.2010992178974,0.9890486786980516,55.889580170854245,26.330495004275907
2026-07-26 13:00:00,292.0633034082061,0.917136731733714,60.08852027216066,27.554508233566732
2026-07-26 14:00:00,289.5286787347832,0.7827092416112599,65.55833357248206,27.958581640994222
2026-07-26 15:00:00,292.3320816152472,0.5949292995793353,48.06501521064936,25.853702620396657
2026-07-26 16:00:00,289.7533727631296,0.3665967038186767,42.37461966729637,24.46345787546852
2026-07-26 17:00:00,290.0913427779656,0.1132754763017737,41.91259319006989,24.734728401309077
2026-07-26 18:00:00,287.35472399736284,0.0,44.11699222060479,22.74256749379044
2026-07-26 19:00:00,289.5753246845092,0.0,55.62673150674617,20.96357786810677
2026-07-26 20:00:00,289.82889825155405,0.0,44.37029262877892,19.030390942402793
2026-07-26 21:00:00,291.3356865746724,0.0,37.997487355890144,17.731064464273576
2026-07-26 22:00:00,293.131160822566,0.0,445.0197834337989,15.61211062750351
2026-07-26 23:00:00,293.5871322440777,0.0,469.06112492008486,13.019077192309227
2026-07-27 00:00:00,295.4723809685122,0.0,527.1415878036518,14.890769342723416
2026-07-27 01:00:00,297.1438136838311,0.0,459.1428935290826,11.244310836602487
2026-07-27 02:00:00,299.0387420514493,0.0,545.2569463330275,10.541444556468807
2026-07-27 03:00:00,299.5535306287368,0.0,481.2385033415709,12.692339853718364
2026-07-27 04:00:00,299.4674631297144,0.0,524.2284737319159,13.241276732283215
2026-07-27 05:00:00,301.9279396411474,0.0,453.0394885957386,13.277010268527729
2026-07-27 06:00:00,301.11282825152927,0.1481217637175738,66.00895860566564,17.086774290059672
2026-07-27 07:00:00,300.97082951406514,0.3990660895040971,40.94589530863591,18.418625675671095
2026-07-27 08:00:00,300.5700917142693,0.6228085461710755,47.01122961751712,22.054899926239884
2026-07-27 09:00:00,297.3924923297759,0.8040979931611899,54.090347226942825,22.87413410702378
2026-07-27 10:00:00,296.24607261766414,0.9305770492295626,45.88344835593169,23.71014564682034
2026-07-27 11:00:00,295.28002910670574,0.9936244187563632,42.03466295733711,25.509846296700903
2026-07-27 12:00:00,293.4029512085488,0.9889425521895092,84.48639895450502,26.12004090554063
2026-07-27 13:00:00,292.4688582398885,0.9168505834391476,54.17835259048654,28.20553846343939
2026-07-27 14:00:00,292.0710145430171,0.7822625764915329,24.538764779366844,26.390790948908865
2026-07-27 15:00:00,290.3810926360146,0.5943525640352986,60.84579633145884,25.78586557708368
2026-07-27 16:00:00,289.6767918890777,0.36592921034818,32.12794560904951,25.891339270284217
2026-07-27 17:00:00,287.8426891164846,0.1125627238096354,48.95180627046272,25.4535380692414
2026-07-27 18:00:00,288.9493948544205,0.0,50.70194369799848,23.92475566226103
2026-07-27 19:00:00,289.98566328349904,0.0,50.42904797501146,21.284934384027444
2026-07-27 20:00:00,289.8576939445241,0.0,32.24032119564093,20.53180341298184
2026-07-27 21:00:00,291.08402093509034,0.0,49.55847204292032,18.770003013305665
2026-07-27 22:00:00,292.87649222569155,0.0,526.0304186479041,17.534468424562224
2026-07-27 23:00:00,293.4487551486821,0.0,475.8590485275289,14.794495435636188
2026-07-28 00:00:00,296.63502437310365,0.0,509.5532370747373,14.006617724587953
2026-07-28 01:00:00,297.69826081981114,0.0,450.478340661998,12.962662536468553
2026-07-28 02:00:00,299.69253499217734,0.0,488.3892118221702,13.037600711255536
2026-07-28 03:00:00,299.50594443851605,0.0,434.7886183386239,12.089309643778183
2026-07-28 04:00:00,300.9555062236975,0.0,508.03729448640496,14.549709527592094
2026-07-28 05:00:00,299.7048067144872,0.0,560.5702467220378,15.20495626101691
2026-07-28 06:00:00,300.3311206341315,0.1488311531430435,50.30435265386525,17.23875099741618
2026-07-28 07:00:00,300.8533184695007,0.3997237321627818,61.04066980520008,17.361881314733377
2026-07-28 08:00:00,298.70396932128966,0.6233696146271207,53.39159774077396,18.719523592274843
2026-07-28 09:00:00,298.11212256749167,0.8045242428451778,56.53217518648487,20.486010177024177
2026-07-28 10:00:00,295.888232437978,0.9308394253349912,44.590614323915005,23.88303635223797
2026-07-28 11:00:00,296.4402460874978,0.9937050367254574,64.73697995491077,23.580987238586882
2026-07-28 12:00:00,293.99114329466283,0.9888359167935296,45.06509311357219,26.478563659660637
2026-07-28 13:00:00,292.2676780288302,0.9165639633541294,43.92580174531479,26.637090386884857
2026-07-28 14:00:00,291.3752620279185,0.7818155088372029,39.77875314796758,26.255882437227722
2026-07-28 15:00:00,291.7947033974143,0.5937755226508951,39.20866890283308,26.83382772286352
2026-07-28 16:00:00,289.2229355861526,0.3652615285788003,43.21444288394769,26.304112954623754
2026-07-28 17:00:00,289.9888815596205,0.111849913395495,49.08292434352559,24.964538545263963
2026-07-28 18:00:00,288.69678203512166,0.0,38.703301593085335,23.488230063650423
2026-07-28 19:00:00,290.1401777184789,0.0,66.34147276288049,21.313037344294163
2026-07-28 20:00:00,289.96588902019505,0.0,50.144683970886426,18.84508429950285
2026-07-28 21:00:00,291.3175950625248,0.0,45.28397437229791,17.002503803249073
2026-07-28 22:00:00,293.1050903436112,0.0,518.1552457033267,17.182518379954356
2026-07-28 23:00:00,294.0389096261944,0.0,561.6505488048907,14.178691904554693
2026-07-29 00:00:00,297.1290852223132,0.0,453.6073604170772,13.661996792950912
2026-07-29 01:00:00,296.13105542593644,0.0,433.0804125237897,13.782382875026466
2026-07-29 02:00:00,298.96887457957183,0.0,575.9361065671367,11.758158695196943
2026-07-29 03:00:00,300.0829676381224,0.0,517.8186747260927,14.32219830028372
2026-07-29 04:00:00,300.8795129844843,0.0,519.8383461810757,15.897453841908163
2026-07-29 05:00:00,300.411946675118,0.0,495.0814942982121,14.766571247107473
2026-07-29 06:00:00,300.64472651713766,0.1495404659833729,37.58085855327816,16.034303027360135
2026-07-29 07:00:00,300.47363236229813,0.400381169132688,42.63656512114929,18.06818023480729
2026-07-29 08:00:00,300.35448136925896,0.6239303623112821,58.425593456012855,20.507214891836988
2026-07-29 09:00:00,297.5553142045462,0.8049500785393484,58.07864895317355,21.99445288669607
2026-07-29 10:00:00,297.1969855369642,0.9311013224515358,50.51913926422552,23.75826486197879
2026-07-29 11:00:00,297.1253285207422,0.993785143356448,48.54466800794219,25.920011666281194
2026-07-29 12:00:00,294.9027516189167,0.9887287725649851,52.828817363278894,26.36814451457125
2026-07-29 13:00:00,292.4110446003185,0.9162768716259656,45.67914817366976,26.03502865735789
2026-07-29 14:00:00,291.872840965959,0.7813680388783206,65.2619817401859,26.7223532062163
2026-07-29 15:00:00,289.1699859181413,0.593198175723057,54.11625896643076,26.166989461591672
2026-07-29 16:00:00,287.2082995099507,0.3645936588541114,72.21058135560291,25.3925353243081
2026-07-29 17:00:00,289.84821004726075,0.1111370454256968,51.31729930831544,24.282190857490498
2026-07-29 18:00:00,288.8082945954838,0.0,41.61168654524545,25.232158131058043
2026-07-29 19:00:00,289.93178376052987,0.0,49.8286863277355,21.077478581627947
2026-07-29 20:00:00,292.5878110593971,0.0,66.2110653402047,23.455330418593917
2026-07-29 21:00:00,292.8476185665573,0.0,41.66119979094985,16.952462949941825
2026-07-29 22:00:00,293.21982698760127,0.0,619.6330957109528,16.884611439304365
2026-07-29 23:00:00,294.15354008399805,0.0,489.1106558768734,14.17611402264481
2026-07-30 00:00:00,295.3880616603763,0.0,494.538411759429,13.200476611148622
2026-07-30 01:00:00,297.6817758415324,0.0,505.8660544903015,12.479677754231668
2026-07-30 02:00:00,299.5400834725461,0.0,494.41827025794777,12.562205303397546
2026-07-30 03:00:00,300.2055403903376,0.0,386.5427102343792,14.35944867453825
2026-07-30 04:00:00,299.65142550424184,0.0,513.6311425608593,14.835675958604607
2026-07-30 05:00:00,300.9932648226857,0.0,548.1696535322209,16.29620762262637
2026-07-30 06:00:00,299.8629437735758,0.1502497018735658,58.3973984882047,16.427334632800992
2026-07-30 07:00:00,300.99071634717325,0.4010384000755136,62.46938875865831,18.56309174388229
2026-07-30 08:00:00,300.1891540859999,0.6244907889350115,54.2649555742406,20.421258650273284
2026-07-30 09:00:00,299.09336582141583,0.8053755000244414,56.02658829440707,21.273759454638775
2026-07-30 10:00:00,296.7984507143221,0.93136274044443,38.102870672463965,24.624096976571643
2026-07-30 11:00:00,297.7940242587802,0.9938647386081136,62.714814390563,25.56403533077823
2026-07-30 12:00:00,294.2940757518253,0.98862111955901,43.05524944047122,25.482578073383422
2026-07-30 13:00:00,294.2047161471938,0.915989308402478,59.92306699431448,26.236654109072905
2026-07-30 14:00:00,291.593165212838,0.7809201668451443,62.326956941642855,26.444867932829318
2026-07-30 15:00:00,290.79039049063323,0.5926205235488742,49.11091205644796,26.70980735373415
2026-07-30 16:00:00,289.4864116306179,0.3639256015177841,56.458061801409855,26.643331600234518
2026-07-30 17:00:00,289.8161119409599,0.1104241202672923,57.26154906862524,23.72031741225479
2026-07-30 18:00:00,287.5461805143133,0.0,61.28918094821352,21.20953859942168
2026-07-30 19:00:00,290.2876359333768,0.0,62.64468854297738,22.40627056420615
2026-07-30 20:00:00,291.2806993930552,0.0,34.73477765928934,20.229202219889707
2026-07-30 21:00:00,292.5589709834572,0.0,52.50474168521932,17.53869440110687
2026-07-30 22:00:00,294.1286297337209,0.0,416.62443504990085,16.61957009861161
2026-07-30 23:00:00,294.7457893136931,0.0,483.5399694721976,14.380986775497428
2026-07-31 00:00:00,295.680654368109,0.0,495.37124977124085,14.049740538986907
2026-07-31 01:00:00,295.9015955075069,0.0,398.81178915991086,14.3621445514024
2026-07-31 02:00:00,299.78497198835,0.0,554.4893997687832,11.63287515553554
2026-07-31 03:00:00,300.36345892659176,0.0,381.131968845402,13.086812526919596
2026-07-31 04:00:00,300.37682674610534,0.0,488.5906242335037,13.525474146612265
2026-07-31 05:00:00,301.2894926450748,0.0,467.2951552973604,15.19338203232207
2026-07-31 06:00:00,299.184432775745,0.1509588604486653,58.14229276234767,16.180444820606738
2026-07-31 07:00:00,301.64541551804683,0.4016954246530623,46.08572331028592,18.484369634088765
2026-07-31 08:00:00,299.5557810290867,0.6250508942099261,69.65380186410215,20.180902638872187
2026-07-31 09:00:00,298.18193634282505,0.8058005070815445,55.938431475668175,20.11595600784566
2026-07-31 10:00:00,297.0178217942972,0.931623679179154,63.34744551791721,23.442448438526117
2026-07-31 11:00:00,295.6863497969413,0.9939438224394967,45.11990459810527,24.28557524797813
2026-07-31 12:00:00,292.58376009314634,0.9885129578309996,53.37573758733864,27.082140738267398
2026-07-31 13:00:00,292.5707095478364,0.9157012738316402,57.3088032181617,27.141725613577695
2026-07-31 14:00:00,289.90296823366083,0.7804718929681386,50.2738387377365,24.350878831376846
2026-07-31 15:00:00,290.76122814006374,0.5920425664255933,51.948594682188336,27.454643801855465
2026-07-31 16:00:00,290.2006676973513,0.3632573569135853,50.83672482223603,25.32687083753458
2026-07-31 17:00:00,286.9379133440077,0.1097111382871367,44.25804884809821,25.108006871572382
2026-07-31 18:00:00,290.2239643769245,0.0,56.7276193486448,22.419574326137177
2026-07-31 19:00:00,288.88041004361025,0.0,49.31516066034891,22.16386819817319
2026-07-31 20:00:00,290.3982339499004,0.0,70.12637571601766,20.348405873503783
2026-07-31 21:00:00,290.8062533133861,0.0,33.20143766665423,17.74241569731777
2026-07-31 22:00:00,294.56511566688727,0.0,521.2628699342999,16.426878797829794
2026-07-31 23:00:00,294.8717201862919,0.0,568.2331449892395,14.460184888445308
2026-08-01 00:00:00,296.0622763363915,0.0,649.0017934246475,15.118662048526646
2026-08-01 01:00:00,297.4115392734148,0.0,426.1652490658512,12.255273674503059
2026-08-01 02:00:00,300.3706489585175,0.0,393.8845726057633,11.583337111295327
2026-08-01 03:00:00,300.0763160808269,0.0,481.2444612447416,12.982472442275272
2026-08-01 04:00:00,302.4830301072344,0.0,541.7367979630325,14.073848917679694
2026-08-01 05:00:00,299.19662870281087,0.0,451.46260322537415,13.244163501613507
2026-08-01 06:00:00,300.6932792510363,0.1516679413437545,45.51510911155061,15.30427544621992
2026-08-01 07:00:00,299.9793114462048,0.4023522425272441,43.91450128623222,17.653530112887953
2026-08-01 08:00:00,299.5271480662231,0.6256106778478084,42.13977880257561,19.03673922376032
2026-08-01 09:00:00,297.11987957179355,0.8062250994919586,28.11716156333948,21.8171864403237
2026-08-01 10:00:00,297.25286146943495,0.9318841385214348,53.12546325161805,24.53687629686096
2026-08-01 11:00:00,296.24398899850183,0.9940223948099024,51.00842946340602,26.029114675752883
2026-08-01 12:00:00,294.8445220456652,0.9884042874366116,42.66109405008027,26.44121562287095
2026-08-01 13:00:00,291.96020379157613,0.9154127680616684,46.3992167496838,25.37673365090963
2026-08-01 14:00:00,291.02753367251404,0.780023217477975,39.450519506884014,27.59416809724799
2026-08-01 15:00:00,289.3757840888097,0.5914643046506178,64.7772164704751,25.328454647598846
2026-08-01 16:00:00,289.411127346972,0.3625889253853788,43.11253781444502,27.9588609880757
2026-08-01 17:00:00,291.3794109901705,0.1089980998521144,47.57647138083836,23.949335898713535
2026-08-01 18:00:00,291.0178855284148,0.0,30.53805007392648,21.990931208387888
2026-08-01 19:00:00,289.5396801374145,0.0,45.6499807097892,20.282563823383335
2026-08-01 20:00:00,290.7350204502172,0.0,49.10202046709502,21.142136881957214
2026-08-01 21:00:00,292.0652162843845,0.0,54.71223905225333,20.1221184423145
2026-08-01 22:00:00,292.50073859550275,0.0,528.9591937103113,16.50096138549229
2026-08-01 23:00:00,293.71765086093404,0.0,524.6676412947281,14.744201050189345
2026-08-02 00:00:00,294.7198402841838,0.0,513.5798375163141,12.425146763149337
2026-08-02 01:00:00,296.93973114899694,0.0,560.4996705784542,11.2384098434954
2026-08-02 02:00:00,299.03874104262985,0.0,472.45231901144587,13.480247475355936
2026-08-02 03:00:00,298.2672760707093,0.0,444.1247581548125,13.270508302668713
2026-08-02 04:00:00,300.96382450916474,0.0,559.174141647498,15.198802193763747
2026-08-02 05:00:00,302.1451435757445,0.0,498.33105007144127,15.539099369544811
2026-08-02 06:00:00,300.4199550247751,0.1523769441939566,54.47762532262831,16.584987296860856
2026-08-02 07:00:00,300.4939983757245,0.4030088533600756,53.434258474061245,17.496375755183397
2026-08-02 08:00:00,300.0512353305716,0.6261701395606066,58.45914325689516,18.231121328462404
2026-08-02 09:00:00,298.57375143738886,0.8066492770371982,43.16822850072352,21.106748086972292
2026-08-02 10:00:00,296.79513121712785,0.9321441183371636,62.535651782368376,22.45586017410474
2026-08-02 11:00:00,295.2703090558035,0.9941004556788992,50.99335289695485,23.71324387215796
2026-08-02 12:00:00,295.7114279491419,0.9882951084317654,52.65228533582937,26.698063823783485
2026-08-02 13:00:00,293.4211137463892,0.9151237912410208,52.813196253010496,25.28381471403861
2026-08-02 14:00:00,291.26742415393574,0.7795741406056742,40.62930515581287,26.655265362632075
2026-08-02 15:00:00,293.20549789778147,0.5908857385215085,53.039589112206016,26.936712117223035
2026-08-02 16:00:00,290.1075016054875,0.3619203072771242,41.38375446778159,27.020401611341747
2026-08-02 17:00:00,289.9761501556851,0.1082850053291388,49.741173139862646,25.23264166093435
2026-08-02 18:00:00,288.25674475115994,0.0,53.809209751590885,23.86161497774879
2026-08-02 19:00:00,289.1933504410781,0.0,61.51550729201961,21.862296474983353
2026-08-02 20:00:00,290.11880712400057,0.0,52.092820888769154,19.52379032080707
2026-08-02 21:00:00,291.9944015750115,0.0,58.51886572041237,14.94158336962704
2026-08-02 22:00:00,294.3331624896885,0.0,435.5207136120471,16.098444019545003
2026-08-02 23:00:00,292.9529407217417,0.0,557.120729522654,14.73237684589525
2026-08-03 00:00:00,297.0366986185077,0.0,467.6636366340184,11.832737889537473
2026-08-03 01:00:00,297.21597080541824,0.0,528.1474246678279,12.59804465264465
2026-08-03 02:00:00,298.1531522865891,0.0,488.41743641674776,15.284358914326118
2026-08-03 03:00:00,299.8759895522724,0.0,568.6675615753037,13.907385034073867
2026-08-03 04:00:00,298.51696300820043,0.0,401.0010265171538,13.462622947744395
2026-08-03 05:00:00,301.0458481708039,0.0,478.0162341480834,14.945430166781513
2026-08-03 06:00:00,299.0579891783079,0.15308586863421,42.60315743212441,17.02939196621222
2026-08-03 07:00:00,301.4170495368946,0.4036652568136796,38.751287154366494,17.80161624705943
2026-08-03 08:00:00,299.08807882244986,0.6267292790604342,48.77440706486194,21.38752371488696
2026-08-03 09:00:00,298.19522736036464,0.8070730394989911,48.19766279045126,21.89412647063042
2026-08-03 10:00:00,298.8123967827867,0.9324036184927252,46.365567103757705,23.796526632855258
2026-08-03 11:00:00,297.03785913219104,0.9941780050063186,59.859209706083696,25.454104645397077
2026-08-03 12:00:00,293.885437491629,0.9881854208726422,47.40191937849086,25.916442145415864
2026-08-03 13:00:00,293.665612573866,0.9148343435183984,45.65794628874224,27.19481273755455
2026-08-03 14:00:00,289.82574912957875,0.7791246625820364,28.4917176757466,26.591054627661077
2026-08-03 15:00:00,291.29040228831946,0.590306868335982,69.45304505590632,28.242611023934447
2026-08-03 16:00:00,288.6938597944648,0.3612515029328773,38.26021223536215,26.43450950625932
2026-08-03 17:00:00,288.50111292774795,0.1075718550851523,45.12224209864928,25.579663924404706
2026-08-03 18:00:00,288.0004422873432,0.0,60.246171626577095,23.445956638910616
2026-08-03 19:00:00,289.6360560111441,0.0,53.26655306348763,21.91431901568167
2026-08-03 20:00:00,291.08192693667274,0.0,64.19313950052265,20.45187332443771
2026-08-03 21:00:00,290.1376548545161,0.0,51.61070431133199,17.25218633423804
2026-08-03 22:00:00,291.7390670048657,0.0,589.0092850884815,15.38117348048626
2026-08-03 23:00:00,294.81245213381555,0.0,472.29047306315954,13.008052701880564
2026-08-04 00:00:00,297.18694375435456,0.0,522.3498287647033,13.596730381261612
2026-08-04 01:00:00,297.8080788998757,0.0,503.0772153259165,12.531973770903367
2026-08-04 02:00:00,298.1250368172249,0.0,470.52966337019615,12.231357159792617
2026-08-04 03:00:00,301.21951295455506,0.0,516.2350784030099,12.05446676713058
2026-08-04 04:00:00,299.6857721880436,0.0,436.9922651080292,14.603291073112105
2026-08-04 05:00:00,301.1899419361736,0.0,468.7249182130879,14.152062532055258
2026-08-04 06:00:00,298.7834209075585,0.1537947143001675,56.86830882866093,15.733268536516391
2026-08-04 07:00:00,301.21387216010663,0.4043214525502858,57.92807394001351,17.54031288303464
2026-08-04 08:00:00,301.0907663122311,0.6272880960595706,54.4197431476469,18.708844061624095
2026-08-04 09:00:00,298.29391674396686,0.8074963866592786,38.05691576603449,22.04010459845411
2026-08-04 10:00:00,297.70895737096254,0.9326626388545044,40.7088151498551,23.572949686309396
2026-08-04 11:00:00,295.28420947798406,0.9942550427522554,53.79305872514279,23.5129986244102
2026-08-04 12:00:00,293.49501723096546,0.9880752248156844,38.12667948002631,26.574858868889763
2026-08-04 13:00:00,293.0710281608752,0.9145444250427448,61.9594192940512,26.705861135666815
2026-08-04 14:00:00,291.556829603669,0.778674783638495,49.06944505304018,28.16417092029203
2026-08-04 15:00:00,289.60898390212543,0.5897276943919121,52.434968109456825,25.649260501266664
2026-08-04 16:00:00,292.33653839852104,0.3605825126967896,69.6236414108233,26.682531116040714
2026-08-04 17:00:00,290.8291219104298,0.1068586494871256,70.6017204077539,26.167729804251884
2026-08-04 18:00:00,289.68425988231894,0.0,41.50438544296793,22.918877919474063
2026-08-04 19:00:00,290.08055928819294,0.0,46.70567840778404,20.923828429849067
2026-08-04 20:00:00,289.96344739938024,0.0,55.4083537744278,21.131626967699624
2026-08-04 21:00:00,291.9124493055631,0.0,59.396986087559824,17.87171623416577
2026-08-04 22:00:00,293.8704913084649,0.0,539.0472971582835,16.904601487338926
2026-08-04 23:00:00,294.13752691651507,0.0,486.5696941311882,15.958223504474162
2026-08-05 00:00:00,296.81017687904153,0.0,525.449577283184,12.688874196519041
2026-08-05 01:00:00,299.1751642756483,0.0,486.562980574345,14.36989586695868
2026-08-05 02:00:00,299.2458713349937,0.0,535.7260967894205,12.302683185511418
2026-08-05 03:00:00,297.927456319148,0.0,483.1338466594971,14.980067108929672
2026-08-05 04:00:00,299.6485317063748,0.0,485.6521773815986,11.359024958544937
2026-08-05 05:00:00,298.4904917817418,0.0,526.0808283442914,14.029028827837351
2026-08-05 06:00:00,301.83679012068967,0.1545034808268487,44.006336517326446,17.11567966308326
2026-08-05 07:00:00,299.7944477799323,0.4049774402322306,53.38228779777433,19.991198463646942
2026-08-05 08:00:00,298.80610847869104,0.6278465902704614,41.36463955317021,20.53060103152864
2026-08-05 09:00:00,299.13744242903624,0.807919318300216,41.56782070012655,21.98030893886764
2026-08-05 10:00:00,297.7266207354315,0.9329211792892153,62.40136231818912,24.40888134488907
2026-08-05 11:00:00,294.4098015303441,0.994331568877068,27.74854388046399,24.696809059802614
2026-08-05 12:00:00,295.485394801466,0.987964520317597,50.16863249250353,24.992444730581198
2026-08-05 13:00:00,293.67926213289064,0.9142540359632452,47.9832169656922,27.863269127723115
2026-08-05 14:00:00,292.6101969515575,0.7782245040065475,54.31032161715801,28.297749151403494
2026-08-05 15:00:00,290.17847783097625,0.5891482169873283,47.52617681003046,26.840645752754487
2026-08-05 16:00:00,288.9767167283106,0.3599133369131083,38.22853878623793,25.00635785191527
2026-08-05 17:00:00,289.1202894163079,0.1061453889020584,62.040725384777424,24.074237067232616
2026-08-05 18:00:00,290.189752774206,0.0,53.79614170467626,23.416974151209942
2026-08-05 19:00:00,288.69694322903445,0.0,48.8934112196733,21.935396329099724
2026-08-05 20:00:00,290.2147167672186,0.0,71.76253105723224,19.47388743792428
2026-08-05 21:00:00,291.35904808184586,0.0,41.77605514602968,16.727408153508396
2026-08-05 22:00:00,291.92570974708184,0.0,471.0180560795498,16.26798481041249
2026-08-05 23:00:00,294.1717475652159,0.0,529.5545599100774,14.558685294061304
2026-08-06 00:00:00,295.34425006219163,0.0,496.28605952675935,13.007503019099685
2026-08-06 01:00:00,297.9802442120562,0.0,451.8032751112164,12.697437139949459
2026-08-06 02:00:00,301.0360255054671,0.0,610.8051576128989,12.828530600113647
2026-08-06 03:00:00,299.9052977668141,0.0,543.8888359965055,13.622171174675344
2026-08-06 04:00:00,302.3790123880404,0.0,420.3808214043454,12.088614844422676
2026-08-06 05:00:00,300.519126231436,0.0,578.0419062602717,15.10522125692876
2026-08-06 06:00:00,300.8638779605291,0.1552121678495383,60.17934519996736,15.117464480654537
2026-08-06 07:00:00,301.2458539519232,0.4056332195219578,36.624011742769945,17.79909910205934
2026-08-06 08:00:00,299.4443575014803,0.628404761405718,38.45826132220788,19.459738894060038
2026-08-06 09:00:00,298.7684009884611,0.8083418342041723,46.20439091086549,22.317354682299435
2026-08-06 10:00:00,296.58914261529395,0.9331792396638184,58.968365675685945,24.094273209138535
2026-08-06 11:00:00,296.2819275532437,0.9944075833413776,55.946471172853,24.460732551410846
2026-08-06 12:00:00,295.09073025203577,0.9878533074353452,49.68584318638855,24.878352602160483
2026-08-06 13:00:00,294.0867449308732,0.9139631764293272,34.63275341273528,26.6254917096541
2026-08-06 14:00:00,290.5717903466799,0.7777738239178977,43.16547559986167,25.389721628090328
2026-08-06 15:00:00,290.25447364532664,0.5885684364204168,56.4475995639373,26.286298098229526
2026-08-06 16:00:00,288.96144700961696,0.3592439759261762,31.437109380301766,25.21565974174752
2026-08-06 17:00:00,289.18795698474867,0.1054320736969783,47.22954267682243,25.588412206725337
2026-08-06 18:00:00,287.54271469688126,0.0,56.30378088958816,21.640516252913983
2026-08-06 19:00:00,290.27237984686286,0.0,37.68535678616287,22.126029560553125
2026-08-06 20:00:00,290.5265300984652,0.0,28.74198221722869,20.376194699099116
2026-08-06 21:00:00,290.5147236855289,0.0,47.85661335221231,17.121480284856982
2026-08-06 22:00:00,293.2005525207907,0.0,491.8904603759867,16.15374920262364
2026-08-06 23:00:00,294.54733811790874,0.0,469.0313546889233,15.207029943833495
2026-08-07 00:00:00,296.7649449608224,0.0,470.6150157291924,14.165875169466299
2026-08-07 01:00:00,298.949973951652,0.0,478.81504231989766,15.048226927880545
2026-08-07 02:00:00,299.85540685103524,0.0,505.4959289043311,12.258750100339478
2026-08-07 03:00:00,300.6023262519708,0.0,436.6401843632963,12.76640554590523
2026-08-07 04:00:00,299.9074692456429,0.0,521.8761132188584,13.737463399240673
2026-08-07 05:00:00,302.53311829066365,0.0,457.5015156645024,14.453084610367663
2026-08-07 06:00:00,301.75282007489005,0.1559207750035619,62.008683159087774,17.37247478524594
2026-08-07 07:00:00,300.41539664373374,0.4062887900820182,50.354177743905325,16.98711037245225
2026-08-07 08:00:00,300.1027053060887,0.6289626091781183,85.8418189584934,20.739552161541805
2026-08-07 09:00:00,297.9613106645912,0.8087639341537303,51.039181474645,20.6484841985828
2026-08-07 10:00:00,298.5945418034237,0.9334368198455224,56.41367726039686,23.25391330454701
2026-08-07 11:00:00,296.5630476654828,0.994483086106069,37.31323401476561,22.67274360276957
2026-08-07 12:00:00,295.6324136821168,0.9877415862261572,58.730005503583214,25.500729761857638
2026-08-07 13:00:00,292.374444907025,0.9136718465906604,59.52224455052927,28.320042584243623
2026-08-07 14:00:00,291.52451393319484,0.7773227436044553,66.20652204555148,27.19710843274736
2026-08-07 15:00:00,288.733275129821,0.5879883529895195,58.84925580915829,24.831225534528865
2026-08-07 16:00:00,290.13303272812925,0.3585744300804311,62.67465760731496,27.580363142134956
2026-08-07 17:00:00,289.444291449516,0.1047187042389412,48.689507226696655,24.780406530382916
2026-08-07 18:00:00,290.43688880185846,0.0,51.756528752764254,24.148689557016016
2026-08-07 19:00:00,289.0041291341226,0.0,67.37199251534878,20.798862133770257
2026-08-07 20:00:00,289.13358258867515,0.0,35.36149119988963,22.181898153455855
2026-08-07 21:00:00,291.9782702670065,0.0,38.072540275170326,17.469847200685113
2026-08-07 22:00:00,292.8358755650364,0.0,538.8649624883387,15.39174133070033
2026-08-07 23:00:00,297.0447175104683,0.0,552.8988765560654,15.292718686505795
2026-08-08 00:00:00,297.22134910447016,0.0,449.4114927659017,13.510870054065748
2026-08-08 01:00:00,296.2893108988441,0.0,474.50625881252137,11.328663573197597
2026-08-08 02:00:00,297.4578128869051,0.0,424.0017731920498,13.480574174810842
2026-08-08 03:00:00,301.48848779830945,0.0,492.6401027849582,13.12350580984786
2026-08-08 04:00:00,301.623517978828,0.0,401.4350545640648,13.923595355797984
2026-08-08 05:00:00,300.2763448042728,0.0,523.6103566483625,15.510017783717473
2026-08-08 06:00:00,301.8170583426248,0.1566293019242865,42.38433047076212,16.730739750260998
2026-08-08 07:00:00,301.5638503797619,0.4069441515748622,59.99381039103939,18.939948638745367
2026-08-08 08:00:00,299.34395146021615,0.6295201333006064,53.15051025945765,17.267275179334657
2026-08-08 09:00:00,300.65130558197137,0.8091856179316868,40.87876221024205,21.59596158106724
2026-08-08 10:00:00,295.652133787796,0.9336939197017818,52.64505437500263,25.001845686804476
2026-08-08 11:00:00,295.7996583581015,0.9945580771322664,46.83008183417961,24.193624715752758
2026-08-08 12:00:00,293.59342436947395,0.987629356747522,40.898655414489966,26.119674110669497
2026-08-08 13:00:00,290.76129869499454,0.9133800465971572,65.57973652995774,28.090270866220425
2026-08-08 14:00:00,290.71827470809626,0.776871263298336,37.68121940109715,27.064980452214296
2026-08-08 15:00:00,290.39898289071886,0.587407966993318,61.74240812742629,26.309974313713727
2026-08-08 16:00:00,286.99856264192056,0.3579046997204064,47.39499334176146,25.038018142606198
2026-08-08 17:00:00,287.64575860731173,0.1040052808950309,52.12953887956423,24.364395136738448
2026-08-08 18:00:00,290.22138080164166,0.0,59.15491069151273,23.142606793893954
2026-08-08 19:00:00,288.90039202308293,0.0,36.36843018215825,21.733072689260187
2026-08-08 20:00:00,290.90745181158184,0.0,37.51323878306771,19.45362959307743
2026-08-08 21:00:00,293.51749211707505,0.0,31.7398782213488,17.07806697671776
2026-08-08 22:00:00,293.5719873572805,0.0,470.5382398807217,16.182722686707006
2026-08-08 23:00:00,295.55431233921246,0.0,577.9540713167041,13.081501857157873
2026-08-09 00:00:00,296.32041185666986,0.0,470.4473143612589,14.281412875200711
2026-08-09 01:00:00,297.39826941647,0.0,500.1934469855862,12.822374059905076
2026-08-09 02:00:00,298.8317609257998,0.0,489.3621476981137,15.820596003471035
2026-08-09 03:00:00,300.5552345750758,0.0,366.50680431908506,12.93534697622095
2026-08-09 04:00:00,298.9743383496567,0.0,571.8320703319705,13.513367693719717
2026-08-09 05:00:00,301.76458227276254,0.0,485.54557233127446,15.58424840474176
2026-08-09 06:00:00,300.73536279891715,0.1573377482471201,50.69080575741192,17.969803917795673
2026-08-09 07:00:00,300.59569556445393,0.4075993036636712,45.81374014350699,20.84414737664861
2026-08-09 08:00:00,300.2557474447742,0.630077333486293,46.60173755085408,20.31715076213272
2026-08-09 09:00:00,298.66189530327176,0.809606885321053,50.14474601660748,22.897522780740466
2026-08-09 10:00:00,297.217270129316,0.9339505391002992,63.09432704201281,23.55134262728791
2026-08-09 11:00:00,295.3231344821704,0.9946325563814284,38.98920362250955,25.61113106123754
2026-08-09 12:00:00,294.65621863712204,0.9875166190571903,51.81387688605589,25.428071122212607
2026-08-09 13:00:00,292.32411445113786,0.9130877765989704,54.855273701139424,27.534328342025866
2026-08-09 14:00:00,291.22634788746467,0.7764193832318612,48.857413374902166,26.488748676733287
2026-08-09 15:00:00,289.201933943194,0.5868272787300981,59.44974192071531,27.27055743038102
2026-08-09 16:00:00,291.9373951920588,0.3572347851907301,36.99855240595853,26.052026645008134
2026-08-09 17:00:00,291.16430607140165,0.1032918040323589,46.27866558077697,24.7348738642596
2026-08-09 18:00:00,288.1573728308176,0.0,47.14868131653832,24.74960194153917
2026-08-09 19:00:00,287.6633014922019,0.0,37.82464717716735,22.098368659855588
2026-08-09 20:00:00,288.3320997556684,0.0,53.00603957956319,20.383160079483687
2026-08-09 21:00:00,291.44982365073747,0.0,38.56097773156445,20.18600818370091
2026-08-09 22:00:00,293.4812220486351,0.0,481.2007228232136,16.802627607067976
2026-08-09 23:00:00,295.07933444773533,0.0,446.3105825398078,14.71893590151605
2026-08-10 00:00:00,295.37685185568205,0.0,454.7439181514727,15.107374597558168
2026-08-10 01:00:00,297.33258990292666,0.0,428.1859015965711,14.290117934821083
2026-08-10 02:00:00,299.4885362796811,0.0,504.62159828195735,13.153117679979298
2026-08-10 03:00:00,298.8716444477641,0.0,455.2375508551626,13.100469853089205
2026-08-10 04:00:00,300.96550938111216,0.0,504.4626012644017,14.28587267660613
2026-08-10 05:00:00,301.7001639811938,0.0,468.3667534707521,15.194427765095794
2026-08-10 06:00:00,300.63324792991904,0.1580461136075122,35.99851435572802,15.42040543888755
2026-08-10 07:00:00,300.75145019169736,0.408254246011111,56.33079963721929,17.01510360732812
2026-08-10 08:00:00,301.5088250886788,0.6306342094484556,52.34347378005057,19.969012499110022
2026-08-10 09:00:00,299.5489270945624,0.8100277361050543,59.77304607031772,23.83399802406864
2026-08-10 10:00:00,297.6383126094369,0.9342066779090236,67.00512926253093,23.901244619654822
2026-08-10 11:00:00,295.1277218700496,0.9947065238152064,62.31590776535488,26.502705604209304
2026-08-10 12:00:00,294.43320780944583,0.9874033732131748,51.83171061136263,26.823707044296263
2026-08-10 13:00:00,293.53359424170225,0.912795036746496,30.799332291787124,27.612439335225005
2026-08-10 14:00:00,293.57461467094845,0.7759671036375585,52.437321632575525,27.826394897497533
2026-08-10 15:00:00,290.38361238616034,0.5862462884988527,53.81560058318155,27.690381303292085
2026-08-10 16:00:00,290.71217638251863,0.3565646868361249,44.679854874665146,27.940444774779497
2026-08-10 17:00:00,289.5817015628082,0.1025782740180641,51.70766212819192,24.52622983549998
2026-08-10 18:00:00,289.274496171606,0.0,65.09864451975827,23.241752017210544
2026-08-10 19:00:00,289.7492706726722,0.0,59.999875662557166,22.14784173013385
2026-08-10 20:00:00,289.47932880341864,0.0,50.652298646175126,19.2814182902951
2026-08-10 21:00:00,292.86318751398534,0.0,39.638947698114826,18.537683126005444
2026-08-10 22:00:00,292.40150847396177,0.0,433.63029550496464,16.852688337188983
2026-08-10 23:00:00,295.2352506277701,0.0,513.1433197832966,14.710751135071249
2026-08-11 00:00:00,294.1116077096735,0.0,513.7541119683773,15.343071427509152
2026-08-11 01:00:00,297.50677127414446,0.0,594.17928617059,12.482254258528075
2026-08-11 02:00:00,297.7062037835711,0.0,521.6558314425793,12.690422758071799
2026-08-11 03:00:00,300.7085299717892,0.0,445.3235464906643,14.88128226243581
2026-08-11 04:00:00,301.37776526726964,0.0,552.6921201259171,13.364220395300231
2026-08-11 05:00:00,301.2955118344244,0.0,419.4169597461528,14.77845517488957
2026-08-11 06:00:00,300.9802884175762,0.1587543976409542,27.606974407778164,16.34558244838555
2026-08-11 07:00:00,300.2176039646955,0.4089089782801631,62.11051802173222,19.276945820010827
2026-08-11 08:00:00,301.07218040998885,0.6311907609005384,61.20651351327379,18.85398069168536
2026-08-11 09:00:00,298.3971551587787,0.8104481700671303,51.39668310282771,20.704973265286018
2026-08-11 10:00:00,295.2051689733571,0.9344623359961522,41.10846991301513,24.24502711446334
2026-08-11 11:00:00,293.3119297387928,0.994779979395538,44.52130488290115,25.432127577550382
2026-08-11 12:00:00,294.4244157335109,0.9872896192737488,55.04621103931176,26.777098384103038
2026-08-11 13:00:00,291.6951377734776,0.9125018271903712,45.16965685308691,25.097635428308187
2026-08-11 14:00:00,290.7256463130955,0.7755144247481605,72.5035512930883,28.777128743875068
2026-08-11 15:00:00,291.4810890482313,0.5856649965985462,49.22952904331998,25.882572248282486
2026-08-11 16:00:00,289.2481291800218,0.3558944050014083,41.10903826697887,24.245044622888724
2026-08-11 17:00:00,286.1430143045053,0.1018646912193129,47.67611304242913,24.787602293240596
2026-08-11 18:00:00,288.7545204356395,0.0,47.534451020258366,23.561346363675206
2026-08-11 19:00:00,287.9547707750132,0.0,51.4695858381219,20.218597717769224
2026-08-11 20:00:00,289.2535426901769,0.0,43.97508307896407,20.046027472649786
2026-08-11 21:00:00,289.7371153477023,0.0,55.83410600386567,18.55366192631673
2026-08-11 22:00:00,294.6216293938663,0.0,562.6616430876619,16.256758292250034
2026-08-11 23:00:00,293.0187340517608,0.0,465.3938997975786,14.131146270360501
2026-08-12 00:00:00,296.0222157554188,0.0,443.8716467868903,13.277593559826123
2026-08-12 01:00:00,299.4182947912534,0.0,511.00155456700793,13.445802549966064
2026-08-12 02:00:00,298.0713367389986,0.0,454.9600528084415,12.397118296815986
2026-08-12 03:00:00,300.3844745178723,0.0,533.4980474933817,11.690262499952635
2026-08-12 04:00:00,300.6528565836033,0.0,470.5230696822283,14.385572199939773
2026-08-12 05:00:00,301.2492792952724,0.0,391.8199129924346,15.909920725627682
2026-08-12 06:00:00,300.1747252014322,0.1594625999829791,57.22552975415995,16.539604569218646
2026-08-12 07:00:00,301.386274701829,0.409563500133917,50.98590706930816,19.246729807218696
2026-08-12 08:00:00,300.6380437226176,0.6317469875561526,41.97679164069734,18.748151720888185
2026-08-12 09:00:00,297.3890298389621,0.8108681869909353,59.2213439849642,19.79687477267659
2026-08-12 10:00:00,296.4159501971708,0.9347175132301292,73.02159870217147,22.890736982479307
2026-08-12 11:00:00,296.18492075808973,0.9948529230846248,52.13316613884186,23.99319163798689
2026-08-12 12:00:00,294.5716225028938,0.9871753572974474,49.494136364418935,25.04496317009957
2026-08-12 13:00:00,293.06052758916576,0.912208148081475,50.29352234296566,27.843083841780743
2026-08-12 14:00:00,293.16636224827624,0.7750613467966054,36.946032433374526,27.692906422061522
2026-08-12 15:00:00,292.155182751538,0.5850834033282982,49.51724081493588,28.281399715447634
2026-08-12 16:00:00,289.74293090245783,0.3552239400314922,31.860395344370296,25.325999236830715
2026-08-12 17:00:00,288.48682644064405,0.101151056003299,53.80743058308833,26.828786204720412
2026-08-12 18:00:00,288.64286666230885,0.0,35.89530479633101,24.209588947586866
2026-08-12 19:00:00,287.2488879469286,0.0,53.584005478370045,21.997683112759777
2026-08-12 20:00:00,289.4589738262001,0.0,66.21516997710918,20.556341110482972
2026-08-12 21:00:00,290.9844894717604,0.0,67.90975286470436,18.544949465757274
2026-08-12 22:00:00,294.3293455715307,0.0,646.0807110080922,16.526509972075917
2026-08-12 23:00:00,295.07553142803897,0.0,574.2730906053076,14.966005720609823
2026-08-13 00:00:00,296.7290274671982,0.0,563.7115597183143,14.664625132889306
2026-08-13 01:00:00,297.4360879616272,0.0,539.0057988251443,12.61305502967536
2026-08-13 02:00:00,298.64858644458945,0.0,374.9234841986636,11.528905940836324
2026-08-13 03:00:00,301.33289809389123,0.0,444.8119013269644,12.636938574653946
2026-08-13 04:00:00,301.2818064831365,0.0,485.08392760040834,14.44568476450964
2026-08-13 05:00:00,303.4144299042936,0.0,489.1516545544688,14.064748056854148
2026-08-13 06:00:00,300.2203838729521,0.1601707202691619,35.091682715503666,15.605387413108888
2026-08-13 07:00:00,299.0792811725789,0.4102178112355707,60.396952090161705,18.308387072199974
2026-08-13 08:00:00,300.34511995828086,0.6323028891289003,42.45090588057999,19.373786395516074
2026-08-13 09:00:00,300.2575579398605,0.8112877866603382,54.26940704814466,20.25172656871201
2026-08-13 10:00:00,297.78233399986203,0.9349722094796457,50.15956423591235,23.189665416414456
2026-08-13 11:00:00,293.7729935973709,0.9949253548449316,55.82863913930119,26.303417498827645
2026-08-13 12:00:00,293.95157408932795,0.987060587343104,57.88061715140631,26.552282287124612
2026-08-13 13:00:00,293.7578008590191,0.911913999570928,56.487198329664814,27.001443850068
2026-08-13 14:00:00,292.4827707364565,0.7746078700160371,66.40073044402716,26.727187712890988
2026-08-13 15:00:00,292.99017920164107,0.5845015089873834,59.290847430266425,28.50609671170398
2026-08-13 16:00:00,290.8313283578887,0.3545532922715953,59.467254283189526,25.065530173693144
2026-08-13 17:00:00,289.07490195680657,0.1004373687372429,52.344217473588486,23.827979816933052
2026-08-13 18:00:00,290.6766081428392,0.0,45.26366612078355,23.7865891760088
2026-08-13 19:00:00,289.73442732054514,0.0,61.16330262412663,20.50135124549538
2026-08-13 20:00:00,290.7132741394944,0.0,48.45632165435836,22.509481578496295
2026-08-13 21:00:00,291.96156994283564,0.0,47.26078176854297,16.59733899151454
2026-08-13 22:00:00,293.0177539416332,0.0,524.9104668699292,16.689820940313357
2026-08-13 23:00:00,295.0462699406235,0.0,549.9069230497604,17.0496553532643
2026-08-14 00:00:00,296.10414084356387,0.0,534.5845985980849,14.152044046672225
2026-08-14 01:00:00,296.34984104622004,0.0,521.5303266624134,12.481369711984382
2026-08-14 02:00:00,297.4039538152831,0.0,568.4956441452557,12.878040486898385
2026-08-14 03:00:00,297.765500999093,0.0,441.6368802261583,14.676732038349165
2026-08-14 04:00:00,300.46286387866263,0.0,566.1222912700658,14.426910829031886
2026-08-14 05:00:00,299.2521460916514,0.0,469.3060841223599,15.205836709518746
2026-08-14 06:00:00,301.7169944392997,0.1608787581351201,58.58986698563177,17.13829529495623
2026-08-14 07:00:00,300.3867805753798,0.4108719112484305,36.08157295623048,17.116845208812073
2026-08-14 08:00:00,300.8115136654814,0.6328584653330798,64.85101999255153,20.44851389549254
2026-08-14 09:00:00,299.5933748536642,0.8117069688594223,52.270559083017964,22.456462191959712
2026-08-14 10:00:00,295.9470925137722,0.9352264246136412,54.33758060868423,23.908995882840017
2026-08-14 11:00:00,295.47527629814,0.9949972746391866,38.40320607634138,24.822088082210193
2026-08-14 12:00:00,294.8099485002465,0.9869453094697038,29.151382871939383,25.37515791098734
2026-08-14 13:00:00,294.4172315399686,0.9116193818100924,39.46722944895389,28.082172483058592
2026-08-14 14:00:00,291.5462567245808,0.7741539946398044,55.56474105215079,26.124122376126344
2026-08-14 15:00:00,289.8350852040649,0.5839193138752315,58.24770394459556,27.45966607684802
2026-08-14 16:00:00,290.41568261472025,0.3538824620663925,52.732003032675,24.80566092786918
2026-08-14 17:00:00,288.4236470322488,0.0997236297883917,48.88592413335172,25.21051917244018
2026-08-14 18:00:00,288.8103723987829,0.0,52.091728029833845,24.081995639233035
2026-08-14 19:00:00,288.1113086854014,0.0,41.39084632183484,21.038961147443818
2026-08-14 20:00:00,289.41143185352644,0.0,47.37444458276155,20.351148681067762
2026-08-14 21:00:00,290.9671049494254,0.0,66.79560499995964,18.319198004073833
2026-08-14 22:00:00,293.0778335246222,0.0,562.7809390192598,15.61739308581001
2026-08-14 23:00:00,294.77814013707524,0.0,505.9492625860815,15.973368914792525
2026-08-15 00:00:00,294.6454569553012,0.0,560.8817388176807,13.737581377899073
2026-08-15 01:00:00,296.3315502185214,0.0,588.0991793334587,11.385974420562984
2026-08-15 02:00:00,300.8804978855828,0.0,515.9710133615131,11.71194214226931
2026-08-15 03:00:00,298.48781262457953,0.0,487.5426332541526,13.750754476085678
2026-08-15 04:00:00,301.1265436572172,0.0,534.4939975875676,13.67306974273095
2026-08-15 05:00:00,299.7447684368183,0.0,501.018408839329,16.08576038025705
2026-08-15 06:00:00,299.8994250901587,0.1615867132165134,32.72622943247033,18.335652307054065
2026-08-15 07:00:00,301.44996777663096,0.4115257998359113,40.61715022596877,18.242295720605497
2026-08-15 08:00:00,298.3553727088801,0.6334137158826276,32.51079403644229,19.30953623042235
2026-08-15 09:00:00,296.851983211903,0.812125733372486,46.58310059352077,21.765409563047047
2026-08-15 10:00:00,296.3050026575574,0.935480158501302,34.193994192103695,23.6471474779754
2026-08-15 11:00:00,297.24248324668724,0.9950686824303816,58.42029491452322,25.60442354710768
2026-08-15 12:00:00,294.5547427011174,0.9868295237366024,49.91136938615203,27.238816190814344
2026-08-15 13:00:00,291.7261763684856,0.911324294950572,59.20011502041521,27.38474841635258
2026-08-15 14:00:00,292.3647833880476,0.7736997209014611,63.59882293034397,24.971971247592993
2026-08-15 15:00:00,290.5198893115531,0.5833368182914269,46.020636419744,27.707946214194884
2026-08-15 16:00:00,289.292156897076,0.3532114497612905,55.36068007911819,24.652196210101874
2026-08-15 17:00:00,286.8839018121508,0.0990098395240195,60.42184367767797,24.770761917517724
2026-08-15 18:00:00,290.26649369500115,0.0,53.30509954432094,23.63117626781043
2026-08-15 19:00:00,290.559652352375,0.0,38.67427077237231,22.45754607546627
2026-08-15 20:00:00,289.98467749447974,0.0,51.81652508806027,20.561382225571318
2026-08-15 21:00:00,292.46773154880697,0.0,23.76990254863083,17.407148568225274
2026-08-15 22:00:00,292.62905486920096,0.0,492.8357291257404,17.20686200457136
2026-08-15 23:00:00,294.2145959093018,0.0,495.8243533932958,15.644685742023118
2026-08-16 00:00:00,298.35022025028604,0.0,545.3375475098367,15.814410916422998
2026-08-16 01:00:00,298.1757700397637,0.0,480.8476166236083,11.364890101119627
2026-08-16 02:00:00,298.51697669759005,0.0,490.7687365108003,13.156082788680399
2026-08-16 03:00:00,299.2494479064287,0.0,534.1024405641946,12.697705062252112
2026-08-16 04:00:00,301.3100419088033,0.0,503.598054491976,14.910999707350102
2026-08-16 05:00:00,299.6802950747037,0.0,486.7649122533633,15.527123261076316
2026-08-16 06:00:00,301.3031587006706,0.1622945851490441,48.99652532858608,18.01934117801481
2026-08-16 07:00:00,301.3500587075834,0.412179476661537,44.39200741410129,16.64932509256641
2026-08-16 08:00:00,300.2031032514107,0.6339686404918247,49.60716315210082,19.59105678530965
2026-08-16 09:00:00,297.8141922644579,0.8125440799840425,46.268211248415454,22.942948979350565
2026-08-16 10:00:00,296.81891782664763,0.9357334110120628,45.28038082996292,23.527165697563923
2026-08-16 11:00:00,294.7452332307894,0.9951395781817716,28.16116558903189,24.783828321930887
2026-08-16 12:00:00,294.5930218568105,0.9867132302033804,52.28144298398476,27.154901549
2026-08-16 13:00:00,292.8407919437636,0.9110287391442112,56.78827623303902,26.846289653578243
2026-08-16 14:00:00,291.48590464506344,0.7732450490347664,68.14475468432697,25.617961260594534
2026-08-16 15:00:00,291.4786184912498,0.5827540225357087,61.3594907477864,26.941649516594882
2026-08-16 16:00:00,291.3920303050207,0.352540255701577,34.27268262207512,25.046172869513622
2026-08-16 17:00:00,288.1852532873753,0.0982959983114265,43.877165795583046,23.770200997143675
2026-08-16 18:00:00,288.2655844790082,0.0,46.46006712081067,22.36689673157395
2026-08-16 19:00:00,288.6981105492665,0.0,33.94522205289669,22.42155772637363
2026-08-16 20:00:00,289.1054176584537,0.0,51.52998982553256,20.390226677783282
2026-08-16 21:00:00,290.3975730915536,0.0,66.1889355753858,18.82609078196219
2026-08-16 22:00:00,293.29659433331824,0.0,586.0144012993433,16.803206570131536
2026-08-16 23:00:00,294.2116194483346,0.0,536.3156870262328,14.059260094144962
2026-08-17 00:00:00,294.73082948125585,0.0,499.0280831790988,13.91686558314424
2026-08-17 01:00:00,297.8225933758475,0.0,440.58786255448575,13.323578835138658
2026-08-17 02:00:00,300.9285232915921,0.0,508.6794275538807,13.520483399162812
2026-08-17 03:00:00,299.9356999814067,0.0,477.0809976244845,13.690283345350656
2026-08-17 04:00:00,300.0122095681804,0.0,325.2782297480005,16.063457844266363
2026-08-17 05:00:00,300.3033147616155,0.0,565.1773512660664,14.047401366180337
2026-08-17 06:00:00,301.6729570462896,0.1630023735684574,45.43951196353439,16.534880928862396
2026-08-17 07:00:00,299.35355283869575,0.4128329413889401,51.48715681232994,18.04014134005663
2026-08-17 08:00:00,299.5151817911204,0.6345232388751192,62.103211120330926,18.46049191528529
2026-08-17 09:00:00,298.59135822230604,0.8129620084788204,44.86392858948702,22.234985511277443
2026-08-17 10:00:00,296.7171572905816,0.9359861820156054,44.002493963981685,21.361629415592354
2026-08-17 11:00:00,295.0384613085081,0.9952099618568756,39.51068316290401,25.77003691453612
2026-08-17 12:00:00,294.3619227142118,0.9865964289298802,36.62577448034132,25.401036558819595
2026-08-17 13:00:00,294.1216028367714,0.9107327145430972,72.08978713732581,27.039393439422867
2026-08-17 14:00:00,292.04813395749744,0.7727899792736841,71.3166935596727,27.56658434999467
2026-08-17 15:00:00,291.1510868247121,0.5821709269079703,64.66342433541061,25.366705022598374
2026-08-17 16:00:00,292.8728747994806,0.3518688802326331,38.00001976599647,26.235387001831505
2026-08-17 17:00:00,290.8753865752548,0.0975821065179393,41.03024617457488,26.091965608641605
2026-08-17 18:00:00,289.50502521539795,0.0,49.19047640525822,23.308967825847958
2026-08-17 19:00:00,289.5858558964462,0.0,48.924196887969394,21.53701361025508
2026-08-17 20:00:00,291.26309408083216,0.0,52.25881995409462,19.655696311446324
2026-08-17 21:00:00,290.8818360820202,0.0,58.53836876609218,18.241821093608838
2026-08-17 22:00:00,293.98440085657296,0.0,447.5094920221578,15.77429595441398
2026-08-17 23:00:00,293.77294683812505,0.0,551.9321043829846,14.87265002323767
2026-08-18 00:00:00,296.1234504763604,0.0,457.4482887252867,13.544670011341225
2026-08-18 01:00:00,299.2901065231439,0.0,547.824183528563,11.691753912214955
2026-08-18 02:00:00,299.0457082293173,0.0,503.01801958492354,12.872661763793314
2026-08-18 03:00:00,299.2103925689817,0.0,454.2757574187255,14.349926016925311
2026-08-18 04:00:00,299.882926082986,0.0,440.4333757941515,13.706382222621716
2026-08-18 05:00:00,300.7480780201525,0.0,550.5860669697306,16.348977246365422
2026-08-18 06:00:00,300.6353886696255,0.1637100781105414,67.82165610900458,16.65463386605778
2026-08-18 07:00:00,302.4802395875356,0.4134861936818626,40.31303036818495,18.864828749232185
2026-08-18 08:00:00,299.8166493913034,0.6350775107471274,44.80871794009825,20.016651055352654
2026-08-18 09:00:00,298.0113692191695,0.8133795186416305,43.865558567545776,23.007161842087736
2026-08-18 10:00:00,296.95975809496736,0.9362384713818594,52.53655979828101,22.172975040165717
2026-08-18 11:00:00,295.4791371471276,0.9952798334194752,29.955742248360945,24.692048707085995
2026-08-18 12:00:00,295.2864185462137,0.9864791199762049,22.613758090956296,27.355797598614547
2026-08-18 13:00:00,292.1656377010652,0.910436221299651,52.05604849181891,25.975901648886563
2026-08-18 14:00:00,290.0059885412624,0.7723345118523828,44.313936072545125,25.83542372999265
2026-08-18 15:00:00,289.6781768161129,0.5815875317082596,41.45094106544981,27.221973915008096
2026-08-18 16:00:00,288.597469776843,0.3511973236999336,62.14676444459711,24.84342017573036
2026-08-18 17:00:00,289.5826864640086,0.0968681645111367,40.76717789202308,24.27526272815212
2026-08-18 18:00:00,287.80692210043725,0.0,45.81967989859417,23.778282446454675
2026-08-18 19:00:00,289.7715825655218,0.0,48.4251130344,19.945909380094758
2026-08-18 20:00:00,289.37278459409765,0.0,67.0895897206233,21.665467558456967
2026-08-18 21:00:00,291.6749650537457,0.0,36.96416745508228,18.224851833382974
2026-08-18 22:00:00,293.3405982535294,0.0,444.70514642261605,16.791865311396503
2026-08-18 23:00:00,295.5886056240117,0.0,558.7051440541319,13.926820763472781
2026-08-19 00:00:00,295.78924742509366,0.0,505.01929244225386,13.201286472510809
2026-08-19 01:00:00,297.470403486938,0.0,605.314867946699,13.14294777761242
2026-08-19 02:00:00,297.05558331066186,0.0,550.5876753880614,13.26056133682111
2026-08-19 03:00:00,299.0261387988978,0.0,475.7123471235184,12.908586744505335
2026-08-19 04:00:00,302.69363776861724,0.0,507.8375201133442,15.781098237492817
2026-08-19 05:00:00,301.2309487790925,0.0,511.7210115799372,16.037526502092447
2026-08-19 06:00:00,300.1909079077672,0.1644176984111274,47.12838450888557,16.67717133352823
2026-08-19 07:00:00,301.4488775393395,0.4141392332041556,69.5868374632359,18.104213063233583
2026-08-19 08:00:00,299.3748414203342,0.6356314558226337,46.005104716562826,19.265425932063994
2026-08-19 09:00:00,297.2241966396972,0.8137966102578965,60.86746473386694,21.918358417318103
2026-08-19 10:00:00,297.3056778858343,0.9364902789810028,29.49737905669453,24.277029686189646
2026-08-19 11:00:00,295.6907221209916,0.9953491928336164,62.59112168935602,27.050712334264205
2026-08-19 12:00:00,293.8274458441904,0.9863613034027188,35.27524540367523,26.893580917907478
2026-08-19 13:00:00,292.45334861948214,0.9101392595662536,67.91947084215028,27.307580488550883
2026-08-19 14:00:00,289.8165837104852,0.7718786470052357,58.6994623175726,27.86320875482463
2026-08-19 15:00:00,291.4064996663663,0.5810038372367784,49.80324417971361,26.37404088745619
2026-08-19 16:00:00,290.4126477819105,0.3505255864490463,60.19531656665321,25.593555836044228
2026-08-19 17:00:00,287.4287933827443,0.0961541726579445,42.411531600056655,25.516869336946044
2026-08-19 18:00:00,290.0911526251439,0.0,62.943850626045496,22.348426782512036
2026-08-19 19:00:00,289.0904327185592,0.0,60.63822432062321,23.725221415925596
2026-08-19 20:00:00,291.36046798490105,0.0,51.68830530571098,20.906247377562163
2026-08-19 21:00:00,292.19807226932306,0.0,29.578545131136003,16.45241096261957
2026-08-19 22:00:00,293.0263875237189,0.0,513.3111701810687,17.62690863602772
2026-08-19 23:00:00,294.66633361055887,0.0,502.8209887232868,15.38372776793266
2026-08-20 00:00:00,298.6272565401269,0.0,464.1622170035084,13.726430882963204
2026-08-20 01:00:00,296.716915217765,0.0,429.5948638376027,14.120176856375812
2026-08-20 02:00:00,299.4216519327632,0.0,473.9129031856255,10.359021499829726
2026-08-20 03:00:00,297.43747076120525,0.0,598.6805476954584,12.940930234757179
2026-08-20 04:00:00,299.8840286139173,0.0,496.406132753885,13.978342237795905
2026-08-20 05:00:00,301.6380268467527,0.0,538.7434686903606,15.120524964726654
2026-08-20 06:00:00,303.5334029150658,0.1651252341060899,54.91308011497693,16.254607975355203
2026-08-20 07:00:00,300.0422525118895,0.4147920596197798,61.5236875512222,16.57826754508018
2026-08-20 08:00:00,300.41135501591464,0.6361850738165903,41.04294484650892,21.14644363234053
2026-08-20 09:00:00,296.52437339761155,0.81421328311286,46.09334547875282,22.504074080182587
2026-08-20 10:00:00,297.20685805966843,0.9367416046834608,60.38910287700163,23.672842564118085
2026-08-20 11:00:00,295.22796455107186,0.9954180400636086,43.43744308031468,25.63208935398721
2026-08-20 12:00:00,295.18496202932903,0.9862429792700478,50.31702526748732,25.761715283850272
2026-08-20 13:00:00,294.8320352294693,0.9098418294958084,43.85159505026984,27.349332700182835
2026-08-20 14:00:00,291.20850361725707,0.7714223849668204,50.37363194327575,27.382619758176958
2026-08-20 15:00:00,289.37027421717386,0.5804198437938828,47.049703561639554,27.77367904248904
2026-08-20 16:00:00,289.6441313681377,0.3498536688256318,47.02101479471746,26.30372127059508
2026-08-20 17:00:00,290.4167501955826,0.095440131325993,54.2295467391049,25.19866442653322
2026-08-20 18:00:00,289.4860560087003,0.0,50.85186608776829,21.892444268721896
2026-08-20 19:00:00,288.59812697732906,0.0,51.93922155341943,21.585070786167474
2026-08-20 20:00:00,290.9983540306461,0.0,39.31033195653144,19.62960602333788
2026-08-20 21:00:00,291.6344379176678,0.0,58.27405745380674,17.635051866714356
2026-08-20 22:00:00,294.325961073239,0.0,539.3000019296031,16.128683842958516
2026-08-20 23:00:00,294.84629754415573,0.0,465.4943379783402,13.070204167159218
2026-08-21 00:00:00,295.2357093294413,0.0,481.5296630952601,14.343218484196518
2026-08-21 01:00:00,299.601608951179,0.0,445.51818256449246,14.195199248424537
2026-08-21 02:00:00,298.34026948302653,0.0,415.4062339364064,14.691415702537121
2026-08-21 03:00:00,298.85587202335137,0.0,528.3328062162456,12.616601439318346
2026-08-21 04:00:00,300.59167243278176,0.0,600.1598551388057,13.857947571044605
2026-08-21 05:00:00,301.8748152929225,0.0,515.2386445921984,16.62359279744523
2026-08-21 06:00:00,301.4148875047181,0.1658326848313472,51.07747166016266,17.263921497757984
2026-08-21 07:00:00,300.4653967921516,0.4154446725928054,38.30392809770494,16.44728916429883
2026-08-21 08:00:00,299.7566490784219,0.6367383644441179,63.96518853963939,21.24532572718873
2026-08-21 09:00:00,298.5107548435337,0.8146295369921106,52.42700991457033,22.1347434414057
2026-08-21 10:00:00,296.4023608917447,0.9369924483599068,56.51645983924574,23.480609987728943
2026-08-21 11:00:00,294.874843911117,0.9954863750740244,45.382165759899664,25.781228895762627
2026-08-21 12:00:00,294.4882031689512,0.9861241476390789,32.370457603574884,24.692592996603068
2026-08-21 13:00:00,292.4180462288527,0.9095439312413665,47.06630808692368,26.60979244605808
2026-08-21 14:00:00,290.5087242346634,0.7709657259719191,55.77277693192735,26.86019960857566
2026-08-21 15:00:00,291.0419173924833,0.5798355516800826,58.298696728129215,27.556532797426005
2026-08-21 16:00:00,289.2386924172812,0.3491815711754438,53.69596360158183,24.770796426553815
2026-08-21 17:00:00,288.1670296786492,0.0947260408827116,72.42107571841731,25.34682555501817
2026-08-21 18:00:00,289.2184793237672,0.0,61.02586516938527,25.15642590311815
2026-08-21 19:00:00,289.7777172719853,0.0,53.309983812618064,20.496410999767573
2026-08-21 20:00:00,288.7581952409994,0.0,50.921556029776085,21.765845211766823
2026-08-21 21:00:00,291.26894930380354,0.0,46.120787505621074,17.36190609058553
2026-08-21 22:00:00,291.6330706018885,0.0,457.0147948803324,15.324817961462571
2026-08-21 23:00:00,295.3015093461395,0.0,452.1594053213439,12.712934604582433
2026-08-22 00:00:00,298.16603541569015,0.0,521.0073589112721,14.909691052634594
2026-08-22 01:00:00,298.8841475825693,0.0,487.3957616551099,13.953916451102762
2026-08-22 02:00:00,297.7621818255198,0.0,539.0903891150033,12.888485765612488
2026-08-22 03:00:00,299.896440731573,0.0,494.309600505789,12.924833407738353
2026-08-22 04:00:00,301.676327955725,0.0,448.8587543483919,14.459344249984639
2026-08-22 05:00:00,301.3563853841668,0.0,434.9687046324573,14.836225086130899
2026-08-22 06:00:00,302.0474874730922,0.1665400502228612,61.30859116897254,17.661935525866596
2026-08-22 07:00:00,300.6383438776454,0.4160970717874127,47.624220330479794,17.129614011599802
2026-08-22 08:00:00,299.98328120607886,0.637291327420506,34.93286143180771,19.87284018062241
2026-08-22 09:00:00,298.7214384942695,0.8150453716814534,30.23439624064199,22.942300882817737
2026-08-22 10:00:00,297.4815742143253,0.9372428098812624,65.38786114516446,23.781071428287024
2026-08-22 11:00:00,296.87229396838666,0.9955541978297,60.25871221368164,25.539984413632286
2026-08-22 12:00:00,294.79424756842894,0.98600480857096,50.4437202952578,24.603460942282144
2026-08-22 13:00:00,292.7009442090236,0.9092455649562194,44.56564158006884,28.930493828157267
2026-08-22 14:00:00,292.2079523584327,0.7705086702555183,39.96346461790098,26.310057749590285
2026-08-22 15:00:00,289.3330564318875,0.5792509611960411,51.23907405927849,27.84669928857811
2026-08-22 16:00:00,290.7849164492048,0.3485092938443285,62.669890685926106,27.376232186394702
2026-08-22 17:00:00,287.69539596066176,0.0940119016955553,55.64025261866324,25.75933473734305
2026-08-22 18:00:00,288.4901521949355,0.0,45.39479044267774,23.967336832451256
2026-08-22 19:00:00,290.9207886357979,0.0,43.73896274254479,22.17830381456335
2026-08-22 20:00:00,288.97202982749826,0.0,47.83390987666009,20.141688153981598
2026-08-22 21:00:00,290.9138378342578,0.0,57.650430281144274,19.81568203329777
2026-08-22 22:00:00,291.13298706171,0.0,608.6081102719396,15.869103979981663
2026-08-22 23:00:00,293.8966280811007,0.0,466.52017491991774,14.772846162059725
2026-08-23 00:00:00,295.69752428247864,0.0,427.1157545537932,14.381121347392709
2026-08-23 01:00:00,296.57027348809123,0.0,565.0701039750279,14.429774659420222
2026-08-23 02:00:00,298.82502450502284,0.0,506.7499310394875,12.695956747993648
2026-08-23 03:00:00,299.39756861147447,0.0,484.4938755987344,12.656725002089141
2026-08-23 04:00:00,301.4625528988113,0.0,529.3288862828084,13.978851675483067
2026-08-23 05:00:00,299.8108493034823,0.0,454.1794392090296,15.831453775574259
2026-08-23 06:00:00,299.041600407774,0.1672473299166375,54.03881901903938,16.84751911921872
2026-08-23 07:00:00,300.0626160356003,0.4167492568678917,56.78072840359209,15.969650228010156
2026-08-23 08:00:00,300.68378778808903,0.637843962461212,37.23818450586252,20.519916905860203
2026-08-23 09:00:00,297.7551922921753,0.8154607869669094,52.57938540339238,21.38153867703398
2026-08-23 10:00:00,297.50168290246586,0.9374926891186977,64.77046483519062,24.314967751180394
2026-08-23 11:00:00,295.21648147516896,0.9956215082957356,61.66120826602304,23.88869367523982
2026-08-23 12:00:00,294.2540572562231,0.9858849621271006,42.91833116913035,26.650665254143494
2026-08-23 13:00:00,292.8140090541601,0.9089467307938998,49.05995253628857,26.996836333705396
2026-08-23 14:00:00,288.8287062185172,0.7700512180528084,47.01956348074532,27.67868876715085
2026-08-23 15:00:00,291.1448427497284,0.5786660726425756,60.75671229254493,25.101377059019214
2026-08-23 16:00:00,289.83413855408315,0.3478368371782246,39.36088226261292,26.221851130611483
2026-08-23 17:00:00,288.0683388854468,0.0932977141320038,49.97029032691855,25.325702271921212
2026-08-23 18:00:00,289.46881224089816,0.0,47.42082540574878,24.05932470262142
2026-08-23 19:00:00,289.723565821629,0.0,46.20379876745121,23.050882533216416
2026-08-23 20:00:00,289.2758705360209,0.0,55.736309436238656,20.50206009574302
2026-08-23 21:00:00,291.4619834608117,0.0,45.41425977721474,18.137033239206136
2026-08-23 22:00:00,292.59928022854245,0.0,585.0028045609757,17.46595022743813
2026-08-23 23:00:00,296.0916849017764,0.0,511.9656136956484,15.871240090738613
2026-08-24 00:00:00,296.8117658119458,0.0,502.1065813267356,13.090344394073675
2026-08-24 01:00:00,296.5457614782296,0.0,476.0326579855687,13.402985349408262
2026-08-24 02:00:00,299.2646763483866,0.0,509.25433529065305,14.547491001135562
2026-08-24 03:00:00,299.597247285024,0.0,465.5172013573853,13.226107739084918
2026-08-24 04:00:00,301.38596632196777,0.0,479.2875234684466,14.30830481666361
2026-08-24 05:00:00,301.17670987079987,0.0,559.299189011519,16.38419645381213
2026-08-24 06:00:00,300.9602804423353,0.167954523548502,51.43858616581923,15.98332157823645
2026-08-24 07:00:00,299.5614890073514,0.4174012274986429,65.73095544720182,18.581877985219045
2026-08-24 08:00:00,299.78150619496614,0.6383962692818627,65.72629622774927,20.856280524095663
2026-08-24 09:00:00,298.2235306893276,0.8158757826347152,49.78263849181817,22.28134680461253
2026-08-24 10:00:00,296.0376620099642,0.9377420859435508,37.44824042120558,23.158371597986186
2026-08-24 11:00:00,294.8386985105446,0.9956883064374944,50.85828317740482,24.12705896307624
2026-08-24 12:00:00,294.2261321875559,0.9857646083691708,54.09943112164044,27.910727811506302
2026-08-24 13:00:00,292.3541872818738,0.9086474289081808,66.55237467660137,26.77778270619213
2026-08-24 14:00:00,291.3050398910122,0.7695933695993291,68.8299027353078,27.066565411526557
2026-08-24 15:00:00,290.75717022245016,0.5780808863206562,45.406459106518014,28.475572693644057
2026-08-24 16:00:00,287.79455237815466,0.3471642015231631,53.41486306834703,25.657727254583424
2026-08-24 17:00:00,288.4965780311251,0.0925834785595619,43.06140994541669,25.91880094576476
2026-08-24 18:00:00,288.88402890391285,0.0,52.962330231014846,23.82141677913132
2026-08-24 19:00:00,291.7564623799015,0.0,62.57151988448887,22.87905611641305
2026-08-24 20:00:00,291.78582988221643,0.0,58.45700814722012,20.66180441625411
2026-08-24 21:00:00,292.24575949745827,0.0,57.89079928990952,19.576751702910112
2026-08-24 22:00:00,293.2530479180715,0.0,437.3133075478216,15.76624798376172
2026-08-24 23:00:00,294.2167903841947,0.0,476.126966316215,14.111453792419352
2026-08-25 00:00:00,295.03122764791254,0.0,536.427382923567,12.94047591779044
2026-08-25 01:00:00,297.40700644070847,0.0,427.644623273403,12.994430177964027
2026-08-25 02:00:00,300.4157763448279,0.0,445.4439168154165,12.419868730875107
2026-08-25 03:00:00,300.8896540973196,0.0,492.1280481495719,13.27858538926267
2026-08-25 04:00:00,300.148171338133,0.0,512.5828327137392,15.724961913805842
2026-08-25 05:00:00,301.07767386989946,0.0,461.2906502452839,13.410548312299163
2026-08-25 06:00:00,301.84337781189225,0.1686616307549972,62.98426282461335,16.500997192311633
2026-08-25 07:00:00,301.804748580937,0.4180529833441769,59.208470619842906,20.937182049959432
2026-08-25 08:00:00,300.0065446871418,0.6389482475982532,42.29978120009811,19.613711407603315
2026-08-25 09:00:00,300.7133341175557,0.8162903584713235,57.441975399785534,21.079081076150892
2026-08-25 10:00:00,295.9253314273772,0.9379910002276464,46.5853053132157,24.602553196599665
2026-08-25 11:00:00,294.99446736678766,0.995754592220604,37.04808564215349,24.426854830568683
2026-08-25 12:00:00,295.77105032774244,0.9856437473591017,41.55561476967717,26.784982586367708
2026-08-25 13:00:00,291.65749576967863,0.9083476594530764,48.45613806112741,26.79361940828497
2026-08-25 14:00:00,291.8440032139999,0.7691351251303886,47.59854957810978,27.528052565676987
2026-08-25 15:00:00,291.63686438540066,0.5774954025314069,54.776045224388334,25.894620892976743
2026-08-25 16:00:00,287.97533208002403,0.346491387225267,43.89783550717638,25.195856561836724
2026-08-25 17:00:00,288.2475602895469,0.091869195345759,56.615189054136046,25.160825512764404
2026-08-25 18:00:00,288.2772966249645,0.0,40.542358513688335,23.11258215022672
2026-08-25 19:00:00,287.8334200085257,0.0,45.31656767454816,20.97392628416282
2026-08-25 20:00:00,290.47307131667657,0.0,57.63118323266493,20.309661145790102
2026-08-25 21:00:00,292.6825029593039,0.0,46.14370919705233,18.598551451538743
2026-08-25 22:00:00,293.12047292940383,0.0,564.8279271580008,18.27703239144314
2026-08-25 23:00:00,295.49352764087274,0.0,454.253459898835,15.052562596125805
2026-08-26 00:00:00,295.7481088463143,0.0,478.5398718537192,13.180053511789426
2026-08-26 01:00:00,297.290139451029,0.0,483.6050319393835,13.604908535791633
2026-08-26 02:00:00,298.5260234847469,0.0,504.94774438445273,12.317929115240604
2026-08-26 03:00:00,298.18796975074326,0.0,531.7485318297573,12.818281755420282
2026-08-26 04:00:00,300.7385672004076,0.0,567.5907518199114,14.790315398049014
2026-08-26 05:00:00,301.1043106766046,0.0,450.7593310123351,13.824156524612425
2026-08-26 06:00:00,299.19651807467903,0.1693686511720375,56.98052894384717,17.621398213915672
2026-08-26 07:00:00,301.48297096434544,0.4187045240691149,52.11620911144252,19.281734196656696
2026-08-26 08:00:00,298.8117610654219,0.6394998971263484,62.9691168102196,18.515626117238195
2026-08-26 09:00:00,297.84317210624715,0.816704514263403,55.11134784432997,21.36960774967391
2026-08-26 10:00:00,298.85111608673867,0.9382394318428195,49.780654489188265,23.47297955633547
2026-08-26 11:00:00,296.0025297465496,0.9958203656109552,62.7688158725494,24.090130052322376
2026-08-26 12:00:00,295.57696651569177,0.9855223791590858,45.75347219728071,26.203707216827784
2026-08-26 13:00:00,294.3138898021304,0.9080474225828412,44.082939077462456,26.348899947939007
2026-08-26 14:00:00,290.59027266404127,0.7686764848819343,65.70984313479332,27.085246971089664
2026-08-26 15:00:00,290.4270574202307,0.576909621576104,46.58881528664843,25.73073674830182
2026-08-26 16:00:00,289.1127610324243,0.3458183946307513,30.970199548014996,26.150107155137032
2026-08-26 17:00:00,289.60091807841343,0.0911548648581491,64.27824715834892,24.593745716548877
2026-08-26 18:00:00,290.14806834013206,0.0,54.89504430330013,22.591665207059755
2026-08-26 19:00:00,289.500229483452,0.0,29.47804397144507,22.265214133664934
2026-08-26 20:00:00,289.26118818899533,0.0,48.88830775932327,20.123469564723248
2026-08-26 21:00:00,291.1300424262489,0.0,49.91445423673741,19.557512711230064
2026-08-26 22:00:00,293.4866043283548,0.0,554.6718979404882,17.249776449336938
2026-08-26 23:00:00,295.22911165263986,0.0,499.3122546650218,13.050912817751215
2026-08-27 00:00:00,297.03237943801406,0.0,481.9924588351072,13.599820236225133
2026-08-27 01:00:00,297.85505493568894,0.0,458.60384996045065,12.416674463637277
2026-08-27 02:00:00,299.16330878260845,0.0,378.37993571180766,13.49127276094429
2026-08-27 03:00:00,298.97188579981946,0.0,524.4348137504409,13.740940447328896
2026-08-27 04:00:00,302.2098542182074,0.0,564.1619217791355,11.995179614489697
2026-08-27 05:00:00,303.0207903833218,0.0,488.8842211824165,15.40238866557348
2026-08-27 06:00:00,299.80010210386865,0.1700755844358062,47.8992214238952,16.49725353869579
2026-08-27 07:00:00,299.6758640408602,0.4193558493381887,18.03512723490247,16.695272433594173
2026-08-27 08:00:00,302.49221926837515,0.6400512175822816,45.96782131882927,17.415335122932916
2026-08-27 09:00:00,297.8649124489806,0.8171182497978383,53.68360937548029,20.722276220351795
2026-08-27 10:00:00,297.9473826488298,0.9384873806612328,62.87103471124012,23.427480356478615
2026-08-27 11:00:00,295.4383873575122,0.995885626574702,44.99692884701997,25.619551036114526
2026-08-27 12:00:00,293.56805108024287,0.9854005038315764,60.13481649491108,27.446683128605606
2026-08-27 13:00:00,292.827387398108,0.9077467184519706,45.53411811439482,25.91160027239547
2026-08-27 14:00:00,289.303850441353,0.768217449089972,46.856698320097706,28.287622904244465
2026-08-27 15:00:00,290.1175191614233,0.5763235437561773,58.57715081508705,25.974750030163776
2026-08-27 16:00:00,289.0667404017902,0.3451452240859228,42.20434276712264,26.978966022666096
2026-08-27 17:00:00,287.6895461198335,0.0904404874643105,43.4554421876169,23.75967248799304
2026-08-27 18:00:00,289.9367002412767,0.0,58.74383953239027,22.812651902730565
2026-08-27 19:00:00,289.94757101456224,0.0,49.1484912951783,22.32703825639038
2026-08-27 20:00:00,291.17710808674525,0.0,49.072329501948616,21.851641997562446
2026-08-27 21:00:00,292.3899303033265,0.0,54.48713983290128,20.22085007480657
2026-08-27 22:00:00,294.01855882088535,0.0,459.10486028163416,15.750811350985671
2026-08-27 23:00:00,294.4315199131188,0.0,427.11697815355296,14.363096733755597
2026-08-28 00:00:00,295.82080598170603,0.0,537.8016065537821,15.249235453755817
2026-08-28 01:00:00,296.34965175128247,0.0,468.3808198090472,12.958235569302325
2026-08-28 02:00:00,299.5202820124573,0.0,519.7439664749412,13.165175211602548
2026-08-28 03:00:00,299.38532297040973,0.0,585.5396766896935,13.033146301514776
2026-08-28 04:00:00,299.7242950968838,0.0,464.7802921301404,13.72398881286455
2026-08-28 05:00:00,299.89280801032453,0.0,422.2035638332177,14.627930905165202
2026-08-28 06:00:00,300.42742702704186,0.1707824301825315,51.611112649260505,15.722010370998248
2026-08-28 07:00:00,300.0300544850477,0.4200069588162413,66.22732765087116,17.678297467552675
2026-08-28 08:00:00,300.2032054632057,0.6406022086823558,50.50144916990744,20.494327511864793
2026-08-28 09:00:00,298.41651243315664,0.8175315648617307,48.03317050117578,22.051456952858498
2026-08-28 10:00:00,296.98470018724385,0.9387348465552976,56.086561229746806,23.41869638438229
2026-08-28 11:00:00,294.70368352521973,0.9959503750782632,70.78074634973056,24.238770046417873
2026-08-28 12:00:00,294.0843267421591,0.985278121439288,65.22908413771461,25.433586782356954
2026-08-28 13:00:00,292.0259023629283,0.9074455472151997,61.46188170651958,25.27050243034107
2026-08-28 14:00:00,290.57402130515936,0.7677580179907111,40.32332081535897,26.3892073551425
2026-08-28 15:00:00,290.7729428710876,0.5757371693732093,33.49917015382721,27.24730162063952
2026-08-28 16:00:00,289.11873429863346,0.3444718759371798,56.47196151458618,25.061168932383808
2026-08-28 17:00:00,289.3820090768293,0.0897260635318455,55.26732963395951,23.67937695456105
2026-08-28 18:00:00,289.32444545872454,0.0,42.52975117347599,22.580203094827294
2026-08-28 19:00:00,290.5759289390829,0.0,60.28125701499799,21.41082974028613
2026-08-28 20:00:00,290.8884896083068,0.0,38.43135537697211,21.506272694155783
2026-08-28 21:00:00,291.65509937422,0.0,46.35688774721868,18.083747460248034
2026-08-28 22:00:00,294.23476086654426,0.0,488.5166540069061,17.75951319663704
2026-08-28 23:00:00,294.1503366462707,0.0,567.6445097124224,15.390035922275375
2026-08-29 00:00:00,297.0967452429361,0.0,385.6666282669885,12.596967669911411
2026-08-29 01:00:00,296.5873012051204,0.0,467.7708771463575,12.641821945904928
2026-08-29 02:00:00,298.6114678707409,0.0,480.2497860587502,13.881922337755263
2026-08-29 03:00:00,299.4285693705022,0.0,526.0614788132723,13.614920698987625
2026-08-29 04:00:00,300.540651819188,0.0,490.6171502871144,11.180998569217822
2026-08-29 05:00:00,300.94003864491845,0.0,547.3263087506723,14.052356198954426
2026-08-29 06:00:00,301.98091167934984,0.1714891880484867,58.5143893243987,14.98701750043673
2026-08-29 07:00:00,300.6433832070283,0.42065785216802,34.19045693961999,18.290020771003018
2026-08-29 08:00:00,298.32114080478004,0.6411528701430437,56.27953720942743,20.314040736233988
2026-08-29 09:00:00,300.7252758008395,0.8179444592423977,46.14154115023413,22.475219156164886
2026-08-29 10:00:00,297.7299387951011,0.9389818293976732,56.38498712585057,22.948899519426885
2026-08-29 11:00:00,296.735360192284,0.9960146110883004,50.531878955625885,24.664166830096363
2026-08-29 12:00:00,293.15212739366194,0.9851552320451956,42.85194189735434,26.031126029347973
2026-08-29 13:00:00,292.6006889487066,0.9071439090275044,45.6311081783207,26.248438394003525
2026-08-29 14:00:00,289.943404279304,0.7672981918205645,40.76974098472752,27.80110712146084
2026-08-29 15:00:00,290.6890103147611,0.5751504987291207,59.730445285988175,25.831280179466397
2026-08-29 16:00:00,288.4363003198605,0.3437983505310121,54.35453802445775,25.769349055096644
2026-08-29 17:00:00,288.3196004081299,0.0890115934283807,57.81186944181324,25.26831608685195
2026-08-29 18:00:00,288.2371931666106,0.0,47.74216054328977,22.574328717681357
2026-08-29 19:00:00,288.2746903487704,0.0,45.45163887849864,20.540450183297967
2026-08-29 20:00:00,289.6497070469106,0.0,53.69545776525427,18.89064725741522
2026-08-29 21:00:00,292.86209920400427,0.0,55.78995085124033,18.895727457520554
2026-08-29 22:00:00,293.11110940131584,0.0,464.2744254580916,16.319605703216446
2026-08-29 23:00:00,294.75644485741253,0.0,457.600096843508,14.726225222767349
2026-08-30 00:00:00,294.879840433591,0.0,559.9846017226346,12.311452545462394
2026-08-30 01:00:00,297.47759183828066,0.0,496.1063267101,13.251357098876184
2026-08-30 02:00:00,299.6872074425978,0.0,561.3789977654283,13.316949453722392
2026-08-30 03:00:00,301.0746250254053,0.0,382.0720724009108,11.992680085570274
2026-08-30 04:00:00,300.4329507555338,0.0,514.0706399368983,15.838377466303765
2026-08-30 05:00:00,302.1271131540026,0.0,400.34025762836734,17.243127253108778
2026-08-30 06:00:00,301.41835271809447,0.17219585766999,38.71099250110871,15.623793160152367
2026-08-30 07:00:00,300.78965009504105,0.4213085290590026,58.52260733628019,17.827595064852172
2026-08-30 08:00:00,299.02414342672154,0.6417032016809872,51.48123573289598,21.837719672422487
2026-08-30 09:00:00,299.4449998348351,0.8183569327273729,50.38313538612308,21.68668138627985
2026-08-30 10:00:00,297.9922068455399,0.9392283290612682,41.28581077702076,22.461125286520115
2026-08-30 11:00:00,293.9258798907231,0.9960783345717992,40.97072807155577,25.07757643028134
2026-08-30 12:00:00,294.4338264769131,0.9850318357125352,55.95992771361989,28.386486747126472
2026-08-30 13:00:00,292.7100967389838,0.9068418040441012,62.59629291436615,23.864834630721234
2026-08-30 14:00:00,292.33943474449944,0.7668379708161482,48.42787593579797,25.295440787744987
2026-08-30 15:00:00,289.2455042163782,0.5745635321254272,52.19046915558446,26.35941677724337
2026-08-30 16:00:00,289.430166453195,0.3431246482140004,36.3882127488033,25.53412095986982
2026-08-30 17:00:00,289.971926714173,0.088297077521566,43.05982797406012,24.56898806632262
2026-08-30 18:00:00,289.18445936152966,0.0,39.35000151507293,24.36708359400778
2026-08-30 19:00:00,287.955768842428,0.0,64.07154104785721,21.689234664552593
2026-08-30 20:00:00,290.66938039182645,0.0,50.56771618583715,21.869303068795308
2026-08-30 21:00:00,289.65367316860915,0.0,44.87154980171276,18.576130388944854
2026-08-30 22:00:00,292.60418784615985,0.0,485.8058871547664,17.34746425826078
2026-08-30 23:00:00,295.67548475991146,0.0,324.9963129799194,15.036209972131616
2026-08-31 00:00:00,295.2029797897546,0.0,459.437631739537,14.492121727343198
2026-08-31 01:00:00,297.6678392342474,0.0,518.3259852551327,13.155731597112247
2026-08-31 02:00:00,300.11899321120944,0.0,435.7399269647532,13.345292131548815
2026-08-31 03:00:00,298.94837720060485,0.0,365.8896369391279,13.113795552774603
2026-08-31 04:00:00,300.6042341895297,0.0,622.107742185083,13.544891926946585
2026-08-31 05:00:00,301.1746733179355,0.0,521.2913350259141,17.25052358425372
2026-08-31 06:00:00,299.8659895590143,0.1729024386834053,54.0849839248393,14.87260417141113
2026-08-31 07:00:00,298.7273866118243,0.4219589891541591,35.19651392239148,18.365020806733494
2026-08-31 08:00:00,300.8996225180828,0.6422532030129982,65.97221681515111,19.941737873503403
2026-08-31 09:00:00,298.8834531418462,0.818768985104407,35.416963461204325,21.959336864153105
2026-08-31 10:00:00,298.67928041519906,0.9394743454192392,48.60887669756973,24.00308358898984
2026-08-31 11:00:00,295.5998088828203,0.9961415454959492,58.35614645134436,24.924198561442974
2026-08-31 12:00:00,293.12211861253934,0.984907932504804,53.66592523573621,27.012765515633998
2026-08-31 13:00:00,292.3922502831253,0.9065392324204464,48.96451758295246,27.023956227904975
2026-08-31 14:00:00,290.6541836742166,0.7663773552142816,43.64498301464898,28.132102324224817
2026-08-31 15:00:00,291.2755385931856,0.5739762698643545,42.01816487007454,26.21712011046654
2026-08-31 16:00:00,288.66558274197075,0.3424507693328169,46.46916180055035,27.16993808936869
2026-08-31 17:00:00,288.0331939362896,0.0875825161790753,31.18586878962532,25.01485498703658
2026-08-31 18:00:00,290.7240203409559,0.0,49.87396112025956,23.27266779033516
2026-08-31 19:00:00,288.98270061898205,0.0,56.98790851433706,20.45269276989061
2026-08-31 20:00:00,288.75371234861854,0.0,51.86246880896286,21.60602584577876
2026-08-31 21:00:00,291.22729227365585,0.0,56.02095719416127,17.552342783785544
2026-08-31 22:00:00,293.2150809751867,0.0,511.9801802457844,15.50587864092325
2026-08-31 23:00:00,294.0190004000591,0.0,408.1056578560906,13.889922517525719
2026-09-01 00:00:00,295.2249067992723,0.0,436.3104328493519,14.690030441272416
2026-09-01 01:00:00,295.73008293792395,0.0,421.30518312980576,12.978828529291453
2026-09-01 02:00:00,299.89676799967464,0.0,472.9633212274714,12.541565334736188
2026-09-01 03:00:00,301.4645081415126,0.0,609.0816655313088,15.525778873440787
2026-09-01 04:00:00,300.8718552276761,0.0,454.23157597314935,14.511717056408541
2026-09-01 05:00:00,301.69297438580924,0.0,487.3046761855356,13.637180741249015
2026-09-01 06:00:00,301.21070454803663,0.1736089307251421,56.63611692532119,16.570550853246193
2026-09-01 07:00:00,300.950833872698,0.4226092321187775,55.44995135485527,18.113622035304747
2026-09-01 08:00:00,301.00449211764726,0.6428028738560585,38.645857984407854,20.057460691308997
2026-09-01 09:00:00,297.4039818632654,0.8191806161614671,64.5002959144736,21.13664271998666
2026-09-01 10:00:00,297.76095040306967,0.939719878344992,30.38048786037693,23.40034352747483
2026-09-01 11:00:00,294.36784173478407,0.9962042438282231,56.264570997316575,26.012453407983838
2026-09-01 12:00:00,295.2048091337708,0.9847835224857596,59.57330039208647,26.286515982101363
2026-09-01 13:00:00,294.71111976458553,0.9062361943122365,38.37592679379792,26.649035036685284
2026-09-01 14:00:00,291.4344356860388,0.7659163452519872,44.54683496220914,27.21558078168607
2026-09-01 15:00:00,289.6184161883002,0.5733887122480942,56.32192435630896,26.48015147753643
2026-09-01 16:00:00,288.59516838285015,0.3417767142342242,45.082961189503536,23.653443003088437
2026-09-01 17:00:00,290.7146895284864,0.0868679097686055,56.4079142299491,24.824463837343547
2026-09-01 18:00:00,290.50763981181285,0.0,47.273149292820136,22.89757839449086
2026-09-01 19:00:00,290.5605745651148,0.0,55.42677218229957,24.239154095288278
2026-09-01 20:00:00,289.8174802024599,0.0,52.69434649830224,20.60038868648402
2026-09-01 21:00:00,292.23141840715425,0.0,57.11271411508207,19.596563276729533
2026-09-01 22:00:00,291.70200065182195,0.0,473.84457387736495,16.418339804653293
2026-09-01 23:00:00,294.7145071416248,0.0,480.2385483085314,14.801073882119612
2026-09-02 00:00:00,297.2319239956657,0.0,510.06992555073145,13.988521482084325
2026-09-02 01:00:00,297.31633930795783,0.0,554.1220570923346,13.19972454121015
2026-09-02 02:00:00,299.0870100730805,0.0,433.7538004411862,12.401391977965508
2026-09-02 03:00:00,300.40552813159286,0.0,508.2646549457169,12.218079530871247
2026-09-02 04:00:00,301.4527433999248,0.0,519.336166410193,12.909027414873648
2026-09-02 05:00:00,302.33116093071544,0.0,502.2290854158598,14.834737701339714
2026-09-02 06:00:00,300.54546903114687,0.1743153334316554,43.09718985958614,16.513867248095536
2026-09-02 07:00:00,300.09166278177514,0.4232592576182575,58.41802479946372,18.74893381733341
2026-09-02 08:00:00,299.1441485236816,0.6433522139273198,48.4954228818901,21.13733433404283
2026-09-02 09:00:00,298.9222099110074,0.8195918256867372,57.753674890480696,22.271601088467804
2026-09-02 10:00:00,295.3151017226463,0.9399649277121808,51.79893418305472,23.119148533198718
2026-09-02 11:00:00,296.2049753763258,0.9962664295363584,61.42566698563711,26.045121994935528
2026-09-02 12:00:00,294.2349619919865,0.9846586057194208,49.04229005611261,26.00964577907425
2026-09-02 13:00:00,292.6045855212588,0.9059326898754076,32.00177714900312,26.755056654944834
2026-09-02 14:00:00,291.5022557222499,0.76545494116649,40.55464980389232,26.412875803579013
2026-09-02 15:00:00,289.2067749301556,0.5728008595789903,44.9720227742005,26.731601314478834
2026-09-02 16:00:00,290.470772985057,0.3411024832650758,57.44493737500976,24.092120653507937
2026-09-02 17:00:00,288.9532185952829,0.086153258657877,49.29106419646252,25.52053471278751
2026-09-02 18:00:00,289.6136382161907,0.0,51.709983076698805,23.788240674144053
2026-09-02 19:00:00,291.42398722775965,0.0,48.035494338266,20.843837398224004
2026-09-02 20:00:00,290.64537947037746,0.0,35.8245713909843,20.7652176084125
2026-09-02 21:00:00,291.1504854508663,0.0,50.78801758072648,18.97200392818716
2026-09-02 22:00:00,292.65801429635343,0.0,488.4047453044228,16.83372056892387
2026-09-02 23:00:00,297.2925117926184,0.0,510.23611790564325,14.08523972569751
2026-09-03 00:00:00,295.7167210050161,0.0,534.6389134630471,12.17000681441581
2026-09-03 01:00:00,299.27977608553704,0.0,510.0502857261195,11.644768004464396
2026-09-03 02:00:00,297.2831335266328,0.0,550.0430032920085,14.475310242651041
2026-09-03 03:00:00,299.37095708802724,0.0,520.892600910362,13.538212096818649
2026-09-03 04:00:00,300.5497407014243,0.0,463.9344208810697,12.556740652352099
2026-09-03 05:00:00,300.8546119344172,0.0,575.163958244721,15.245197868938394
2026-09-03 06:00:00,303.3722476819978,0.1750216464394466,59.53334120082759,18.260912969243755
2026-09-03 07:00:00,299.5602425871262,0.4239090653181107,55.89620770666562,17.070499760933032
2026-09-03 08:00:00,299.1470236305227,0.6439012229439304,50.14446858383602,20.317482969403336
2026-09-03 09:00:00,300.3414674991204,0.8200026134686182,38.52808550201126,22.035747584989384
2026-09-03 10:00:00,295.5803164068914,0.9402094933947088,47.59072821690649,23.542143654816176
2026-09-03 11:00:00,297.4371567617319,0.9963281025883548,56.82778601380649,25.247828778455425
2026-09-03 12:00:00,293.19350494598626,0.9845331822701064,48.058162122955686,27.11018443949206
2026-09-03 13:00:00,291.7684598655335,0.9056287192661368,53.27997493132733,27.779130554144427
2026-09-03 14:00:00,290.49328002720347,0.7649931431952183,56.33038510331005,27.406129122606742
2026-09-03 15:00:00,289.93738214047886,0.5722127121595385,55.82978300617401,27.52094858376545
2026-09-03 16:00:00,290.6256210572016,0.3404280767725296,56.122208204885375,24.333472055785485
2026-09-03 17:00:00,287.551903630782,0.085438563214633,46.9311992216544,26.176841637912595
2026-09-03 18:00:00,290.6327423660168,0.0,45.827834894631465,24.80822886028582
2026-09-03 19:00:00,290.6827804243734,0.0,57.00405073632568,20.590783367781572
2026-09-03 20:00:00,291.03069698896365,0.0,39.03199924619191,21.191826135096605
2026-09-03 21:00:00,293.6915031620599,0.0,43.15436453108968,17.994189589455882
2026-09-03 22:00:00,292.7182272975528,0.0,502.2571337053882,14.752012336403148
2026-09-03 23:00:00,293.35930246186217,0.0,439.92201396393705,15.228874552560189
2026-09-04 00:00:00,297.0767139193954,0.0,510.4874370508391,14.043764266663667
2026-09-04 01:00:00,299.23159757346934,0.0,508.7848750309657,12.301702621683098
2026-09-04 02:00:00,299.4444716593291,0.0,462.8813429935912,12.256843225489774
2026-09-04 03:00:00,301.02788145484044,0.0,522.398963697107,12.452481557057707
2026-09-04 04:00:00,301.1886818669287,0.0,457.5227373599312,14.067747151402495
2026-09-04 05:00:00,304.26086089207564,0.0,565.3213136716788,14.978658721569893
2026-09-04 06:00:00,302.1525431913498,0.1757278693850629,85.79759673478218,15.828762584011548
2026-09-04 07:00:00,299.59684414886084,0.4245586548839606,50.37313463548225,18.39911799165095
2026-09-04 08:00:00,299.2777409143624,0.6444499006237305,51.49929010682754,18.72541189001113
2026-09-04 09:00:00,297.5682444653718,0.820412979295728,55.03792438150752,21.673982199338116
2026-09-04 10:00:00,296.52751560590434,0.940453575266728,38.52911727654936,22.24953741111178
2026-09-04 11:00:00,294.65389848938923,0.9963892629524777,42.13543421528935,25.562811274019346
2026-09-04 12:00:00,293.5941224321966,0.9844072522022772,38.36632029051261,26.654592412831214
2026-09-04 13:00:00,291.0027696108552,0.9053242826408404,27.000804153468486,27.055509557026607
2026-09-04 14:00:00,289.6781752848786,0.7645309515758028,59.82602886473802,26.090931757986326
2026-09-04 15:00:00,290.07526593646054,0.571624270292386,62.64920117283157,27.29972115675914
2026-09-04 16:00:00,289.48050563049054,0.3397534951031923,40.30636301438017,25.66541717413586
2026-09-04 17:00:00,288.1996272547066,0.0847238238066397,61.04730545602292,24.165238684140952
2026-09-04 18:00:00,289.74319964147253,0.0,51.21065210487823,22.583151430214812
2026-09-04 19:00:00,289.24873632554,0.0,41.20067824206904,23.08552294240959
2026-09-04 20:00:00,289.6994986120225,0.0,35.8002189491454,18.845129371150566
2026-09-04 21:00:00,293.1853222483633,0.0,37.89200642975324,19.366162772965016
2026-09-04 22:00:00,292.8156733078883,0.0,475.3587469332811,16.63408727023062
2026-09-04 23:00:00,294.0260766139754,0.0,527.6562959748403,14.505277966880435
2026-09-05 00:00:00,296.35442474470096,0.0,476.7824301093443,13.481701536037138
2026-09-05 01:00:00,299.87738736472335,0.0,458.70479283167873,14.554026071098026
2026-09-05 02:00:00,299.45418601406766,0.0,425.6911535713736,13.099877889244915
2026-09-05 03:00:00,298.63374595893345,0.0,527.2095501866809,13.750004247323359
2026-09-05 04:00:00,301.9149790102562,0.0,542.8869732961431,13.735650350558345
2026-09-05 05:00:00,301.19183526742114,0.0,522.9833503588264,13.923930035411116
2026-09-05 06:00:00,300.5036261406341,0.176434001905098,64.96810888780713,16.54880424639843
2026-09-05 07:00:00,300.01278862147467,0.4252080259815435,49.775340071209584,19.480212238712685
2026-09-05 08:00:00,300.7350486689859,0.644998246684209,41.8329179605923,20.05853985677926
2026-09-05 09:00:00,298.4129677861588,0.8208229229569017,62.79613498894768,21.20001927135027
2026-09-05 10:00:00,297.91955009823585,0.9406971732026392,57.24524814963141,23.91357257713406
2026-09-05 11:00:00,296.7697893813277,0.9964499105972544,33.562041661193255,24.65049938385482
2026-09-05 12:00:00,294.3209857192632,0.9842808155807736,65.69201725281599,26.126423532224315
2026-09-05 13:00:00,292.1577722328937,0.905019380156174,68.17020955790393,28.29975891005309
2026-09-05 14:00:00,292.0735857804196,0.7640683665460768,55.55805354599368,25.811158849964094
2026-09-05 15:00:00,289.4375455262752,0.5710355342803318,53.35807667859253,27.977443867833536
2026-09-05 16:00:00,289.0540895835823,0.3390787386044021,41.243857204627744,25.370263851311353
2026-09-05 17:00:00,287.79057362906536,0.0840090408016856,44.95509310778609,23.66784570896748
2026-09-05 18:00:00,289.2067865667277,0.0,54.93877450533044,24.23807003191623
2026-09-05 19:00:00,288.85980127130205,0.0,63.133365200990895,24.00159981916685
2026-09-05 20:00:00,291.0356216115458,0.0,54.833881087806525,19.628885974778918
2026-09-05 21:00:00,291.6459432298208,0.0,49.540938841327936,17.602361034349848
2026-09-05 22:00:00,292.2545468093049,0.0,519.4015276229907,16.408022440709328
2026-09-05 23:00:00,293.8354702259897,0.0,491.0402861507797,14.501532202938119
2026-09-06 00:00:00,294.66777078693616,0.0,432.6871367108265,13.236385166960307
2026-09-06 01:00:00,300.6455786228418,0.0,528.3078818141807,12.943451812581815
2026-09-06 02:00:00,299.797639818977,0.0,531.7926784026079,13.735793095608894
2026-09-06 03:00:00,298.61464696904443,0.0,530.2738391645029,13.544202256089568
2026-09-06 04:00:00,302.17719729554256,0.0,477.9799027842304,12.3900302712483
2026-09-06 05:00:00,300.26212252155347,0.0,533.6750318661185,16.038827471168087
2026-09-06 06:00:00,301.3276672705629,0.1771400436361921,52.5172590494541,16.72469800139047
2026-09-06 07:00:00,299.06776977390587,0.4258571782767074,68.01168574191263,17.896477936563464
2026-09-06 08:00:00,298.2938448903811,0.6455462608431997,53.39335071344575,18.990671315038597
2026-09-06 09:00:00,298.3428893793679,0.8212324442411915,40.351768530062095,21.571836521485906
2026-09-06 10:00:00,297.5739081697502,0.9409402870770928,31.304116375446007,23.547144091207528
2026-09-06 11:00:00,294.7417130223861,0.9965100454914776,42.85116207809478,25.281079962648597
2026-09-06 12:00:00,294.29648683197473,0.9841538724706572,62.6903668389428,26.92682755757954
2026-09-06 13:00:00,293.60695293603817,0.9047140119690344,60.888744712147584,26.76049373573904
2026-09-06 14:00:00,292.244977849092,0.7636053883440762,49.148038182076014,27.164410522316324
2026-09-06 15:00:00,290.26962181559537,0.570446504426326,50.45181467588316,26.58769876780179
2026-09-06 16:00:00,290.4745390105029,0.3384038076233734,44.97990381001516,26.315710383116215
2026-09-06 17:00:00,290.0424748260198,0.0832942145675821,72.3343733702296,25.020046633511168
2026-09-06 18:00:00,289.6521463708919,0.0,38.1936661528915,24.258056708028096
2026-09-06 19:00:00,291.2240727607512,0.0,58.075139462632784,20.255779837306655
2026-09-06 20:00:00,290.9379966789119,0.0,49.61593451819053,18.46505279050345
2026-09-06 21:00:00,291.5325237215338,0.0,49.143043902174185,17.52351946010291
2026-09-06 22:00:00,292.1111127262491,0.0,484.2557419807503,13.741329022138832
2026-09-06 23:00:00,293.91937647909714,0.0,441.7272633391377,15.23336793535293
2026-09-07 00:00:00,295.34027121340387,0.0,395.21185105416976,12.81193754004839
2026-09-07 01:00:00,296.8816798118828,0.0,562.5867643512535,11.795300663106499
2026-09-07 02:00:00,299.2867286213133,0.0,490.7208183000028,13.48776651942847
2026-09-07 03:00:00,300.04016352232173,0.0,464.81701134557215,15.866221922375118
2026-09-07 04:00:00,301.76144853228044,0.0,471.9334574163674,15.460377180236662
2026-09-07 05:00:00,301.30029505516364,0.0,458.26787684308096,13.9823526792379
2026-09-07 06:00:00,301.8802764067758,0.177845994215032,46.546279484004025,16.31349611495168
2026-09-07 07:00:00,300.51583910973164,0.4265061114354134,60.997728077156246,16.985212347802143
2026-09-07 08:00:00,298.85956507749273,0.6460939428187065,60.89773842618925,21.999046711920027
2026-09-07 09:00:00,296.2764480844474,0.8216415429378671,53.80415270140486,21.354078979648104
2026-09-07 10:00:00,298.10832022944624,0.9411829167649874,47.932525963248125,22.80280471381654
2026-09-07 11:00:00,295.30324294939163,0.9965696676042032,44.1336096179468,24.507307866617584
2026-09-07 12:00:00,295.08928120959445,0.9840264229372498,64.31701131319493,25.90956825824792
2026-09-07 13:00:00,294.29247909481546,0.9044081782365566,55.17415198069023,26.165783618752364
2026-09-07 14:00:00,290.2595035135816,0.7631420172080389,43.37406369214051,25.61463264002295
2026-09-07 15:00:00,288.8813237502871,0.5698571810334703,45.81721266853236,25.699222788065782
2026-09-07 16:00:00,289.6701670151035,0.3377287025074105,44.606519831173536,26.762418172011788
2026-09-07 17:00:00,289.90861595925657,0.0825793454721624,34.133813577708764,26.55783309103074
2026-09-07 18:00:00,290.2637936026141,0.0,64.47852367881765,23.979610749305774
2026-09-07 19:00:00,290.57766284566105,0.0,53.586037802273935,22.651519204491475
2026-09-07 20:00:00,291.58750686920024,0.0,46.24895087112902,19.719058358790573
2026-09-07 21:00:00,292.672354004363,0.0,44.43702466892044,19.713966995461412
2026-09-07 22:00:00,293.7195690827059,0.0,477.0330474925095,15.916057451605125
2026-09-07 23:00:00,294.22726509989445,0.0,471.963896583596,16.78853280025906
2026-09-08 00:00:00,296.26233857491496,0.0,535.1766276364157,13.037535750211234
2026-09-08 01:00:00,297.4801083475457,0.0,447.6238276275012,15.696062715046669
2026-09-08 02:00:00,299.0315162326813,0.0,526.9658396592338,14.020298199088034
2026-09-08 03:00:00,300.48255380752784,0.0,427.1681659030465,12.764907247203535
2026-09-08 04:00:00,301.86902236489607,0.0,527.0806593940301,13.873267441266156
2026-09-08 05:00:00,301.9153690691579,0.0,524.5836977248139,16.539085201046753
2026-09-08 06:00:00,300.28094251138594,0.1785518532783517,75.14034532762489,17.022860307072776
2026-09-08 07:00:00,300.2937956748311,0.4271548251237351,54.392916679260736,17.01175344179598
2026-09-08 08:00:00,299.7429951617173,0.6466412923289049,36.41149647789648,17.812647698184676
2026-09-08 09:00:00,297.93969973903245,0.8220502188364154,65.15226506935844,22.56378226604326
2026-09-08 10:00:00,296.382768145435,0.9414250621414718,43.22361394780212,23.91430797631851
2026-09-08 11:00:00,297.1267451566011,0.996628776904751,52.09838489165658,24.338934541522786
2026-09-08 12:00:00,294.5961950401304,0.9838984670461342,45.44221899740345,26.228062739302203
2026-09-08 13:00:00,292.8358962750915,0.9041018791161158,55.8981702510258,26.334424591754395
2026-09-08 14:00:00,290.4365377719827,0.7626782533764054,49.36197474659581,26.118643836338418
2026-09-08 15:00:00,290.5502163571732,0.5692675644050167,34.69905581352482,25.457193518858233
2026-09-08 16:00:00,290.5538178386113,0.3370534236039071,52.78327872263616,25.998369820863115
2026-09-08 17:00:00,287.6150541744126,0.0818644338835086,36.39258891831607,26.093108683044594
2026-09-08 18:00:00,289.1835086779894,0.0,35.392927323922954,23.46368690360643
2026-09-08 19:00:00,289.6454558893861,0.0,37.54135335092314,21.75568614492671
2026-09-08 20:00:00,289.5664172899956,0.0,46.19216012129575,18.548665984499518
2026-09-08 21:00:00,291.3973104875332,0.0,42.98339520074256,18.988561332266976
2026-09-08 22:00:00,293.09225005019846,0.0,471.18820305030863,15.431978622161045
2026-09-08 23:00:00,294.0773879739803,0.0,482.39807973802914,16.54405313176096
2026-09-09 00:00:00,296.3410347364143,0.0,617.5651614469718,15.81953945246954
2026-09-09 01:00:00,297.44653121611844,0.0,527.7791073130427,12.867715033549707
2026-09-09 02:00:00,299.7313105390709,0.0,598.7250310489569,12.536381385762123
2026-09-09 03:00:00,301.02874223067204,0.0,438.7813212059007,12.122753554800815
2026-09-09 04:00:00,300.2171512387471,0.0,599.3533951003492,12.970560011134802
2026-09-09 05:00:00,299.8954415362536,0.0,494.2314949643626,12.950019667769723
2026-09-09 06:00:00,300.6988591230901,0.1792576204629321,62.32540481919889,16.598470641618373
2026-09-09 07:00:00,300.52333078180374,0.4278033190078592,52.23656832180734,17.648014919509006
2026-09-09 08:00:00,300.679464931094,0.6471883090921412,45.68840890331599,19.943735412576952
2026-09-09 09:00:00,298.5848422525631,0.822458471726412,72.24824254043351,20.034593631853546
2026-09-09 10:00:00,297.4230855807454,0.9416667230819432,57.0261459612653,21.487750057905544
2026-09-09 11:00:00,295.3014761379991,0.9966873733627044,44.25877923120197,23.691056221273723
2026-09-09 12:00:00,294.5276750814431,0.9837700048631534,64.14215222420103,26.36074893370365
2026-09-09 13:00:00,292.578293785436,0.903795114765424,52.14899158817445,28.002894784482226
2026-09-09 14:00:00,290.82633781024947,0.762214097087818,53.0468265794914,25.61941910448594
2026-09-09 15:00:00,289.5349642193032,0.5686776548443689,61.10898994709434,25.28380148335562
2026-09-09 16:00:00,289.4607897701896,0.3363779712603463,44.45211556425051,26.978385455829258
2026-09-09 17:00:00,289.3935760167894,0.0811494801690449,48.75731597896357,23.9952894296584
2026-09-09 18:00:00,289.04871002631256,0.0,72.03402994414043,23.52078044327509
2026-09-09 19:00:00,290.1111378874621,0.0,65.18736411238324,21.86580508554471
2026-09-09 20:00:00,291.0191518142783,0.0,47.34258032610197,20.540110395203406
2026-09-09 21:00:00,292.3094873326163,0.0,54.20532473338916,17.49681410929727
2026-09-09 22:00:00,293.18971901060064,0.0,628.3977522725963,16.796349787876032
2026-09-09 23:00:00,294.22240524057315,0.0,497.0815011350756,15.169409022777167
2026-09-10 00:00:00,299.463993152508,0.0,529.4996401482426,13.83582064295127
2026-09-10 01:00:00,299.8914467538454,0.0,495.89749346299726,13.28522816210686
2026-09-10 02:00:00,299.5693342557281,0.0,566.9116644468124,12.543626953580535
2026-09-10 03:00:00,302.0585439955745,0.0,573.3471379981552,12.44148901022812
2026-09-10 04:00:00,300.7850137115051,0.0,465.7819545027604,13.15420089151981
2026-09-10 05:00:00,300.78622815025795,0.0,475.7691629613792,17.265271467174376
2026-09-10 06:00:00,302.3281101967143,0.1799632954056013,69.41172687855149,17.658195686353384
2026-09-10 07:00:00,302.03464264534136,0.4284515927540855,50.29739824981556,17.407355250283782
2026-09-10 08:00:00,300.7046394090955,0.647734992826933,47.16403148133512,19.525412150119408
2026-09-10 09:00:00,297.22421130870003,0.8228663013980377,40.70269306976018,21.447395335358067
2026-09-10 10:00:00,297.35419221912014,0.9419078994620484,39.38463294220352,24.482935354385905
2026-09-10 11:00:00,295.8884079962041,0.9967454569479116,51.96123434367316,24.40143456598509
2026-09-10 12:00:00,294.0135914279401,0.9836410364544114,44.54383316744495,25.758344459038362
2026-09-10 13:00:00,294.166532208395,0.9034878853421404,48.00857112681413,27.099405748203893
2026-09-10 14:00:00,291.01289563290896,0.7617495485811209,39.566541570621,26.717380316511985
2026-09-10 15:00:00,290.5182705965,0.568087452655081,53.05353462055092,28.632690417259404
2026-09-10 16:00:00,288.1091373501714,0.3357023458243008,74.84394707276714,26.186726697202417
2026-09-10 17:00:00,288.457176061039,0.0804344846968967,48.653737967127455,22.219732620692625
2026-09-10 18:00:00,290.4188445431113,0.0,32.37264135452734,23.3223731405719
2026-09-10 19:00:00,288.90494041784603,0.0,43.06038219659331,23.51603518522564
2026-09-10 20:00:00,290.908729120903,0.0,51.86466764891004,20.460342117846892
2026-09-10 21:00:00,293.56453024410865,0.0,52.61809217822315,18.039306138860965
2026-09-10 22:00:00,292.38764867461146,0.0,615.6309274740297,16.416886051536135
2026-09-10 23:00:00,294.35816778257725,0.0,572.1068701451105,14.128223491707985
2026-09-11 00:00:00,298.09794875589193,0.0,526.2368733607739,14.252045835375773
2026-09-11 01:00:00,297.2064629261336,0.0,556.4993475277982,11.132816965042544
2026-09-11 02:00:00,298.84860756809104,0.0,502.15370014184776,12.742173184292366
2026-09-11 03:00:00,299.677441326337,0.0,510.150590169126,14.100452041535787
2026-09-11 04:00:00,299.7963707885513,0.0,467.088464855695,13.707275663681964
2026-09-11 05:00:00,301.5256481792735,0.0,519.2499971766057,15.095043499012174
2026-09-11 06:00:00,301.0463844009712,0.1806688777432349,39.8662793828048,16.889523991959496
2026-09-11 07:00:00,301.22484347654336,0.4290996460288268,50.09646816628787,17.488730808824965
2026-09-11 08:00:00,301.2849619128176,0.6482813432519692,56.088194426483255,18.166858091062377
2026-09-11 09:00:00,300.38597498565485,0.8232737076413034,39.650440598291326,21.236990552401434
2026-09-11 10:00:00,296.5014600201272,0.9421485911576832,53.57690105553554,24.748062083902102
2026-09-11 11:00:00,296.1005730487622,0.9968030276304836,47.860529960665744,24.966443758643877
2026-09-11 12:00:00,292.5226357650982,0.983511561886272,57.66758232102346,25.51016287329085
2026-09-11 13:00:00,293.244443732159,0.903180191004456,45.86659881887941,28.349338479178467
2026-09-11 14:00:00,289.65740833276175,0.7612846080953604,46.65207643545331,28.98036867876144
2026-09-11 15:00:00,290.1932364030231,0.5674969581408574,62.49724541871757,27.68183136248425
2026-09-11 16:00:00,289.13968010289,0.3350265476434321,71.93341796591116,26.420207858184057
2026-09-11 17:00:00,290.20746000641435,0.0797194478349846,45.19653295758373,23.336380043648152
2026-09-11 18:00:00,289.1165539189235,0.0,37.61173753158344,22.596525510999477
2026-09-11 19:00:00,289.6050229196556,0.0,68.75646234178664,21.549164968560017
2026-09-11 20:00:00,291.4934437189659,0.0,63.42297859844111,19.380637116085417
2026-09-11 21:00:00,292.8492079671361,0.0,47.32564066783822,19.111476003625874
2026-09-11 22:00:00,293.28686048321964,0.0,495.5379976287793,16.574883380143415
2026-09-11 23:00:00,294.3824596816249,0.0,495.78913274873753,15.172346222110882
2026-09-12 00:00:00,296.15426739725206,0.0,460.1990262325887,15.098052525011205
2026-09-12 01:00:00,299.3386527202459,0.0,538.5245519861164,13.627946065822899
2026-09-12 02:00:00,298.9496946167676,0.0,427.85529377598016,12.014397865446519
2026-09-12 03:00:00,299.9353739670909,0.0,554.6687422495334,12.430420938971015
2026-09-12 04:00:00,302.0480833303362,0.0,441.829004932145,14.57780462037968
2026-09-12 05:00:00,301.2174936868091,0.0,510.05577174958944,15.872022848952486
2026-09-12 06:00:00,300.6797242905569,0.1813743671127564,47.3523168394563,16.519441216844193
2026-09-12 07:00:00,299.86427150012184,0.4297474784986098,59.72142329203152,18.42374966432107
2026-09-12 08:00:00,300.4379663884349,0.6488273600861102,49.24828557703921,20.96711983301242
2026-09-12 09:00:00,299.1024931725459,0.8236806902465669,57.98425019658116,21.79819665868531
2026-09-12 10:00:00,297.24708511429304,0.942388798044994,48.93552829305317,24.046488054509286
2026-09-12 11:00:00,294.8414009183343,0.9968600853807956,58.75253050455623,26.282938639751016
2026-09-12 12:00:00,295.47560798961035,0.9833815812253603,35.72239918906274,26.44257223095104
2026-09-12 13:00:00,291.3209861946962,0.902872031910703,47.871962635353725,27.173804691889988
2026-09-12 14:00:00,292.19495112558565,0.7608192758697842,59.56066217293608,27.91041703539886
2026-09-12 15:00:00,290.7388189571619,0.5669061716055536,61.323223324182976,25.250024547367158
2026-09-12 16:00:00,290.7198819272362,0.3343505770654906,43.23683377807615,25.772109022282017
2026-09-12 17:00:00,289.7258917243337,0.0790043699512504,48.89117032550699,23.88715244354101
2026-09-12 18:00:00,289.51987007857963,0.0,56.46919205452427,23.142909824508042
2026-09-12 19:00:00,288.8209294928131,0.0,47.18162939490807,22.965521342841374
2026-09-12 20:00:00,288.569785077934,0.0,57.712763065323806,19.60392805049326
2026-09-12 21:00:00,291.6037626426975,0.0,52.49294905168323,19.308469736867607
2026-09-12 22:00:00,292.78512771614777,0.0,455.4357614141585,16.070494497347568
2026-09-12 23:00:00,292.6692990497333,0.0,551.9323584683538,15.76014253569333
2026-09-13 00:00:00,295.32426191039576,0.0,526.2683663449169,15.14173848435201
2026-09-13 01:00:00,299.182115031758,0.0,559.8957503146249,14.094242854071249
2026-09-13 02:00:00,297.37557864696385,0.0,433.3000328570871,12.788252983161007
2026-09-13 03:00:00,301.862807512115,0.0,372.7350355337637,14.231476759802314
2026-09-13 04:00:00,299.9193757350284,0.0,500.4229976343142,12.248489462646228
2026-09-13 05:00:00,300.97885265862527,0.0,590.8109258865651,14.698261703340696
2026-09-13 06:00:00,302.16143745861626,0.1820797631511369,39.67523243070326,17.562572657252904
2026-09-13 07:00:00,303.3913861794397,0.4303950898300744,45.82291188183195,17.370617622691835
2026-09-13 08:00:00,299.38268294924814,0.6493730430483882,51.801232533058965,17.61213666918548
2026-09-13 09:00:00,298.1165363356532,0.8240872490044041,58.14545395571827,21.70774690089399
2026-09-13 10:00:00,298.3021062082738,0.9426285200003748,52.469544585704845,24.44583903904818
2026-09-13 11:00:00,294.4732358167349,0.9969166301694876,43.9161901032532,24.640544816401842
2026-09-13 12:00:00,294.7413654502533,0.9832510945385616,38.977830103532966,25.18108631171898
2026-09-13 13:00:00,292.83086779977026,0.9025634082194532,50.95688001628621,26.365535771771704
2026-09-13 14:00:00,293.1931077715668,0.7603535521438418,56.46392497442542,27.306582797194185
2026-09-13 15:00:00,289.52726661194066,0.5663150933531746,45.24573118434847,26.715091931442924
2026-09-13 16:00:00,291.4340579054998,0.3336744344383154,52.61035859219324,25.01201529562033
2026-09-13 17:00:00,288.557730384645,0.078289251413657,60.26697893459826,23.891496978343437
2026-09-13 18:00:00,289.1838486333866,0.0,66.82085635401427,25.28774618247491
2026-09-13 19:00:00,288.997054651964,0.0,64.71198025279595,23.66858931542941
2026-09-13 20:00:00,291.1266451548028,0.0,63.25132381810231,20.12331947653471
2026-09-13 21:00:00,291.0069438672764,0.0,31.826068272967845,17.785098978165696
2026-09-13 22:00:00,293.67635382148256,0.0,485.2290187359796,15.760405851280721
2026-09-13 23:00:00,294.3493981410308,0.0,459.33351436458486,13.472190166237697
2026-09-14 00:00:00,297.2270516043809,0.0,550.2749061923181,14.231701536184806
2026-09-14 01:00:00,296.5808210306878,0.0,419.3072882569948,13.671893949787254
2026-09-14 02:00:00,299.2313390674671,0.0,479.39661065396416,13.039519755518263
2026-09-14 03:00:00,299.33161534713,0.0,553.9606137329961,12.780325436430667
2026-09-14 04:00:00,300.84100939691416,0.0,486.8450939085777,15.869783105016102
2026-09-14 05:00:00,302.35899159891835,0.0,566.1613367599616,14.953090091551575
2026-09-14 06:00:00,300.4848108421398,0.1827850654951719,57.37233071452066,17.162142408028235
2026-09-14 07:00:00,301.5471262496619,0.4310424796899746,55.586516649243706,18.590963453400377
2026-09-14 08:00:00,299.4937592124219,0.649918391858007,35.90315885321449,20.893700301799882
2026-09-14 09:00:00,295.98579020417367,0.8244933837056093,48.66356932839521,22.184423934061627
2026-09-14 10:00:00,298.88997069410027,0.9428677569003946,43.59479020576956,23.828449199620284
2026-09-14 11:00:00,293.2805520340415,0.9969726619674628,40.06163739049414,24.756133665920792
2026-09-14 12:00:00,294.5108789608017,0.9831201018930208,50.16871389400151,27.025919357273178
2026-09-14 13:00:00,293.9783941880908,0.9022543200895172,53.42789828721285,26.432307576528554
2026-09-14 14:00:00,289.8240887228514,0.7598874371573319,58.83639634357954,26.747435077439572
2026-09-14 15:00:00,288.17820144777653,0.5657237236878762,54.96234921961584,25.61506619281801
2026-09-14 16:00:00,288.55422107307817,0.3329981201098342,37.67091951139621,25.256879449207393
2026-09-14 17:00:00,287.86900683735894,0.077574092590188,42.38406781121849,25.08917375812368
2026-09-14 18:00:00,287.91318592172223,0.0,65.73416031156222,25.510125465137893
2026-09-14 19:00:00,289.16472466887814,0.0,60.60088687092776,22.914823362832287
2026-09-14 20:00:00,289.42210667077336,0.0,32.331156613750935,19.73790938223294
2026-09-14 21:00:00,291.67411413423434,0.0,62.67995704338806,17.256715968315028
2026-09-14 22:00:00,292.0499534044051,0.0,585.8910343815185,17.561516439003732
2026-09-14 23:00:00,294.13542959590137,0.0,534.3421559899205,15.627350110744251
2026-09-15 00:00:00,296.4214808349897,0.0,523.5768635512527,14.790752239474395
2026-09-15 01:00:00,297.84898602966683,0.0,489.72991145956536,13.44332037558073
2026-09-15 02:00:00,301.3376688184811,0.0,406.3825249084539,13.46685405384403
2026-09-15 03:00:00,300.3105651404233,0.0,516.2334154431076,10.912721104351327
2026-09-15 04:00:00,301.5825584374367,0.0,486.4606071174059,13.837354624358513
2026-09-15 05:00:00,300.04887050456057,0.0,491.7817653342901,13.603550686872158
2026-09-15 06:00:00,302.4659829218338,0.183490273782376,35.26035660010592,17.452746281947043
2026-09-15 07:00:00,302.15480095488215,0.4316896477451783,37.32617190167257,19.52998090460321
2026-09-15 08:00:00,299.35292484022307,0.6504634062343425,58.82776876592893,21.677059623427944
2026-09-15 09:00:00,298.68075233006124,0.8248990941411946,66.14705107268126,20.872810634819274
2026-09-15 10:00:00,296.9586347665375,0.9431065086220995,53.17946029224131,22.427056456666804
2026-09-15 11:00:00,294.69262892657275,0.997028180745888,52.332447126499545,23.677263681945792
2026-09-15 12:00:00,294.94111527458034,0.982988603356144,55.99824123041304,26.03721824620561
2026-09-15 13:00:00,291.9661906546448,0.9019447676799448,59.56224391886447,26.833607830713913
2026-09-15 14:00:00,290.58965010199137,0.7594209311498111,43.64518266387185,28.12974940630022
2026-09-15 15:00:00,291.65273626449584,0.5651320629139636,44.05900891702801,24.743862699060927
2026-09-15 16:00:00,289.7847407658951,0.3323216344280631,33.29410599988872,25.516549619101156
2026-09-15 17:00:00,288.37181518473227,0.0768588938488481,81.4654117759406,24.782366045377497
2026-09-15 18:00:00,288.3998437424119,0.0,52.48423604905683,22.434969331194658
2026-09-15 19:00:00,289.660829888925,0.0,36.58701113741938,20.824998748403065
2026-09-15 20:00:00,291.7697936524189,0.0,54.72870217628953,19.600024847653476
2026-09-15 21:00:00,292.9882649321733,0.0,61.63742632457674,18.95247867722951
2026-09-15 22:00:00,292.56994525568734,0.0,532.9803756348153,16.772204654047584
2026-09-15 23:00:00,294.1782260173163,0.0,519.4605762048283,16.3289885283135
2026-09-16 00:00:00,296.6500255131669,0.0,408.7830261786796,14.710319475514186
2026-09-16 01:00:00,298.1705090631753,0.0,474.4567534821449,12.240103345347967
2026-09-16 02:00:00,299.36156720523337,0.0,539.1154950128875,11.651947198746502
2026-09-16 03:00:00,298.7356095808981,0.0,427.2287509771553,12.931292681942713
2026-09-16 04:00:00,301.63343802687706,0.0,484.43095440546415,15.206623761026613
2026-09-16 05:00:00,301.34375601917543,0.0,528.5491011753247,14.794203498417437
2026-09-16 06:00:00,302.7025632436753,0.1841953876496414,49.32338916442485,16.91275850314976
2026-09-16 07:00:00,300.4619253090345,0.4323365936626673,42.739909445492415,20.283782101333536
2026-09-16 08:00:00,299.6203876121981,0.6510080858969427,68.55743411559004,20.77994997139657
2026-09-16 09:00:00,299.4531907642328,0.8253043801023907,29.755636607186947,21.83815148490611
2026-09-16 10:00:00,296.9710105787699,0.9433447750425572,59.285022863264096,23.55166077040216
2026-09-16 11:00:00,297.10876480071585,0.9970831864761952,29.68210471654933,25.39551276110067
2026-09-16 12:00:00,293.4177884613095,0.9828565989955972,61.27085920597988,25.238510394505834
2026-09-16 13:00:00,292.97134150135133,0.9016347511500248,37.47003435014414,27.55203468622069
2026-09-16 14:00:00,291.7630989951005,0.7589540343614808,70.32898925768323,26.399081024176873
2026-09-16 15:00:00,290.32931888551025,0.564540111335892,44.104787822336455,25.23509214968008
2026-09-16 16:00:00,291.1845693820632,0.3316449777411063,44.12967878332485,26.691616320418106
2026-09-16 17:00:00,288.9894611867009,0.0761436555576624,67.26122018332784,25.574977215258336
2026-09-16 18:00:00,288.7906293863182,0.0,47.73755634840399,23.87066321930739
2026-09-16 19:00:00,291.2429591905,0.0,59.20652006714947,21.65462081759943
2026-09-16 20:00:00,291.686629228004,0.0,55.45868368005422,20.200867461491217
2026-09-16 21:00:00,291.2215744551907,0.0,30.61841744657044,18.153709358950387
2026-09-16 22:00:00,292.8052239397687,0.0,465.0333777310241,19.233216521827785
2026-09-16 23:00:00,294.2607910161163,0.0,445.597846503166,14.13955206015951
2026-09-17 00:00:00,295.3516408247573,0.0,396.9048657751765,13.070098235823682
2026-09-17 01:00:00,298.61708542062,0.0,492.7691192449746,13.490046094828251
2026-09-17 02:00:00,298.36034912035655,0.0,519.2669006848022,14.975049960035848
2026-09-17 03:00:00,302.0592973359773,0.0,497.9496576978573,12.9418842759933
2026-09-17 04:00:00,300.50102632679835,0.0,524.5712792485007,14.670371098629273
2026-09-17 05:00:00,302.2824265560667,0.0,543.4999807575617,15.50579704557881
2026-09-17 06:00:00,301.3902243662453,0.1849004067341326,45.63581055549528,15.790782071908497
2026-09-17 07:00:00,299.45598645141786,0.4329833171095379,61.471201635002046,18.672696670017494
2026-09-17 08:00:00,301.4351262170036,0.6515524305655277,44.330599673400656,20.03417616137279
2026-09-17 09:00:00,298.7878290739743,0.8257092413806466,41.2133029550408,21.461977904156022
2026-09-17 10:00:00,296.35607970677376,0.943582556039161,46.3462527559219,23.75242165565009
2026-09-17 11:00:00,296.3784928512875,0.9971376791300792,49.4076196422793,24.954068064298745
2026-09-17 12:00:00,293.276929243848,0.9827240888793072,59.38170312225804,26.37398195540575
2026-09-17 13:00:00,293.7753107312838,0.9013242706592844,47.13617213239815,28.10297302713803
2026-09-17 14:00:00,291.4028255737272,0.7584867470325952,58.29009509939872,27.36011969388041
2026-09-17 15:00:00,289.1180756171925,0.5639478692582665,59.83057686985434,26.256967567797385
2026-09-17 16:00:00,290.09047921817074,0.3309681503971559,58.92804346129357,26.730117133730154
2026-09-17 17:00:00,289.0933088762262,0.0754283780846762,48.38554621759434,27.113656049573482
2026-09-17 18:00:00,290.1552891917324,0.0,47.04730882991341,23.910846832045774
2026-09-17 19:00:00,290.3758059218822,0.0,39.28578585057568,19.691299378049397
2026-09-17 20:00:00,291.4819078661093,0.0,48.541218605874974,19.18306874379125
2026-09-17 21:00:00,289.9375221065327,0.0,54.366645273793495,18.057542538197897
2026-09-17 22:00:00,293.3667338269159,0.0,467.4606724708608,16.75317081519831
2026-09-17 23:00:00,295.7168364435656,0.0,512.593293789673,15.38192098788503
2026-09-18 00:00:00,297.16825259347195,0.0,447.4186542773156,14.609969737337705
2026-09-18 01:00:00,297.87027650508907,0.0,448.708164267169,14.499157812496327
2026-09-18 02:00:00,297.69887931052864,0.0,570.3517856865037,12.085025712241379
2026-09-18 03:00:00,299.35106044060353,0.0,540.6560526224517,14.730025836548466
2026-09-18 04:00:00,302.02422798134853,0.0,546.2899811796308,12.43505310441627
2026-09-18 05:00:00,301.04900412593685,0.0,512.4450606674769,15.550916313394069
2026-09-18 06:00:00,300.97059202621205,0.1856053306730625,54.66409339712452,18.020432703763763
2026-09-18 07:00:00,301.1036648673294,0.433629817753001,43.02232916377639,19.508608916612836
2026-09-18 08:00:00,297.90410072646387,0.6520964399599902,43.00726969625373,20.322660760486663
2026-09-18 09:00:00,296.3654156405676,0.82611367776763,64.95515306476887,21.550201988595465
2026-09-18 10:00:00,298.21529425603063,0.9438198514895544,51.20895400284681,21.231436829609038
2026-09-18 11:00:00,295.40477318851083,0.9971916586794994,46.4154534233647,26.31422488142295
2026-09-18 12:00:00,293.8059041123314,0.9825910730754606,27.265482544088336,27.274248035186496
2026-09-18 13:00:00,294.3455603314675,0.9010133263674902,51.51947235171269,25.83406851209905
2026-09-18 14:00:00,292.0454029707242,0.75801906940361,62.00309871835954,27.892811578311125
2026-09-18 15:00:00,292.78290465333095,0.5633553369858413,36.224676959514426,27.35139689081401
2026-09-18 16:00:00,290.6727399726511,0.330291152744492,41.43488517078064,26.21844740292217
2026-09-18 17:00:00,288.02438102203826,0.0747130617979552,43.32624326858234,23.743642270377087
2026-09-18 18:00:00,290.17285525447005,0.0,39.74919447985644,23.20068321477691
2026-09-18 19:00:00,287.1299434247272,0.0,49.4193284981657,21.27384974297395
2026-09-18 20:00:00,289.5303320053951,0.0,60.42299154757931,20.15337108409757
2026-09-18 21:00:00,292.7736374784079,0.0,46.7987581911956,19.497244310836088
2026-09-18 22:00:00,293.6078103946419,0.0,439.6276143549701,17.542318906134522
2026-09-18 23:00:00,293.237366023636,0.0,562.1786836988834,14.036822880315906
2026-09-19 00:00:00,297.72126325191675,0.0,479.0603960158574,11.939444574972704
2026-09-19 01:00:00,296.6971185471841,0.0,612.1821426542234,12.10878351227113
2026-09-19 02:00:00,298.7927547387776,0.0,481.63975341797385,13.4599492284726
2026-09-19 03:00:00,299.0845467422094,0.0,481.5493575913267,11.228235881736937
2026-09-19 04:00:00,300.9691311601003,0.0,470.2769368373831,12.507829416410447
2026-09-19 05:00:00,300.1557408078356,0.0,538.9113504058016,16.884001854844644
2026-09-19 06:00:00,301.09464862671445,0.1863101591036934,44.90332827687904,16.416467592788603
2026-09-19 07:00:00,299.2296312734401,0.4342760952603819,57.207058842706985,18.806214669267415
2026-09-19 08:00:00,299.16019462758715,0.6526401138003951,65.11042858426349,22.017936131376462
2026-09-19 09:00:00,298.68138479816025,0.8265176890552267,38.59953599127425,22.375618100361397
2026-09-19 10:00:00,296.8616848092004,0.9440566612716306,61.48184730610187,24.009205285837442
2026-09-19 11:00:00,295.3105303963531,0.9972451250966624,54.08497766945561,24.320965690708675
2026-09-19 12:00:00,293.555393136351,0.982457551652504,53.62899577856178,26.05095147311212
2026-09-19 13:00:00,290.0665118658303,0.9007019184346469,52.7658731719792,28.190973106397717
2026-09-19 14:00:00,292.85590220366686,0.7575510017151813,41.95207881875384,24.095579721897963
2026-09-19 15:00:00,290.91165393440554,0.5627625148237081,41.58849618969795,27.668885350550752
2026-09-19 16:00:00,287.9819517600249,0.3296139851314823,45.70277425676763,26.2048392804541
2026-09-19 17:00:00,289.56863888209654,0.0739977070655849,45.71431489569622,23.79857758736075
2026-09-19 18:00:00,290.7780267096192,0.0,56.902033198845785,24.63870419795703
2026-09-19 19:00:00,289.3525459209948,0.0,41.23227863598197,22.113048197739214
2026-09-19 20:00:00,290.0059918297493,0.0,46.19983589253821,19.6442944425143
2026-09-19 21:00:00,291.48637844729785,0.0,70.76918234990038,18.234863399345866
2026-09-19 22:00:00,293.81547721843424,0.0,413.8345546594852,17.274895241723858
2026-09-19 23:00:00,294.44170300182805,0.0,447.929728423246,14.747287932336585
2026-09-20 00:00:00,298.51362315962405,0.0,546.2898891767348,13.925067360735726
2026-09-20 01:00:00,297.90234052495805,0.0,502.312837525748,13.072155220881678
2026-09-20 02:00:00,298.6446794841558,0.0,575.0845518932066,13.60950536931287
2026-09-20 03:00:00,300.3308231578737,0.0,525.7500596622066,13.185893759450927
2026-09-20 04:00:00,299.8087800462056,0.0,503.8644488520008,13.45783744900722
2026-09-20 05:00:00,301.7051953478982,0.0,482.10598451458014,15.510335782022187
2026-09-20 06:00:00,300.8611528671831,0.1870148916633365,49.488500487182286,15.56073667791646
2026-09-20 07:00:00,302.1939390507531,0.4349221492989162,67.68463015161188,18.677143749209588
2026-09-20 08:00:00,299.8551793455884,0.6531834518069802,46.575986408856906,21.036444879695704
2026-09-20 09:00:00,297.3296811680477,0.8269212750355419,64.97320028781762,23.1615892704663
2026-09-20 10:00:00,298.2854205688705,0.9442929852635324,67.15168893022937,22.383708419072175
2026-09-20 11:00:00,295.38809364235334,0.9972980783540896,52.70440130034032,23.661098732168124
2026-09-20 12:00:00,295.23569089038216,0.9823235246791452,62.60526446605648,25.817235477917606
2026-09-20 13:00:00,294.2596454580608,0.9003900470209979,61.96840174164724,25.819605099006544
2026-09-20 14:00:00,292.2112671253852,0.7570825442081662,49.86561622833042,25.88195583542801
2026-09-20 15:00:00,289.5533872179199,0.5621694030765438,42.764307178367446,26.18320576291274
2026-09-20 16:00:00,291.7866947256135,0.3289366479065819,45.918021634717256,25.057940656078976
2026-09-20 17:00:00,289.55847083151355,0.0732823142556706,36.56279605397425,23.85483167277826
2026-09-20 18:00:00,288.7030215276173,0.0,53.759867332096256,24.478558686369567
2026-09-20 19:00:00,290.70464894104833,0.0,51.78986345784824,21.178633031203297
2026-09-20 20:00:00,290.6450905968157,0.0,59.50156545990561,20.845775229844886
2026-09-20 21:00:00,290.6299520774579,0.0,52.39655262271494,17.498487658608934
2026-09-20 22:00:00,294.86414394343154,0.0,466.3425569560504,15.53798551325963
2026-09-20 23:00:00,296.28830645262445,0.0,513.0473583409354,12.932659565768208
2026-09-21 00:00:00,296.78502305656696,0.0,574.4736778122682,14.54860047932354
2026-09-21 01:00:00,297.3070773631804,0.0,436.7637630931221,13.910161300920722
2026-09-21 02:00:00,300.0194271717903,0.0,502.2354589304678,12.622527540376325
2026-09-21 03:00:00,300.8146231237492,0.0,490.9155595340905,15.26399551872578
2026-09-21 04:00:00,301.43936781688427,0.0,555.668810789451,14.55023465107164
2026-09-21 05:00:00,301.4445702118091,0.0,459.97234455672185,16.061366288593543
2026-09-21 06:00:00,299.1905283634727,0.1877195279893524,45.65929301389615,16.600543890197986
2026-09-21 07:00:00,300.4064776005108,0.4355679795365685,30.91548653620184,18.652910124789592
2026-09-21 08:00:00,299.7448974693553,0.6537264537001563,72.14701091096289,20.300159820946707
2026-09-21 09:00:00,296.95288972527305,0.8273244355008995,40.87003353681416,23.054387201421683
2026-09-21 10:00:00,295.72419011335046,0.944528823343653,36.32408069110917,24.10435481212913
2026-09-21 11:00:00,295.70753903211687,0.997350518424515,49.88435072424896,25.566401333760297
2026-09-21 12:00:00,292.58201607591326,0.9821889922243504,59.176083914344645,26.196381170226342
2026-09-21 13:00:00,291.6705443239542,0.9000777122870253,33.08215030638783,26.048467236094513
2026-09-21 14:00:00,292.03441873657835,0.7566136971236225,57.88004943227472,25.969563659007893
2026-09-21 15:00:00,288.59294250709723,0.5615760020497385,46.23122795792189,26.262298889046793
2026-09-21 16:00:00,290.0534959258636,0.328259141418333,59.92245035746381,25.711514940124584
2026-09-21 17:00:00,289.8365184076945,0.0725668837363373,52.53750535446386,24.35728672984879
2026-09-21 18:00:00,290.0311508314286,0.0,59.37459992757359,23.506709681083574
2026-09-21 19:00:00,290.6285613928637,0.0,39.39379192481147,22.027009690004046
2026-09-21 20:00:00,290.668853596198,0.0,53.588263860230825,19.36785270799032
2026-09-21 21:00:00,292.65593222531163,0.0,57.99926497432364,19.224342143851434
2026-09-21 22:00:00,292.3676059523625,0.0,479.749749640987,15.985222963569962
2026-09-21 23:00:00,294.0719264256683,0.0,538.0412138529,16.019140563369515
2026-09-22 00:00:00,297.1232187483289,0.0,527.491008936978,14.709856968479578
2026-09-22 01:00:00,297.364150486095,0.0,564.3536024922819,13.665119533071696
2026-09-22 02:00:00,298.1411489997315,0.0,469.2095257037119,13.177193048889796
2026-09-22 03:00:00,299.2242222468009,0.0,495.2048907634345,13.454716675663075
2026-09-22 04:00:00,299.57154794487934,0.0,464.8879402266061,14.802568093365956
2026-09-22 05:00:00,302.63672221375515,0.0,509.4026151021631,14.401808859105206
2026-09-22 06:00:00,301.37648020811974,0.1884240677191511,50.19352084226665,16.829500345414814
2026-09-22 07:00:00,299.80379655897616,0.4362135856408046,40.76333364818312,18.225931368782085
2026-09-22 08:00:00,299.86379314090857,0.6542691192005066,43.038124157929694,21.531316301099107
2026-09-22 09:00:00,298.03476908906777,0.8277271702438421,34.26608690849452,22.424437702200112
2026-09-22 10:00:00,298.0497223077621,0.9447641753906354,51.58165571867147,24.24142087049607
2026-09-22 11:00:00,295.01107352974304,0.9974024452809546,37.73006114952906,23.663378101880742
2026-09-22 12:00:00,293.727808908272,0.982053954357348,56.26054866313386,25.22009149992992
2026-09-22 13:00:00,292.1808702861559,0.8997649143934494,47.97536229677438,27.331597360484295
2026-09-22 14:00:00,291.3042628165129,0.756144460702808,55.2593171611961,27.759444536572904
2026-09-22 15:00:00,289.9966242430852,0.5609823120486425,36.8359789322402,27.041524229608793
2026-09-22 16:00:00,289.323656011284,0.3275814660153654,56.96673367605384,26.126070911997445
2026-09-22 17:00:00,290.8132243135401,0.0718514158757294,40.42400565885286,25.536107962943465
2026-09-22 18:00:00,288.8263569017731,0.0,46.49611405048823,23.187877529385066
2026-09-22 19:00:00,290.37387800938967,0.0,45.03450447837541,21.497719756507845
2026-09-22 20:00:00,290.9365374011711,0.0,51.21392214183945,21.61261009837772
2026-09-22 21:00:00,291.1238389580635,0.0,56.20676082152986,18.116885467280138
2026-09-22 22:00:00,294.3098163687124,0.0,585.3856956806237,16.790805001711515
2026-09-22 23:00:00,293.54736242092315,0.0,460.0989767441717,13.973404535484853
2026-09-23 00:00:00,295.718545862364,0.0,527.3391767636072,13.867242214610926
2026-09-23 01:00:00,298.1814486664997,0.0,423.9843044097561,16.28605354363978
2026-09-23 02:00:00,299.5493945597072,0.0,519.4218642659267,12.068201671769007
2026-09-23 03:00:00,298.98032959349206,0.0,555.7069887469785,11.932322434322389
2026-09-23 04:00:00,301.84908413164027,0.0,581.3877536776695,12.744594445751002
2026-09-23 05:00:00,300.36556692459084,0.0,513.4662277334629,14.207400552377973
2026-09-23 06:00:00,300.6919755345706,0.1891285104901926,50.34094799441989,16.694263556777965
2026-09-23 07:00:00,298.9096463866085,0.43685896727941,61.524503891416245,18.86912604464697
2026-09-23 08:00:00,300.06458906368096,0.654811448028788,39.79244885986964,20.40012925578143
2026-09-23 09:00:00,298.7717189128199,0.8281294790571315,56.53372065369975,22.632399276233265
2026-09-23 10:00:00,298.37744118247656,0.9449990412833728,42.750896379420496,23.262528202356595
2026-09-23 11:00:00,295.86041118483456,0.9974538588966876,51.241293216763744,24.544899295112668
2026-09-23 12:00:00,292.0213251427081,0.9819184111476248,57.45894204950566,27.420854019608537
2026-09-23 13:00:00,291.7416808953004,0.899451653501229,43.76013601924874,25.74721917947881
2026-09-23 14:00:00,292.6233381929993,0.7556748351871815,47.01098271736308,26.537446906673384
2026-09-23 15:00:00,290.1767819692837,0.5603883333787555,46.58060089820837,27.43997074277312
2026-09-23 16:00:00,288.19926504873007,0.3269036220463953,49.00900994784513,25.959837918164666
2026-09-23 17:00:00,288.4292492534435,0.0711359110420103,38.74203416994541,25.596914535241716
2026-09-23 18:00:00,288.6781438184174,0.0,61.21358240532531,23.11626608235385
2026-09-23 19:00:00,288.64431982009154,0.0,57.893292719391866,21.856077600326472
2026-09-23 20:00:00,291.78294266610106,0.0,48.95264262304434,19.879411648196772
2026-09-23 21:00:00,291.8755557440699,0.0,41.28672396417704,18.925379378075483
2026-09-23 22:00:00,293.79995071770253,0.0,501.0368279755278,17.20488935457537
2026-09-23 23:00:00,293.88923781848007,0.0,520.3251382622655,14.553585193912893
2026-09-24 00:00:00,296.8538322658559,0.0,417.3089550935731,14.450159748514206
2026-09-24 01:00:00,298.4416282100073,0.0,414.1408493920271,14.425538090069631
2026-09-24 02:00:00,298.47892473244235,0.0,504.5308995102886,12.464405566667509
2026-09-24 03:00:00,299.3205187491237,0.0,530.2646219802225,12.68391939662915
2026-09-24 04:00:00,301.2417387868015,0.0,451.38948373639926,15.29258890304908
2026-09-24 05:00:00,301.7837794558653,0.0,579.5840213060006,14.668652576856495
2026-09-24 06:00:00,301.95194707692326,0.1898328559399865,55.59834731195212,17.122068033178245
2026-09-24 07:00:00,301.2097932754273,0.4375041241202861,27.924080718059272,19.331326767420144
2026-09-24 08:00:00,299.98388199248154,0.6553534399059301,38.03532654445058,20.297510365190913
2026-09-24 09:00:00,297.44400854440795,0.8285313617337489,40.23363407867392,20.92831320356345
2026-09-24 10:00:00,297.30103287993074,0.9452334209010086,58.79193010544253,24.42235966531646
2026-09-24 11:00:00,295.35343024378165,0.997504759245258,31.69785605767536,25.722873152733996
2026-09-24 12:00:00,293.8880600397917,0.9817823626649286,32.02524960146316,26.25209857362553
2026-09-24 13:00:00,292.6959486087712,0.8991379297715609,41.22120694428516,27.132456115162586
2026-09-24 14:00:00,291.2493826913005,0.7552048208184012,35.30010128150515,25.550752930210965
2026-09-24 15:00:00,290.75440800369665,0.5597940663457253,41.00422875093624,27.686445591894913
2026-09-24 16:00:00,288.8634937844835,0.326225609860226,58.6020139073192,26.38617449045639
2026-09-24 17:00:00,289.6378003480334,0.0704203696033627,71.78949368537805,25.652325027546624
2026-09-24 18:00:00,289.26646243627266,0.0,61.72149154824696,23.205768556017322
2026-09-24 19:00:00,288.3355450430694,0.0,39.99389218785733,22.88911226739497
2026-09-24 20:00:00,291.0174590869141,0.0,59.71993930216584,19.730657928174995
2026-09-24 21:00:00,292.9873630909905,0.0,41.88350216470549,16.99539079724941
2026-09-24 22:00:00,292.2247813121022,0.0,588.8825716892786,15.194434366283899
2026-09-24 23:00:00,295.2482736896743,0.0,454.96179587961205,15.78184713117803
2026-09-25 00:00:00,295.6513433998185,0.0,603.2520802353735,13.094301170496673
2026-09-25 01:00:00,301.02362729456854,0.0,497.8262511018206,12.84538583284708
2026-09-25 02:00:00,299.06685841237106,0.0,537.2645408193598,11.816722694630306
2026-09-25 03:00:00,298.9400394174468,0.0,590.2047555439781,13.834756638130687
2026-09-25 04:00:00,299.19097329044683,0.0,463.7217146684605,14.798623746450392
2026-09-25 05:00:00,301.6313107606288,0.0,416.39148896361536,13.96739680040134
2026-09-25 06:00:00,301.18719703154284,0.1905371037060925,51.118640939989625,15.321408385334514
2026-09-25 07:00:00,302.1532915264,0.4381490558314497,56.66756403762948,18.044865843424155
2026-09-25 08:00:00,300.9630531744557,0.6558950945528647,50.07083466915362,20.296167109125044
2026-09-25 09:00:00,300.0502694969941,0.8289328180668942,55.52345083374361,21.644471540906004
2026-09-25 10:00:00,297.709085374366,0.9454673141229364,50.03728441582837,21.915115962081224
2026-09-25 11:00:00,296.18058446134324,0.9975551463004736,47.98151221798202,24.569327622455965
2026-09-25 12:00:00,292.5824051436507,0.98164580897931,57.419151541970976,25.92472310835659
2026-09-25 13:00:00,292.4009456135231,0.8988237433658803,54.242491363610455,27.340932144012722
2026-09-25 14:00:00,288.981620125971,0.7547344178383263,47.6024543721861,28.635948469837388
2026-09-25 15:00:00,288.741230776212,0.5591995112553484,66.63881333347857,27.008138523240135
2026-09-25 16:00:00,289.3189285408621,0.3255474298059621,55.87529180992061,27.21803460200802
2026-09-25 17:00:00,291.0980413595491,0.0697047919279879,50.49046159782151,24.608837008132156
2026-09-25 18:00:00,288.6855819971495,0.0,26.862540166087552,24.542149842026756
2026-09-25 19:00:00,289.6877080822171,0.0,45.2710455112386,21.576311616997703
2026-09-25 20:00:00,290.43838477802257,0.0,41.55125923947845,19.909425844704256
2026-09-25 21:00:00,291.59002497773463,0.0,57.77507589386964,17.126897462443768
2026-09-25 22:00:00,292.91403769849944,0.0,446.5253331591082,16.526883595389485
2026-09-25 23:00:00,293.854569955882,0.0,571.6114913152276,14.227342394883614
2026-09-26 00:00:00,293.95241346448006,0.0,523.6390656691866,13.797967169669876
2026-09-26 01:00:00,297.3032062396716,0.0,465.3480722133618,12.984440293969847
2026-09-26 02:00:00,299.1798685144577,0.0,504.0562355980959,12.571149388279178
2026-09-26 03:00:00,298.79729400434155,0.0,467.4068255327858,12.328329494341993
2026-09-26 04:00:00,300.6907322741428,0.0,420.1078899047478,13.884946706662806
2026-09-26 05:00:00,301.93451044879134,0.0,442.3083130628712,15.907527696737414
2026-09-26 06:00:00,300.26467919154766,0.1912412534261209,58.85291996564665,14.87328376986005
2026-09-26 07:00:00,300.6093889712268,0.4387937620810337,53.99338411296819,17.651834926490153
2026-09-26 08:00:00,299.62477245929307,0.6564364116912119,43.77453034728431,20.17731664552585
2026-09-26 09:00:00,296.65742900780674,0.8293338478499875,43.21101543300725,21.460347112038555
2026-09-26 10:00:00,297.55524611854054,0.9457007208287996,49.53137213578832,25.37445683673155
2026-09-26 11:00:00,296.75704527413643,0.9976050200364064,35.241246913044805,25.510135438412654
2026-09-26 12:00:00,294.133114575814,0.98150875016095,67.84953581294995,26.962941007198285
2026-09-26 13:00:00,291.5089828930783,0.8985090944458606,50.643870127374456,26.859497124295785
2026-09-26 14:00:00,292.33441681567604,0.7542636264890152,60.27031047127171,25.608759564208796
2026-09-26 15:00:00,289.81342512163883,0.5586046684135693,44.08989849859872,26.04958127783528
2026-09-26 16:00:00,289.9277954609022,0.3248690822321497,51.46988877050595,25.545156557822988
2026-09-26 17:00:00,290.2637663414953,0.0689891783841061,76.70783555800057,24.17289825744939
2026-09-26 18:00:00,290.01147471540315,0.0,37.775129446212425,22.465694380235742
2026-09-26 19:00:00,288.70829333960535,0.0,51.71360509523387,22.29346992215835
2026-09-26 20:00:00,290.5257270960335,0.0,60.167989009785245,20.74381944841372
2026-09-26 21:00:00,293.51837762967256,0.0,57.57086121990659,18.262935014872582
2026-09-26 22:00:00,293.1468697717962,0.0,443.7920342633662,17.29092102430331
2026-09-26 23:00:00,296.04032206790646,0.0,425.53685674321866,16.178667991454564
2026-09-27 00:00:00,296.1747265873758,0.0,487.1836049156601,15.285409583478504
2026-09-27 01:00:00,297.4084316016351,0.0,621.0778610536954,15.327817750168862
2026-09-27 02:00:00,296.2725563926427,0.0,513.7430942043533,12.181912582506964
2026-09-27 03:00:00,298.69679915259894,0.0,494.0017894184943,13.272513351141335
2026-09-27 04:00:00,298.8638864411051,0.0,511.98484407132497,13.953006914252036
2026-09-27 05:00:00,300.3247938820114,0.0,473.1887333337349,14.992123420223072
2026-09-27 06:00:00,299.31906220043334,0.1919453047377319,45.70062378505879,15.544116995343588
2026-09-27 07:00:00,299.763995958366,0.4394382425372867,50.05866855004344,17.774470844209596
2026-09-27 08:00:00,298.9941642885349,0.6569773910422504,52.2278095320241,19.89658156813613
2026-09-27 09:00:00,296.6681601648941,0.8297344508766678,35.02364947745075,20.773164328375174
2026-09-27 10:00:00,299.49554941783896,0.9459336408984927,56.75089606021184,23.51552807348003
2026-09-27 11:00:00,295.00445103898085,0.9976543804273924,49.00805263397206,24.84583297496704
2026-09-27 12:00:00,291.62915549004214,0.981371186280419,43.42552276284137,25.834601915469477
2026-09-27 13:00:00,292.1946773797272,0.8981939831734127,64.78280696023302,26.496690993573655
2026-09-27 14:00:00,288.9289955470784,0.7537924470127266,50.02740614382102,27.462497780927215
2026-09-27 15:00:00,290.51829444531336,0.5580095381264806,53.19160210642943,26.44461873909661
2026-09-27 16:00:00,288.91965589298604,0.3241905674880662,42.71646113936077,25.58553126039448
2026-09-27 17:00:00,288.1410584960662,0.0682735293399558,37.35582548434839,25.919066761138918
2026-09-27 18:00:00,288.90245391869297,0.0,45.19191152522362,23.514069583360563
2026-09-27 19:00:00,291.5790001272263,0.0,60.6809426600076,21.75276395608076
2026-09-27 20:00:00,290.4408594375787,0.0,42.7411448074898,20.842149146199308
2026-09-27 21:00:00,291.4232708459895,0.0,53.59210937574984,17.87601194617514
2026-09-27 22:00:00,292.21594491142355,0.0,505.299245629376,16.82260348614078
2026-09-27 23:00:00,293.5815814336127,0.0,563.8372849613311,15.555903170934544
2026-09-28 00:00:00,296.14919719613096,0.0,500.6515341960544,12.469410134904455
2026-09-28 01:00:00,298.0345382485264,0.0,425.76313760542575,12.69456597730164
2026-09-28 02:00:00,300.47770199867404,0.0,500.3683296405304,13.48541470799872
2026-09-28 03:00:00,299.52271320650186,0.0,487.4273987962626,15.421313035438967
2026-09-28 04:00:00,302.13565475636346,0.0,526.2510132423004,14.137104041914927
2026-09-28 05:00:00,302.15603238578467,0.0,483.5881398122957,16.6142607892804
2026-09-28 06:00:00,301.6831654633053,0.1926492572786369,51.7987180401431,16.824561454387936
2026-09-28 07:00:00,299.96490125124143,0.4400824968685736,58.745135246959634,18.497470390375323
2026-09-28 08:00:00,298.85655980449525,0.6575180323276046,54.06395887360958,19.535574949609277
2026-09-28 09:00:00,298.0857137249532,0.8301346269407937,48.69513288706299,21.85489972728579
2026-09-28 10:00:00,296.6363160308073,0.9461660742121608,47.86237806099973,22.72516075241339
2026-09-28 11:00:00,294.294242517771,0.9977032274480316,51.35307890673431,23.468523012079455
2026-09-28 12:00:00,294.2316122631028,0.9812331174085044,57.753571940560384,26.068607176317226
2026-09-28 13:00:00,291.349496762984,0.8978784097106859,43.410898848064576,26.054512387826712
2026-09-28 14:00:00,291.01047824037164,0.7533208796519187,63.48683253835624,27.176128021939725
2026-09-28 15:00:00,291.6799448012944,0.557414120700323,57.287341723287206,27.566671831295864
2026-09-28 16:00:00,290.7425819812879,0.3235118859228598,52.84905966498174,23.2622149603461
2026-09-28 17:00:00,288.0763487689184,0.0675578451637937,47.63802738101046,24.43604531379989
2026-09-28 18:00:00,288.561673909311,0.0,53.43014860827934,22.769424602871815
2026-09-28 19:00:00,287.9902283520396,0.0,38.95835928434953,20.95036956897542
2026-09-28 20:00:00,290.060652872537,0.0,43.4483527507068,18.09077220378434
2026-09-28 21:00:00,292.56728589184667,0.0,57.12279846180719,17.81169475194197
2026-09-28 22:00:00,291.1780060535995,0.0,467.30920827284166,15.899726197466096
2026-09-28 23:00:00,294.57968274942823,0.0,533.8231811335506,15.29061412041747
2026-09-29 00:00:00,295.02250724316355,0.0,511.37212794396703,12.829416483597926
2026-09-29 01:00:00,298.5013777294079,0.0,540.4792536776517,14.718980100438703
2026-09-29 02:00:00,299.3338310006965,0.0,503.8287996836115,12.172757988168348
2026-09-29 03:00:00,300.9448069761742,0.0,628.7629176874123,13.142605990931273
2026-09-29 04:00:00,300.21938310910275,0.0,413.8709045743181,14.088622613416579
2026-09-29 05:00:00,302.93703537269727,0.0,545.9977258380351,15.999818080439091
2026-09-29 06:00:00,300.5398907665057,0.1933531106865977,27.04357342139123,16.702366881607084
2026-09-29 07:00:00,299.7138449493741,0.440726524743376,56.10165108402608,17.983063738416327
2026-09-29 08:00:00,300.4305900936338,0.6580583352690726,34.49373248100382,18.95637116472019
2026-09-29 09:00:00,297.97125312299573,0.8305343758364437,38.96692557774247,19.464297462034054
2026-09-29 10:00:00,297.4801573484762,0.9463980206501982,46.655083658289314,23.961455227146477
2026-09-29 11:00:00,294.9056162404792,0.9977515610731892,54.42240369996807,24.80165068218319
2026-09-29 12:00:00,294.5851209979824,0.9810945436162531,39.428940528524265,25.14255370629783
2026-09-29 13:00:00,293.0983221825675,0.897562374220067,46.1100751410699,27.19812828463285
2026-09-29 14:00:00,293.41950696821124,0.7528489246492496,40.56595418044377,26.008255376059836
2026-09-29 15:00:00,289.0156372434791,0.5568184164414848,51.35482385021346,29.133900059983603
2026-09-29 16:00:00,287.75867721862693,0.3228330378857647,37.29340856289178,27.24827901809774
2026-09-29 17:00:00,290.3246557370915,0.0668421262238948,36.84033792275433,23.90536329170638
2026-09-29 18:00:00,287.5866340061791,0.0,43.87590923312915,26.597231659626495
2026-09-29 19:00:00,288.87848929802016,0.0,49.476789356526304,21.52463965087763
2026-09-29 20:00:00,289.331453568278,0.0,52.63304171691085,20.429350768647367
2026-09-29 21:00:00,291.2161531856965,0.0,64.52965279804354,18.767668515307676
2026-09-29 22:00:00,292.6516437464136,0.0,468.1231643085064,17.181134151230218
2026-09-29 23:00:00,296.2314456555395,0.0,481.8709781005709,13.944444738046894
2026-09-30 00:00:00,294.3526142486013,0.0,500.0605912699396,13.298960937599476
2026-09-30 01:00:00,297.66165827125434,0.0,479.0274114183901,11.314893548920232
2026-09-30 02:00:00,300.31130994280176,0.0,501.5494274601821,12.740170617195915
2026-09-30 03:00:00,299.18853770121626,0.0,501.02867049014407,12.487207141658434
2026-09-30 04:00:00,300.291424179191,0.0,597.1189266339597,14.361192146073785
2026-09-30 05:00:00,301.0669245561388,0.0,479.7962667072953,15.86667438929456
2026-09-30 06:00:00,301.4018121650384,0.1940568645994274,53.68380393921507,18.24346258484507
2026-09-30 07:00:00,302.2028798827532,0.4413703258302914,47.58283745133564,19.152325354464324
2026-09-30 08:00:00,299.97249144722093,0.6585982995886269,60.44982669798835,21.830062898218703
2026-09-30 09:00:00,297.40745217462137,0.8309336973577898,69.44244675096331,20.450815344155792
2026-09-30 10:00:00,295.7227238684866,0.9466294800932508,46.74827625383986,24.127673677401603
2026-09-30 11:00:00,297.88781696620504,0.9977993812779932,60.87424273846173,25.90694947454379
2026-09-30 12:00:00,294.974471596258,0.9809554649749724,69.27235980425962,25.556677563367966
2026-09-30 13:00:00,291.97791456101623,0.8972458768642814,60.959553766538775,27.094532228235952
2026-09-30 14:00:00,290.5691509504768,0.7523765822475763,52.489851227507344,27.614739641492005
2026-09-30 15:00:00,290.7577341007696,0.5562224256565017,62.63856464774968,25.85287966965475
2026-09-30 16:00:00,291.3772592485353,0.3221540237261008,53.5697373449372,24.09204521504726
2026-09-30 17:00:00,290.32453811559435,0.0661263728887786,55.99852722432538,24.007192619744092
2026-09-30 18:00:00,288.9495137951039,0.0,62.24935163008513,22.91937397411428
2026-09-30 19:00:00,289.7765586020907,0.0,49.26303689680792,22.583854137184836
2026-09-30 20:00:00,290.320625270549,0.0,51.09154075257369,20.20788242801665
2026-09-30 21:00:00,292.9097910808637,0.0,68.43018275341606,18.26075702919608
2026-09-30 22:00:00,292.85636038636056,0.0,537.1969085845283,16.021018242750074
2026-09-30 23:00:00,295.0463968570948,0.0,497.7875735305974,16.163470364747425
2026-10-01 00:00:00,296.4056536541044,0.0,586.7970166292446,13.205212040319338
2026-10-01 01:00:00,298.510396131304,0.0,455.832257350924,12.956211173841096
2026-10-01 02:00:00,300.2211748077584,0.0,470.41009275443423,14.453065839087532
2026-10-01 03:00:00,299.0773936631373,0.0,444.6924087815057,15.044481696918183
2026-10-01 04:00:00,299.0733969393214,0.0,483.5320428772094,15.914224853694574
2026-10-01 05:00:00,300.8917760878783,0.0,452.0834387788348,15.319849451149409
2026-10-01 06:00:00,301.4829518402336,0.1947605186549901,48.41726491970465,17.321600867308153
2026-10-01 07:00:00,300.6276380209675,0.4420138997980346,36.0336011336308,18.9361998879419
2026-10-01 08:00:00,300.48224848300987,0.659137925008414,37.16407963890448,20.522843967534076
2026-10-01 09:00:00,297.18871511417683,0.8313325912996031,54.62367871727165,20.887671659261315
2026-10-01 10:00:00,296.8188304140178,0.946860452422215,54.25367858294575,22.660675315541553
2026-10-01 11:00:00,295.9619721973464,0.9978466880378362,34.78512769072438,24.926438888772843
2026-10-01 12:00:00,294.8143117961991,0.980815881556229,43.07235444585304,25.414281443613856
2026-10-01 13:00:00,291.78468622845367,0.8969289178059905,42.81061135206824,27.10162069243154
2026-10-01 14:00:00,292.0984425889932,0.7519038526899557,32.96511098565479,27.1271317682171
2026-10-01 15:00:00,289.3876607686372,0.5556261486520574,29.31434333812296,26.455810857639225
2026-10-01 16:00:00,288.6746821101533,0.3214748437932732,46.84780531260465,24.913071522670528
2026-10-01 17:00:00,290.5402395736362,0.0654105855263018,56.854219512046775,27.060640098259604
2026-10-01 18:00:00,289.19059317606656,0.0,62.30033133972233,24.034686551635673
2026-10-01 19:00:00,289.33234304465265,0.0,44.40727664416511,22.581990033621878
2026-10-01 20:00:00,289.6302151004628,0.0,42.92320186228828,19.21800081698522
2026-10-01 21:00:00,290.8449734161094,0.0,67.07917070732955,18.152455832137242
2026-10-01 22:00:00,293.1032195902059,0.0,486.00422564748857,16.06311900816835
2026-10-01 23:00:00,294.0136853905064,0.0,523.2104533429589,15.445875922067932
2026-10-02 00:00:00,295.6357385910093,0.0,494.4982057185949,14.226015603958418
2026-10-02 01:00:00,297.28171719929685,0.0,533.0934637257164,13.825952418798884
2026-10-02 02:00:00,299.61338580581173,0.0,492.1031812923122,11.38808751291738
2026-10-02 03:00:00,302.04444130511456,0.0,482.8403076403058,11.279053114058115
2026-10-02 04:00:00,300.24169044287,0.0,493.8120265142252,14.015059966385477
2026-10-02 05:00:00,301.61852239926725,0.0,504.068882957578,15.950684258759283
2026-10-02 06:00:00,301.67671113191057,0.1954640724912013,43.66792668853474,16.60034256771307
2026-10-02 07:00:00,300.78064994128783,0.4426572463154369,53.37003153855254,19.417342051433938
2026-10-02 08:00:00,299.4250662189982,0.6596772112507548,43.383908108271285,20.374476859085238
2026-10-02 09:00:00,299.9535504890323,0.8317310574564953,58.72758756829518,21.463093490463965
2026-10-02 10:00:00,295.6539685652147,0.9470909375182374,50.23270493037005,24.847451573059995
2026-10-02 11:00:00,295.9266603709703,0.9978934813283756,41.1071690078804,24.52730088595002
2026-10-02 12:00:00,295.1652108958781,0.980675793431849,55.67000233756976,25.71614018795765
2026-10-02 13:00:00,295.79160471193995,0.8966114972083946,34.49409824665073,26.405969267749022
2026-10-02 14:00:00,290.9053667336875,0.7514307362196437,48.3758946024651,26.620019178599506
2026-10-02 15:00:00,290.71005835115267,0.5550295857349823,67.03482886406283,25.80043414902281
2026-10-02 16:00:00,289.0863134650318,0.3207954984367727,58.00008886954633,26.579186563942912
2026-10-02 17:00:00,286.64948523234744,0.0646947645050193,62.5165485831353,24.185285410001033
2026-10-02 18:00:00,289.6954865940714,0.0,43.900855392870106,24.12770156186806
2026-10-02 19:00:00,289.5629380319041,0.0,55.4727228511767,20.893567982504816
2026-10-02 20:00:00,291.4244007946231,0.0,51.38318218028503,19.64376765712977
2026-10-02 21:00:00,290.82986885345764,0.0,60.28221225918664,18.47682519731519
2026-10-02 22:00:00,292.87855061550044,0.0,447.6935888945824,17.643351010172246
2026-10-02 23:00:00,294.032756583595,0.0,497.7804648569594,13.637497964863222
2026-10-03 00:00:00,296.92167674100256,0.0,473.8769031554472,11.185324843141906
2026-10-03 01:00:00,297.62965222798994,0.0,395.8435396154814,14.091947368049565
2026-10-03 02:00:00,300.09165176596304,0.0,563.6134257108587,13.827194599635284
2026-10-03 03:00:00,301.22622227726026,0.0,384.6002733342791,15.009872030696549
2026-10-03 04:00:00,301.80730958442217,0.0,466.3086604925756,14.055837981270338
2026-10-03 05:00:00,301.2390624460552,0.0,436.8769226777156,14.86911960322758
2026-10-03 06:00:00,302.90292506151445,0.1961675257460283,45.66867683619178,16.603865400082597
2026-10-03 07:00:00,298.03204301164345,0.4433003650514469,42.3378667826946,19.355262899322472
2026-10-03 08:00:00,300.9202479583975,0.6602161580381449,40.76495276688317,19.905999369622332
2026-10-03 09:00:00,299.437016477596,0.8321290956234246,47.67890037324898,21.637219234167933
2026-10-03 10:00:00,297.08979031699096,0.9473209352627155,75.02433679238425,22.88593637385734
2026-10-03 11:00:00,296.0139119168143,0.9979397611255328,54.88581864376687,25.26526233114125
2026-10-03 12:00:00,294.0847642966246,0.9805352006739187,46.00883000953535,25.671294115027735
2026-10-03 13:00:00,291.68055987304257,0.8962936152348313,55.61876264080061,26.313726528643045
2026-10-03 14:00:00,289.46026979989256,0.7509572330800955,56.15052275232426,27.506373593289883
2026-10-03 15:00:00,290.0402099477225,0.5544327372122543,32.73951766586916,25.958274835564012
2026-10-03 16:00:00,288.30064187941616,0.320115988006175,56.7886124199763,24.651662795780766
2026-10-03 17:00:00,288.4096973691852,0.0639789101932764,55.158210043933664,24.58312140830087
2026-10-03 18:00:00,287.5927182471532,0.0,51.00510626177912,23.30291592145942
2026-10-03 19:00:00,288.95706350400343,0.0,38.68864345597,20.994735766527278
2026-10-03 20:00:00,289.4551966125962,0.0,47.25518563339947,20.222087567691126
2026-10-03 21:00:00,289.950836617898,0.0,45.67624608012326,18.60745150068249
2026-10-03 22:00:00,291.61400893031936,0.0,479.8359312034502,16.158226540294766
2026-10-03 23:00:00,294.22356198609725,0.0,517.7938007046233,14.697513785908551
2026-10-04 00:00:00,296.5524749536026,0.0,528.7980421181538,13.157395738720199
2026-10-04 01:00:00,295.6611596095283,0.0,453.47104670598367,14.19690828826192
2026-10-04 02:00:00,298.7090275069472,0.0,378.7707016944148,13.269981587516193
2026-10-04 03:00:00,300.89095603231675,0.0,404.1406741213447,14.331161824374629
2026-10-04 04:00:00,300.60243403614174,0.0,601.7276931595004,16.777524274286
2026-10-04 05:00:00,301.44513224877466,0.0,535.2009720413538,15.122611636918304
2026-10-04 06:00:00,300.63491397061466,0.1968708780574899,52.23638233111511,14.906066322387447
2026-10-04 07:00:00,300.9909531804899,0.44394325567513,59.36479896261683,18.838920099297802
2026-10-04 08:00:00,299.8988077812985,0.6607547650932546,39.29232883926797,18.33598361929029
2026-10-04 09:00:00,298.1171476216588,0.8325267055955697,43.44199219553423,20.674962972953654
2026-10-04 10:00:00,297.02526432825744,0.9475504455372984,38.86118126775222,23.002445952004607
2026-10-04 11:00:00,296.3505245574086,0.9979855274054932,42.897544873229066,24.602397991299704
2026-10-04 12:00:00,291.8577249279491,0.9803941033547844,44.70441437693235,26.126951876103057
2026-10-04 13:00:00,291.967930980678,0.8959752720488754,54.86988674011035,26.60631679580853
2026-10-04 14:00:00,290.25391442712106,0.7504833435149648,50.267261164300194,27.42387611118217
2026-10-04 15:00:00,289.2560869190937,0.553835603390998,64.83787965732216,24.99146920209108
2026-10-04 16:00:00,290.90083270676485,0.3194363128511407,38.79160505572398,24.30286762365916
2026-10-04 17:00:00,289.90241141931773,0.0632630229594355,71.66260106107447,25.519078915763252
2026-10-04 18:00:00,290.3273506150611,0.0,38.246813511797214,23.091263336745865
2026-10-04 19:00:00,289.2933955655183,0.0,51.14804351827486,22.079817669981146
2026-10-04 20:00:00,290.5713815548684,0.0,55.39075009475396,20.587156938089425
2026-10-04 21:00:00,290.9090454812111,0.0,68.15379182108046,19.18350263396871
2026-10-04 22:00:00,291.8878926286384,0.0,479.53163516585903,17.007669651655984
2026-10-04 23:00:00,294.732030410821,0.0,508.9544931453042,14.806152450225378
2026-10-05 00:00:00,295.1793273514856,0.0,505.5110406768691,14.840565616352425
2026-10-05 01:00:00,297.60525071158696,0.0,561.9782948048792,14.508308461567333
2026-10-05 02:00:00,299.34965279550374,0.0,460.0896578982038,13.143999236010501
2026-10-05 03:00:00,298.604710502543,0.0,537.9632706582148,12.028583814011336
2026-10-05 04:00:00,301.1888530669036,0.0,494.1356844609273,14.808547381214181
2026-10-05 05:00:00,302.7003550775763,0.0,472.0128775166768,14.30479673576358
2026-10-05 06:00:00,301.07707841230524,0.1975741290636569,56.44534830434454,17.695150191288487
2026-10-05 07:00:00,301.0494047399559,0.4445859178556694,41.88821433421973,17.83417803262123
2026-10-05 08:00:00,300.6810787058947,0.6612930321389288,28.56321638280804,21.150358151296675
2026-10-05 09:00:00,299.2639795539953,0.8329238871683295,36.015417223439904,20.87720843625815
2026-10-05 10:00:00,296.7771122921605,0.9477794682238116,42.730655584951776,23.67951346872329
2026-10-05 11:00:00,294.0668402217336,0.998030780144706,54.45750698810024,23.551724480398043
2026-10-05 12:00:00,293.2965739372541,0.9802525015470508,50.82537904793274,25.689983311525687
2026-10-05 13:00:00,291.86947204321064,0.8956564678143389,52.4972827102694,26.537150833691214
2026-10-05 14:00:00,290.2932616941798,0.7500090677682552,51.403765700846414,26.05227897176266
2026-10-05 15:00:00,290.29199691631595,0.5532381845784851,47.08707786208767,27.987260069476324
2026-10-05 16:00:00,288.97380402957043,0.3187564733214154,44.091523867378825,26.224196760695964
2026-10-05 17:00:00,288.4767632557874,0.062547103171876,43.64205957654293,24.33215303802451
2026-10-05 18:00:00,290.0665862253468,0.0,47.31039452083891,23.96509602375828
2026-10-05 19:00:00,290.1602113188345,0.0,40.54034404111645,21.66397414725277
2026-10-05 20:00:00,290.3737265737859,0.0,58.58128669582618,21.342227233324426
2026-10-05 21:00:00,292.1557999622717,0.0,40.57720115258739,18.103844412159212
2026-10-05 22:00:00,293.4454558823109,0.0,476.0414981884272,18.024779727063734
2026-10-05 23:00:00,295.22616082910474,0.0,389.94698416699066,14.828807567493657
2026-10-06 00:00:00,296.84183837762583,0.0,566.9844954931602,14.054022064946258
2026-10-06 01:00:00,299.5200828011196,0.0,460.98431141211904,13.858839974718165
2026-10-06 02:00:00,298.69890234080333,0.0,564.8743491700966,12.369480572570525
2026-10-06 03:00:00,300.534389209688,0.0,427.09276017585535,11.626417496691447
2026-10-06 04:00:00,300.9075094942759,0.0,482.9439524142809,13.942976542592122
2026-10-06 05:00:00,300.6814731691098,0.0,663.9231482536542,14.9347917139327
2026-10-06 06:00:00,302.4476293432638,0.1982772784024294,56.45856289265186,16.50768866979167
2026-10-06 07:00:00,301.78103210257143,0.4452283512623657,47.93652978696319,16.48686397861933
2026-10-06 08:00:00,297.7515937938855,0.6618309588981873,52.18153924535682,21.48021142509319
2026-10-06 09:00:00,299.8629438076152,0.8333206401373234,40.02744261560096,21.061750282632723
2026-10-06 10:00:00,297.0109459087976,0.9480080032045516,64.55636177126122,23.67602775431314
2026-10-06 11:00:00,295.62326519446054,0.9980755193198856,52.21126724406184,24.226450905119062
2026-10-06 12:00:00,293.2474899897701,0.9801103953235836,48.84736829197868,27.35153297762435
2026-10-06 13:00:00,293.02491350504755,0.8953372026952715,53.279855237431086,26.84480132308331
2026-10-06 14:00:00,289.7842925479304,0.749534406083717,52.99261142116536,26.077921184887238
2026-10-06 15:00:00,290.03893836059063,0.5526404810821335,53.83735402583952,26.50182712093932
2026-10-06 16:00:00,287.95129013909064,0.3180764697668289,40.53623078271469,26.61214782198216
2026-10-06 17:00:00,289.14024336471215,0.0618311511989939,37.15988985201401,25.161313661952903
2026-10-06 18:00:00,290.22863479093786,0.0,38.14257936986459,23.734859249290732
2026-10-06 19:00:00,288.57071375582285,0.0,45.039110424137846,21.996659997334266
2026-10-06 20:00:00,291.35591203289425,0.0,41.73875000485113,20.254750933771767
2026-10-06 21:00:00,291.9248281820498,0.0,60.56635851749958,20.000169081612476
2026-10-06 22:00:00,294.5406951602837,0.0,479.16695756535154,16.933756861938118
2026-10-06 23:00:00,293.1507958355345,0.0,496.3230409572339,15.744912090439364
2026-10-07 00:00:00,294.97984267299336,0.0,494.9038376938458,14.15346640214178
2026-10-07 01:00:00,298.6787356889095,0.0,457.40172356234257,12.821271279776747
2026-10-07 02:00:00,299.0337104866392,0.0,483.91198453475033,12.69396662361213
2026-10-07 03:00:00,299.31171501172963,0.0,510.73736151629134,13.459820793900057
2026-10-07 04:00:00,301.87586558257703,0.0,426.5389117448048,14.351626949882395
2026-10-07 05:00:00,301.9590684006332,0.0,589.9148550377985,15.237019411565836
2026-10-07 06:00:00,300.9448108022059,0.1989803257124285,59.77123184252993,18.32695676803965
2026-10-07 07:00:00,300.306641137272,0.4458705555646373,37.05835950835919,19.568462524211547
2026-10-07 08:00:00,299.9554702585764,0.6623685450942254,54.211286961552176,19.159001877214592
2026-10-07 09:00:00,301.2815575980509,0.8337169642983913,59.271274166049736,22.34134015695362
2026-10-07 10:00:00,297.5444429342916,0.948236050361846,55.379776043157214,22.442113723545173
2026-10-07 11:00:00,295.3318953665633,0.9981197449080104,58.29705200515202,24.925792805873083
2026-10-07 12:00:00,293.91597855154805,0.979967784757507,40.40726338685427,25.91218471415503
2026-10-07 13:00:00,292.12565781935945,0.8950174768559597,59.25017492613309,25.972873657573658
2026-10-07 14:00:00,291.5483637240585,0.7490593587057512,31.87024312229001,26.159332854670694
2026-10-07 15:00:00,289.61163201265066,0.5520424932095083,56.330409090877765,26.53348685934081
2026-10-07 16:00:00,288.68772663244505,0.3173963025372958,58.36826911049965,25.815143097961112
2026-10-07 17:00:00,290.1892915504151,0.0611151674092019,61.64765516724502,23.888930681220902
2026-10-07 18:00:00,290.4344672127222,0.0,56.28164475817181,23.894943907102164
2026-10-07 19:00:00,288.66100299805373,0.0,40.52399777727409,20.83806350871869
2026-10-07 20:00:00,291.049305221716,0.0,71.16417779085747,19.604160724820176
2026-10-07 21:00:00,293.2728854371112,0.0,48.84150649178248,18.987925412381
2026-10-07 22:00:00,293.88513326200007,0.0,550.2532073690918,16.88476734013217
2026-10-07 23:00:00,294.2607943279104,0.0,456.1283049798017,13.640115988846798
2026-10-08 00:00:00,295.1223314129041,0.0,434.83620435957545,14.109549071582626
2026-10-08 01:00:00,297.7152496129576,0.0,522.4402756988549,12.545544615776492
2026-10-08 02:00:00,300.764006344354,0.0,459.90014823599216,14.062780485708672
2026-10-08 03:00:00,301.16925333489854,0.0,584.4320789676169,13.201745259183268
2026-10-08 04:00:00,301.00822211386287,0.0,581.593952324546,13.493194247978492
2026-10-08 05:00:00,300.8747559267641,0.0,504.1602561198362,15.533583100608263
2026-10-08 06:00:00,300.9533791929615,0.1996832706316591,44.29991239299941,14.488428241672178
2026-10-08 07:00:00,302.95273081438705,0.4465125304320202,47.4013398690803,18.89702060803868
2026-10-08 08:00:00,299.84821312553464,0.6629057904504134,46.71393842156255,19.101876989165657
2026-10-08 09:00:00,299.30871179131265,0.8341128594475936,47.95154706204056,23.406034411736904
2026-10-08 10:00:00,296.47861250222434,0.9484636095783474,43.4603006048314,23.520214768907675
2026-10-08 11:00:00,296.80107499292103,0.9981634568863222,44.18176811166561,25.853256651365776
2026-10-08 12:00:00,294.5833794837734,0.9798246699222056,46.6322830883088,26.526364984638967
2026-10-08 13:00:00,291.9536125461082,0.894697290460927,57.95460716199352,25.494513539535756
2026-10-08 14:00:00,290.61069096281886,0.7485839258788062,37.80123371672326,27.037104665442033
2026-10-08 15:00:00,290.19895689118084,0.5514442212683202,54.00711584789286,27.066467557817013
2026-10-08 16:00:00,289.77639165054984,0.3167159719828147,46.27853248610655,25.828562568884326
2026-10-08 17:00:00,286.9692194645642,0.060399152170929,53.553244423474034,24.708684100324586
2026-10-08 18:00:00,291.8362151394211,0.0,42.89071291705749,23.268749686658328
2026-10-08 19:00:00,291.2652556261484,0.0,53.77599094401231,21.892090664005835
2026-10-08 20:00:00,291.1649664641753,0.0,43.93158932320134,21.135979037622374
2026-10-08 21:00:00,292.9248130924555,0.0,47.40888251007647,19.10964231956449
2026-10-08 22:00:00,293.0859902510019,0.0,409.7589776418369,17.17906503235098
2026-10-08 23:00:00,295.3699108466329,0.0,467.4986085803506,13.988148005865906
2026-10-09 00:00:00,296.428559865955,0.0,535.7581277784744,13.790967493237059
2026-10-09 01:00:00,298.4136101646551,0.0,497.3524812070644,12.434277632265873
2026-10-09 02:00:00,299.5464323485322,0.0,607.1594907678373,13.870942717569529
2026-10-09 03:00:00,301.6524426671166,0.0,451.1376125640309,13.737384200486819
2026-10-09 04:00:00,301.17628508277573,0.0,557.5284481677764,15.357628732952914
2026-10-09 05:00:00,302.1162560995536,0.0,469.16562279119046,14.77805489262985
2026-10-09 06:00:00,299.1521662920306,0.2003861127984015,40.821925093758665,15.279921882866578
2026-10-09 07:00:00,299.1605456477759,0.4471542755341689,47.92744501777986,18.837306503818414
2026-10-09 08:00:00,299.8934978889364,0.6634426946902969,64.73955815665076,20.5716206976849
2026-10-09 09:00:00,298.70481559795667,0.8345083253812118,49.32256024069749,21.83880813987009
2026-10-09 10:00:00,298.0731739636991,0.9486906807369588,53.833140041572,25.322938026166394
2026-10-09 11:00:00,296.94016192625963,0.9982066552323284,65.54700415597216,24.788232594270287
2026-10-09 12:00:00,295.527879229932,0.9796810508913228,70.03000009925155,25.482630528414568
2026-10-09 13:00:00,291.88137113255374,0.8943766436749343,46.3975060579843,26.241090388071637
2026-10-09 14:00:00,290.5277235232081,0.7481081078475288,52.99603294883137,27.186005933879944
2026-10-09 15:00:00,289.3678034693867,0.5508456655664263,46.30245566760475,26.70520819516462
2026-10-09 16:00:00,288.8494998863573,0.3160354784534683,53.00609428756024,24.072544046346408
2026-10-09 17:00:00,288.66310529384896,0.0596831058526206,36.51897460426518,24.79654200984517
2026-10-09 18:00:00,291.202377460094,0.0,37.38356289688915,22.80690845117663
2026-10-09 19:00:00,288.83077599333205,0.0,50.96649369373044,20.12212731001749
2026-10-09 20:00:00,289.59641556664604,0.0,58.0486954015168,20.61175677864628
2026-10-09 21:00:00,290.2594238120141,0.0,36.38713203212211,18.045602226097657
2026-10-09 22:00:00,293.0612041314386,0.0,475.028526530888,15.64198814470629
2026-10-09 23:00:00,292.5550627522188,0.0,528.0041757544969,17.528291127642742
2026-10-10 00:00:00,295.91133777534367,0.0,436.0692679939205,14.421708441852331
2026-10-10 01:00:00,298.1557560007305,0.0,443.1731825613025,13.193491771088938
2026-10-10 02:00:00,298.39323692150737,0.0,497.09599430167873,12.788219116801022
2026-10-10 03:00:00,300.20603576873674,0.0,592.8914389918034,12.238937737173911
2026-10-10 04:00:00,300.2474832573153,0.0,453.24270979318567,14.625184664650725
2026-10-10 05:00:00,302.5613515018853,0.0,413.88478113119663,14.431604593601834
2026-10-10 06:00:00,300.1817095943038,0.2010888518509893,36.55874224781534,16.12477697644468
2026-10-10 07:00:00,303.06170532842845,0.4477957905408558,62.44523746501199,19.29150265639235
2026-10-10 08:00:00,300.4050771267629,0.6639792575375973,51.14867087371034,19.595340266828362
2026-10-10 09:00:00,297.7099095928391,0.834903361895748,53.6310808869028,22.27300612278969
2026-10-10 10:00:00,296.4583620945994,0.9489172637208342,47.50085085847062,23.406183419258035
2026-10-10 11:00:00,296.1863176556405,0.9982493399238004,65.51298419265896,26.562208102377834
2026-10-10 12:00:00,293.3869807834662,0.9795369277387618,54.44625552190232,25.855334730472528
2026-10-10 13:00:00,293.4526600190918,0.8940555366629791,49.74465012537769,27.788694355611586
2026-10-10 14:00:00,291.37604206208886,0.7476319048567645,54.550416485216815,26.809070461964343
2026-10-10 15:00:00,290.931458042096,0.5502468264118302,60.36264713044175,26.553986834903323
2026-10-10 16:00:00,291.12539850336225,0.315354822299423,54.57144857055761,25.78529179060694
2026-10-10 17:00:00,288.133538990797,0.0589670288227377,43.75279868281584,25.053350039485807
2026-10-10 18:00:00,288.60352576023337,0.0,62.36281610881437,24.204063689496756
2026-10-10 19:00:00,289.0231445809708,0.0,44.73243221156076,21.227237311587274
2026-10-10 20:00:00,292.19150247673576,0.0,47.7105863512745,21.784596896578268
2026-10-10 21:00:00,291.22879957413863,0.0,40.41112629758999,16.83841086306147
2026-10-10 22:00:00,294.71549748574444,0.0,569.090390084758,16.597199230521962
2026-10-10 23:00:00,294.8576294391677,0.0,434.6596973484896,14.30830217056387
2026-10-11 00:00:00,296.2334240619728,0.0,469.6860859981147,15.475811348948941
2026-10-11 01:00:00,297.50772058712346,0.0,467.9207858763095,13.992981317111726
2026-10-11 02:00:00,298.5474535797674,0.0,468.2298734437095,9.550693026254732
2026-10-11 03:00:00,299.3883612815833,0.0,485.2990294056157,13.20792235186157
2026-10-11 04:00:00,301.66366940641467,0.0,562.9576232148356,15.274695959636528
2026-10-11 05:00:00,301.4197566567289,0.0,502.2617909833796,14.885656704628188
2026-10-11 06:00:00,300.3499713507792,0.2017914874278086,52.38940489323702,17.75857949354317
2026-10-11 07:00:00,299.43666417148347,0.4484370751217685,43.93581987018785,17.769422054588386
2026-10-11 08:00:00,298.7986586757203,0.6645154787162114,47.4082956939308,18.639292770210098
2026-10-11 09:00:00,299.9591785156365,0.8352979687879253,63.28112342685656,23.742010373675456
2026-10-11 10:00:00,296.0361586411224,0.9491433584133796,41.14822878619505,23.742214408214124
2026-10-11 11:00:00,294.70754179170024,0.9982915109387596,40.84912254247829,25.797365800947293
2026-10-11 12:00:00,294.35145567549546,0.9793923005386852,37.36517584913648,25.259028848767624
2026-10-11 13:00:00,292.81174167520066,0.8937339695902958,40.25129221818183,26.712607493777213
2026-10-11 14:00:00,289.2550127266176,0.7471553171515563,41.73909026759809,26.906628752778467
2026-10-11 15:00:00,290.2230838630019,0.5496477041128707,59.03096381209107,24.925082589335815
2026-10-11 16:00:00,290.6152067272092,0.3146740038709293,62.06022489431872,25.590637553748035
2026-10-11 17:00:00,288.9849410881413,0.0582509214497574,63.11266361577061,24.663027467639537
2026-10-11 18:00:00,290.7935845989289,0.0,44.68430393849489,23.562853416385867
2026-10-11 19:00:00,289.9587821109764,0.0,68.11208710023891,22.661022260365524
2026-10-11 20:00:00,289.4579458085281,0.0,50.36239835516687,20.68822286887685
2026-10-11 21:00:00,290.93523431510613,0.0,63.87891813318346,19.587228003588383
2026-10-11 22:00:00,295.0484727931007,0.0,494.81274735703903,17.927656481309963
2026-10-11 23:00:00,295.7342845170996,0.0,484.0242948522677,16.2076622491989
2026-10-12 00:00:00,296.13417379109404,0.0,566.3756484197972,14.20832023766005
2026-10-12 01:00:00,298.3100627006287,0.0,556.9457097000599,11.265796520083182
2026-10-12 02:00:00,299.6755069874329,0.0,577.7104877965033,13.191916699410827
2026-10-12 03:00:00,297.9061982446649,0.0,433.34711208486215,12.51800381446473
2026-10-12 04:00:00,302.46924083646667,0.0,446.0871135309928,14.341240527762594
2026-10-12 05:00:00,301.01280361066387,0.0,462.03566250200686,15.753032896206895
2026-10-12 06:00:00,301.5852248403306,0.2024940191672993,41.14108949374357,16.77765978693992
2026-10-12 07:00:00,299.77133198702955,0.4490781289473232,54.70447009149269,18.900010445333542
2026-10-12 08:00:00,299.9601312603943,0.665051357950212,44.14944902681198,18.614362859512052
2026-10-12 09:00:00,298.1172096621493,0.8356921458546881,68.77116854896265,22.135503662369214
2026-10-12 10:00:00,297.2534430565749,0.9493689646982516,46.58058765508758,23.159425539742443
2026-10-12 11:00:00,295.2552950590314,0.9983331682555328,48.4554995376378,27.147755419053045
2026-10-12 12:00:00,291.94866358785146,0.9792471693655146,47.65990044559445,27.10438390316277
2026-10-12 13:00:00,293.0232450489541,0.8934119426223556,43.25898406032276,26.904351517182725
2026-10-12 14:00:00,292.6029043513912,0.7466783449771455,44.65475242605495,27.161135876197942
2026-10-12 15:00:00,290.50780406287305,0.5490482989774627,40.53322766555944,25.691818402328842
2026-10-12 16:00:00,289.112186935192,0.3139930235183208,53.83495238890691,25.55121536773725
2026-10-12 17:00:00,290.48416532805953,0.0575347841021724,54.9245193766898,24.81914164180359
2026-10-12 18:00:00,288.2010848422322,0.0,73.84275105606707,24.90433344070706
2026-10-12 19:00:00,289.1026644398027,0.0,46.89958598719954,20.586074914102475
2026-10-12 20:00:00,290.2139690441875,0.0,41.827602219863685,18.97319825410765
2026-10-12 21:00:00,291.81209315560886,0.0,47.790831183941854,17.47742171651263
2026-10-12 22:00:00,293.5982144936473,0.0,544.0270776530423,17.016713429448572
2026-10-12 23:00:00,295.5017258109064,0.0,521.3829368646506,15.115197329609927
2026-10-13 00:00:00,297.3212382493445,0.0,507.7785747790588,14.851017120232388
2026-10-13 01:00:00,298.4220125173462,0.0,444.0308957769603,13.50940289815133
2026-10-13 02:00:00,298.80323643307645,0.0,523.649186569652,13.930542204204244
2026-10-13 03:00:00,301.3768622789852,0.0,447.7990707533159,14.976089450788615
2026-10-13 04:00:00,300.690599616958,0.0,479.7559317958553,12.14971275445948
2026-10-13 05:00:00,301.44718532244804,0.0,454.0195487801933,14.999494204346957
2026-10-13 06:00:00,300.59065139940986,0.2031964467079544,46.64378091799991,15.626302635998801
2026-10-13 07:00:00,300.33697099635083,0.4497189516874446,51.56724115819895,17.924135204703184
2026-10-13 08:00:00,297.7278707098278,0.6655868949638476,55.75934784568427,21.028033666993856
2026-10-13 09:00:00,297.134734100034,0.8360858928932017,56.41691275595906,21.449841842843487
2026-10-13 10:00:00,297.1088621633188,0.9495940824593582,54.53127487791709,22.88217157229434
2026-10-13 11:00:00,296.13724304514,0.9983743118526706,35.779154173365214,25.181857459029434
2026-10-13 12:00:00,294.9477825383776,0.9791015342939312,56.977211821294254,25.671977016994752
2026-10-13 13:00:00,293.17449426603264,0.8930894559248661,51.36205765435424,26.36837267494417
2026-10-13 14:00:00,292.37905155317947,0.7462009885789713,40.18027898917598,25.821477843551836
2026-10-13 15:00:00,290.1403640099346,0.5484486113142364,26.10327935777487,25.56250832155039
2026-10-13 16:00:00,291.5640190008492,0.3133118815920145,43.75959397272002,25.260708583211578
2026-10-13 17:00:00,289.8196276033193,0.0568186171484908,59.94037595197357,25.878187064330355
2026-10-13 18:00:00,288.95219872236737,0.0,48.39913440820242,22.5684896925473
2026-10-13 19:00:00,289.3656556092244,0.0,71.96221459050561,21.6278489778571
2026-10-13 20:00:00,291.5219423843281,0.0,54.94950162037139,21.07914600137695
2026-10-13 21:00:00,291.9012325118474,0.0,48.03916876254104,18.640943283956464
2026-10-13 22:00:00,293.6172009293582,0.0,539.6195234874986,14.729700048876941
2026-10-13 23:00:00,295.3392776418208,0.0,492.88822426341176,15.223181809838922
2026-10-14 00:00:00,296.80132124478047,0.0,508.69780654574976,14.409762695743513
2026-10-14 01:00:00,297.35268112413587,0.0,531.6368440286928,14.297789681784213
2026-10-14 02:00:00,299.32451069848474,0.0,390.9078238264421,13.01589319860842
2026-10-14 03:00:00,300.5067637107516,0.0,503.4323846557648,13.377987024098369
2026-10-14 04:00:00,300.8255943320653,0.0,525.9646068684639,11.749073233734654
2026-10-14 05:00:00,301.5954335596491,0.0,542.8055779533755,16.60820627817066
2026-10-14 06:00:00,301.44328647723114,0.2038987696883205,53.69274468110821,17.54462250880423
2026-10-14 07:00:00,300.6486898626647,0.45035954301238,44.4477476120332,17.441854517829047
2026-10-14 08:00:00,299.051030363726,0.6661220894815432,54.80954022771751,20.515894423625998
2026-10-14 09:00:00,299.1635008228008,0.8364792097008529,55.017836654181885,22.984736236885656
2026-10-14 10:00:00,297.0270446702267,0.949818711580859,53.57453495728642,21.823534202798758
2026-10-14 11:00:00,294.9314828767536,0.9984149417090016,47.781289307245736,25.180317326007692
2026-10-14 12:00:00,293.39036929016527,0.9789553953988758,55.96944591924261,26.993023472944575
2026-10-14 13:00:00,292.3662892650906,0.8927665096637718,57.55282940685221,27.839572521941204
2026-10-14 14:00:00,292.2228742873217,0.7457232482026704,52.027596843851,26.31408692613886
2026-10-14 15:00:00,290.3459924296401,0.5478486414317775,66.44370352467239,27.99902997168989
2026-10-14 16:00:00,289.2178964038848,0.3126305784425108,52.05887803907741,26.85259533217789
2026-10-14 17:00:00,289.02118563614044,0.0561024209572357,39.77884061847073,25.603672966625293
2026-10-14 18:00:00,289.4404288346309,0.0,69.8082605090167,22.98941932789687
2026-10-14 19:00:00,290.6081445534896,0.0,48.63391109420342,21.01105383815777
2026-10-14 20:00:00,291.1951561220872,0.0,44.424076359156814,22.498860006809796
2026-10-14 21:00:00,291.1229001255073,0.0,73.10041576386747,19.11280939873959
2026-10-14 22:00:00,292.373415674389,0.0,404.6141451184088,15.86662393387957
2026-10-14 23:00:00,296.22843901693125,0.0,594.6603386367526,14.26099541869276
2026-10-15 00:00:00,296.077220230006,0.0,581.2165580995049,13.846874816687492
2026-10-15 01:00:00,297.89641201184776,0.0,502.4120767036161,13.298910430007503
2026-10-15 02:00:00,299.15750830220406,0.0,475.3905111560024,13.865219073101795
2026-10-15 03:00:00,300.7092600676256,0.0,554.624350670851,13.885553925387589
2026-10-15 04:00:00,301.68466981907795,0.0,527.525068151645,12.426147589992965
2026-10-15 05:00:00,300.0308443440615,0.0,467.1713912497493,14.30266264577373
2026-10-15 06:00:00,300.2153965142791,0.2046009877469982,56.01649862046708,17.382810856725495
2026-10-15 07:00:00,298.94988522431487,0.4509999025924956,39.05933930837341,19.13038487695966
2026-10-15 08:00:00,298.7100485625221,0.6666569412278998,41.14234483488608,18.6196167120152
2026-10-15 09:00:00,298.42039855316034,0.8368720960752496,47.361558473083846,22.839396145529587
2026-10-15 10:00:00,297.25394143707666,0.950042851947165,67.60521078976767,22.694880233100765
2026-10-15 11:00:00,293.55054366246503,0.9984550578036184,60.68243625229282,25.510442011194304
2026-10-15 12:00:00,295.0290541713854,0.978808752755548,54.919831444751,25.134086754958954
2026-10-15 13:00:00,292.67599063381715,0.8924431040052535,82.99478515511124,28.210429472411356
2026-10-15 14:00:00,291.0411948707922,0.7452451240940772,53.5114055672326,27.815326322872234
2026-10-15 15:00:00,289.1224582924228,0.5472483896388168,46.71039935558666,25.829652147001873
2026-10-15 16:00:00,290.06952892590937,0.3119491144203928,39.29858136577212,26.343195682720882
2026-10-15 17:00:00,288.76443196571506,0.0553861958969455,56.94335476326831,22.159554633127218
2026-10-15 18:00:00,289.2466447752596,0.0,44.91051129323307,21.475937156573316
2026-10-15 19:00:00,289.42865346649825,0.0,65.25689578578266,22.163614733687368
2026-10-15 20:00:00,290.1720725116372,0.0,37.00553675841064,19.27621299257114
2026-10-15 21:00:00,291.6563036072621,0.0,55.18471469843191,17.67615795294823
2026-10-15 22:00:00,292.67975256737424,0.0,494.166172018473,16.47508747832471
2026-10-15 23:00:00,294.9718444171004,0.0,470.2643529282595,14.127862812609536
2026-10-16 00:00:00,296.86798567973204,0.0,418.4425285358688,13.733156885311997
2026-10-16 01:00:00,298.5605836029726,0.0,428.5640816108534,13.613371781863998
2026-10-16 02:00:00,298.5655601450736,0.0,511.8830675509845,11.384772339527407
2026-10-16 03:00:00,298.83951390643523,0.0,468.9044802922381,12.475160911617143
2026-10-16 04:00:00,300.3488219153443,0.0,462.41657017898575,15.149118342030524
2026-10-16 05:00:00,300.1852756476099,0.0,426.8502676527284,17.452723016756675
2026-10-16 06:00:00,300.4775343982388,0.2053031005226421,39.75953022670615,15.407182237168744
2026-10-16 07:00:00,299.6995715118207,0.4516400300982768,60.33666983907107,19.17469941737113
2026-10-16 08:00:00,298.2262987711697,0.6671914499275252,59.86697751205503,20.5437341337703
2026-10-16 09:00:00,298.89154424882616,0.8372645518142214,55.730702123542976,22.496090306740065
2026-10-16 10:00:00,296.1308056886363,0.9502665034429386,55.630037707861455,23.747446277080176
2026-10-16 11:00:00,295.03260033370725,0.9984946601158784,44.82760316678903,23.230112599044777
2026-10-16 12:00:00,293.43569822180024,0.9786616064394535,49.67403119200219,25.216280831495084
2026-10-16 13:00:00,293.2137967551528,0.8921192391157283,52.22852570604928,25.55758943209786
2026-10-16 14:00:00,291.6523470207378,0.7447666164992235,63.42990017690839,25.509240609129296
2026-10-16 15:00:00,289.8002678950239,0.5466478562442307,69.37255780787396,26.92379388432477
2026-10-16 16:00:00,290.20820379831366,0.3112674898765424,58.67026542697843,26.982889286329474
2026-10-16 17:00:00,289.5719353021259,0.0546699423361735,55.30699023922733,24.33385215584117
2026-10-16 18:00:00,289.1215311535255,0.0,51.59444191297565,24.295001906355264
2026-10-16 19:00:00,291.6520372927253,0.0,38.58004707386158,22.660452217233143
2026-10-16 20:00:00,288.7905182290992,0.0,63.25912807998608,18.122063989690215
2026-10-16 21:00:00,292.57674598114824,0.0,52.220332079982775,17.36649164831751
2026-10-16 22:00:00,294.42518198755886,0.0,460.3684805232734,17.228798039471503
2026-10-16 23:00:00,296.0213848506345,0.0,525.3876294947158,15.800469267772737
2026-10-17 00:00:00,295.0328615023085,0.0,525.0404887723676,14.851035534518074
2026-10-17 01:00:00,297.59993813362365,0.0,544.6496378173503,13.64945601933327
2026-10-17 02:00:00,298.0050846477745,0.0,510.7940128814078,13.765714776817475
2026-10-17 03:00:00,299.0130438741517,0.0,493.2954052757954,13.233513684471092
2026-10-17 04:00:00,300.1672261447956,0.0,475.76695542507616,13.470156421422077
2026-10-17 05:00:00,300.90436386357834,0.0,501.5005993018431,14.317530008572254
2026-10-17 06:00:00,299.90985377725326,0.2060051076539606,32.84190293001885,17.923118450179512
2026-10-17 07:00:00,299.6434669916221,0.4522799252003285,53.45234620521073,18.407480543541215
2026-10-17 08:00:00,299.71613597138906,0.6677256153057125,53.55331481863215,19.908065815656176
2026-10-17 09:00:00,298.2950262181219,0.8376565767158197,43.58683212292304,22.080970801073732
2026-10-17 10:00:00,296.347106209349,0.950489665953094,67.23723741231564,24.031436525496225
2026-10-17 11:00:00,296.0716244036835,0.9985337486254028,41.21689266153891,25.83609394669386
2026-10-17 12:00:00,294.65117961739725,0.9785139565262174,42.08517522018935,26.78998652978647
2026-10-17 13:00:00,292.4835536130347,0.89179491516185,45.39964194344387,26.58834002633441
2026-10-17 14:00:00,291.72839958052623,0.7442877256643385,37.42637316890672,25.676188819011053
2026-10-17 15:00:00,288.092400672577,0.5460470415570396,53.65724788007861,28.082473227600204
2026-10-17 16:00:00,290.03712560566714,0.3105857051612761,51.977744074812286,26.2321641988919
2026-10-17 17:00:00,288.24378268997464,0.0539536606434875,36.629712694629575,26.499685004896648
2026-10-17 18:00:00,290.989440274257,0.0,57.36550858242675,23.150840768327715
2026-10-17 19:00:00,289.884603331465,0.0,46.04400539554808,23.13137810595918
2026-10-17 20:00:00,290.7786506134825,0.0,38.45297489924693,18.94904177634186
2026-10-17 21:00:00,291.61729605476546,0.0,65.52376296685185,17.37520291958499
2026-10-17 22:00:00,294.0101407598862,0.0,453.6393342154878,17.561742056955097
2026-10-17 23:00:00,294.6877233694104,0.0,532.3091065932373,13.063184750586716
2026-10-18 00:00:00,296.4812636087393,0.0,402.4981648063242,14.361387368918578
2026-10-18 01:00:00,297.4778123336907,0.0,504.4431127182032,14.27898565812805
2026-10-18 02:00:00,298.626472125738,0.0,427.7820158295365,14.016961641940267
2026-10-18 03:00:00,300.3431459694869,0.0,463.2295855993409,13.32272669748611
2026-10-18 04:00:00,301.9795195840096,0.0,501.1045898019069,13.015114149694234
2026-10-18 05:00:00,298.901344735934,0.0,494.17573814319786,15.566657183262372
2026-10-18 06:00:00,300.4381470221719,0.206707008779717,65.95099771307717,17.329956413717415
2026-10-18 07:00:00,301.51302661085026,0.4529195875693752,41.35915085737408,18.150205775279854
2026-10-18 08:00:00,300.9365731724387,0.6682594370874226,65.34617667606791,21.040567829160583
2026-10-18 09:00:00,298.4674332747925,0.8380481705783172,43.0513534115948,21.140682940108373
2026-10-18 10:00:00,296.59223395169727,0.9507123393627964,30.50791423800133,21.177673285873432
2026-10-18 11:00:00,296.1600360547779,0.9985723233120776,60.49847386956834,23.682994689634697
2026-10-18 12:00:00,293.9154032796916,0.9783658030918632,43.25814672632427,25.633440386305264
2026-10-18 13:00:00,294.2877140074221,0.8914701323105082,52.42736350389286,26.656132484617192
2026-10-18 14:00:00,290.66461956964275,0.7438084518358486,49.73885359983076,27.207407725862264
2026-10-18 15:00:00,290.56888042260766,0.5454459458864094,49.140166534462246,26.823565198198217
2026-10-18 16:00:00,287.6370043622137,0.309903760625641,39.78848129935731,25.062321285333446
2026-10-18 17:00:00,288.8364524343921,0.0532373511874698,35.62659593191165,25.1190472071608
2026-10-18 18:00:00,286.7442248334684,0.0,62.45796877395202,23.50183014672532
2026-10-18 19:00:00,290.7991398855619,0.0,49.26567115615923,21.123848807621112
2026-10-18 20:00:00,291.79523247214155,0.0,44.8628221996545,20.14509203621729
2026-10-18 21:00:00,293.9283453521276,0.0,41.10092433723399,18.228016541255396
2026-10-18 22:00:00,293.514337507651,0.0,517.621226426416,17.541793474078315
2026-10-18 23:00:00,294.0219746727312,0.0,482.0166916454487,16.224737502561613
2026-10-19 00:00:00,298.6690629377628,0.0,510.4334430345441,12.261680073806083
2026-10-19 01:00:00,297.4978736660561,0.0,454.7442142633065,12.927782539210881
2026-10-19 02:00:00,298.2764169497989,0.0,493.9886859817378,13.624892098054218
2026-10-19 03:00:00,300.38361734486915,0.0,505.3280405103045,14.517941692818363
2026-10-19 04:00:00,301.652010284449,0.0,527.1280720689861,13.411745272742161
2026-10-19 05:00:00,299.5770289314835,0.0,502.6743579177053,14.505065100556346
2026-10-19 06:00:00,300.64173935139,0.2074088035387287,32.49962020286709,17.039120843670478
2026-10-19 07:00:00,301.422901174636,0.4535590168762611,51.06108656757747,18.7036209658895
2026-10-19 08:00:00,301.7763957331119,0.668792914997963,46.83819980944991,18.822912566790208
2026-10-19 09:00:00,299.4834066525135,0.8384393332002085,51.13031403544467,23.612312258998884
2026-10-19 10:00:00,296.31177429655554,0.9509345235574634,57.588695904025215,22.61940011736567
2026-10-19 11:00:00,298.09967041604546,0.9986103841560536,46.61400353627759,24.533478391677775
2026-10-19 12:00:00,294.23551093440886,0.9782171462126276,47.435169904615606,25.29020845980508
2026-10-19 13:00:00,291.1821817756309,0.8911448907288287,46.99339815070127,27.645741581563534
2026-10-19 14:00:00,292.10202894614474,0.7433287952603773,52.38598925617647,24.797329043343638
2026-10-19 15:00:00,290.3323913479431,0.5448445695416502,60.4020542797698,26.597306473277957
2026-10-19 16:00:00,289.14291786424224,0.3092216566205503,46.72083389899327,26.948463796235874
2026-10-19 17:00:00,291.58305181918337,0.0525210143367171,57.30298924346506,26.094773015333093
2026-10-19 18:00:00,289.08643603688625,0.0,52.31061826814344,22.64413420309395
2026-10-19 19:00:00,289.53523671012414,0.0,41.06667383991794,21.553507930912687
2026-10-19 20:00:00,290.31354135493723,0.0,56.98516870549533,21.101330502418282
2026-10-19 21:00:00,291.8264859989049,0.0,40.92363460401549,18.999488507785642
2026-10-19 22:00:00,293.03669277446966,0.0,567.426751248282,17.153452669993513
2026-10-19 23:00:00,294.60356546316166,0.0,520.4367377287267,13.341499436360856
2026-10-20 00:00:00,296.40974494764026,0.0,448.7287612249332,14.913978937974994
2026-10-20 01:00:00,297.22765374905777,0.0,518.1757743656933,13.96525662354114
2026-10-20 02:00:00,298.22703421531975,0.0,413.5326995536927,12.879203459672746
2026-10-20 03:00:00,301.4639943294366,0.0,490.1561441250876,13.147727085461677
2026-10-20 04:00:00,301.4035614244772,0.0,523.7937120119185,13.023266538956644
2026-10-20 05:00:00,301.3314384657092,0.0,519.676456640285,13.24699448225616
2026-10-20 06:00:00,301.8989807555952,0.208110491569868,41.14573340741392,15.7043185633184
2026-10-20 07:00:00,301.5409444142247,0.4541982127919504,46.395810366531016,19.270359152070775
2026-10-20 08:00:00,299.3655168300384,0.6693260487628181,40.51305670399893,20.3562577828573
2026-10-20 09:00:00,297.1887713399074,0.8388300643802101,67.10801875906284,19.99768755376948
2026-10-20 10:00:00,295.4499432202843,0.951156218422764,50.37206865025182,22.920444940061422
2026-10-20 11:00:00,294.4076582776684,0.9986479311377452,44.20706544461994,24.379541349713936
2026-10-20 12:00:00,295.2980635024681,0.978067985965006,52.96582517872149,24.146979598938948
2026-10-20 13:00:00,292.3649124468726,0.8908191905841737,44.370696237825726,27.90234142372673
2026-10-20 14:00:00,292.183608862889,0.7428487561847449,43.0731043765742,26.068168958294713
2026-10-20 15:00:00,290.8257500924823,0.5442429128322166,40.0295724817187,27.308903888200543
2026-10-20 16:00:00,289.5967693143612,0.3085393934969991,55.1733208998276,25.750384400427745
2026-10-20 17:00:00,290.70378665866576,0.05180465045984,45.854497942462885,24.28338807257164
2026-10-20 18:00:00,287.7748687080805,0.0,70.98342730583887,23.536500888394432
2026-10-20 19:00:00,288.28911523928633,0.0,51.53861986283286,22.397202678821046
2026-10-20 20:00:00,293.0956846791665,0.0,30.37476023907297,21.6014337079692
2026-10-20 21:00:00,291.6468100159677,0.0,39.39280317101226,17.649408110155807
2026-10-20 22:00:00,293.1735929018721,0.0,504.4140315419797,18.566114024542664
2026-10-20 23:00:00,295.6427728691526,0.0,501.92932820380736,15.71576518364252
2026-10-21 00:00:00,297.32691967705523,0.0,462.95200705323873,13.69088776415284
2026-10-21 01:00:00,298.8007081366875,0.0,516.1465601586915,13.871107359587546
2026-10-21 02:00:00,298.12418778528814,0.0,467.59205174533713,13.242369058697905
2026-10-21 03:00:00,301.29639818492427,0.0,436.3495701446933,12.160585222831598
2026-10-21 04:00:00,301.5937818460102,0.0,484.6379148006144,10.854264982466113
2026-10-21 05:00:00,300.813553648932,0.0,424.45806606234527,14.97778669648918
2026-10-21 06:00:00,302.13655316816823,0.2088120725120623,66.94897685878692,16.497618545189265
2026-10-21 07:00:00,301.62317977211336,0.4548371749875273,44.389241990989845,17.767632772558542
2026-10-21 08:00:00,299.46282465218536,0.6698588381076491,55.53241508248061,20.621395776924924
2026-10-21 09:00:00,298.5519569761093,0.8392203639171373,33.28478229940992,22.716904175874756
2026-10-21 10:00:00,297.6462640205255,0.951377423844619,57.92321169127637,23.147497940094883
2026-10-21 11:00:00,295.16588634612856,0.9986849642378314,53.19743837473577,24.206631966779927
2026-10-21 12:00:00,292.9967576518538,0.9779183224257528,66.4759079927166,26.700000409962165
2026-10-21 13:00:00,290.7577348804499,0.8904930320442443,34.47998178752536,25.25686546009479
2026-10-21 14:00:00,291.59652156067176,0.7423683348559685,35.49906646301728,26.405573609928712
2026-10-21 15:00:00,291.0943622691008,0.5436409760677076,33.372895418868,26.560393020895198
2026-10-21 16:00:00,290.2311420899304,0.3078569716060647,47.347262356546686,27.256859162593933
2026-10-21 17:00:00,289.4611244548218,0.0510882599256903,54.08273472385196,25.362816978220792
2026-10-21 18:00:00,288.9561026445858,0.0,35.37257405907719,22.28565797976212
2026-10-21 19:00:00,291.3997720520836,0.0,51.13711731292568,22.458330346342333
2026-10-21 20:00:00,290.6063619209195,0.0,46.384239244921005,19.73767427727305
2026-10-21 21:00:00,289.6203541020925,0.0,61.159106032828575,17.83616596369089
2026-10-21 22:00:00,294.5221944694755,0.0,422.0145562992926,14.85574779217485
2026-10-21 23:00:00,294.33548319057627,0.0,520.7924413716615,16.3937464134382
2026-10-22 00:00:00,295.74032525029105,0.0,531.2395777593616,14.548264977984731
2026-10-22 01:00:00,298.15661218558387,0.0,513.1205011804191,12.498416190919327
2026-10-22 02:00:00,297.8283143128871,0.0,521.4488597332737,12.074229600490401
2026-10-22 03:00:00,302.2152298387901,0.0,537.4077083115695,14.884894717559396
2026-10-22 04:00:00,301.3851570764403,0.0,483.0040678136166,14.318744604091279
2026-10-22 05:00:00,301.0465521874602,0.0,578.3243463833838,15.592607896056323
2026-10-22 06:00:00,302.01978652282634,0.2095135460042938,39.60101641442456,17.37433709716764
2026-10-22 07:00:00,300.6875630771689,0.4554759031341964,46.371298858577,17.55694543904246
2026-10-22 08:00:00,300.69208750652746,0.670391282758295,57.99620012963087,19.622031377395377
2026-10-22 09:00:00,297.8044993847228,0.8396102316103979,47.89384983960572,22.072421103221252
2026-10-22 10:00:00,298.31412619446303,0.9515981397092012,36.19852582243952,25.105923771392202
2026-10-22 11:00:00,296.87752656671535,0.998721483437256,58.39582672598967,23.429043225672658
2026-10-22 12:00:00,293.63717814132355,0.9777681556718814,44.77722245924798,25.809981148045342
2026-10-22 13:00:00,290.5692467908493,0.8901664152766677,60.04679704243942,27.660139921483946
2026-10-22 14:00:00,290.99207578838394,0.7418875315212624,33.49385643876753,27.551764710556842
2026-10-22 15:00:00,289.20538415746,0.5430387595578662,39.79367408609374,26.836027287924406
2026-10-22 16:00:00,288.29465812096987,0.307174391298906,45.228838017392825,26.313946936392178
2026-10-22 17:00:00,289.3453444122678,0.0503718431024521,46.06121792659022,25.705341197558965
2026-10-22 18:00:00,290.69028342577826,0.0,49.15361048038735,22.905246633313773
2026-10-22 19:00:00,290.8844286599264,0.0,41.94970729620636,22.811015295872934
2026-10-22 20:00:00,291.1325489078612,0.0,65.19646174346624,19.73419738002585
2026-10-22 21:00:00,291.6691023208429,0.0,48.51497485001914,18.029963815898196
2026-10-22 22:00:00,294.68050327355206,0.0,544.7675288737368,16.10362861575703
2026-10-22 23:00:00,294.8943957061268,0.0,441.99234198340514,14.84438405643799
2026-10-23 00:00:00,296.8281601265693,0.0,517.7076238184166,13.631735016272891
2026-10-23 01:00:00,296.39173180618405,0.0,489.8803486987085,14.162176383123127
2026-10-23 02:00:00,300.00757162604606,0.0,474.1422270948008,13.40819603154214
2026-10-23 03:00:00,299.63885937861755,0.0,496.1692070705501,11.749048279924834
2026-10-23 04:00:00,299.88861371491697,0.0,537.052024423293,16.20486518427546
2026-10-23 05:00:00,302.16648448700465,0.0,568.2808657316659,15.219017250612522
2026-10-23 06:00:00,299.963360550955,0.2102149116856002,57.70527013962251,17.02182972167988
2026-10-23 07:00:00,300.42221500189373,0.4561143969032827,43.148014372479096,17.418802259045336
2026-10-23 08:00:00,299.6415810848302,0.6709233824407715,45.24601458225865,18.529031909926676
2026-10-23 09:00:00,299.87038376057217,0.8399996672592512,44.90589846701371,21.423204303719192
2026-10-23 10:00:00,296.6157345023516,0.9518183659029352,61.056632407003605,22.139718450774538
2026-10-23 11:00:00,295.98746886902404,0.9987574887172272,43.95370340957998,24.471729582642855
2026-10-23 12:00:00,292.9928626170085,0.9776174857806644,49.92180524060944,26.549283264682103
2026-10-23 13:00:00,290.8680993071615,0.8898393404496169,59.28114885245489,25.194017237161805
2026-10-23 14:00:00,288.5951027026463,0.7414063464280368,45.524599066936574,27.603169211537402
2026-10-23 15:00:00,289.4876761820373,0.5424362636125795,43.90555148361906,26.580127968545245
2026-10-23 16:00:00,288.5761843374304,0.3064916529267631,42.86226851438174,27.087064703478077
2026-10-23 17:00:00,290.2205914150224,0.0496554003590044,49.50917176017858,25.470146231041703
2026-10-23 18:00:00,288.4743647732238,0.0,59.5778664700382,23.01838537833454
2026-10-23 19:00:00,288.9489772973368,0.0,52.386946359096775,22.44266131021036
2026-10-23 20:00:00,289.4030870436292,0.0,51.10822421678593,20.567928396566273
2026-10-23 21:00:00,293.0953130087411,0.0,46.71663015764488,18.491784433716326
2026-10-23 22:00:00,294.1807426049341,0.0,536.5636748661937,17.14432115387427
2026-10-23 23:00:00,295.0835336393465,0.0,496.1721847180386,15.444508171290181
2026-10-24 00:00:00,295.1641577844608,0.0,535.3678632291808,14.39754442920691
2026-10-24 01:00:00,298.00382799840537,0.0,533.2147611984072,14.136341661049014
2026-10-24 02:00:00,300.3930723670055,0.0,526.4164911280877,13.350895866313488
2026-10-24 03:00:00,300.8098228234154,0.0,533.3279835247481,11.461967991546707
2026-10-24 04:00:00,302.90988172581393,0.0,430.02215468011445,14.334711566524794
2026-10-24 05:00:00,301.73849346512543,0.0,495.38619008776783,14.862306135973371
2026-10-24 06:00:00,301.4852343314838,0.2109161691950745,51.71091393283302,15.942361597621966
2026-10-24 07:00:00,300.0155221638616,0.4567526559662316,53.70006864003346,18.760736173581112
2026-10-24 08:00:00,299.7412655842456,0.6714551368812726,45.75564210079931,19.81720882832677
2026-10-24 09:00:00,297.2847133784827,0.8403886706633024,60.20869757452924,21.98582498750381
2026-10-24 10:00:00,297.43940368735537,0.9520381023124972,46.53455925797656,23.186364726784948
2026-10-24 11:00:00,295.8771579075452,0.9987929800592172,40.17190420243461,25.72559642428968
2026-10-24 12:00:00,294.5249731826816,0.9774663128296328,22.67604462145484,24.862833023203002
2026-10-24 13:00:00,291.43608839211055,0.8895118077313969,38.46518206170664,27.514958827394455
2026-10-24 14:00:00,290.760626791082,0.7409247798238988,34.77931386465208,25.1823036182095
2026-10-24 15:00:00,290.9952786296814,0.541833488541878,59.27660165365852,27.553085177231125
2026-10-24 16:00:00,291.56928377254667,0.305808756840958,60.74998371224319,24.6413853748097
2026-10-24 17:00:00,289.7029998692772,0.0489389320640125,41.36924877457702,23.789832065200095
2026-10-24 18:00:00,289.75308582323675,0.0,38.08396391849674,24.22911975736294
2026-10-24 19:00:00,289.58345354907067,0.0,50.85705600306154,20.356299259329994
2026-10-24 20:00:00,289.3394190197469,0.0,62.83500097428054,20.181431833101044
2026-10-24 21:00:00,290.43659579396933,0.0,51.25255009970054,19.90018495203619
2026-10-24 22:00:00,293.3891032537795,0.0,510.73517015155016,16.487989370336578
2026-10-24 23:00:00,296.1497752282502,0.0,483.2391070895128,14.774974360169706
2026-10-25 00:00:00,296.46560217539815,0.0,546.562658175253,14.658118788692937
2026-10-25 01:00:00,297.85740959789155,0.0,545.2816530034123,13.722354000474642
2026-10-25 02:00:00,299.82876529016266,0.0,544.3470478808755,14.79815416130798
2026-10-25 03:00:00,300.5369540470468,0.0,489.48758094291713,13.113843121082473
2026-10-25 04:00:00,301.419786112696,0.0,521.5484347123926,14.359747351902723
2026-10-25 05:00:00,299.72914400483165,0.0,430.6589760477431,16.87206838502806
2026-10-25 06:00:00,300.4151057676116,0.2116173181718657,56.20017577269231,15.636884801375729
2026-10-25 07:00:00,301.26493349685614,0.4573906799946096,38.61360898545634,17.236288063790003
2026-10-25 08:00:00,298.8186797677857,0.671986545806169,34.992904125417255,19.035926499939638
2026-10-25 09:00:00,298.618777871328,0.8407772416223791,72.23754903848796,21.21936113727394
2026-10-25 10:00:00,296.1050782392488,0.9522573488248166,66.79837050429988,23.51321218984563
2026-10-25 11:00:00,293.614338135372,0.9988279574449632,58.70036557741832,21.662986069009637
2026-10-25 12:00:00,295.6937885208582,0.9773146368965772,44.89489045876446,26.13535931345886
2026-10-25 13:00:00,292.52228813884744,0.8891838172905489,73.81034980632774,26.966094856172397
2026-10-25 14:00:00,291.126510729423,0.7404428319566517,29.310229050431783,28.047034227664795
2026-10-25 15:00:00,290.4894944208865,0.5412304346559362,63.8013551807634,26.207244894332984
2026-10-25 16:00:00,290.7482299620022,0.3051257033928934,58.77670615378618,26.26179981931875
2026-10-25 17:00:00,288.2399290528892,0.0482224385861546,43.65616821421293,23.873747875778026
2026-10-25 18:00:00,289.15932088197144,0.0,57.943301182270346,24.397417600358054
2026-10-25 19:00:00,289.05562676471044,0.0,57.15122650542361,20.577885225469917
2026-10-25 20:00:00,290.3500907573703,0.0,50.05244006529977,21.120712975146215
2026-10-25 21:00:00,291.7257914049691,0.0,52.9588508941978,17.064773275368267
2026-10-25 22:00:00,293.6463871588388,0.0,504.3599118027572,14.565033968662213
2026-10-25 23:00:00,294.03083581487107,0.0,474.3928106531111,17.30040301207695
2026-10-26 00:00:00,295.5031959233133,0.0,558.2875400220178,13.585979372399267
2026-10-26 01:00:00,299.2497143443427,0.0,460.8843784775452,14.154566033356687
2026-10-26 02:00:00,301.43858853253926,0.0,507.1783918355146,13.306406881363586
2026-10-26 03:00:00,300.11790280530056,0.0,524.6987346396289,14.072271118901462
2026-10-26 04:00:00,301.4083936947518,0.0,483.36149552573215,16.07306517711701
2026-10-26 05:00:00,302.2900145472142,0.0,503.3846825277471,16.228047499626058
2026-10-26 06:00:00,301.6350565027615,0.2123183582551782,55.27996489491892,16.693032761282787
2026-10-26 07:00:00,299.965947947113,0.458028468660104,50.01587126075874,20.327713933790363
2026-10-26 08:00:00,298.431563871013,0.6725176089420101,50.70115765641926,20.605187242034507
2026-10-26 09:00:00,297.55785374201577,0.8411653799365315,51.96525582720803,21.1949813825715
2026-10-26 10:00:00,295.8756597157942,0.9524761053270736,57.82423709648591,25.563366161918147
2026-10-26 11:00:00,296.59754865447104,0.9988624208564666,38.68420550324761,27.41062909729188
2026-10-26 12:00:00,294.6395810238509,0.9771624580595464,54.77327081977862,24.748113907709204
2026-10-26 13:00:00,292.76122468036453,0.8888553692958491,35.07410868004141,25.927358846648147
2026-10-26 14:00:00,290.62045931149515,0.7399605030742948,52.64677927978291,26.484302094506553
2026-10-26 15:00:00,291.4758163206946,0.5406271022650723,47.79311880942096,26.030151759797103
2026-10-26 16:00:00,287.3210675356613,0.3044424929340533,47.63972110475513,26.198869137385344
2026-10-26 17:00:00,290.37121593830307,0.0475059202941221,52.07626362944932,24.34345159592134
2026-10-26 18:00:00,287.6629938256533,0.0,56.67970962545255,20.950124286865258
2026-10-26 19:00:00,288.834254266154,0.0,48.38419632514928,20.490762714705696
2026-10-26 20:00:00,290.0329463264745,0.0,57.05691065690055,20.01313508907036
2026-10-26 21:00:00,290.691824339151,0.0,54.35244536481252,17.505255735370547
2026-10-26 22:00:00,293.8644633449724,0.0,464.6286294944285,15.872406739229628
2026-10-26 23:00:00,294.4846235969644,0.0,513.733361770311,15.791878007961586
2026-10-27 00:00:00,294.266383342376,0.0,499.9929331067176,13.579873779600158
2026-10-27 01:00:00,298.83313082886576,0.0,489.8047228220574,12.50412617969175
2026-10-27 02:00:00,298.2297790436244,0.0,547.2580413570909,11.860791494493178
2026-10-27 03:00:00,301.2157466588625,0.0,445.1270010490861,11.499674439274505
2026-10-27 04:00:00,300.9666735870826,0.0,451.6899621097604,13.76848269280402
2026-10-27 05:00:00,301.7649282848638,0.0,521.8464064270634,15.861945277871833
2026-10-27 06:00:00,301.4388446658292,0.2130192890840505,58.93283999647894,17.811892246386925
2026-10-27 07:00:00,299.7834098335411,0.458666021634523,45.41679769904842,18.257015490881386
2026-10-27 08:00:00,299.03717390523025,0.6730483260155226,51.60599147849931,21.197277224713687
2026-10-27 09:00:00,298.22512677970394,0.8415530854060325,45.54888686917595,21.6529271485702
2026-10-27 10:00:00,296.22739304536617,0.9526943717066318,57.18016251834869,24.69964852462432
2026-10-27 11:00:00,294.4769914951986,0.9988963702759932,57.79736573225725,24.75301561910429
2026-10-27 12:00:00,293.9463063360656,0.9770097763968482,51.34853373209789,26.073892515564165
2026-10-27 13:00:00,291.40313057523235,0.8885264639163096,47.58765828131763,26.16648018909354
2026-10-27 14:00:00,289.17640148176577,0.7394777934251768,58.96340470163051,28.493564819068315
2026-10-27 15:00:00,288.93003393037645,0.540023491679747,55.12642718898438,27.020645706471818
2026-10-27 16:00:00,290.34824970811565,0.303759125816002,51.84818032643829,27.21636380198991
2026-10-27 17:00:00,290.237626248616,0.0467893775566191,53.7565391073887,23.7763427381862
2026-10-27 18:00:00,289.1416765607916,0.0,42.63091152075468,22.741402556101328
2026-10-27 19:00:00,292.11416254627665,0.0,40.61936322204976,22.065625711712233
2026-10-27 20:00:00,291.2558873025844,0.0,71.26599363098546,19.964868001619514
2026-10-27 21:00:00,291.83217026660026,0.0,61.56740764666607,17.041659143026283
2026-10-27 22:00:00,292.7324594676016,0.0,526.6419419388573,17.188994482418977
2026-10-27 23:00:00,294.14142217893686,0.0,392.7644964905842,14.305468834903222
2026-10-28 00:00:00,297.17839524894794,0.0,502.0378527182892,15.717704526305802
2026-10-28 01:00:00,300.27474816025244,0.0,493.7616915563421,13.35666914472522
2026-10-28 02:00:00,299.0875715108823,0.0,531.3721256045826,14.454994569354493
2026-10-28 03:00:00,300.9912993929436,0.0,562.0277573298783,12.675077757566084
2026-10-28 04:00:00,301.35638451087254,0.0,527.4260334674367,13.765263236300363
2026-10-28 05:00:00,299.9961262660125,0.0,482.1131504629609,14.479515921090481
2026-10-28 06:00:00,301.5598994026681,0.2137201102982439,30.91555080292334,15.653591484331766
2026-10-28 07:00:00,300.64099092749706,0.4593033385897965,26.502796553977458,18.71100471647525
2026-10-28 08:00:00,299.1823518182433,0.6735786967536117,31.224656581032512,18.85153227355189
2026-10-28 09:00:00,301.04076581238974,0.8419403578313776,56.06659448240031,21.373127579749454
2026-10-28 10:00:00,296.3630565632066,0.952912147851315,34.719401842731365,23.8859753896958
2026-10-28 11:00:00,295.73720216880344,0.9989298056860731,63.79276605166487,26.439118359736728
2026-10-28 12:00:00,295.66391192527584,0.976856591987049,44.12897918652124,26.470591433872357
2026-10-28 13:00:00,291.6470283000108,0.8881971013211776,37.983415752027234,26.27407648734634
2026-10-28 14:00:00,289.28750512887257,0.7389947032573831,43.08186032079378,26.438298609678295
2026-10-28 15:00:00,289.9401316645624,0.5394196032105648,47.01370182996734,28.16119784033623
2026-10-28 16:00:00,287.6925904450027,0.3030756023903851,46.702481306661525,24.189703413776915
2026-10-28 17:00:00,289.51707974952217,0.0460728107423622,44.208844979985216,25.35040056473452
2026-10-28 18:00:00,287.25955818496715,0.0,57.93173131391491,24.1729657078665
2026-10-28 19:00:00,290.5865101288557,0.0,35.94586889514855,22.172207977616655
2026-10-28 20:00:00,290.8943653854928,0.0,44.22578462390864,21.525153039710233
2026-10-28 21:00:00,292.2753211604664,0.0,67.39661697310397,18.668368401761978
2026-10-28 22:00:00,293.752451913683,0.0,471.5465106055861,16.28621204430966
2026-10-28 23:00:00,295.48061779993014,0.0,471.1255496767785,12.95461195216071
2026-10-29 00:00:00,297.0073497817899,0.0,556.1929298193878,14.42523077421992
2026-10-29 01:00:00,297.9176534947366,0.0,490.39564059886914,15.000396024880972
2026-10-29 02:00:00,297.3232488879732,0.0,475.3567609307293,13.817194921237068
2026-10-29 03:00:00,300.49410171698327,0.0,441.2163049638688,14.225965846576793
2026-10-29 04:00:00,299.63961051520243,0.0,554.9972324620016,13.894198962179587
2026-10-29 05:00:00,301.676830814069,0.0,426.85331571242114,15.976555101998361
2026-10-29 06:00:00,302.20465098634094,0.2144208215369095,54.82789334165308,15.374190593990292
2026-10-29 07:00:00,302.49216656646354,0.4599404191979755,61.57058863264236,17.322213202994277
2026-10-29 08:00:00,299.1638009198667,0.6741087208833604,43.38650321166861,19.29603724451018
2026-10-29 09:00:00,297.84028548163474,0.8423271970132851,42.2332164536059,21.66150490275504
2026-10-29 10:00:00,296.9844898823549,0.953129433648991,45.26907467834033,23.25166445189705
2026-10-29 11:00:00,295.24057139995745,0.998962727069502,54.67397626497316,24.010140157932916
2026-10-29 12:00:00,294.50658704033384,0.9767029049089742,64.17794559828563,26.064180132194117
2026-10-29 13:00:00,291.7231246003374,0.8878672816799356,58.29042849435136,24.745581286605933
2026-10-29 14:00:00,291.56644758424886,0.738511232819654,25.569334246527568,27.6049380260102
2026-10-29 15:00:00,290.1814683664017,0.5388154371682732,34.51566959058919,27.171363384405083
2026-10-29 16:00:00,289.42741577807175,0.302391923008928,45.42533354731131,26.24483272221517
2026-10-29 17:00:00,289.0500792887116,0.0453562202200804,61.88538395552419,24.977362558201285
2026-10-29 18:00:00,289.2189251982955,0.0,64.909018724374,24.345108326814916
2026-10-29 19:00:00,289.45621912781144,0.0,46.28893655456503,21.78440141138841
2026-10-29 20:00:00,292.138980372072,0.0,37.32441393981778,21.340472980918797
2026-10-29 21:00:00,292.69634719687235,0.0,41.94711419179178,20.116330730622895
2026-10-29 22:00:00,294.15305638316903,0.0,558.4937324566426,16.275543357085372
2026-10-29 23:00:00,294.09339698676183,0.0,499.8914628486362,16.416059169425615
2026-10-30 00:00:00,296.89158615847464,0.0,498.3629816795918,13.90968063008499
2026-10-30 01:00:00,297.8444718232325,0.0,669.5795021115346,14.178675819990927
2026-10-30 02:00:00,298.71952579314114,0.0,401.8432557641556,12.536426366555355
2026-10-30 03:00:00,300.0392212099213,0.0,532.0681152091145,13.298509427847703
2026-10-30 04:00:00,301.4202003353301,0.0,494.7234499493578,14.327956863310023
2026-10-30 05:00:00,301.0735228021265,0.0,535.7988054133773,15.41701955440132
2026-10-30 06:00:00,301.312537703042,0.2151214224394771,36.482123542761,17.29610552014291
2026-10-30 07:00:00,301.4363407014703,0.4605772631312328,35.0464091576341,18.23162284549885
2026-10-30 08:00:00,299.3098139731684,0.6746383981320305,50.12414531362519,18.93439091984799
2026-10-30 09:00:00,297.92816512042447,0.8427136027526964,51.28129651839468,21.282280315585083
2026-10-30 10:00:00,296.6774099708488,0.9533462289878496,56.72296065792851,23.486673403769863
2026-10-30 11:00:00,296.2493628397633,0.9989951344093388,53.37565795569882,26.190339252526886
2026-10-30 12:00:00,294.98352108059765,0.9765487152417076,59.96753926738469,25.223435186216754
2026-10-30 13:00:00,294.04470795448856,0.8875370051623014,72.3716881374522,25.520930416358848
2026-10-30 14:00:00,290.60884335677457,0.7380273823607724,57.88044447732092,27.98486606201432
2026-10-30 15:00:00,289.6090000023637,0.5382109938637621,46.00321305981164,26.52876585748405
2026-10-30 16:00:00,289.69041139134265,0.3017080880234368,52.26041826865496,25.862463943019236
2026-10-30 17:00:00,289.6661716817374,0.0446396063585151,52.78839696992849,26.45806616452835
2026-10-30 18:00:00,290.14208797150405,0.0,44.44162864864588,24.05011181538736
2026-10-30 19:00:00,291.2350192753314,0.0,46.13568038688778,20.55678762133755
2026-10-30 20:00:00,290.7976932959728,0.0,61.05506032476575,20.03391669188336
2026-10-30 21:00:00,291.796893110739,0.0,47.92561716504731,18.076153692461332
2026-10-30 22:00:00,293.1153192541791,0.0,494.7521164680151,15.776304791763975
2026-10-30 23:00:00,294.1083590610804,0.0,469.6625693595941,15.448136632869668
2026-10-31 00:00:00,297.01360902343487,0.0,455.027436254559,14.08909774747798
2026-10-31 01:00:00,297.043788632144,0.0,582.5371628414234,14.032064518244848
2026-10-31 02:00:00,299.1149973858588,0.0,444.0817951155362,14.073700819268721
2026-10-31 03:00:00,300.63862003756105,0.0,517.4778739571168,13.633631728563714
2026-10-31 04:00:00,301.4183372878318,0.0,429.611396874232,14.234429095349958
2026-10-31 05:00:00,301.8309641445334,0.0,429.94327569712783,16.187198410290094
2026-10-31 06:00:00,300.1621435553753,0.2158219126454335,43.77109960807854,16.770136151800884
2026-10-31 07:00:00,300.8366875737879,0.4612138700618629,59.60924378444322,17.649130866988532
2026-10-31 08:00:00,300.47357349896697,0.6751677282270621,46.16918725516689,20.171761999871418
2026-10-31 09:00:00,298.65841712314176,0.8430995748507758,47.844213378974935,23.52296330818501
2026-10-31 10:00:00,295.3741130273432,0.953562533756333,48.57061747674223,22.688356969181697
2026-10-31 11:00:00,294.9874257881792,0.9990270276889072,55.26004307850849,24.377308213096303
2026-10-31 12:00:00,292.7854071018977,0.9763940230645916,51.66858430856896,27.088044436510092
2026-10-31 13:00:00,291.63967926060377,0.8872062719382277,60.29752394986392,26.492160227894807
2026-10-31 14:00:00,290.7422308868497,0.7375431521297166,45.811130728353646,28.004670357785596
2026-10-31 15:00:00,291.508230986784,0.5376062736080646,59.95381623725814,28.091657575037704
2026-10-31 16:00:00,290.0795471997459,0.3010240977857974,49.27450974595981,25.082643833561743
2026-10-31 17:00:00,289.78071619688586,0.0439229695264195,42.79557734918792,24.865846894078572
2026-10-31 18:00:00,289.5108081526377,0.0,64.33955702036062,23.52055048445389
2026-10-31 19:00:00,288.12324488973167,0.0,59.65559469741304,20.499900163186076
2026-10-31 20:00:00,290.456631816389,0.0,41.6591079734304,19.559038653819446
2026-10-31 21:00:00,292.18608497616646,0.0,58.69216950052846,18.137169690971454
2026-10-31 22:00:00,294.63366711568574,0.0,527.2099433028325,18.191663939823172
2026-10-31 23:00:00,295.7062950186998,0.0,420.7153377326796,15.925081800271963
2026-11-01 00:00:00,296.75777373883096,0.0,519.8336644230159,14.096187250469436
2026-11-01 01:00:00,297.9742676143595,0.0,481.7117441834303,12.11894494995096
2026-11-01 02:00:00,299.8155572325459,0.0,602.4188001958341,12.254421145310724
2026-11-01 03:00:00,298.8278916972343,0.0,518.7291593405905,12.87067526379212
2026-11-01 04:00:00,300.0229682791218,0.0,548.0039719499762,14.58032943892404
2026-11-01 05:00:00,301.0759845478742,0.0,499.9742657820811,14.306585920295161
2026-11-01 06:00:00,301.74577993872185,0.216522291794322,50.0171470456429,17.12652689438201
2026-11-01 07:00:00,299.21909110912827,0.4618502396620807,50.43358436698556,19.925988380909665
2026-11-01 08:00:00,299.46806844606283,0.6756967108960736,38.72577151921616,19.79426589326743
2026-11-01 09:00:00,300.265015360388,0.8434851131089108,51.25923127732872,21.759195151518
2026-11-01 10:00:00,295.24969919310223,0.9537783478431352,55.80910615920572,23.650702120400933
2026-11-01 11:00:00,295.4675164533559,0.9990584068917862,37.98605429360848,23.6158679071648
2026-11-01 12:00:00,294.8729520399684,0.9762388284572276,43.911593139911226,25.12607756270173
2026-11-01 13:00:00,293.4783867256152,0.8868750821779023,54.37306535833392,28.044565279292193
2026-11-01 14:00:00,290.40674064432324,0.7370585423756606,44.1484541053338,26.79367730577553
2026-11-01 15:00:00,290.9815370376551,0.5370012767125476,51.10090903304786,26.515229411435694
2026-11-01 16:00:00,290.11904046404146,0.3003399526479757,47.31903394156468,26.12603164895511
2026-11-01 17:00:00,289.68865424147015,0.0432063100925587,47.04626619654384,24.233941647588903
2026-11-01 18:00:00,290.3826077400714,0.0,43.6334884741043,24.028371806007073
2026-11-01 19:00:00,292.2221186966137,0.0,48.72936754074848,21.349968086720736
2026-11-01 20:00:00,290.5848220482209,0.0,38.73305904836778,21.636433953761756
2026-11-01 21:00:00,292.46135221400334,0.0,42.23490130918128,17.666535622118662
2026-11-01 22:00:00,293.4641695515504,0.0,447.9797633065577,16.778196915998766
2026-11-01 23:00:00,294.29168447683605,0.0,448.8755173728425,14.786901979801566
2026-11-02 00:00:00,297.44144299637685,0.0,442.87326420409954,11.733688725286177
2026-11-02 01:00:00,297.42226843402125,0.0,479.7581507129472,13.87403674043238
2026-11-02 02:00:00,298.41348816897914,0.0,478.27385931707056,14.160369046614953
2026-11-02 03:00:00,296.7910103020707,0.0,505.0135323006897,12.848901297461577
2026-11-02 04:00:00,299.5735924756576,0.0,446.6209124257422,13.651844373726366
2026-11-02 05:00:00,301.4185516448695,0.0,494.7539624353736,15.07173133431266
2026-11-02 06:00:00,300.6538821510908,0.2172225595257437,53.21614008004133,15.948494281966894
2026-11-02 07:00:00,300.7693021897174,0.4624863716048282,50.31570772632166,16.36174620115318
2026-11-02 08:00:00,299.3140610456224,0.676225345866863,55.714666059849016,16.93313643449838
2026-11-02 09:00:00,296.9165699840004,0.8438702173287124,51.28538236033901,22.050272947869054
2026-11-02 10:00:00,296.0691876212446,0.9539936711372036,43.126043721175606,23.428382044242145
2026-11-02 11:00:00,295.24531167434776,0.9990892720018484,48.63887144035654,26.099366821763816
2026-11-02 12:00:00,295.4577041410204,0.9760831314994748,57.7813440281677,25.740083183425746
2026-11-02 13:00:00,291.7394049041952,0.8865434360517481,43.94286371626067,26.728692304074293
2026-11-02 14:00:00,290.7137126718375,0.7365735533479737,36.91744533790757,27.02392773994739
2026-11-02 15:00:00,289.0521273726751,0.5363960034881454,57.57236682695182,28.491748647450112
2026-11-02 16:00:00,289.64629991823693,0.2996556529620173,67.31206819987847,26.93783307320173
2026-11-02 17:00:00,289.2504241303185,0.0424896284257093,48.70781781885871,23.21363323613386
2026-11-02 18:00:00,290.08514775572405,0.0,36.07177203152964,22.18829594094841
2026-11-02 19:00:00,289.1985462312572,0.0,38.67152237636921,22.564711809525363
2026-11-02 20:00:00,289.2689167831682,0.0,34.427134624617466,20.737394897145638
2026-11-02 21:00:00,290.09180688451573,0.0,39.03725818310895,18.203552882036348
2026-11-02 22:00:00,292.8924771168944,0.0,518.4015917883896,16.38477203709068
2026-11-02 23:00:00,293.6100242767359,0.0,443.5605813326189,15.986103009440873
2026-11-03 00:00:00,297.8861421151706,0.0,551.2983502303795,14.037010761685801
2026-11-03 01:00:00,297.5970960349223,0.0,511.24930667104985,14.266765801578995
2026-11-03 02:00:00,298.03667790629515,0.0,476.0712010034767,12.863497585989897
2026-11-03 03:00:00,300.58459575248435,0.0,560.4753869232771,13.11201801231754
2026-11-03 04:00:00,301.20625196835726,0.0,509.2090084559426,13.6856701013929
2026-11-03 05:00:00,300.9238082961077,0.0,482.5232203350392,13.886238855212513
2026-11-03 06:00:00,301.14818699588284,0.2179227154793565,60.99572400909894,17.89665633557838
2026-11-03 07:00:00,300.25190570144986,0.4631222655625645,35.39794248367968,18.497445250196296
2026-11-03 08:00:00,300.4949629719067,0.6767536328674063,49.13546817901639,20.384928654529315
2026-11-03 09:00:00,298.47018633264946,0.8442548873120144,69.57979760133736,21.343769167067553
2026-11-03 10:00:00,296.5912939239161,0.9542085035277376,47.27134568743828,23.816323547877847
2026-11-03 11:00:00,294.9136672224984,0.9991196230032016,57.76708644586184,23.483440734557984
2026-11-03 12:00:00,294.0433455702639,0.975926932271452,53.71372847782734,26.414130954386767
2026-11-03 13:00:00,293.4050640279424,0.8862113337304226,29.191008919892035,26.876748779739586
2026-11-03 14:00:00,290.8203958393906,0.7360881852962202,48.90398156750911,26.699407471676313
2026-11-03 15:00:00,292.4859041330647,0.5357904542465096,58.50275656151614,25.49268311908089
2026-11-03 16:00:00,287.4126353991065,0.2989711990800474,51.50472116221305,24.8316578815257
2026-11-03 17:00:00,290.01395400857984,0.0417729248946596,46.81646337583307,23.235990399630854
2026-11-03 18:00:00,290.67037883928833,0.0,72.53690322703923,22.625068207471788
2026-11-03 19:00:00,289.34675073640653,0.0,46.278324016337095,21.755474240290752
2026-11-03 20:00:00,292.71943102865777,0.0,49.3090305131329,19.512122389661936
2026-11-03 21:00:00,292.9235845003781,0.0,51.54892650515574,16.924078680892563
2026-11-03 22:00:00,294.5450172767115,0.0,499.1073725914903,16.27862024085905
2026-11-03 23:00:00,295.525572912348,0.0,507.5224110475573,15.42439649175075
2026-11-04 00:00:00,296.78606345319275,0.0,534.6283303069624,13.6620866803817
2026-11-04 01:00:00,297.0943589124418,0.0,435.720987812481,14.087363071573002
2026-11-04 02:00:00,299.6137383724824,0.0,464.5626699713313,13.07934627840137
2026-11-04 03:00:00,300.40463433128275,0.0,457.7603540262257,14.429934188590389
2026-11-04 04:00:00,300.01494000106493,0.0,515.3554008616873,14.045956904480676
2026-11-04 05:00:00,301.4167948893072,0.0,470.1544387770804,15.393961616654574
2026-11-04 06:00:00,300.30588988285274,0.218622759294876,56.87661002929127,17.551678845611796
2026-11-04 07:00:00,300.1432423172997,0.463757921208073,47.93497467454036,18.73724587178109
2026-11-04 08:00:00,298.7686275585256,0.6772815716258591,64.87790284919853,19.615045809164595
2026-11-04 09:00:00,299.419096193175,0.8446391228608743,45.01239784925078,21.897434375577895
2026-11-04 10:00:00,296.6550462992486,0.9544228449041892,55.40704292497144,22.73862122081694
2026-11-04 11:00:00,294.6490661923981,0.9991494598802274,41.9060381723888,25.899891731019842
2026-11-04 12:00:00,291.4934195040761,0.975770230853535,48.27945682901019,25.309299738664905
2026-11-04 13:00:00,291.7504554213448,0.8858787753848182,71.09955102084722,26.75389692805952
2026-11-04 14:00:00,293.36047486439656,0.7356024384701595,71.77317220884495,28.04007254301522
2026-11-04 15:00:00,287.82585807247017,0.5351846292992422,57.02711620343805,26.028128710167746
2026-11-04 16:00:00,289.1688621800438,0.2982865913542702,52.24177256583604,27.61666112870851
2026-11-04 17:00:00,290.04396289100947,0.0410561998682089,52.22977918137371,24.98508644224327
2026-11-04 18:00:00,288.46116068302604,0.0,60.7210950385677,23.612410910705588
2026-11-04 19:00:00,289.4685455085622,0.0,44.543226017570014,23.243670168332628
2026-11-04 20:00:00,289.02348471717914,0.0,55.54443095013224,20.225167894688976
2026-11-04 21:00:00,292.2677661500453,0.0,44.58521974553407,17.072072339358776
2026-11-04 22:00:00,292.2702413268871,0.0,496.3357856572454,18.23820446308759
2026-11-04 23:00:00,294.6065298184323,0.0,430.9449282652672,13.396869562869188
2026-11-05 00:00:00,295.8594012844701,0.0,520.3974750581355,14.993681459086494
2026-11-05 01:00:00,299.31655679276173,0.0,496.7346553574383,14.655945833649158
2026-11-05 02:00:00,300.11372191029835,0.0,505.1834569287808,10.387542559485137
2026-11-05 03:00:00,300.39909336825286,0.0,467.9381143360069,14.024020626360052
2026-11-05 04:00:00,298.82806618423683,0.0,471.0844626067342,13.974567535099267
2026-11-05 05:00:00,301.30173225003455,0.0,520.5107257401999,16.778308513972114
2026-11-05 06:00:00,300.55239722277514,0.2193226906120755,43.75691744462238,17.005095975756653
2026-11-05 07:00:00,302.1786744873372,0.4643933382142598,65.91147739140897,19.73588007730855
2026-11-05 08:00:00,298.3746500689063,0.6778091618705562,52.04201816025968,20.74239467473992
2026-11-05 09:00:00,298.8595962554492,0.8450229237775735,53.71622550684577,20.771007895226653
2026-11-05 10:00:00,297.2709416367833,0.9546366951562631,48.568687208260656,24.394690868362627
2026-11-05 11:00:00,294.5866420945525,0.9991787826175728,51.75356300052818,23.08206192383173
2026-11-05 12:00:00,293.8855827117412,0.9756130273263592,57.17822158517578,26.206154238860726
2026-11-05 13:00:00,292.72722919475166,0.8855457611860618,53.56605032879086,28.009797902402198
2026-11-05 14:00:00,290.59117766437305,0.735116313119746,45.06986467902703,27.61797028191227
2026-11-05 15:00:00,290.0816586803611,0.5345785289580868,56.81168678815234,27.493789398765397
2026-11-05 16:00:00,289.4893521730549,0.2976018301369697,46.30424526859839,25.171574735631296
2026-11-05 17:00:00,288.0592323063736,0.0403394537151677,43.53683904076038,24.66134968047885
2026-11-05 18:00:00,290.3752872308621,0.0,39.00897439234226,22.940063810627212
2026-11-05 19:00:00,289.9965241166028,0.0,41.66142177243765,21.827834766476244
2026-11-05 20:00:00,289.2046600671543,0.0,55.93649219986812,20.2569576348333
2026-11-05 21:00:00,292.04372196265365,0.0,44.90277814587742,18.357850899567786
2026-11-05 22:00:00,293.35927140286725,0.0,499.6065211287335,13.974824136562345
2026-11-05 23:00:00,296.02379950126124,0.0,509.6737249671325,14.231281619884248
2026-11-06 00:00:00,298.1176824182925,0.0,588.1028729875322,12.27132626439393
2026-11-06 01:00:00,298.85224791758844,0.0,502.1776440481376,13.657391436454908
2026-11-06 02:00:00,299.0683295571672,0.0,512.3521352835228,13.838148638269889
2026-11-06 03:00:00,299.25124083046603,0.0,540.3408911563845,12.955089679832465
2026-11-06 04:00:00,300.90514078865783,0.0,410.2561867850595,12.877245024853533
2026-11-06 05:00:00,299.36775255790843,0.0,435.9310802050151,14.95028068538715
2026-11-06 06:00:00,301.5406631362222,0.2200225090707863,58.95600534626855,16.91408275132603
2026-11-06 07:00:00,301.1835711785705,0.4650285162541536,55.517210377427965,19.90996310092752
2026-11-06 08:00:00,299.2473971052167,0.6783364033300114,42.03193768104972,19.743214298145265
2026-11-06 09:00:00,299.38773641537205,0.8454062898646164,67.7597682273714,21.464193410821554
2026-11-06 10:00:00,297.2039994408336,0.9548500541739172,40.50023096648847,24.33621401860073
2026-11-06 11:00:00,296.0136382148928,0.9992075912001488,39.18839004254576,23.573257720877073
2026-11-06 12:00:00,291.7809443332057,0.9754553217708682,27.50357839655113,26.692166614122243
2026-11-06 13:00:00,290.35057822210445,0.885212291305515,51.91777958133751,28.060806292883395
2026-11-06 14:00:00,290.57513646828204,0.7346298094951287,45.35576988022829,27.735021911627864
2026-11-06 15:00:00,290.02436503652706,0.533972153534929,39.36257257518873,27.380612296496007
2026-11-06 16:00:00,288.4887516186327,0.2969169157807254,60.863541461367625,24.716948617900854
2026-11-06 17:00:00,289.011646980373,0.0396226868043574,55.26741908281711,25.84999353552261
2026-11-06 18:00:00,289.3069613692009,0.0,51.410250116435805,23.414993616824727
2026-11-06 19:00:00,287.77572346208274,0.0,49.7398576737572,21.43361731616022
2026-11-06 20:00:00,292.34536502842275,0.0,41.93153544807677,22.224587636357143
2026-11-06 21:00:00,291.3278331705342,0.0,70.96450449702853,18.47897959499965
2026-11-06 22:00:00,294.80556117013043,0.0,424.2517731084093,17.902832069828573
2026-11-06 23:00:00,295.4151617843505,0.0,440.07879802451583,15.339268519930803
2026-11-07 00:00:00,297.1745995819152,0.0,526.598397800904,13.94785708624719
2026-11-07 01:00:00,299.0030833014152,0.0,429.68529926553015,12.64882199142621
2026-11-07 02:00:00,302.0261054948961,0.0,425.10211353229033,10.180169733109437
2026-11-07 03:00:00,300.296585252308,0.0,549.534431240512,12.4749113584948
2026-11-07 04:00:00,299.27929328981486,0.0,459.9137835121393,13.98851103925307
2026-11-07 05:00:00,303.3816886700322,0.0,448.8722167469551,16.55516304315706
2026-11-07 06:00:00,301.89811882350995,0.2207222143108976,34.17943186485502,17.23260829689833
2026-11-07 07:00:00,301.0031811996583,0.4656634550009061,41.51360643997731,18.794378048304555
2026-11-07 08:00:00,299.61027797776705,0.6788632957327514,50.72672983341978,21.056437659676384
2026-11-07 09:00:00,298.7271605000253,0.8457892209247317,56.93571790770563,23.092892047003403
2026-11-07 10:00:00,299.65132020562544,0.9550629218473612,45.4128021477139,22.768435335885407
2026-11-07 11:00:00,294.82470543527734,0.9992358856131311,58.90139531581348,23.641915437555305
2026-11-07 12:00:00,293.0614390785393,0.9752971142681134,53.31582283628703,26.32921453306042
2026-11-07 13:00:00,292.3716675958721,0.8848783659147739,50.60187457306237,27.046037960452864
2026-11-07 14:00:00,291.454697539135,0.7341429278466514,44.47306666854317,28.483009759314154
2026-11-07 15:00:00,288.4962612055599,0.5333655033417959,53.24711640578424,26.273656855791508
2026-11-07 16:00:00,289.34719569153555,0.2962318486375445,43.73688107231906,26.609481304366984
2026-11-07 17:00:00,290.1669165535619,0.0389058995046099,59.12084162500953,25.921658611381677
2026-11-07 18:00:00,288.4514745916367,0.0,38.13247195690867,22.220084956256674
2026-11-07 19:00:00,288.84165229133,0.0,66.4360013625878,24.04721191045313
2026-11-07 20:00:00,290.78817050705175,0.0,45.67704905182156,18.958819819365093
2026-11-07 21:00:00,292.1329664282637,0.0,34.74210824129162,16.828800176066334
2026-11-07 22:00:00,293.3405026239371,0.0,446.2035297489386,16.068905833672304
2026-11-07 23:00:00,293.9610087721009,0.0,582.3198177598997,14.129305367183495
2026-11-08 00:00:00,295.315922245329,0.0,522.0954532729038,13.227598042463923
2026-11-08 01:00:00,299.29760151935,0.0,411.16198158666793,13.460042954744
2026-11-08 02:00:00,301.4909604302806,0.0,516.3031421050791,12.656463674707613
2026-11-08 03:00:00,300.6031078545513,0.0,411.484299423131,15.186601603946732
2026-11-08 04:00:00,301.4546644204182,0.0,638.526588903549,14.989550556858884
2026-11-08 05:00:00,300.8794365852673,0.0,473.8122051897176,14.349999116510194
2026-11-08 06:00:00,300.3390697424456,0.221421805972357,50.128324986778594,16.634625492491182
2026-11-08 07:00:00,301.74239917585663,0.4662981541277924,42.771683471402,17.75839057204635
2026-11-08 08:00:00,298.3759205553278,0.6793898388079833,42.27927716154085,19.951790318753275
2026-11-08 09:00:00,297.37352861509095,0.8461717167608718,42.18298556243238,22.739676022397575
2026-11-08 10:00:00,295.7713573307821,0.9552752980670588,51.7492097052651,23.011301481773362
2026-11-08 11:00:00,295.2869446551909,0.9992636658419602,63.02486151957274,24.3786273527009
2026-11-08 12:00:00,292.508567874181,0.975138404899555,59.23487955547737,26.847170160491906
2026-11-08 13:00:00,293.83067276396145,0.8845439851856688,58.91175773102636,26.904807373614954
2026-11-08 14:00:00,291.2044585231971,0.7336556684248523,52.64301107038376,25.57103695798821
2026-11-08 15:00:00,288.8639615845919,0.532758578690856,38.67266071885994,26.52878096056117
2026-11-08 16:00:00,289.2014334331623,0.2955466290601642,58.472671688184604,25.317499049665024
2026-11-08 17:00:00,288.78109725594686,0.0381890921847678,45.600656533979794,26.290475600903047
2026-11-08 18:00:00,290.07029169312904,0.0,47.39683295272122,23.49823268684965
2026-11-08 19:00:00,289.7833142131725,0.0,43.8410458507455,21.718821790364782
2026-11-08 20:00:00,290.60086534387483,0.0,50.73488644583964,19.10258235263455
2026-11-08 21:00:00,293.32392171479165,0.0,48.223296011418505,20.592643868112226
2026-11-08 22:00:00,293.47678681302307,0.0,516.8365981920107,17.103531900814986
2026-11-08 23:00:00,294.3859593622756,0.0,527.44727754658,13.18994210910801
2026-11-09 00:00:00,295.5457728330574,0.0,434.7938741715448,15.324593842061345
2026-11-09 01:00:00,297.2763325684017,0.0,564.1102282281212,12.476362940408077
2026-11-09 02:00:00,300.9654971820437,0.0,487.9198834087874,13.552071833755345
2026-11-09 03:00:00,299.8454917055246,0.0,521.4458545584023,12.119618363715942
2026-11-09 04:00:00,301.3308721270579,0.0,478.0994110415001,14.35270506247619
2026-11-09 05:00:00,298.4286515646319,0.0,493.2969784961767,16.316455907830335
2026-11-09 06:00:00,300.6977478260495,0.2221212836951704,41.76362091435411,15.900040322586584
2026-11-09 07:00:00,297.8381144442305,0.4669326133082107,61.5042303247105,18.5640792441106
2026-11-09 08:00:00,300.4630881655441,0.6799160322845929,31.897455925480266,20.770259411551944
2026-11-09 09:00:00,299.1603070922393,0.8465537771762128,37.28063522032753,19.315093752279996
2026-11-09 10:00:00,297.0888587299799,0.9554871827237256,52.5325969660144,22.912715144987818
2026-11-09 11:00:00,295.57415396032667,0.9992909318723412,43.86949339582144,25.489317579777797
2026-11-09 12:00:00,293.2234737310638,0.9749791937468608,67.38315529236034,24.73931154957881
2026-11-09 13:00:00,294.0360400159451,0.8842091492902645,58.42064843900531,26.990311383499744
2026-11-09 14:00:00,291.10313618631113,0.733168031480464,58.556401083047255,26.70310944258876
2026-11-09 15:00:00,289.30615962649364,0.5321513798944189,40.14716533165473,25.59094905570454
2026-11-09 16:00:00,287.6334700303664,0.2948612574011831,46.45139461233133,27.220631054876808
2026-11-09 17:00:00,288.5301347799109,0.0374722652136838,49.75574052384096,24.024976775964188
2026-11-09 18:00:00,287.3908707593303,0.0,67.27329492561172,23.11862050940693
2026-11-09 19:00:00,290.96575093380346,0.0,43.38980208984104,22.453368858610204
2026-11-09 20:00:00,290.90495286067903,0.0,56.32653037703301,20.71249857760313
2026-11-09 21:00:00,291.3877077264038,0.0,45.06988164440151,18.423234848169592
2026-11-09 22:00:00,291.8409253616721,0.0,455.09235411440295,16.234718542132978
2026-11-09 23:00:00,296.9838866748395,0.0,423.2203419428644,16.911115618124388
2026-11-10 00:00:00,297.3467509108519,0.0,597.4727389035315,15.11928088404497
2026-11-10 01:00:00,296.619071594754,0.0,596.4128576501093,14.132491792883652
2026-11-10 02:00:00,298.6032182797194,0.0,476.03408834285625,14.131050471710765
2026-11-10 03:00:00,301.5033297057548,0.0,568.6576967700602,12.58470050939403
2026-11-10 04:00:00,299.29520393608084,0.0,419.3983763876937,13.622839099070136
2026-11-10 05:00:00,302.3939441577094,0.0,442.65685421035016,15.0881536992458
2026-11-10 06:00:00,302.3072664383648,0.2228206471194024,39.99398906636623,16.4070623450336
2026-11-10 07:00:00,298.84472156776553,0.4675668322156824,58.67609048543975,18.0176830440258
2026-11-10 08:00:00,299.17864831920656,0.6804418758918128,42.79684725828472,19.783900157080964
2026-11-10 09:00:00,297.9904519970677,0.8469354019741552,60.93919252371353,23.021561861290103
2026-11-10 10:00:00,296.17275366498177,0.9556985757083308,42.79618529427469,24.947337129651494
2026-11-10 11:00:00,295.80979253530603,0.9993176836902432,58.20326129071388,25.6950828680611
2026-11-10 12:00:00,294.7915591946503,0.9748194808919578,51.8430828956599,25.45007963731087
2026-11-10 13:00:00,292.0487632140705,0.8838738584008601,50.18892778344222,26.660106917750372
2026-11-10 14:00:00,290.0575933184871,0.7326800172644138,32.865036206804504,28.768047248873568
2026-11-10 15:00:00,289.15886509333774,0.5315439072649353,41.818623718053466,26.578177377330103
2026-11-10 16:00:00,288.8672896173529,0.2941757340132776,51.14363911215909,25.84178898487826
2026-11-10 17:00:00,289.3519559820692,0.0367554189602209,44.448434219977344,27.151118695584344
2026-11-10 18:00:00,288.0479488046803,0.0,46.59009235910152,24.464223210482736
2026-11-10 19:00:00,289.3063978284027,0.0,51.30636857088985,22.206533425600412
2026-11-10 20:00:00,289.1962840649136,0.0,57.35482601368665,19.81556398177324
2026-11-10 21:00:00,292.76648567074625,0.0,45.42347023807298,19.000580252721225
2026-11-10 22:00:00,295.55773999378687,0.0,546.5131071777114,15.938633016088643
2026-11-10 23:00:00,294.56861774659865,0.0,458.8913501777686,15.125381672253713
2026-11-11 00:00:00,296.77352576773126,0.0,506.7811602926898,14.316412914927731
2026-11-11 01:00:00,297.3381901541008,0.0,542.6359852726791,13.303849784096549
2026-11-11 02:00:00,298.1472785176883,0.0,446.85532356031086,12.145765447107843
2026-11-11 03:00:00,299.14530443354204,0.0,543.3756201826568,13.400423533982835
2026-11-11 04:00:00,300.35001149050515,0.0,570.3106344776658,14.433818169558572
2026-11-11 05:00:00,299.7438122514975,0.0,498.6344954506994,14.309713559248127
2026-11-11 06:00:00,299.29475624943825,0.2235198958851764,53.87135991460514,15.858341788540384
2026-11-11 07:00:00,301.0397308047268,0.4682008105238531,51.02694600262676,18.06901320743201
2026-11-11 08:00:00,299.8039017708365,0.680967369359056,38.129288919422336,19.758777080393273
2026-11-11 09:00:00,296.59360664713296,0.8473165909583235,59.36378670542021,21.920218345419567
2026-11-11 10:00:00,296.9103332087724,0.9559094769120962,54.1524691645085,23.102142458537315
2026-11-11 11:00:00,296.15824808754905,0.9993439212819004,45.91430679890459,26.005317609514833
2026-11-11 12:00:00,294.3667160013878,0.9746592664170304,67.3643863620023,25.852105059577035
2026-11-11 13:00:00,292.7568610167171,0.8835381126899886,43.79426832737988,26.063139196672637
2026-11-11 14:00:00,292.5387587162839,0.7321916260278224,31.661977110795583,27.72557430229813
2026-11-11 15:00:00,289.2681334790484,0.530936161114997,50.2461394795557,26.38191195394476
2026-11-11 16:00:00,288.67035541177114,0.2934900592492027,56.33960098359808,24.221665101859774
2026-11-11 17:00:00,289.0464933906157,0.0360385537934793,45.93957140827935,24.23978337419496
2026-11-11 18:00:00,290.585262999915,0.0,50.19627395987808,25.22096527267932
2026-11-11 19:00:00,288.59917828662674,0.0,46.0547164136317,23.12996662179315
2026-11-11 20:00:00,291.66539730572214,0.0,53.29677660352223,18.629655999402303
2026-11-11 21:00:00,292.58144771150927,0.0,44.2863270000918,19.879812418574613
2026-11-11 22:00:00,294.2668140090804,0.0,393.5324129850561,16.935628927937202
2026-11-11 23:00:00,296.3418595251325,0.0,567.9845329351189,16.614740181561015
2026-11-12 00:00:00,296.53813760768617,0.0,477.7643045790893,14.245859305491585
2026-11-12 01:00:00,296.4675792278965,0.0,597.2986507510313,14.059601563706048
2026-11-12 02:00:00,300.21747190181287,0.0,482.3682672202971,12.480966252833593
2026-11-12 03:00:00,299.0619261659877,0.0,463.1763041175663,13.867804658630607
2026-11-12 04:00:00,302.49374177598906,0.0,490.4359466696671,14.795898907564572
2026-11-12 05:00:00,299.4648985395763,0.0,406.38699844076496,15.670700530330341
2026-11-12 06:00:00,299.9611227911607,0.224219029632675,37.27730865562752,15.044567194897342
2026-11-12 07:00:00,300.02203136627486,0.4688345479064918,59.07032764654285,20.09310179432486
2026-11-12 08:00:00,300.2950621479862,0.6814925124159152,39.56457697579104,18.889748602593745
2026-11-12 09:00:00,298.6753861329899,0.8476973439324459,46.1613919311901,21.422509423125305
2026-11-12 10:00:00,297.00835523336764,0.9561198862264968,59.078251491618346,24.660280998755276
2026-11-12 11:00:00,296.1050859441568,0.9993696446338116,49.24363562080463,25.613148373701375
2026-11-12 12:00:00,294.67769146082225,0.9744985504045208,57.78457488405624,26.59064188783149
2026-11-12 13:00:00,290.5848146983016,0.8832019123305237,59.68917963930094,27.03365485812508
2026-11-12 14:00:00,290.36047718713183,0.7317028580220049,48.58917542828316,24.936660359828593
2026-11-12 15:00:00,291.28897869978687,0.5303281417573362,48.26493756723822,25.313848636800646
2026-11-12 16:00:00,289.86179729118675,0.2928042334617912,51.87595113489797,24.789689707738084
2026-11-12 17:00:00,289.9525022698803,0.0353216700818869,35.96934571670794,23.996422751723593
2026-11-12 18:00:00,288.8353040942927,0.0,52.41698093587237,25.94085050651908
2026-11-12 19:00:00,288.6444468769438,0.0,49.679276603260405,20.43540281613907
2026-11-12 20:00:00,290.88754997083754,0.0,27.920526238190018,20.330249134903315
2026-11-12 21:00:00,291.5424151898334,0.0,51.78520835853679,18.544035285056008
2026-11-12 22:00:00,293.2385274653708,0.0,494.02469868526987,15.669324142931158
2026-11-12 23:00:00,295.08030948732187,0.0,458.6693984652128,16.03597392925607
2026-11-13 00:00:00,298.0157085368966,0.0,496.8795611532444,13.20396382580474
2026-11-13 01:00:00,298.5621415127222,0.0,465.80121011392873,14.061903985740242
2026-11-13 02:00:00,298.650726252252,0.0,523.7801564675806,13.291126339559272
2026-11-13 03:00:00,300.01541169994965,0.0,486.15471322444654,13.07228632451591
2026-11-13 04:00:00,300.29510180734275,0.0,489.8743103597727,14.232567484883152
2026-11-13 05:00:00,300.7947671265126,0.0,595.0074401367013,16.08808348489405
2026-11-13 06:00:00,302.5140787366332,0.2249180480021396,46.80321801355532,14.664282253440119
2026-11-13 07:00:00,302.2297848309212,0.4694680440374916,27.706787988231277,18.64458383730327
2026-11-13 08:00:00,298.86541231058374,0.682017304792164,41.548783355047945,21.11551023962756
2026-11-13 09:00:00,297.42557741703723,0.8480776607008368,54.05684589421645,21.601287951992358
2026-11-13 10:00:00,297.0707397937135,0.956329803543261,46.33790479044653,22.51576869648673
2026-11-13 11:00:00,294.1921319635471,0.9993948537327404,45.42047772399837,25.182607256676047
2026-11-13 12:00:00,293.32085939983773,0.9743373329371308,47.53648833980865,25.404772958002848
2026-11-13 13:00:00,293.38536453423586,0.8828652574952535,40.63197867137475,26.75111418133757
2026-11-13 14:00:00,291.0711348758091,0.7312137134984703,51.52933808690936,29.326363465647386
2026-11-13 15:00:00,291.53244208785344,0.5297198495048261,69.21660810675303,26.497932933426377
2026-11-13 16:00:00,290.09911406468075,0.2921182570039533,62.19767409600813,26.471684813228162
2026-11-13 17:00:00,290.33112683436866,0.0346047681945631,77.47070385957383,24.844371015582674
2026-11-13 18:00:00,289.9095866598944,0.0,57.678281686639565,23.34465213570714
2026-11-13 19:00:00,290.7320300374175,0.0,51.44518915929788,23.004945318284317
2026-11-13 20:00:00,292.11276084717986,0.0,56.92128059527051,17.8726633792715
2026-11-13 21:00:00,292.1620033801645,0.0,42.88152557870996,19.463400861886157
2026-11-13 22:00:00,292.7684428057348,0.0,491.6037153051064,15.823713649755978
2026-11-13 23:00:00,292.858853365548,0.0,538.969053298385,13.529720815116136
2026-11-14 00:00:00,297.62619562355894,0.0,454.16807129580457,15.305366625135205
2026-11-14 01:00:00,297.1596086718075,0.0,497.3926627890052,13.25358265719202
2026-11-14 02:00:00,298.9367271513831,0.0,416.8748253760968,14.008373265593358
2026-11-14 03:00:00,300.8469632449546,0.0,466.5086707308799,12.708564627083584
2026-11-14 04:00:00,300.47727754507747,0.0,521.7622892708797,14.761240715369327
2026-11-14 05:00:00,301.1572231594842,0.0,452.5371925168835,12.858432849082389
2026-11-14 06:00:00,300.50555161091364,0.2256169506338713,52.38112605595445,17.091893574380872
2026-11-14 07:00:00,299.88380376359754,0.4701012985908698,39.77768997490915,19.89859760983221
2026-11-14 08:00:00,297.59892438909515,0.6825417462177561,45.836982508895936,21.19633331919281
2026-11-14 09:00:00,299.4627008669605,0.8484575410676731,32.78011505743495,20.901801336385816
2026-11-14 10:00:00,297.0399477097853,0.9565392287543698,51.33892100433562,23.267654842189994
2026-11-14 11:00:00,294.21178525066915,0.9994195485657144,40.74956118228313,23.718773134284216
2026-11-14 12:00:00,294.4772391983945,0.9741756140978188,48.715210008770434,27.546630301892293
2026-11-14 13:00:00,292.8475897048448,0.8825281483575194,60.92302212630924,23.477961247004966
2026-11-14 14:00:00,291.698640715809,0.7307241927089213,37.42979503040759,27.26969661148772
2026-11-14 15:00:00,288.7064041426576,0.5291112846704799,39.55922660818565,27.96276919997997
2026-11-14 16:00:00,289.4691861247838,0.2914321302286771,47.14737424534019,25.62681599777026
2026-11-14 17:00:00,290.7497217074917,0.0338878485004095,47.71652873467245,25.095941990286423
2026-11-14 18:00:00,289.2681413766385,0.0,43.49146094537086,22.071080843636757
2026-11-14 19:00:00,289.7211937939039,0.0,42.86496836034316,21.44450012255658
2026-11-14 20:00:00,290.1163876637918,0.0,43.8941129288191,19.209307768705248
2026-11-14 21:00:00,293.2217426675763,0.0,41.825801394883385,18.914835462233302
2026-11-14 22:00:00,292.12360468335515,0.0,536.7125273130633,16.717530346665185
2026-11-14 23:00:00,296.5548201137738,0.0,553.3908507661614,14.522340028226909
2026-11-15 00:00:00,296.84050329168724,0.0,477.7429399854784,12.686414789081617
2026-11-15 01:00:00,297.4688909450313,0.0,528.4805733749432,15.113775343484031
2026-11-15 02:00:00,300.4965150278533,0.0,518.815001297642,11.531615250755651
2026-11-15 03:00:00,300.3966715885512,0.0,501.4139083376917,14.730886207328975
2026-11-15 04:00:00,301.0559566769051,0.0,502.87999765514,15.071198141150361
2026-11-15 05:00:00,301.472065188738,0.0,521.420188770559,15.249628578745487
2026-11-15 06:00:00,300.2336283216132,0.2263157371682306,49.52580192018828,17.436864838746875
2026-11-15 07:00:00,302.1907466540687,0.4707343112407678,55.07501142914656,18.25151237705514
2026-11-15 08:00:00,298.75394292085485,0.6830658364228255,45.147388833685525,19.900080924380777
2026-11-15 09:00:00,298.1828026849251,0.848836984837477,35.3554659065704,22.12907879147635
2026-11-15 10:00:00,296.38008984022906,0.956748161752058,44.10256345796989,23.502816050662762
2026-11-15 11:00:00,295.46692121904914,0.9994437291200264,46.16861630989225,24.973762773742944
2026-11-15 12:00:00,296.1856323296112,0.9740133939698014,56.0849011268356,26.75921212719793
2026-11-15 13:00:00,292.6546900613019,0.8821905850907901,49.328116644440286,26.300617159068597
2026-11-15 14:00:00,289.9730714101287,0.7302342959052541,28.03867468122252,26.681816452480717
2026-11-15 15:00:00,290.9751478577229,0.5285024475674515,46.92546440318066,26.463607501940018
2026-11-15 16:00:00,290.22021808667466,0.2907458534890278,53.19970027543929,26.314994228439122
2026-11-15 17:00:00,287.5896031633156,0.0331709113683366,55.23741808458532,23.74382762446536
2026-11-15 18:00:00,289.1505600713368,0.0,46.29052606979564,22.963278851332504
2026-11-15 19:00:00,289.5134636402981,0.0,50.87636509478213,21.130359217325783
2026-11-15 20:00:00,291.1855586897775,0.0,54.39983166801111,20.97174315743933
2026-11-15 21:00:00,293.3574491832746,0.0,51.261875516888,18.18443714988543
2026-11-15 22:00:00,293.0862079595973,0.0,535.4933947418846,15.338774927646423
2026-11-15 23:00:00,294.9184566370579,0.0,420.6879158275308,14.391455482411542
2026-11-16 00:00:00,296.00351294779813,0.0,512.67842876073,12.719479744015063
2026-11-16 01:00:00,297.2437708402469,0.0,548.7101530772202,13.436812489779724
2026-11-16 02:00:00,298.71252457141566,0.0,528.7853965271603,12.570170699796432
2026-11-16 03:00:00,300.2697854965143,0.0,518.9965061549516,13.897583385297597
2026-11-16 04:00:00,300.72895389892386,0.0,561.2078106286772,14.34354419394093
2026-11-16 05:00:00,300.83111087023025,0.0,458.1416752536502,13.58802478248703
2026-11-16 06:00:00,300.01186840523894,0.2270144072456378,46.98005959457949,16.17409372788129
2026-11-16 07:00:00,300.8571323031096,0.4713670816614519,41.486359883465056,18.94981790702376
2026-11-16 08:00:00,299.6284999730096,0.6835895751376875,44.606438389662735,19.565036148240278
2026-11-16 09:00:00,299.6927509327561,0.8492159918149955,33.208247934641435,21.165748734214183
2026-11-16 10:00:00,298.6540063979232,0.956956602428813,28.127924106352,24.340037648355434
2026-11-16 11:00:00,295.821444226728,0.9994673953832336,36.17843572680801,25.405067808326965
2026-11-16 12:00:00,294.1927352751462,0.9738506726365536,56.07164147326454,27.077175218796974
2026-11-16 13:00:00,293.64014397283427,0.881852567868768,51.34774273646126,27.220654911822603
2026-11-16 14:00:00,291.4395845309995,0.7297440233395588,34.722899375189186,28.71773909487542
2026-11-16 15:00:00,290.8705615352681,0.5278933385090345,53.78788329520334,27.1048630895448
2026-11-16 16:00:00,288.58402259335685,0.290059427138148,24.41911191293591,26.30735599944073
2026-11-16 17:00:00,289.23069322779185,0.0324539571672641,51.119294446913,25.8285156294609
2026-11-16 18:00:00,289.8715628815682,0.0,48.99254494730474,23.543955770242636
2026-11-16 19:00:00,289.35488841036255,0.0,35.40193627040944,21.75398438528093
2026-11-16 20:00:00,291.13573443486376,0.0,51.12144271330837,19.785801834966527
2026-11-16 21:00:00,291.24554929265537,0.0,56.838215368163326,17.393023126893546
2026-11-16 22:00:00,292.2992832612378,0.0,554.4972727978292,16.74703602824456
2026-11-16 23:00:00,295.33903199037434,0.0,468.36571212211584,15.260365511593962
2026-11-17 00:00:00,298.00562768907724,0.0,612.9229071055138,15.141246218131949
2026-11-17 01:00:00,298.4621754163419,0.0,512.6966540161989,12.767578507016841
2026-11-17 02:00:00,299.9807855160183,0.0,395.56353432305673,15.927282956510066
2026-11-17 03:00:00,300.0756425205857,0.0,492.3406810957391,13.986174281573293
2026-11-17 04:00:00,301.6526987113669,0.0,451.1985630297619,15.361163183355456
2026-11-17 05:00:00,300.6612430277398,0.0,466.9775034924427,14.243212050900416
2026-11-17 06:00:00,299.2146866857567,0.2277129605063516,52.08482735533357,16.20601983479981
2026-11-17 07:00:00,300.8384934253678,0.4719996095273125,55.59148584118388,17.5147180141617
2026-11-17 08:00:00,297.51008071700863,0.684112962092838,42.13187220211073,19.3731933954032
2026-11-17 09:00:00,297.5236456510047,0.8495945618051999,60.39089458545933,22.609006859396107
2026-11-17 10:00:00,298.6348677020378,0.9571645506773104,56.31519083609335,22.296871514079232
2026-11-17 11:00:00,293.90037479425695,0.9994905473431578,42.045956192391714,24.46684811164665
2026-11-17 12:00:00,293.5030051581812,0.9736874501818084,70.57248436973384,25.632411427097182
2026-11-17 13:00:00,293.203903703443,0.8815140968653891,48.53562920732166,26.52440487865789
2026-11-17 14:00:00,290.4663463592716,0.7292533752642738,54.644771018047415,27.549972184127913
2026-11-17 15:00:00,288.75730035545683,0.5272839578086627,61.97778726360009,26.728355923361697
2026-11-17 16:00:00,288.5200862639058,0.289372851529257,29.92097892266553,27.03604590320439
2026-11-17 17:00:00,288.75160799849044,0.0317369862661203,56.10092223265765,25.55287737619018
2026-11-17 18:00:00,289.76679877029886,0.0,70.34623217732967,22.99342851514004
2026-11-17 19:00:00,289.2681348735518,0.0,50.38221585548563,23.060236476687038
2026-11-17 20:00:00,290.5260339471991,0.0,40.601970819886986,18.784862392768215
2026-11-17 21:00:00,293.288926581023,0.0,41.19636376225006,18.284913377192108
2026-11-17 22:00:00,293.52365881700507,0.0,557.1072084529872,17.962815777476113
2026-11-17 23:00:00,294.9166771030212,0.0,536.9530942551622,13.692627490941723
2026-11-18 00:00:00,295.3397780520013,0.0,359.89602393597704,15.050030088986823
2026-11-18 01:00:00,296.1384889926761,0.0,426.6499969354693,12.029703587404939
2026-11-18 02:00:00,299.08516274686724,0.0,486.1921986575611,13.235688534604963
2026-11-18 03:00:00,300.85473427791464,0.0,530.1733094225178,12.575354879556059
2026-11-18 04:00:00,301.0015113689247,0.0,409.6164562467076,13.95216888586203
2026-11-18 05:00:00,301.8050158190684,0.0,504.5546638698249,13.359283261968926
2026-11-18 06:00:00,302.4518891129236,0.2284113965913554,48.883522791457615,17.987296523801337
2026-11-18 07:00:00,301.2731798398495,0.4726318945128652,56.37616995995242,18.766454594941916
2026-11-18 08:00:00,298.05843099687934,0.684635997018954,52.99585039268547,21.33694425739766
2026-11-18 09:00:00,298.1611101202233,0.8499726946132867,59.48724376039033,21.56598460338429
2026-11-18 10:00:00,299.3078672732771,0.9573720063906768,44.88242480419835,23.74920527319355
2026-11-18 11:00:00,294.46804347485903,0.9995131849878856,32.671155006721314,23.459529862924953
2026-11-18 12:00:00,294.22722612030736,0.973523726689556,42.87351471878398,24.991908282543925
2026-11-18 13:00:00,291.3640871467645,0.881175172254823,46.01934488961042,25.22351691389718
2026-11-18 14:00:00,290.1214471771656,0.7287623519315647,30.514650289518755,27.98105029089781
2026-11-18 15:00:00,291.06768332111966,0.5266743057799096,71.52175065007927,27.516254551887485
2026-11-18 16:00:00,287.7468494269772,0.2886861270156511,59.13060525246746,26.492717077306633
2026-11-18 17:00:00,290.76749576344827,0.0310199990338422,60.36238160755895,25.28766294784937
2026-11-18 18:00:00,289.01228667292395,0.0,48.90751560786121,23.376793278489505
2026-11-18 19:00:00,289.1223045283845,0.0,50.70281559520373,23.56301460437497
2026-11-18 20:00:00,292.9053937946587,0.0,43.80982450363319,19.57979367356916
2026-11-18 21:00:00,290.49582147374736,0.0,54.24480807577909,18.622514620590323
2026-11-18 22:00:00,293.5705090530245,0.0,585.2816810640415,15.469539371785636
2026-11-18 23:00:00,294.890677227621,0.0,498.7881353090538,16.605799181672367
2026-11-19 00:00:00,296.69990578133377,0.0,495.4627140447749,14.200485576940567
2026-11-19 01:00:00,296.70884532847856,0.0,476.6243902690492,12.636224326786403
2026-11-19 02:00:00,299.6613002827886,0.0,506.0980881640687,12.214293329791506
2026-11-19 03:00:00,301.6919636264664,0.0,429.4751774732448,12.321117251255876
2026-11-19 04:00:00,300.80309451045537,0.0,487.0261914675471,14.033966144250961
2026-11-19 05:00:00,301.51802065875574,0.0,553.0026421275109,16.343860688418605
2026-11-19 06:00:00,299.977488104543,0.2291097151410281,66.1877853420746,15.781955750819609
2026-11-19 07:00:00,298.7103608473649,0.4732639362927505,63.21097371886852,17.1581263336984
2026-11-19 08:00:00,299.3182155938288,0.6851586796468933,67.98981480244407,20.785566314662848
2026-11-19 09:00:00,298.3587280619814,0.8503503900446775,44.35990274674321,20.692542469836866
2026-11-19 10:00:00,295.9093863924799,0.9575789694620938,56.30174118905106,25.061153734591738
2026-11-19 11:00:00,295.2816362835009,0.9995353083057682,64.48023693291341,25.557201019844122
2026-11-19 12:00:00,292.71458840146187,0.9733595022440448,22.789691408262883,26.5726647662561
2026-11-19 13:00:00,292.470096965116,0.8808357942114725,52.18418371831897,26.488336993739146
2026-11-19 14:00:00,291.26486990633623,0.7282709535942563,65.31222928448061,27.722165167252044
2026-11-19 15:00:00,290.3132414835526,0.5260643827364884,53.86231413885973,26.997318961740117
2026-11-19 16:00:00,289.9735949755218,0.2879992539507033,41.532673128844685,24.545015401312615
2026-11-19 17:00:00,288.6683001861206,0.0303029958393753,59.41445164109574,25.869282657164543
2026-11-19 18:00:00,289.1756669719497,0.0,48.24257990015579,23.628545176347217
2026-11-19 19:00:00,290.3023853378056,0.0,45.34385934560813,21.936837560448456
2026-11-19 20:00:00,290.2078951938652,0.0,53.8503170791869,18.83203996594159
2026-11-19 21:00:00,292.336074463251,0.0,67.57067281083721,17.00692991710868
2026-11-19 22:00:00,294.41531031115915,0.0,454.486242818033,16.65791423384438
2026-11-19 23:00:00,293.90016979678046,0.0,492.41587601341655,14.313423321190644
2026-11-20 00:00:00,297.0591880229123,0.0,484.66728568294354,15.11895274134913
2026-11-20 01:00:00,298.2685852028576,0.0,494.81173841525873,12.114301380949517
2026-11-20 02:00:00,298.09966499849844,0.0,415.7250483641034,14.35383345358309
2026-11-20 03:00:00,299.9220916465724,0.0,582.3819440762198,12.549055352391372
2026-11-20 04:00:00,301.3462309730296,0.0,500.0001090765906,13.81846685520787
2026-11-20 05:00:00,299.8137615389055,0.0,493.0354975335095,15.14894919061712
2026-11-20 06:00:00,302.78212826548804,0.2298079157960309,65.54645677144019,16.641550207489207
2026-11-20 07:00:00,299.248553297064,0.473895734541734,59.5003768496951,18.48835755323367
2026-11-20 08:00:00,300.37786078933186,0.6856810097076955,74.4688954196711,20.18642414517658
2026-11-20 09:00:00,297.78752888731395,0.8507276479050186,48.750135205300055,21.620173380502475
2026-11-20 10:00:00,295.9416382288565,0.9577854397850628,52.00100927228858,23.641055894846406
2026-11-20 11:00:00,295.861619575419,0.9995569172854212,49.25002020568832,26.1782061624728
2026-11-20 12:00:00,293.158732128656,0.9731947769297812,43.311168693754944,26.84535043494209
2026-11-20 13:00:00,293.3683580578023,0.8804959629099739,51.25086122665512,25.077164064476015
2026-11-20 14:00:00,291.84052404873336,0.7277791805052111,40.44154070047737,25.13755678004309
2026-11-20 15:00:00,287.8517200383038,0.5254541889922516,33.497080144671685,27.509935908023706
2026-11-20 16:00:00,289.8813642387432,0.2873122326878628,37.389192338483696,25.650275718370498
2026-11-20 17:00:00,289.4680881099707,0.0295859770516731,58.21057620519145,24.06865598673358
2026-11-20 18:00:00,289.2187311511317,0.0,43.36364754297915,24.442500332487235
2026-11-20 19:00:00,289.9845147145765,0.0,61.20450198853777,22.889993415124028
2026-11-20 20:00:00,290.6360530952578,0.0,46.92461849446181,19.17896589964007
2026-11-20 21:00:00,290.09618229574187,0.0,42.1195841478002,19.019453172308413
2026-11-20 22:00:00,292.43149058147674,0.0,446.80997675864825,16.19283152372934
2026-11-20 23:00:00,294.3952195423991,0.0,511.74874145196986,15.703683236253507
2026-11-21 00:00:00,294.9358287988666,0.0,520.8545470548083,13.28054331238725
2026-11-21 01:00:00,298.132502099092,0.0,517.7366828041658,13.24419239170973
2026-11-21 02:00:00,302.07257718119524,0.0,426.5474801874214,12.712603123189407
2026-11-21 03:00:00,300.4504269772268,0.0,609.3899083229002,13.51650267529562
2026-11-21 04:00:00,301.2297369239448,0.0,487.2571029266684,14.505128649353594
2026-11-21 05:00:00,302.5215273921628,0.0,432.1466563599951,13.567111382791868
2026-11-21 06:00:00,301.6938993178483,0.2305059981970856,62.339516269396,17.46330889214881
2026-11-21 07:00:00,300.5196611950628,0.4745272889347066,55.60638039770999,17.416410323319365
2026-11-21 08:00:00,298.32212273692744,0.6862029869325813,55.00377255705391,18.874662046446318
2026-11-21 09:00:00,297.25342560886065,0.8511044680001819,57.751303412628445,20.7573071737358
2026-11-21 10:00:00,296.0938636450887,0.9579914172533394,66.1752619429614,23.130507842159208
2026-11-21 11:00:00,293.95507058329457,0.9995780119157256,60.481801775722246,25.629211949845185
2026-11-21 12:00:00,292.84006189976685,0.973029550831529,47.41386086988772,25.567803674833232
2026-11-21 13:00:00,292.2271836736633,0.8801556785251968,51.89185068439586,26.09140284525597
2026-11-21 14:00:00,289.0664565477688,0.7272870329174843,52.48627999455693,28.92991672754238
2026-11-21 15:00:00,291.23864245677214,0.524843724861191,46.38197785385453,28.456591939700147
2026-11-21 16:00:00,288.8136358296848,0.2866250635806552,63.36808608412885,26.314943384250324
2026-11-21 17:00:00,289.2075115394226,0.0288689430396973,57.77394909095076,24.110895895702573
2026-11-21 18:00:00,289.8706428659753,0.0,58.49844797785965,24.803547516116573
2026-11-21 19:00:00,289.6602345628424,0.0,62.18136863140844,23.15743615196274
2026-11-21 20:00:00,289.57339068000687,0.0,46.675749420185,21.47811609702522
2026-11-21 21:00:00,292.19696905804034,0.0,56.0941666542784,16.963483156828055
2026-11-21 22:00:00,293.7859409763315,0.0,484.4602413955337,14.453170620911669
2026-11-21 23:00:00,295.15609333509263,0.0,462.72106837091,14.688296316768293
2026-11-22 00:00:00,296.76386197246995,0.0,509.09122460033007,12.620883899041669
2026-11-22 01:00:00,296.7169830859121,0.0,539.0603104607892,13.428543409826068
2026-11-22 02:00:00,300.5931591744315,0.0,482.14224621237474,12.367553149439166
2026-11-22 03:00:00,300.80217424492383,0.0,451.6345907902857,12.769202025108878
2026-11-22 04:00:00,301.1722118729946,0.0,555.134613436246,13.252624059132478
2026-11-22 05:00:00,299.1867871370436,0.0,462.2875301027204,15.805322965230971
2026-11-22 06:00:00,301.3922076093786,0.2312039619849747,61.07731003101983,16.00309217954601
2026-11-22 07:00:00,300.6216836991321,0.4751585991466846,71.27113604408126,18.57091152882944
2026-11-22 08:00:00,299.70793151621183,0.686724611052953,22.321673277422125,18.692070360661646
2026-11-22 09:00:00,296.05488491714766,0.8514808501362641,51.93216780028657,23.155023451035177
2026-11-22 10:00:00,297.6633343510975,0.958196901760932,48.51250364962789,23.150159923421327
2026-11-22 11:00:00,294.9903012961612,0.9995985921858196,42.66531996932096,25.32556504144753
2026-11-22 12:00:00,294.4935173057067,0.9728638240343098,50.36785399639593,25.19819837366503
2026-11-22 13:00:00,292.046223826782,0.8798149412322437,53.323479790566246,27.033421921855897
2026-11-22 14:00:00,288.96485595481084,0.7267945110843241,39.81873851199789,25.16822899959516
2026-11-22 15:00:00,289.7723146719927,0.5242329906576314,32.824727583736646,27.45988667673448
2026-11-22 16:00:00,289.3953472272038,0.2859377469826821,43.71822240319018,27.3252543275773
2026-11-22 17:00:00,289.82853572556013,0.0281518941724173,35.703400703703785,24.83515769681877
2026-11-22 18:00:00,291.7445068245612,0.0,49.416861649099,23.995579552698207
2026-11-22 19:00:00,289.8727987663747,0.0,51.107363717394925,20.090520034029684
2026-11-22 20:00:00,292.8972535138138,0.0,50.57847700235331,18.5961018505531
2026-11-22 21:00:00,290.3024334989259,0.0,43.68093195724649,18.78676044664337
2026-11-22 22:00:00,291.9311994842032,0.0,503.5274788768343,14.425438888551884
2026-11-22 23:00:00,294.3550435297291,0.0,546.0727276727548,14.398926145220734
2026-11-23 00:00:00,296.3512011113644,0.0,472.2292496880468,12.64336657951102
2026-11-23 01:00:00,298.6724149068023,0.0,468.7285201630059,14.279653471115374
2026-11-23 02:00:00,298.7310845729866,0.0,489.1813647257169,13.19078737276545
2026-11-23 03:00:00,300.90466737064,0.0,415.9499166017248,16.215124968369665
2026-11-23 04:00:00,300.5415654152927,0.0,467.41619662551005,15.559295013283915
2026-11-23 05:00:00,299.3107007007785,0.0,566.6211227026298,13.7637996310293
2026-11-23 06:00:00,300.2157302811544,0.2319018068003208,41.67595420187232,16.051496918221762
2026-11-23 07:00:00,301.8897241799046,0.4757896648526104,56.458467455714725,18.795113693326837
2026-11-23 08:00:00,300.49012457786966,0.6872458818000645,31.78388552868545,20.770254054855258
2026-11-23 09:00:00,295.8077992856979,0.8518567941194684,56.34711759190095,22.95187948595815
2026-11-23 10:00:00,297.4405084558394,0.9584018932021025,67.36026510824954,23.456672418872586
2026-11-23 11:00:00,296.88419434796833,0.9996186580851204,46.063818607962766,24.245647601658195
2026-11-23 12:00:00,295.5027957468352,0.9726975966234556,21.458052919859583,25.31381853024952
2026-11-23 13:00:00,291.9966428791456,0.8794737512066668,57.98834462254083,26.604652081080527
2026-11-23 14:00:00,290.9771022304016,0.7263016152593272,66.91204693855602,25.578169182697813
2026-11-23 15:00:00,289.63712719575466,0.5236219866954556,39.81949468537161,26.71679889272133
2026-11-23 16:00:00,288.319645397046,0.285250283248057,55.71478011775388,24.256985026980907
2026-11-23 17:00:00,288.76593046131006,0.0274348308190374,41.69797594563511,25.749052532476583
2026-11-23 18:00:00,289.95118500364174,0.0,61.07087691065394,22.350825378028887
2026-11-23 19:00:00,290.2018878458338,0.0,41.96865429494358,22.048557794162427
2026-11-23 20:00:00,290.26996420616524,0.0,57.75240073356531,21.256050300199007
2026-11-23 21:00:00,293.97476984903017,0.0,37.87039111719447,17.524266479313965
2026-11-23 22:00:00,293.5180773324802,0.0,468.4530638219861,17.570775057328657
2026-11-23 23:00:00,294.2723574819633,0.0,503.8732859158701,15.722511566754998
2026-11-24 00:00:00,297.76309563385183,0.0,508.9133481102925,14.122932714378077
2026-11-24 01:00:00,297.57345980624416,0.0,550.6765263644065,13.028170064347494
2026-11-24 02:00:00,299.20125348417014,0.0,460.1331848499861,13.986027011495656
2026-11-24 03:00:00,298.3708583684539,0.0,491.0038527628296,12.781982470293508
2026-11-24 04:00:00,302.97272999867226,0.0,513.4171114892971,13.711467958146805
2026-11-24 05:00:00,300.7836418304924,0.0,505.5431034745072,14.758923935992966
2026-11-24 06:00:00,300.19219029118284,0.2325995322844711,37.21663872301436,16.94838597290206
2026-11-24 07:00:00,300.63757078087326,0.4764204857281516,40.73009277756243,16.47719782099222
2026-11-24 08:00:00,299.73865694697514,0.6877667989063424,45.08877011088692,19.30242332800593
2026-11-24 09:00:00,296.998343737984,0.8522322997565808,51.36279244150239,21.55086149993634
2026-11-24 10:00:00,297.6500751755744,0.9586063914713676,53.45498988677112,24.741849235578318
2026-11-24 11:00:00,294.76360231423456,0.999638209603308,62.25914931617083,25.355858104131237
2026-11-24 12:00:00,293.76476299530475,0.972530868684398,46.89222681139031,26.26284185349091
2026-11-24 13:00:00,292.97835714664257,0.8791321086236021,49.13853085250211,27.331797246090293
2026-11-24 14:00:00,291.12488724025,0.7258083456958142,58.11211651961724,25.862475558686285
2026-11-24 15:00:00,288.5934495290885,0.5230107132892658,40.84640721933346,26.784634732458866
2026-11-24 16:00:00,288.15365641714203,0.2845626727296616,49.94261126202353,25.898982095382184
2026-11-24 17:00:00,289.1046935230668,0.0267177533480878,42.478034281825245,25.200727442613452
2026-11-24 18:00:00,288.33959325772474,0.0,44.92249294656295,22.022116319396325
2026-11-24 19:00:00,289.48474412057607,0.0,60.358747822751,21.667137550787558
2026-11-24 20:00:00,289.88472946094055,0.0,50.74803104386846,21.26540563622391
2026-11-24 21:00:00,292.84223839966904,0.0,50.39533870603223,18.24585459381918
2026-11-24 22:00:00,294.9114706108031,0.0,544.7355677272886,15.228407476654231
2026-11-24 23:00:00,295.1010475849877,0.0,515.758883470696,15.20682234139921
2026-11-25 00:00:00,295.7713599436508,0.0,512.3945761217337,13.516508607603047
2026-11-25 01:00:00,298.55882732776223,0.0,538.0871069085485,13.732612894145428
2026-11-25 02:00:00,298.451359542371,0.0,494.94525968488495,15.321163844112114
2026-11-25 03:00:00,300.309150043474,0.0,540.7519108333686,13.879560394045408
2026-11-25 04:00:00,300.967190958543,0.0,536.1227070569093,13.670475913067081
2026-11-25 05:00:00,299.7939529895684,0.0,349.02713946256466,14.286770759136857
2026-11-25 06:00:00,302.476582197468,0.2332971380781706,71.54970791978099,14.901140243320446
2026-11-25 07:00:00,298.6919595836125,0.4770510614485023,52.93298985509049,18.268316984774707
2026-11-25 08:00:00,300.36034848170505,0.688287362103404,43.691769872152186,20.16960439001535
2026-11-25 09:00:00,299.22147745555776,0.8526073668542555,50.67859275448572,20.07585363085669
2026-11-25 10:00:00,296.3456644747839,0.9588103964634966,34.53795377824605,21.91437193863707
2026-11-25 11:00:00,295.17636751319907,0.9996572467303158,33.37678262327904,24.415530075533525
2026-11-25 12:00:00,295.08381486374066,0.972363640302984,52.04322148060265,26.311068844378763
2026-11-25 13:00:00,293.4856589729859,0.8787900136590674,48.37447302987242,25.69512965923537
2026-11-25 14:00:00,291.68790809923985,0.7253147026477667,62.13672322664508,25.90664830533257
2026-11-25 15:00:00,291.2083153023418,0.5223991707536096,41.198826968846205,25.646904814981703
2026-11-25 16:00:00,289.91607556114525,0.2838749157817603,57.267842896699904,26.75684786696539
2026-11-25 17:00:00,288.87472904802297,0.0260006621287875,47.26067978058167,24.76863072892366
2026-11-25 18:00:00,288.55350689352866,0.0,45.330089515321575,24.102825132017376
2026-11-25 19:00:00,289.79719349989887,0.0,57.77480879540792,22.278892785586983
2026-11-25 20:00:00,290.7422609451326,0.0,42.92567314118237,19.42351259665147
2026-11-25 21:00:00,291.3379388421608,0.0,44.9591409614721,18.03374024343562
2026-11-25 22:00:00,293.50320048727497,0.0,499.0464454307478,15.817156995736138
2026-11-25 23:00:00,294.50845076632,0.0,473.5538149439608,15.657377863276793
2026-11-26 00:00:00,297.2433634709152,0.0,586.8939427883021,14.181412250894443
2026-11-26 01:00:00,298.0334015760527,0.0,515.3759715591392,13.664462269279051
2026-11-26 02:00:00,299.9724154430219,0.0,546.0357206445011,12.775487847254862
2026-11-26 03:00:00,300.8930046703088,0.0,466.7372133449253,14.277335786345843
2026-11-26 04:00:00,303.07911505353377,0.0,524.5012826487468,14.707098117424527
2026-11-26 05:00:00,300.9183044302479,0.0,464.4796571609773,15.000741343428437
2026-11-26 06:00:00,300.73925015596,0.2339946238224473,44.45531220656464,15.214963027704954
2026-11-26 07:00:00,299.2463687956221,0.4776813916891822,44.10403640857763,17.342960919187686
2026-11-26 08:00:00,299.3615111126915,0.6888075711233794,55.64211918092782,18.884458669431485
2026-11-26 09:00:00,298.83083753578563,0.8529819952194916,22.055213497549108,21.700630783033414
2026-11-26 10:00:00,297.5617357978373,0.9590139080735136,53.43027216645682,22.270991531308553
2026-11-26 11:00:00,295.0741332967071,0.9996757694563472,67.36316922097186,25.74162099789271
2026-11-26 12:00:00,294.1932095900736,0.9721959115652656,47.3347859191071,27.020503382505876
2026-11-26 13:00:00,292.64543727721053,0.8784474664890969,42.5117039059738,27.299837492747656
2026-11-26 14:00:00,290.4312439565054,0.724820686369202,66.64149036087242,27.442806642234807
2026-11-26 15:00:00,289.9540681320967,0.521787359403173,42.80794906694317,26.222259961008092
2026-11-26 16:00:00,289.2386678132733,0.2831870127582573,43.73176098144922,26.289985287068127
2026-11-26 17:00:00,289.2380741095212,0.0252835575301354,39.15160508491626,25.034275260525025
2026-11-26 18:00:00,289.2043504589413,0.0,55.180604800722925,22.479881761800744
2026-11-26 19:00:00,290.2606488899954,0.0,63.259416162023264,21.928577052095942
2026-11-26 20:00:00,291.93075435703554,0.0,39.129883802578,18.859483345198978
2026-11-26 21:00:00,291.986199320928,0.0,36.79936223221445,19.196323997173984
2026-11-26 22:00:00,292.82646293571,0.0,491.90089600968366,16.479051122638893
2026-11-26 23:00:00,295.53949057822604,0.0,459.1270910996196,13.365497479280778
2026-11-27 00:00:00,296.0211270315347,0.0,472.23907715415226,13.402891593573425
2026-11-27 01:00:00,297.279924560848,0.0,404.74354105996383,12.651266815201081
2026-11-27 02:00:00,297.97956137893425,0.0,470.97210085642257,12.588138987495535
2026-11-27 03:00:00,299.8565011636496,0.0,562.0241616491097,14.991228412240702
2026-11-27 04:00:00,300.4375356355855,0.0,494.1054354239936,15.059389358607847
2026-11-27 05:00:00,299.7721883167708,0.0,528.6528394925832,14.370765916866297
2026-11-27 06:00:00,302.59645024180406,0.2346919891583906,50.432296353639394,15.220721621019699
2026-11-27 07:00:00,301.8252891029946,0.4783114761258379,38.57121688289688,19.4044246304168
2026-11-27 08:00:00,299.6972124392396,0.6893274256985806,47.300415364738775,18.82232802980048
2026-11-27 09:00:00,299.4889051305056,0.8533561846595136,60.04228835515175,21.287852863978028
2026-11-27 10:00:00,296.1886857282731,0.9592169261966956,53.12791987944787,22.532739273203205
2026-11-27 11:00:00,294.47088817159545,0.9996937777718712,62.422464959841854,25.69662279365018
2026-11-27 12:00:00,294.7792656407001,0.972027682557552,45.78035557335815,24.061585941559034
2026-11-27 13:00:00,292.06736205478,0.8781044672899577,32.56627659620223,27.062192117399846
2026-11-27 14:00:00,290.65704932628506,0.7243262971143299,63.77934714228857,27.534763969406878
2026-11-27 15:00:00,290.85380021322345,0.52117527955278,53.39054591301744,27.006520666028017
2026-11-27 16:00:00,290.2695816296903,0.282498964013132,59.59627979907738,26.59391644585401
2026-11-27 17:00:00,288.43391361746603,0.0245664399211373,45.123951412273,24.350311456888925
2026-11-27 18:00:00,288.22465897455334,0.0,43.81806095067233,24.318567293624707
2026-11-27 19:00:00,288.88304173354817,0.0,76.15746868843362,20.840264118275783
2026-11-27 20:00:00,290.82089169972664,0.0,27.124881018098563,20.860158721423268
2026-11-27 21:00:00,292.36725494971387,0.0,47.0201450834521,18.819725459733085
2026-11-27 22:00:00,294.0792116983313,0.0,541.2546369730863,16.012865321734182
2026-11-27 23:00:00,295.5077675601244,0.0,515.9386608226578,15.484302150246457
2026-11-28 00:00:00,296.7922398678725,0.0,490.19995641161546,13.641629918923341
2026-11-28 01:00:00,298.35260640296843,0.0,607.6519152184181,13.814356296628578
2026-11-28 02:00:00,299.55945803096586,0.0,368.7352373331723,13.295202994756929
2026-11-28 03:00:00,301.20831953588385,0.0,493.8530516460274,12.812540562154888
2026-11-28 04:00:00,301.2752481011577,0.0,439.14611371390026,13.472132015956035
2026-11-28 05:00:00,299.38481604005807,0.0,447.13786737523935,13.767652574818172
2026-11-28 06:00:00,300.83778819372554,0.2353892337271524,46.84675379355336,17.01793668649928
2026-11-28 07:00:00,300.9256986493133,0.478941314434242,26.407317669011967,17.725327898607937
2026-11-28 08:00:00,299.6654242567174,0.6898469255615025,61.31485201261725,18.898112016196308
2026-11-28 09:00:00,298.56148599931134,0.8537299349817721,52.863905187949264,22.01682390505013
2026-11-28 10:00:00,298.8833229176615,0.9594194507284466,50.81794976641161,24.808646698430895
2026-11-28 11:00:00,295.8118282632898,0.9997112716676212,46.73172354789039,24.82633056178523
2026-11-28 12:00:00,293.36101319636225,0.97185895336641,62.03519390723726,26.82400620183916
2026-11-28 13:00:00,294.6495080270437,0.8777610162381494,66.51493955650348,26.590198320583227
2026-11-28 14:00:00,290.71597989725774,0.723831535137552,46.90183106648779,27.064948179700156
2026-11-28 15:00:00,288.5126182807838,0.5205629315173932,56.85988744924517,27.678229280596007
2026-11-28 16:00:00,291.90657881149366,0.2818107699004387,40.50641229991385,27.305967377930298
2026-11-28 17:00:00,288.9036265452937,0.0238493096708056,56.94559545553928,24.56637795014298
2026-11-28 18:00:00,288.89112558224224,0.0,50.35957713064735,23.465800410610363
2026-11-28 19:00:00,289.4387047557803,0.0,65.71586145928455,23.43416694301628
2026-11-28 20:00:00,290.9271697791927,0.0,56.87856935370166,20.33466747072505
2026-11-28 21:00:00,291.7257146417875,0.0,33.28499580073097,18.385123021079693
2026-11-28 22:00:00,292.5247781789669,0.0,509.54545656774894,16.964519340108104
2026-11-28 23:00:00,298.0150034799713,0.0,433.23953273016497,16.077262937023807
2026-11-29 00:00:00,297.88851833737766,0.0,466.0351078177425,14.8307840883817
2026-11-29 01:00:00,299.5007893203675,0.0,479.13488264994544,12.19248376938728
2026-11-29 02:00:00,299.09608195034804,0.0,539.1666183790676,14.117830234280035
2026-11-29 03:00:00,300.1130805605926,0.0,440.353561808623,12.972801037159952
2026-11-29 04:00:00,301.66578110209434,0.0,541.2921375242541,11.90477312440837
2026-11-29 05:00:00,300.3679780591226,0.0,473.1805277092828,16.702870920015265
2026-11-29 06:00:00,300.6340224874401,0.2360863571699461,61.110482299159855,15.544665411236224
2026-11-29 07:00:00,300.3820803207795,0.4795709062902942,43.7650924719397,16.753329257871606
2026-11-29 08:00:00,299.5591252403263,0.690366070444822,24.79614524048737,20.65382956978969
2026-11-29 09:00:00,297.8182471762944,0.8541032459939437,65.53926450400714,21.11767802885606
2026-11-29 10:00:00,298.0455178758626,0.9596214815648082,36.61962631118341,23.55149832719385
2026-11-29 11:00:00,294.3340705245176,0.9997282511345948,35.26024018294234,23.875287333067533
2026-11-29 12:00:00,291.94132024623394,0.9716897240786642,73.71490555557007,24.353419846342984
2026-11-29 13:00:00,291.6036557726051,0.8774171135104041,41.40893776475463,26.75687212680015
2026-11-29 14:00:00,290.3755879638688,0.7233364006934614,48.104472756630095,28.051192001654613
2026-11-29 15:00:00,290.33963577909486,0.519950315612113,44.46052413184044,25.58309621443974
2026-11-29 16:00:00,291.1480784899772,0.2811224307743064,61.45119252646055,25.998216682621386
2026-11-29 17:00:00,289.397203566511,0.0231321671481594,56.95298538021661,25.606899468823254
2026-11-29 18:00:00,289.0309855160128,0.0,51.92493284777055,23.051427907792
2026-11-29 19:00:00,290.3728341270451,0.0,63.84090119712186,22.83173808767845
2026-11-29 20:00:00,289.53278373657463,0.0,49.85262826851587,18.87849679514083
2026-11-29 21:00:00,292.48967050634576,0.0,41.60141666195569,16.470583815221435
2026-11-29 22:00:00,294.9389498495694,0.0,471.0184085239139,15.57885074312642
2026-11-29 23:00:00,295.87790961266023,0.0,466.4321736478527,14.548437168321215
2026-11-30 00:00:00,296.5892524841546,0.0,574.3306214224511,12.897029174972223
2026-11-30 01:00:00,296.7052709596474,0.0,491.5646164448432,13.518180234495544
2026-11-30 02:00:00,300.21791473118344,0.0,526.9351665043455,11.937045804205002
2026-11-30 03:00:00,300.1240160748001,0.0,579.8747493577165,13.591315886332168
2026-11-30 04:00:00,300.35798152784497,0.0,464.4058338897873,12.281837038684445
2026-11-30 05:00:00,300.86857698001,0.0,434.90624499349184,13.804478423134167
2026-11-30 06:00:00,301.72962391490887,0.2367833591280481,25.65257324994345,17.30982515698216
2026-11-30 07:00:00,299.16676175017244,0.4802002513700206,50.5116371379288,19.44374158318942
2026-11-30 08:00:00,299.48531621529594,0.6908848600813989,60.643488558476605,19.800124424134403
2026-11-30 09:00:00,296.5169886548781,0.854476117503931,44.479627835512495,24.56723305435379
2026-11-30 10:00:00,295.12563339717667,0.9598230186016916,49.51652291979193,22.279806457043776
2026-11-30 11:00:00,295.63473929675524,0.999744716164055,35.65777489276661,23.54190525674406
2026-11-30 12:00:00,295.0001233132726,0.9715199947813958,58.74079249195326,25.455120028312383
2026-11-30 13:00:00,291.52475764881325,0.8770727592836863,53.24272375508763,26.003018582802994
2026-11-30 14:00:00,291.21575865665574,0.7228408940368432,64.33289056100078,27.73831319580275
2026-11-30 15:00:00,290.7117795270574,0.5193374321521776,56.21189365677164,27.256030420482823
2026-11-30 16:00:00,289.4948429062292,0.2804339469889388,47.218117432458286,23.758553676447235
2026-11-30 17:00:00,289.6872681874823,0.022415012722224,49.96264552258148,25.116816764190265
2026-11-30 18:00:00,290.19858895003654,0.0,64.21510812800484,23.63894151882636
2026-11-30 19:00:00,289.8601456813405,0.0,40.00950046584431,23.247288771884016
2026-11-30 20:00:00,293.0825103077071,0.0,57.54111112113844,20.365748877660256
2026-11-30 21:00:00,290.88211012693,0.0,46.48465706980426,16.83673060965541
2026-11-30 22:00:00,293.2956696562742,0.0,470.874639239977,15.76543614321019
2026-11-30 23:00:00,296.1203406521857,0.0,445.34893002417,14.880249763353431
2026-12-01 00:00:00,296.5756478012582,0.0,513.9964057876972,11.977542856702275
2026-12-01 01:00:00,299.4773479614136,0.0,431.6962800318017,13.827511120294567
2026-12-01 02:00:00,297.85668928025154,0.0,514.8221886409224,14.550842993160453
2026-12-01 03:00:00,300.7513539741933,0.0,545.2103789101783,13.00425089095335
2026-12-01 04:00:00,301.4350400121748,0.0,470.5851046387355,12.794573824318332
2026-12-01 05:00:00,300.09832412161614,0.0,544.1047738222456,14.832588578168119
2026-12-01 06:00:00,300.77015409555474,0.2374802392427967,56.35130750884295,16.178777330103827
2026-12-01 07:00:00,301.3659666655652,0.4808293493495746,40.78898785084615,17.920315081787198
2026-12-01 08:00:00,301.1532647252891,0.691403294204276,36.26206741922245,19.486097214267577
2026-12-01 09:00:00,296.07405090868053,0.854848549319863,46.87191451522733,20.336794437500583
2026-12-01 10:00:00,296.9834204594447,0.9600240617353905,40.59184674415843,24.31571422412062
2026-12-01 11:00:00,296.5005816655071,0.9997606667475292,39.343745785538914,24.212341173431508
2026-12-01 12:00:00,294.1271967729082,0.9713497655619436,74.98579104161479,26.86089995090757
2026-12-01 13:00:00,293.6272870272972,0.8767279537351931,43.0525973681666,26.431324042808267
2026-12-01 14:00:00,288.19430250925086,0.7223450154226737,53.110814646919096,25.62713489515492
2026-12-01 15:00:00,290.4563223079797,0.5187242814529631,40.914932174676814,26.463146379726727
2026-12-01 16:00:00,290.47710582118174,0.2797453188986142,44.3746323336942,25.368886527161372
2026-12-01 17:00:00,288.28248432862586,0.0216978467620307,60.24277275490517,25.705871014015987
2026-12-01 18:00:00,289.34578041671216,0.0,56.18948431267559,22.90406838805473
2026-12-01 19:00:00,290.66719391591226,0.0,50.64549433915253,20.419857026477704
2026-12-01 20:00:00,290.3134705175412,0.0,38.58450521345432,20.074091368704856
2026-12-01 21:00:00,291.82960332953604,0.0,38.0507942978765,19.94154373197911
2026-12-01 22:00:00,293.39994188448264,0.0,474.24204970670655,14.998666118915082
2026-12-01 23:00:00,294.40796101766585,0.0,488.386298002472,15.870196238899053
2026-12-02 00:00:00,296.2218975400371,0.0,562.6894958350906,14.639626675124536
2026-12-02 01:00:00,299.1417543250208,0.0,495.2020584824473,11.135213142650889
2026-12-02 02:00:00,298.3706866054027,0.0,522.9386889548913,13.005705379302796
2026-12-02 03:00:00,299.7411724100124,0.0,439.5356161992864,15.597179020780974
2026-12-02 04:00:00,300.32527491808304,0.0,541.4495718400084,12.82989668647644
2026-12-02 05:00:00,299.838077206816,0.0,508.4055713459485,16.46488708108531
2026-12-02 06:00:00,300.94213975947747,0.2381769971555934,65.64478245622378,16.106210244233832
2026-12-02 07:00:00,302.04724678425026,0.4814581999052366,51.16191404476732,17.259472954979316
2026-12-02 08:00:00,299.22411888127294,0.6919213725466786,50.7638602106471,19.66967101098435
2026-12-02 09:00:00,298.1002269424811,0.8552205412500943,42.11765524747238,21.70044657646727
2026-12-02 10:00:00,297.4162376633528,0.960224610862452,38.87409124998446,22.130950817338313
2026-12-02 11:00:00,295.5201430499316,0.9997761028768098,69.63086388243454,26.089809302742086
2026-12-02 12:00:00,293.5678613945956,0.9711790365079042,51.302211927487456,25.289126695487557
2026-12-02 13:00:00,293.5177234837723,0.8763826970423534,52.200069225793946,27.415650447705843
2026-12-02 14:00:00,290.2265351223766,0.7218487651061211,64.42948963403973,26.546478878892664
2026-12-02 15:00:00,289.6341480665328,0.5181108638299828,48.061044159190295,28.29885302874122
2026-12-02 16:00:00,289.8115221144089,0.2790565468576849,54.467921953660415,25.981515132099563
2026-12-02 17:00:00,289.2831268534354,0.0209806696366169,43.28704573799335,23.917793649558575
2026-12-02 18:00:00,287.8640080244278,0.0,53.85652211144211,21.37005945988551
2026-12-02 19:00:00,289.49330788295566,0.0,42.98694693585029,22.617951266316503
2026-12-02 20:00:00,291.6444935604845,0.0,31.668061226048938,19.85695986166374
2026-12-02 21:00:00,291.18678613379274,0.0,59.52829400157111,16.28092971845386
2026-12-02 22:00:00,292.47114013224456,0.0,443.1509124512545,15.802558616606069
2026-12-02 23:00:00,295.38473628770737,0.0,496.3294367103263,15.191954731126021
2026-12-03 00:00:00,296.35315619349154,0.0,421.23925710595415,14.250875714627513
2026-12-03 01:00:00,297.684753491872,0.0,518.5939358164447,12.53195636545677
2026-12-03 02:00:00,299.7065238462334,0.0,401.44443030999287,13.582782930978727
2026-12-03 03:00:00,299.9504725762817,0.0,489.54189235356137,14.442995464234333
2026-12-03 04:00:00,301.5589548213158,0.0,465.66705122899367,14.081701946564918
2026-12-03 05:00:00,301.2875399562932,0.0,437.0823090117851,15.157436984518133
2026-12-03 06:00:00,299.86310854430144,0.2388736325079022,53.66178255009315,15.504527757705894
2026-12-03 07:00:00,300.6713735338617,0.4820868027130159,63.07201172417592,19.723015137318257
2026-12-03 08:00:00,300.2625764944104,0.6924390948420156,34.87863901390448,20.58812663478235
2026-12-03 09:00:00,299.1463757434638,0.8555920931032065,27.82880007297367,22.265309102506123
2026-12-03 10:00:00,298.59904421793146,0.9604246658796792,42.58342278422905,22.056596302124124
2026-12-03 11:00:00,295.32949712038754,0.9997910245439536,47.916481456716674,26.421920284403026
2026-12-03 12:00:00,293.519906535098,0.9710078077071304,48.6745312803139,24.563409736499864
2026-12-03 13:00:00,291.05170199680816,0.8760369893828286,61.28385055322504,27.28965381200903
2026-12-03 14:00:00,291.1184677215313,0.7213521433425443,59.28186476136868,27.725790830979637
2026-12-03 15:00:00,291.31471063678225,0.5174971795992769,44.46695222091017,27.020644255831034
2026-12-03 16:00:00,290.45613442694207,0.2783676312205774,37.71374168779115,26.18196803892705
2026-12-03 17:00:00,289.545897170132,0.0202634817150258,42.54428185949973,23.750537421816926
2026-12-03 18:00:00,289.5758924515804,0.0,43.9254574173842,25.177526388264493
2026-12-03 19:00:00,289.2712772740117,0.0,48.48500557560846,22.234577045915806
2026-12-03 20:00:00,291.1823942832204,0.0,61.90900706303466,18.18636107914472
2026-12-03 21:00:00,290.99021100546133,0.0,44.74602508824253,18.906005090398267
2026-12-03 22:00:00,293.01073196723445,0.0,521.2821356117813,15.975743400599729
2026-12-03 23:00:00,294.37397117458545,0.0,514.6445744714757,16.99074597249965
2026-12-04 00:00:00,294.07334259991524,0.0,481.30962367395216,14.721386863690894
2026-12-04 01:00:00,299.8136576851054,0.0,528.687932935707,12.58429133888023
2026-12-04 02:00:00,300.3958293284454,0.0,544.7892908145873,12.549215191011244
2026-12-04 03:00:00,300.3676347220472,0.0,534.5231930931645,12.376304714584045
2026-12-04 04:00:00,301.8870290997902,0.0,537.9795970332801,14.025264172839481
2026-12-04 05:00:00,301.06648930939207,0.0,444.8225988071205,17.820921502323895
2026-12-04 06:00:00,301.7877573883181,0.2395701449412504,63.054358262759216,15.7317740092429
2026-12-04 07:00:00,300.4767996082264,0.4827151574502448,59.6930360684781,19.361454659500012
2026-12-04 08:00:00,299.48449804015155,0.6929564608238786,75.17909385788133,19.986905074352563
2026-12-04 09:00:00,297.86159648146173,0.8559632046880075,47.50945251149928,22.201235436174073
2026-12-04 10:00:00,295.62629595984384,0.9606242266841274,50.49935977019659,24.17960751136263
2026-12-04 11:00:00,294.95122054506834,0.9998054317412822,60.91851355914363,25.52610818853232
2026-12-04 12:00:00,292.71320448818,0.9708360792477329,34.70404600638279,25.763315700942073
2026-12-04 13:00:00,291.2142295932835,0.8756908309345119,25.94978548186754,26.11776126838334
2026-12-04 14:00:00,290.04877391812016,0.7208551503874937,44.63662894871693,27.854118553735596
2026-12-04 15:00:00,290.12371749386693,0.5168832290758549,50.52762284005686,25.30013541617148
2026-12-04 16:00:00,287.37416803842444,0.2776785723417923,38.14063959038894,26.259865282457042
2026-12-04 17:00:00,288.9085157181754,0.019546283366306,43.822068938071006,25.110320538471417
2026-12-04 18:00:00,288.7511283085567,0.0,58.22958100690193,22.142655595708376
2026-12-04 19:00:00,288.72819101275576,0.0,47.6630134738572,21.667893960225832
2026-12-04 20:00:00,290.2589950252637,0.0,38.09663878204795,19.90878014745051
2026-12-04 21:00:00,291.7847952529206,0.0,39.52061152001514,18.651743618084218
2026-12-04 22:00:00,294.1212438371905,0.0,528.4557872327993,16.062351198327402
2026-12-04 23:00:00,294.10781392958563,0.0,524.7692308490202,14.330990019111146
2026-12-05 00:00:00,296.61012749738825,0.0,524.7388271656995,13.136660599056002
2026-12-05 01:00:00,298.1071605808427,0.0,457.83276294887855,13.469000075485017
2026-12-05 02:00:00,300.5948468204744,0.0,612.2363348735566,13.522618919393128
2026-12-05 03:00:00,299.7843915456809,0.0,448.72076523704055,13.094095989200836
2026-12-05 04:00:00,301.276788206294,0.0,481.2901099579765,14.336241933557053
2026-12-05 05:00:00,299.8568786294743,0.0,480.3040654818759,15.477798016812649
2026-12-05 06:00:00,300.4595152298742,0.2402665340972284,40.82758331950908,15.99004298199592
2026-12-05 07:00:00,300.0532608956896,0.4833432637931875,33.07445849426635,18.392126016283576
2026-12-05 08:00:00,299.8213333191577,0.6934734702260429,53.03327125681956,20.445409194367116
2026-12-05 09:00:00,297.7769842091887,0.8563338758135316,59.20639426949766,21.400545907754434
2026-12-05 10:00:00,296.47032372295627,0.9608232931731076,42.56008564363596,22.374438199198053
2026-12-05 11:00:00,293.9388687007119,0.999819324461382,54.095677034396594,26.27770421260933
2026-12-05 12:00:00,293.5225829116582,0.9706638512180792,37.69158756623238,25.707523741721168
2026-12-05 13:00:00,293.21736030000204,0.8753442218755287,46.893120988001286,26.607230782128838
2026-12-05 14:00:00,290.5385577805396,0.7203577864967108,22.74299249697708,27.288466681840273
2026-12-05 15:00:00,287.49510658061183,0.5162690125760312,46.88566437474417,27.1610594048992
2026-12-05 16:00:00,289.02594263558024,0.2769893705759033,43.926269882988784,26.686017631887058
2026-12-05 17:00:00,290.1508392192941,0.0188290749595115,57.220611297784245,24.83421301654244
2026-12-05 18:00:00,290.53351393340427,0.0,50.30397233417103,23.029373021598616
2026-12-05 19:00:00,288.1949238656909,0.0,44.17252476357437,22.66365867197272
2026-12-05 20:00:00,291.4590850175344,0.0,56.12964678519612,21.036910704053383
2026-12-05 21:00:00,292.9307509580293,0.0,40.47611950773545,17.557756724701267
2026-12-05 22:00:00,292.42119462330714,0.0,474.743072751026,16.523735832376165
2026-12-05 23:00:00,294.7795011412012,0.0,504.6436856348268,16.44953839789502
2026-12-06 00:00:00,297.59683563575663,0.0,513.7726381651969,15.05567040119339
2026-12-06 01:00:00,297.80377383825606,0.0,491.3676000814898,12.560424262826063
2026-12-06 02:00:00,299.9790998583608,0.0,502.20651203653625,13.33610824273657
2026-12-06 03:00:00,299.0594492961935,0.0,597.2089885131478,11.834256842013497
2026-12-06 04:00:00,300.8464501752578,0.0,558.9319521968404,11.570292402095042
2026-12-06 05:00:00,300.86177492318177,0.0,556.4480657236384,14.251652710232719
2026-12-06 06:00:00,301.03257334158565,0.2409627996174903,36.34150378423546,17.113951224477702
2026-12-06 07:00:00,302.0135946365555,0.4839711214186347,71.68566079087232,17.1152195118277
2026-12-06 08:00:00,298.60435351628814,0.6939901227824672,28.7924753571518,19.90478639621188
2026-12-06 09:00:00,297.7686450617978,0.8567041062890398,56.11946997712644,21.59860898233444
2026-12-06 10:00:00,297.86722243443023,0.9610218652441844,56.94326955430621,23.270321706167273
2026-12-06 11:00:00,296.7783472290197,0.999832702697104,49.82584822657674,24.33107567550404
2026-12-06 12:00:00,292.95858895098,0.970491123706794,43.32297046516562,25.99898695045913
2026-12-06 13:00:00,292.6843967448502,0.8749971623842362,25.615378761793917,26.223937491990966
2026-12-06 14:00:00,289.622193100588,0.7198600519261276,51.70292908671852,27.646365652836888
2026-12-06 15:00:00,289.07555863276644,0.5156545304158675,41.22523964906725,27.403853854508124
2026-12-06 16:00:00,289.4705097145319,0.2763000262775583,53.86938139672668,26.762009447771458
2026-12-06 17:00:00,289.4189027817556,0.0181118568637015,70.51304356509465,26.61485986136643
2026-12-06 18:00:00,288.6589612835593,0.0,64.79449543402285,22.223144297455462
2026-12-06 19:00:00,289.7505935846479,0.0,73.3883440509534,22.03393714567227
2026-12-06 20:00:00,292.07039613813504,0.0,48.31692661650756,21.527447328377583
2026-12-06 21:00:00,292.1008466813564,0.0,46.32261162393597,18.384175238487952
2026-12-06 22:00:00,292.72974206922606,0.0,547.7562436015469,15.94101308782461
2026-12-06 23:00:00,294.75131829840217,0.0,536.8424437848307,13.047416112186557
2026-12-07 00:00:00,297.6839521542942,0.0,549.1967660961792,13.348212382287551
2026-12-07 01:00:00,297.3311693054013,0.0,571.4286866418192,13.905749028710833
2026-12-07 02:00:00,298.91181540408826,0.0,584.061820576011,14.465046993667723
2026-12-07 03:00:00,300.14574275137426,0.0,478.0404284594827,12.760739434434178
2026-12-07 04:00:00,301.34618826874595,0.0,460.4225776521725,13.44883481028895
2026-12-07 05:00:00,299.70610485224665,0.0,496.43009252337134,15.19144898012026
2026-12-07 06:00:00,301.5495092979995,0.2416589411437534,68.17036926522849,15.538814354667737
2026-12-07 07:00:00,299.7448800370216,0.4845987300035052,56.42481699220324,18.88608347549701
2026-12-07 08:00:00,301.3603707076955,0.6945064182272936,72.09879329201559,18.757985055011645
2026-12-07 09:00:00,298.71399575563794,0.85707389592402,55.18313671166709,22.255412020359365
2026-12-07 10:00:00,297.40800211182807,0.9612199427951772,50.378176263277616,23.431093244046238
2026-12-07 11:00:00,298.41439900422057,0.9998455664415644,46.236672002302605,25.37428752299869
2026-12-07 12:00:00,292.8652598886813,0.9703178968027588,33.54552482646535,26.810116793407975
2026-12-07 13:00:00,293.176485061322,0.8746496526392233,47.760740919308944,26.797195697534587
2026-12-07 14:00:00,289.37242486896406,0.7193619469318668,47.30640947000859,27.783765060534524
2026-12-07 15:00:00,289.9733526700169,0.5150397829115624,66.93237347659459,27.283318967186005
2026-12-07 16:00:00,291.3908068766047,0.2756105398014782,63.94946523113799,25.76498865442877
2026-12-07 17:00:00,288.51977748029424,0.0173946294479402,56.84828218589634,24.727585535605257
2026-12-07 18:00:00,289.8967344617135,0.0,57.228641249995576,24.203238823703206
2026-12-07 19:00:00,291.4889009475013,0.0,39.50174914845197,22.370329217419837
2026-12-07 20:00:00,289.2651411025683,0.0,49.62941883864723,19.224408211181395
2026-12-07 21:00:00,291.7400137638255,0.0,57.42509195236026,17.8270433661303
2026-12-07 22:00:00,293.1362352819733,0.0,534.9847213363846,17.334836085423245
2026-12-07 23:00:00,293.8082890989569,0.0,496.4035565875236,15.499392785972859
2026-12-08 00:00:00,297.1411961257314,0.0,501.23039814975135,12.635719864786957
2026-12-08 01:00:00,298.3682418498496,0.0,491.0583666731721,12.67201911576546
2026-12-08 02:00:00,300.2968849251339,0.0,480.55759798752223,13.923719820586793
2026-12-08 03:00:00,301.7071789884448,0.0,520.811266546383,13.826889369155758
2026-12-08 04:00:00,301.65784957385773,0.0,608.7007173253799,13.850731719673812
2026-12-08 05:00:00,301.29891405811605,0.0,531.9034145106995,16.229346014333977
2026-12-08 06:00:00,301.9193649242214,0.2423549583177993,45.21916724209567,17.46389005019243
2026-12-08 07:00:00,300.5446240099128,0.4852260892248458,44.1586128251256,18.73508339686502
2026-12-08 08:00:00,297.9021511383513,0.6950223562948483,43.23932680905739,19.621286664726142
2026-12-08 09:00:00,299.3372804634556,0.8574432445281868,53.980529863013885,22.38401570391135
2026-12-08 10:00:00,296.7022788700379,0.96141752572416,54.27662002509395,22.95485895660112
2026-12-08 11:00:00,295.73124056477235,0.9998579156881432,43.91041369742365,24.19353269739954
2026-12-08 12:00:00,294.51454450519907,0.9701441705952228,46.74872719764284,26.52851607774197
2026-12-08 13:00:00,292.7238396906291,0.8743016928193107,45.993646154660055,28.611809828303237
2026-12-08 14:00:00,291.62436625280714,0.7188634717702426,46.34139914009574,26.48472638056375
2026-12-08 15:00:00,289.41158878731954,0.514424770379451,66.70941601259513,27.513338339087362
2026-12-08 16:00:00,289.9149832507564,0.2749209115024572,35.522952321891054,26.005728625154685
2026-12-08 17:00:00,290.30357583592416,0.0166773930812966,63.044848135502086,26.559620142684054
2026-12-08 18:00:00,287.77115781759977,0.0,47.55386889785724,23.888428551528147
2026-12-08 19:00:00,290.25880877374124,0.0,37.522354091373,20.639412093643028
2026-12-08 20:00:00,291.554433288086,0.0,55.315416460046,20.975702602123267
2026-12-08 21:00:00,291.27400558255914,0.0,54.89377349046748,19.53036469110499
2026-12-08 22:00:00,293.49586367266954,0.0,511.8020655664749,16.43174324123006
2026-12-08 23:00:00,294.00849157794505,0.0,510.6023848527677,15.033250254191362
2026-12-09 00:00:00,296.1189078120745,0.0,611.7836123386427,15.116800673909093
2026-12-09 01:00:00,297.2746885110463,0.0,500.6376566550288,13.476894525090612
2026-12-09 02:00:00,300.57279004773176,0.0,547.0006894498093,13.703834310076939
2026-12-09 03:00:00,300.16233988113,0.0,474.4902991006362,13.261188046563689
2026-12-09 04:00:00,300.87052276946895,0.0,528.5679092536064,11.762863442201759
2026-12-09 05:00:00,300.36447405500667,0.0,497.89975697630985,14.976924679776392
2026-12-09 06:00:00,301.4792810505098,0.243050850781473,62.12423529330973,16.58586146095055
2026-12-09 07:00:00,300.23189791926814,0.4858531987598316,53.74540475952182,19.25206742964169
2026-12-09 08:00:00,300.9906167285843,0.6955379367196414,48.06789287745484,20.323443915330436
2026-12-09 09:00:00,297.7796055925192,0.8578121519114814,60.09158386889259,18.9491060827389
2026-12-09 10:00:00,297.2208199676396,0.9616146139294608,56.26050638549311,24.49360255541792
2026-12-09 11:00:00,296.5504170999005,0.9998697504304864,54.33716847536102,24.101247929742712
2026-12-09 12:00:00,292.82149349786016,0.9699699451733612,59.65781661603205,26.28956553666295
2026-12-09 13:00:00,293.2360853148368,0.8739532831035506,44.2919745783915,26.50811642225853
2026-12-09 14:00:00,288.3708943136738,0.7183646266977584,44.250372047919775,27.688810793035717
2026-12-09 15:00:00,290.35442674455305,0.513809493136005,60.30677633311174,26.374350532307332
2026-12-09 16:00:00,291.3626501731262,0.2742311417353621,41.96255539965792,24.682991892441816
2026-12-09 17:00:00,291.7773736953608,0.0159601481328442,46.13875175391389,23.749496741428395
2026-12-09 18:00:00,288.3404156917074,0.0,47.15971694224089,24.25720496065896
2026-12-09 19:00:00,289.7164608384332,0.0,58.561643270949546,22.551533520453145
2026-12-09 20:00:00,291.3524874824892,0.0,42.66140074538379,19.75428845028662
2026-12-09 21:00:00,292.30031168259234,0.0,65.29854853438151,19.595546291495033
2026-12-09 22:00:00,294.03202355650274,0.0,442.927453465991,18.84410612082227
2026-12-09 23:00:00,295.1290968733718,0.0,428.1287961622671,14.833121751997648
2026-12-10 00:00:00,295.7007540517881,0.0,499.57362068018085,12.900099608467547
2026-12-10 01:00:00,296.18940002900405,0.0,443.3352002726632,12.73801778409321
2026-12-10 02:00:00,298.0104993427302,0.0,551.7148605505237,14.076493999169104
2026-12-10 03:00:00,300.5871310909216,0.0,465.2392419688903,14.0516391847637
2026-12-10 04:00:00,302.54097501833627,0.0,538.0211004820562,14.519740812296327
2026-12-10 05:00:00,302.03181714657217,0.0,458.1681667965415,14.967348285831095
2026-12-10 06:00:00,301.2368293532209,0.2437466181766843,54.64958907396196,16.99640237587562
2026-12-10 07:00:00,301.8182940684848,0.4864800582857663,26.82673399179082,18.011500716131096
2026-12-10 08:00:00,298.6649360535601,0.6960531592363667,49.87520584597052,20.169258779751292
2026-12-10 09:00:00,298.50309431786934,0.858180617884073,48.8889302982758,21.644517881847403
2026-12-10 10:00:00,296.9240516872297,0.9618112073096626,65.90143513822657,21.98695434305948
2026-12-10 11:00:00,297.4094121881278,0.999881070662504,58.09246015886233,23.570872786046703
2026-12-10 12:00:00,294.2817094112839,0.969795220626936,44.77571808591368,27.227997233968157
2026-12-10 13:00:00,291.3961528262839,0.8736044236712266,51.650115218537934,26.171703423640295
2026-12-10 14:00:00,292.2292002525987,0.717865411971109,50.74381945548746,26.331441061305977
2026-12-10 15:00:00,290.2285784910423,0.5131939514978319,60.00186993900189,27.34537190419016
2026-12-10 16:00:00,290.72627585591874,0.2735412308551332,44.0762482782713,28.012807566797242
2026-12-10 17:00:00,289.1683295245451,0.0152428949716612,64.36211843172087,24.056741866987455
2026-12-10 18:00:00,289.63793860678857,0.0,54.77036211192953,26.036419350367357
2026-12-10 19:00:00,290.9285554477923,0.0,64.71911147738086,20.6007006559216
2026-12-10 20:00:00,290.2535351890186,0.0,51.92568577736884,20.761361900087344
2026-12-10 21:00:00,291.5472601597011,0.0,39.27650119332261,19.655977617796207
2026-12-10 22:00:00,292.87744022859493,0.0,451.37441668310186,17.047884652578183
2026-12-10 23:00:00,297.34958322319176,0.0,559.4609931256198,14.44764652042224
2026-12-11 00:00:00,295.60191460985925,0.0,465.0808568311993,12.404667160189918
2026-12-11 01:00:00,297.3420403261513,0.0,412.94064705352326,12.607342409458855
2026-12-11 02:00:00,299.202564957195,0.0,587.7415883006781,13.857989941925922
2026-12-11 03:00:00,299.63295212358435,0.0,509.2607048533165,14.582148146254966
2026-12-11 04:00:00,301.7347589124263,0.0,551.9212524488242,14.215531240310472
2026-12-11 05:00:00,301.6147424962342,0.0,548.2988669517435,15.71324861012511
2026-12-11 06:00:00,299.6126763923,0.2444422601454069,52.1881000635857,16.747974339046884
2026-12-11 07:00:00,300.81088345555884,0.4871066674800821,37.97117279959507,19.70868252892281
2026-12-11 08:00:00,300.81768420519086,0.6965680235799023,79.75281450440522,18.25262494406244
2026-12-11 09:00:00,297.0780067131218,0.8585486422563571,49.9777725450064,23.28139012770681
2026-12-11 10:00:00,296.2501386330256,0.9620073057636028,47.850196604374126,23.141718970714543
2026-12-11 11:00:00,294.7713477597819,0.9998918763783706,56.66960158697244,23.81727960618719
2026-12-11 12:00:00,293.4802083000291,0.9696199970458572,59.85030241282607,25.442809492535083
2026-12-11 13:00:00,293.21205991812093,0.8732551147018541,39.251618693502365,23.77663507715461
2026-12-11 14:00:00,291.67377799719884,0.7173658278471786,45.84272348840635,26.65919789202994
2026-12-11 15:00:00,290.0147881333069,0.5125781457816757,58.84369610142572,24.728793655285607
2026-12-11 16:00:00,288.49215397401827,0.2728511792167828,62.69420734493613,27.060386305130002
2026-12-11 17:00:00,288.9473331326448,0.0145256339668297,69.44949983897988,26.543794329310924
2026-12-11 18:00:00,289.4112184771373,0.0,48.37489068915482,22.975919259366083
2026-12-11 19:00:00,290.0828556102239,0.0,56.99152502221023,21.10265925594963
2026-12-11 20:00:00,290.472488062026,0.0,47.26683695829512,19.77768768317808
2026-12-11 21:00:00,291.8413894610825,0.0,56.24582665698769,19.027923488426637
2026-12-11 22:00:00,293.0734641734377,0.0,528.784635036956,17.760812756288896
2026-12-11 23:00:00,294.3430347511336,0.0,422.9402046088597,15.349465204555075
2026-12-12 00:00:00,295.07314518949164,0.0,466.3002550606039,12.77029443693166
2026-12-12 01:00:00,298.1948630682241,0.0,511.6364765941354,13.070312662699514
2026-12-12 02:00:00,299.66275260880656,0.0,525.3515828713543,13.239566835986555
2026-12-12 03:00:00,300.55787441502326,0.0,502.2155296338525,12.648259672899123
2026-12-12 04:00:00,300.7713811457768,0.0,518.929534120358,10.47497924445763
2026-12-12 05:00:00,302.09086950333904,0.0,481.7917527947546,14.757214168356729
2026-12-12 06:00:00,301.0731161144993,0.2451377763296792,54.511475505767024,15.917182362969235
2026-12-12 07:00:00,297.901043196769,0.4877330260203402,40.27713125090723,17.583508718836402
2026-12-12 08:00:00,300.20748211381385,0.6970825294853108,35.227253582068,19.9271963051331
2026-12-12 09:00:00,298.0522298966034,0.8589162248389566,36.98789891194025,22.869064407178918
2026-12-12 10:00:00,295.6248476566953,0.962202909190374,58.8981509392184,24.03166828597284
2026-12-12 11:00:00,296.9848522808765,0.999902167572526,53.58084948390407,24.149971395112388
2026-12-12 12:00:00,293.21092283603497,0.9694442745202908,30.758489331771003,24.81169611676175
2026-12-12 13:00:00,292.456807478739,0.8729053563751795,33.94654324313555,25.48602733489663
2026-12-12 14:00:00,290.1111525869806,0.7168658745830423,57.53778740873851,27.527258799102704
2026-12-12 15:00:00,289.1566002560064,0.5119620763044159,39.86568859111418,26.060498842900063
2026-12-12 16:00:00,290.244095462276,0.2721609871753958,44.93729743460215,26.181640931751375
2026-12-12 17:00:00,289.7945095577418,0.0138083654874359,60.42867630550411,23.56621231525574
2026-12-12 18:00:00,288.3483134743443,0.0,52.07520873940583,22.891080384921576
2026-12-12 19:00:00,289.1880049125696,0.0,51.65094485679733,21.91994556899861
2026-12-12 20:00:00,291.23346014656346,0.0,70.89352750960515,20.161411230102352
2026-12-12 21:00:00,289.89352344501293,0.0,35.20446648784617,16.766351448637735
2026-12-12 22:00:00,293.373302191893,0.0,522.6642207190545,16.658630641327363
2026-12-12 23:00:00,295.33866028207086,0.0,507.8996151366807,14.412086239035597
2026-12-13 00:00:00,296.7055434279144,0.0,521.8646224530771,16.076296908235825
2026-12-13 01:00:00,298.42150549674807,0.0,434.3838184445633,13.7303271405419
2026-12-13 02:00:00,298.0472950324825,0.0,473.572778972738,12.322517984614375
2026-12-13 03:00:00,300.40629378941566,0.0,509.6981002663191,12.787878862022724
2026-12-13 04:00:00,301.91875460840004,0.0,482.6207204071196,13.789290419869165
2026-12-13 05:00:00,300.6971979313453,0.0,612.9610163239269,16.242244018299022
2026-12-13 06:00:00,300.53877815944657,0.2458331663716045,41.33867419976663,16.661712969607596
2026-12-13 07:00:00,300.43129063918207,0.4883591335842307,42.51555275349063,18.29271483032096
2026-12-13 08:00:00,298.65876191328863,0.6975966766878392,38.14645931048391,20.939039463040526
2026-12-13 09:00:00,297.0478637236289,0.859283365442722,41.82275602135736,21.980416511449395
2026-12-13 10:00:00,296.3760329457882,0.9623980174893224,43.47972345790699,23.679236280743837
2026-12-13 11:00:00,295.2696527734193,0.9999119442396746,63.006577977392624,25.87298570890092
2026-12-13 12:00:00,295.9817653304869,0.969268053140659,63.986311900464656,26.93735251572604
2026-12-13 13:00:00,291.7427424035648,0.8725551488711805,55.51772231794508,25.940383738174077
2026-12-13 14:00:00,291.3266104430478,0.7163655524359644,68.58479508353398,27.268596601474894
2026-12-13 15:00:00,291.20610892563064,0.511345743383068,68.18331765822049,26.668058193190447
2026-12-13 16:00:00,290.0566109213375,0.2714706550861295,43.79660755210402,26.055328556462076
2026-12-13 17:00:00,290.11025342574123,0.0130910899030248,61.1687589335038,24.584479368444455
2026-12-13 18:00:00,289.9553882862258,0.0,46.71004795813431,26.358346877796357
2026-12-13 19:00:00,288.8488300557016,0.0,40.59592440790722,23.94829052343161
2026-12-13 20:00:00,289.40398908108244,0.0,57.011258882790194,21.177199249849224
2026-12-13 21:00:00,289.4635615729014,0.0,62.04772013193926,18.36165032993377
2026-12-13 22:00:00,293.57114326890826,0.0,493.1943022306192,17.6368615529508
2026-12-13 23:00:00,295.5311805895221,0.0,547.6314677093211,13.828085057744943
2026-12-14 00:00:00,297.02288160234264,0.0,529.2618331344665,15.188041376948147
2026-12-14 01:00:00,296.31369626598973,0.0,468.424853855531,11.480697721374058
2026-12-14 02:00:00,301.0226998032531,0.0,541.9220232092582,12.144257964701657
2026-12-14 03:00:00,299.03217862585586,0.0,531.3569857370086,13.592095974601152
2026-12-14 04:00:00,300.18639321134884,0.0,529.122845849426,14.523315182682524
2026-12-14 05:00:00,299.8373285588217,0.0,447.4556300483444,14.00153700554036
2026-12-14 06:00:00,300.5813938287951,0.2465284299133505,41.57634129418059,14.056772034364334
2026-12-14 07:00:00,299.8894313763839,0.4889849898495727,41.38450337436374,17.326807299351252
2026-12-14 08:00:00,298.82721716011883,0.6981104649229188,36.76220774098726,21.105758336024824
2026-12-14 09:00:00,299.9915706498621,0.8596500638784986,39.58730924869609,20.902044991877293
2026-12-14 10:00:00,296.52822261573795,0.9625926305600504,53.57864539850328,24.909420163645137
2026-12-14 11:00:00,295.3192589712592,0.9999212063747852,37.72442470340903,24.30883738200773
2026-12-14 12:00:00,294.2065698516367,0.969091332997642,40.78545905350978,25.693601416237097
2026-12-14 13:00:00,293.4161337663871,0.8722044923700659,65.90157773327918,26.165537318432108
2026-12-14 14:00:00,290.13513993812194,0.7158648616633995,59.02666736653232,26.596312412778015
2026-12-14 15:00:00,290.7241387208641,0.510729147334783,58.59394099826035,26.709084072399644
2026-12-14 16:00:00,290.80552703553406,0.2707801833042131,61.1562675253998,24.895532562704968
2026-12-14 17:00:00,289.72282630895785,0.0123738075817806,39.97007746570815,24.8184723295548
2026-12-14 18:00:00,290.8332362727153,0.0,30.06157947372837,24.242896811550203
2026-12-14 19:00:00,291.4083865920092,0.0,37.99156506130815,21.285386025222046
2026-12-14 20:00:00,291.2282035507501,0.0,31.314651662028123,21.111140266514866
2026-12-14 21:00:00,291.1218418905834,0.0,52.98909855437469,16.91640341542773
2026-12-14 22:00:00,293.7676339393108,0.0,439.0022896274567,16.43497673970902
2026-12-14 23:00:00,293.81389972499795,0.0,479.0354157421715,15.20731521049159
2026-12-15 00:00:00,297.046732177298,0.0,505.9937874758715,14.081796093739023
2026-12-15 01:00:00,297.4445452077037,0.0,458.3304116086368,12.950651187073719
2026-12-15 02:00:00,296.8415647765023,0.0,502.3392383049074,11.995682192812259
2026-12-15 03:00:00,301.3310714775765,0.0,434.242177739812,13.30404280776369
2026-12-15 04:00:00,300.73023887628057,0.0,488.4439171828652,13.008258568676716
2026-12-15 05:00:00,301.8569728533188,0.0,514.5857461434032,16.344841688041246
2026-12-15 06:00:00,300.3683556014919,0.2472235665971507,55.62151154654926,16.55386557990128
2026-12-15 07:00:00,299.56163338882817,0.4896105944943149,40.66872221058386,18.36309168732715
2026-12-15 08:00:00,299.5794876136167,0.6986238939261658,44.60031343708135,21.214897072437065
2026-12-15 09:00:00,298.03413558221405,0.8600163199580567,43.14558025765826,20.73785282648238
2026-12-15 10:00:00,297.06375635859354,0.962786748302414,50.83104468455284,22.742343815531452
2026-12-15 11:00:00,294.85861896600073,0.9999299539730924,43.93441203168548,22.986625080367876
2026-12-15 12:00:00,292.5257938896201,0.9689141141821755,26.434042031094837,26.509767108755494
2026-12-15 13:00:00,291.8586536986323,0.8718533870522757,42.695243028724654,28.788801115232282
2026-12-15 14:00:00,291.1283385954261,0.7153638025229916,48.15971184994894,27.750594682598354
2026-12-15 15:00:00,288.9313820108164,0.5101122884768472,54.219950303830586,27.320722615800136
2026-12-15 16:00:00,290.1387819485994,0.2700895721849478,39.44356513259885,25.608454243473417
2026-12-15 17:00:00,287.95076188493545,0.0116565188932553,58.01124276437068,25.021373468359222
2026-12-15 18:00:00,289.6411483497744,0.0,51.22491774749727,22.599073962020167
2026-12-15 19:00:00,290.3233015770492,0.0,54.49803397807347,19.885415067263924
2026-12-15 20:00:00,290.0932747825788,0.0,48.43520281056136,20.005379506173465
2026-12-15 21:00:00,291.7942916418916,0.0,63.9913767128113,18.148045845194154
2026-12-15 22:00:00,295.0625483567876,0.0,585.7092643823438,15.105068702049072
2026-12-15 23:00:00,295.1334603187692,0.0,499.7060982141368,16.590243667047996
2026-12-16 00:00:00,299.7657129168786,0.0,598.5298500364929,11.614476033165923
2026-12-16 01:00:00,298.894147496771,0.0,442.7620034029277,13.593474657722176
2026-12-16 02:00:00,298.9378505801765,0.0,384.0984928090885,12.94247426842972
2026-12-16 03:00:00,301.7533159350068,0.0,542.6793324556488,13.581698950594209
2026-12-16 04:00:00,300.2110309086624,0.0,410.5558139147917,14.00907402760923
2026-12-16 05:00:00,301.1480527788129,0.0,489.37992451971866,15.304140766893632
2026-12-16 06:00:00,301.2638889553556,0.2479185760653033,36.9988064369654,15.064964729028889
2026-12-16 07:00:00,300.29279116562026,0.4902359471965352,54.12327373402117,20.28536938416619
2026-12-16 08:00:00,299.0178714584494,0.6991369634333816,58.378161981848166,20.62753885522326
2026-12-16 09:00:00,296.7789722119229,0.8603821334926967,45.84421817522101,22.71723400182211
2026-12-16 10:00:00,296.5884666853797,0.9629803706165248,46.5110464624309,24.749503229036684
2026-12-16 11:00:00,297.88011573851566,0.999938187030094,44.50695546576399,24.521932471953484
2026-12-16 12:00:00,294.8614411426408,0.9687363967854526,35.525096815659424,25.69215136974714
2026-12-16 13:00:00,290.3457785769371,0.8715018330984806,40.47626888638148,28.060985065806285
2026-12-16 14:00:00,290.6284706075964,0.7148623752725746,47.077121486746194,27.236854207480434
2026-12-16 15:00:00,290.1838181509244,0.5094951671266821,61.050172704348896,27.483316530072422
2026-12-16 16:00:00,290.99621112335694,0.2693988220837063,38.27330984071157,26.669161778795694
2026-12-16 17:00:00,290.19455677522967,0.0109392242065494,52.17409282201688,23.31661676559618
2026-12-16 18:00:00,289.22092663002667,0.0,46.1874561221807,22.5367219504044
2026-12-16 19:00:00,288.4722022605065,0.0,34.303524594772,22.423207848518285
2026-12-16 20:00:00,291.8035257461915,0.0,53.0540071353768,20.074274340688923
2026-12-16 21:00:00,292.9134011285129,0.0,64.53913320469869,19.021547190091894
2026-12-16 22:00:00,292.70247161544853,0.0,588.4130609568584,14.81598362293557
2026-12-16 23:00:00,295.457020723798,0.0,502.63719671073073,14.31124604134218
2026-12-17 00:00:00,297.399123827098,0.0,543.601810103091,15.814061074901597
2026-12-17 01:00:00,297.59625615640266,0.0,580.5689174427318,13.140935100422881
2026-12-17 02:00:00,299.1143246159179,0.0,495.9263668048569,12.596633928985216
2026-12-17 03:00:00,299.5842320951938,0.0,557.9616752973056,14.969111089182947
2026-12-17 04:00:00,301.81705444102283,0.0,480.601011394093,14.76415120542074
2026-12-17 05:00:00,300.57995091771755,0.0,532.3272830092366,13.73137056876876
2026-12-17 06:00:00,300.7268057056032,0.2486134579601721,34.482153531898874,17.577738781909456
2026-12-17 07:00:00,299.3009904110105,0.4908610476344412,72.04051910491633,17.822120110643414
2026-12-17 08:00:00,300.11728778042,0.6996496731805519,51.01951688443384,21.332972541609156
2026-12-17 09:00:00,298.6963664460507,0.860747504294179,57.56312840800444,20.609348330417305
2026-12-17 10:00:00,297.448574926601,0.9631734974027492,62.77873672235117,22.781210093210447
2026-12-17 11:00:00,296.57758820865246,0.9999459055415544,56.847227518896304,23.030661128743958
2026-12-17 12:00:00,295.027870434809,0.9685581808989226,39.30499332423695,26.031306469501175
2026-12-17 13:00:00,292.43003052401525,0.8711498306895825,65.54774322317884,26.773400131136313
2026-12-17 14:00:00,288.4895700882242,0.7143605801701713,61.47732927225819,25.247843283212738
2026-12-17 15:00:00,289.77341790215473,0.5088777836018445,37.956390776829096,28.52756095650393
2026-12-17 16:00:00,289.8062683126259,0.2687079333559332,41.83542671368316,26.476183835362278
2026-12-17 17:00:00,289.7423155755931,0.0102219238907665,49.71311329810062,26.065384449225633
2026-12-17 18:00:00,288.79040924095057,0.0,44.30215097314216,22.494217971576074
2026-12-17 19:00:00,290.75475357406555,0.0,65.8810434213066,23.185474735737262
2026-12-17 20:00:00,289.9690158245952,0.0,48.73942945992152,18.56739804772902
2026-12-17 21:00:00,292.23714820692385,0.0,41.0938098930384,17.98869166680549
2026-12-17 22:00:00,292.77636599239213,0.0,496.5071769030502,15.84536274784968
2026-12-17 23:00:00,295.1465265716238,0.0,504.13059296741534,14.484680855837992
2026-12-18 00:00:00,296.6743855770667,0.0,465.76861750476473,14.01610371028304
2026-12-18 01:00:00,296.807015139651,0.0,516.7690756751832,13.371016210958523
2026-12-18 02:00:00,299.57098841168045,0.0,461.3089288564061,14.710634392389958
2026-12-18 03:00:00,299.78409130500984,0.0,519.9790733253194,14.791441463786184
2026-12-18 04:00:00,300.4473884987484,0.0,551.1908418254627,13.66000837327021
2026-12-18 05:00:00,299.42548467380266,0.0,447.3259705088397,13.046716856773486
2026-12-18 06:00:00,299.7073594712561,0.2493082119241868,38.61668506925343,16.10177624184647
2026-12-18 07:00:00,300.64126850030243,0.4914858954863706,52.28095173235685,18.66818947684424
2026-12-18 08:00:00,297.5380895112281,0.700162022903848,34.36758691664343,22.269337591431185
2026-12-18 09:00:00,297.18879303727743,0.8611124321744923,65.04260118868989,21.782757864244193
2026-12-18 10:00:00,297.3671995174259,0.9633661285617084,45.84779398111511,23.554411876314028
2026-12-18 11:00:00,294.1993409126484,0.9999531095035012,60.50602767272596,26.101767592458586
2026-12-18 12:00:00,293.6788518105174,0.9683794666142912,44.30507408406838,25.15388542693348
2026-12-18 13:00:00,294.48639282263053,0.8707973800067136,51.60497656644144,27.256054996560056
2026-12-18 14:00:00,290.0057935608577,0.7138584174739945,54.96455137621925,28.586842450192385
2026-12-18 15:00:00,290.78616825945033,0.508260138220026,49.932851812035786,26.837992530233173
2026-12-18 16:00:00,288.4222213462953,0.2680169063571439,43.27863892205888,26.08754345599375
2026-12-18 17:00:00,290.2329711806529,0.0095046183150131,46.973518736716834,23.49570662500071
2026-12-18 18:00:00,289.1428718589167,0.0,57.21267917434318,25.069425183131568
2026-12-18 19:00:00,290.1707062819912,0.0,70.94501991982827,22.499354630360635
2026-12-18 20:00:00,290.4603457751449,0.0,47.48820386936911,19.998857288593367
2026-12-18 21:00:00,290.8155659576343,0.0,40.92228389414692,20.774849809321044
2026-12-18 22:00:00,292.38024008481904,0.0,517.4154435615965,16.642653272636696
2026-12-18 23:00:00,293.48112948221603,0.0,550.2572681328679,15.001504406470726
2026-12-19 00:00:00,296.0287229945528,0.0,616.8564554443641,13.64346010077091
2026-12-19 01:00:00,298.69709557541927,0.0,557.1693775678814,12.731761184290306
2026-12-19 02:00:00,299.4721455223239,0.0,533.4902882392707,11.206608996139922
2026-12-19 03:00:00,301.1374857433949,0.0,432.2355926316234,12.341984818484129
2026-12-19 04:00:00,299.80649698436315,0.0,628.3604777101357,13.169005556634037
2026-12-19 05:00:00,301.33419416106506,0.0,413.556388637948,17.214950042457442
2026-12-19 06:00:00,301.7823932431676,0.2500028375994024,55.35403570635072,16.46268026636954
2026-12-19 07:00:00,301.8697718864029,0.4921104904307907,58.86100878073502,17.766392858305107
2026-12-19 08:00:00,299.7887382353024,0.7006740123396263,47.94293699484984,17.73960979529913
2026-12-19 09:00:00,297.67151718249954,0.8614769169458528,54.97774463487481,23.491616803928384
2026-12-19 10:00:00,297.3271197383474,0.9635582639942788,51.11076399129883,22.499053059967174
2026-12-19 11:00:00,295.6126095912915,0.9999597989122274,43.96062098145364,24.554783109764085
2026-12-19 12:00:00,292.8523936474461,0.9682002540235212,50.0690877352036,23.960230261341717
2026-12-19 13:00:00,293.6687020371361,0.8704444812312374,28.54313007194782,27.77570157659511
2026-12-19 14:00:00,290.2468458925433,0.7133558874427641,44.2029975579741,26.764765351061083
2026-12-19 15:00:00,289.047701342794,0.5076422312990528,32.020781403091924,24.646759486268262
2026-12-19 16:00:00,289.2761234390754,0.2673257414429255,48.52596771957759,26.994768347535132
2026-12-19 17:00:00,289.2682066248988,0.0087873078483984,45.04560848194496,24.775799886606574
2026-12-19 18:00:00,289.557735350052,0.0,48.27479102335327,24.94208953265259
2026-12-19 19:00:00,289.0735495699989,0.0,28.57126275295517,21.110165161330762
2026-12-19 20:00:00,289.5079935065759,0.0,55.9308649121616,20.014212771922377
2026-12-19 21:00:00,291.56500099013965,0.0,46.25015197795437,19.44885783041754
2026-12-19 22:00:00,293.0079759748953,0.0,438.1939366205037,17.289727728288042
2026-12-19 23:00:00,295.30308417225405,0.0,552.3157853723342,16.32338659074601
2026-12-20 00:00:00,296.9905647812741,0.0,528.4326353685879,12.721752865518779
2026-12-20 01:00:00,296.25764097067844,0.0,463.3395352545775,14.144303374626569
2026-12-20 02:00:00,299.69714938266605,0.0,562.1136969004414,12.941940252083086
2026-12-20 03:00:00,301.45608552508,0.0,445.4581612339776,12.516769224057096
2026-12-20 04:00:00,300.18685638043206,0.0,557.6204235463349,14.763936179673806
2026-12-20 05:00:00,301.50318841775265,0.0,455.52905617488057,15.448628015205479
2026-12-20 06:00:00,300.6309243602616,0.2506973346292609,70.4141214582408,15.524054048154392
2026-12-20 07:00:00,299.13080338998714,0.4927348321462991,51.50703437439966,19.73961675974105
2026-12-20 08:00:00,300.36870999710385,0.7011856412244287,68.6333707065686,19.51112672870536
2026-12-20 09:00:00,297.6900735228924,0.861840958420705,60.6767033875999,21.799219972311572
2026-12-20 10:00:00,296.9735116152147,0.9637499036015922,34.32863870051879,23.537060091439777
2026-12-20 11:00:00,295.0607462431784,0.9999659737642912,68.08641930805925,24.608845162644222
2026-12-20 12:00:00,294.6302404687488,0.9680205432188306,64.65923261336725,26.50696087689994
2026-12-20 13:00:00,291.1784448839183,0.8700911345447473,68.10295793068039,26.051479675597324
2026-12-20 14:00:00,291.06866969917814,0.7128529903344336,44.8224771560149,27.437264855925015
2026-12-20 15:00:00,290.04675165358464,0.5070240631568859,40.99327510156057,28.06878913937432
2026-12-20 16:00:00,290.24289532653006,0.2666344389689355,51.147105631308,26.39238648814021
2026-12-20 17:00:00,288.72462578483567,0.0080699928600341,68.80322142346253,23.8844969035157
2026-12-20 18:00:00,291.1809205606257,0.0,65.09526008469581,24.135961592341843
2026-12-20 19:00:00,290.5944319346545,0.0,66.4441207453327,20.320491279345802
2026-12-20 20:00:00,289.7854904595988,0.0,51.99759764385538,19.564782469898997
2026-12-20 21:00:00,291.82089693074545,0.0,36.01393279305356,17.667175295452992
2026-12-20 22:00:00,294.2783840180278,0.0,557.3317966402016,16.925649827570517
2026-12-20 23:00:00,294.4645690590293,0.0,517.5058579067339,14.446414065291759
2026-12-21 00:00:00,296.45566929719547,0.0,522.928684484535,15.235551367913969
2026-12-21 01:00:00,297.3527116691704,0.0,422.0576429758119,11.975636197775334
2026-12-21 02:00:00,298.59391598394234,0.0,467.6592192093056,14.045975234472898
2026-12-21 03:00:00,300.7892739103845,0.0,488.850882523796,12.535674998999035
2026-12-21 04:00:00,302.90007548891106,0.0,492.3784238989312,14.113694226412115
2026-12-21 05:00:00,300.7992411680073,0.0,446.5054660848104,15.144922309205107
2026-12-21 06:00:00,302.10761942789134,0.2513917026559495,65.24716952989625,16.51208484255525
2026-12-21 07:00:00,301.7839817710021,0.4933589203116236,48.91013374926359,18.465378291246214
2026-12-21 08:00:00,299.8959096187852,0.7016969092949825,35.403323963865034,21.63433400071411
2026-12-21 09:00:00,298.7699769569155,0.8622045564117213,41.44962515938249,20.991784121315966
2026-12-21 10:00:00,295.76316103603773,0.9639410472850346,65.97487280000303,21.663532775713477
2026-12-21 11:00:00,294.59632161181906,0.9999716340565148,38.89296399356229,25.2353234283313
2026-12-21 12:00:00,293.8898773558477,0.9678403342926948,65.65860751496393,25.68680649708934
2026-12-21 13:00:00,290.88701074316657,0.8697373401290676,22.832637647557668,27.998037073382836
2026-12-21 14:00:00,289.89997075538963,0.712349726408101,55.82278132435224,25.041777905685038
2026-12-21 15:00:00,290.60606201253387,0.5064056341116205,39.35574068233246,28.020886178292557
2026-12-21 16:00:00,290.926522463287,0.2659429992909029,56.398556581971725,27.347220318016205
2026-12-21 17:00:00,288.52528886946493,0.0073526737190343,57.33314148852533,24.947970396940825
2026-12-21 18:00:00,290.3112851248752,0.0,34.47615043057154,25.028408726679636
2026-12-21 19:00:00,290.07381408076856,0.0,78.70897044268085,19.90090674890942
2026-12-21 20:00:00,289.375318051665,0.0,25.80077053885002,18.747557550184123
2026-12-21 21:00:00,293.4813793123659,0.0,49.58911042431299,18.558296172872957
2026-12-21 22:00:00,293.4059101540282,0.0,482.6788651527596,16.247544978130737
2026-12-21 23:00:00,295.13881090000154,0.0,446.0000783136575,12.753083097302088
2026-12-22 00:00:00,297.58464351649906,0.0,549.7151305227375,13.246753701873157
2026-12-22 01:00:00,298.9578419116723,0.0,492.437870826352,14.581011997850565
2026-12-22 02:00:00,300.52234043392826,0.0,561.4298034877718,13.345188105563906
2026-12-22 03:00:00,298.3082290017508,0.0,569.9789426467761,12.053439045790713
2026-12-22 04:00:00,300.036511045,0.0,502.3777972054554,11.932740934745867
2026-12-22 05:00:00,300.5909547587839,0.0,389.3033988380347,15.782020164529753
2026-12-22 06:00:00,301.06351940057846,0.2520859413221621,49.89187098724388,16.93045522164246
2026-12-22 07:00:00,299.7803378343301,0.4939827546056228,44.04893600226521,17.932421430850532
2026-12-22 08:00:00,299.12993285427655,0.7022078162882008,40.3180306058821,21.619781668382522
2026-12-22 09:00:00,298.3606038589422,0.8625677107318025,57.74826816199382,20.429610866285522
2026-12-22 10:00:00,298.12849553469806,0.9641316949462482,50.66901252974441,22.0063686553151
2026-12-22 11:00:00,295.74478995312705,0.9999767797859856,52.05953938731784,24.43356340976617
2026-12-22 12:00:00,294.1905401830736,0.9676596273378456,58.84616578237437,27.19211394233306
2026-12-22 13:00:00,291.6250196412469,0.8693830981662529,35.35445932979268,28.236283074655848
2026-12-22 14:00:00,291.71351045917453,0.7118460959227344,62.891257868712096,27.710053539345015
2026-12-22 15:00:00,290.1051125845226,0.5057869444814864,56.7557913735095,26.98883202995122
2026-12-22 16:00:00,288.76331318286583,0.2652514227646266,55.98411713181646,26.416454517996357
2026-12-22 17:00:00,290.19930408710434,0.0066353507945151,40.89407151565598,26.404141153817736
2026-12-22 18:00:00,289.42049993687806,0.0,57.19041881739036,24.617129885448648
2026-12-22 19:00:00,288.73320496952374,0.0,52.43755744099172,21.605408706259464
2026-12-22 20:00:00,292.12868104801623,0.0,44.40365398353424,20.070027628801654
2026-12-22 21:00:00,291.22979770933136,0.0,49.44944389027322,17.602688975498676
2026-12-22 22:00:00,292.54399488478293,0.0,472.931090095278,18.133445367020123
2026-12-22 23:00:00,293.9151796146535,0.0,588.0259631670715,13.930919803152566
2026-12-23 00:00:00,297.2848339432056,0.0,501.98023637984863,15.674397595537844
2026-12-23 01:00:00,298.67334466484704,0.0,469.1020600835572,13.981012542481997
2026-12-23 02:00:00,299.84306509767725,0.0,542.8337228184536,14.682484401299345
2026-12-23 03:00:00,299.6285156674025,0.0,456.2220382496232,13.344355685225342
2026-12-23 04:00:00,300.21822573541544,0.0,494.2713279160067,13.37736194335576
2026-12-23 05:00:00,302.26145711901563,0.0,557.2358976600917,14.767248891310125
2026-12-23 06:00:00,300.12955005246044,0.2527800502706592,52.92479162027695,17.29904769727997
2026-12-23 07:00:00,300.1108681083361,0.4946063347072856,57.58455506569544,16.376218237617223
2026-12-23 08:00:00,296.7573214591947,0.7027183619411825,28.64066197326297,20.544901134437723
2026-12-23 09:00:00,297.8996386614906,0.8629304211940777,50.337928468441255,23.285146831757185
2026-12-23 10:00:00,295.94140630302246,0.96432184648713,51.337471448539375,23.388357628146796
2026-12-23 11:00:00,296.9220245632404,0.9999814109500558,49.043287280649146,26.805529038721787
2026-12-23 12:00:00,294.4824605690118,0.9674784224472704,49.40072542637853,26.338876003655937
2026-12-23 13:00:00,292.276033911289,0.8690284088385881,65.23117970036877,25.618092986539928
2026-12-23 14:00:00,290.93053120453663,0.7113420991374908,58.02128799204412,28.013803018959525
2026-12-23 15:00:00,289.8930447060631,0.5051679945848471,34.34822638485761,26.772436845079064
2026-12-23 16:00:00,290.7915141028292,0.2645597097459763,55.74108569602679,27.333585410874537
2026-12-23 17:00:00,288.9770996556501,0.0059180244555948,55.56576101241912,25.342102336034447
2026-12-23 18:00:00,287.31068969447955,0.0,49.17935131974313,20.96879515650914
2026-12-23 19:00:00,290.7130667884563,0.0,44.56903468735813,21.585320583974635
2026-12-23 20:00:00,292.5799908721424,0.0,47.44344204833692,19.48755123083678
2026-12-23 21:00:00,292.916987537672,0.0,52.66412962004952,18.217718126534862
2026-12-23 22:00:00,295.59419473475555,0.0,477.2833049664692,15.18471351995599
2026-12-23 23:00:00,295.0793114811141,0.0,518.1010749669828,16.75516541356001
2026-12-24 00:00:00,296.16960590813574,0.0,554.64612616686,14.731961170657225
2026-12-24 01:00:00,298.98393061010194,0.0,518.9339890530638,14.648789786941022
2026-12-24 02:00:00,299.0992802219756,0.0,534.844659324951,12.088315448411478
2026-12-24 03:00:00,300.1352561418855,0.0,502.7107247083203,12.74656630001848
2026-12-24 04:00:00,300.3641610744687,0.0,478.1372833015923,14.197733067582814
2026-12-24 05:00:00,300.05733657664445,0.0,532.3681951732248,13.476388960409018
2026-12-24 06:00:00,301.45240639631044,0.2534740291442682,58.74693985195631,15.28509294781269
2026-12-24 07:00:00,300.2239578240544,0.4952296602957317,42.81712421156146,18.226026442570745
2026-12-24 08:00:00,299.7339868986762,0.703228545991212,45.68591224995878,19.423684780644145
2026-12-24 09:00:00,297.0930703166845,0.8632926876119041,39.33457768101507,23.533772232846793
2026-12-24 10:00:00,298.7425808327838,0.964511501809832,54.4652799510652,22.610005645132862
2026-12-24 11:00:00,293.30069751720333,0.9999855275463398,55.84798514908251,25.33716202958806
2026-12-24 12:00:00,294.68545186339225,0.9672967197142128,45.86693529185055,26.576563669021024
2026-12-24 13:00:00,290.14073450151267,0.8686732723285883,54.575789015513855,27.720326429576794
2026-12-24 14:00:00,292.7951337029456,0.7108377363117154,54.40019711722687,27.989937346881284
2026-12-24 15:00:00,290.7394364072894,0.5045487847402002,38.08430111725592,26.87472129338991
2026-12-24 16:00:00,288.65596294494264,0.2638678605908918,50.29529980655485,25.99821024542791
2026-12-24 17:00:00,289.8733622555176,0.0052006950713931,41.356317757388,24.857750049621675
2026-12-24 18:00:00,288.6586961482727,0.0,48.33047001308432,23.18625893373152
2026-12-24 19:00:00,288.4203449194292,0.0,42.64080296777861,21.541238355046463
2026-12-24 20:00:00,291.8779853711486,0.0,48.03629298525749,20.58218574772029
2026-12-24 21:00:00,291.12067498265606,0.0,34.980241077310026,19.34060795097905
2026-12-24 22:00:00,293.6719705520724,0.0,508.20589175574366,15.730561620934228
2026-12-24 23:00:00,296.15679115367766,0.0,536.3851989990936,13.599129177977185
2026-12-25 00:00:00,295.81694083300664,0.0,455.8386134630259,13.630633280051903
2026-12-25 01:00:00,297.47827458168274,0.0,560.4238839842848,12.845310644332358
2026-12-25 02:00:00,300.25782524517217,0.0,586.4301820930784,13.761659223813735
2026-12-25 03:00:00,299.6819648000959,0.0,429.9983660421089,13.134573311653842
2026-12-25 04:00:00,302.31483274083683,0.0,485.3604892762736,14.430392480902006
2026-12-25 05:00:00,300.02314037251097,0.0,522.602947990032,15.786893141591367
2026-12-25 06:00:00,301.80343850212853,0.2541678775858831,41.78003727986831,16.507406093004253
2026-12-25 07:00:00,299.327264746284,0.495852731050212,48.29653182254219,18.205263659605706
2026-12-25 08:00:00,299.54680647207874,0.7037383681757605,57.892757716455215,21.032003288517398
2026-12-25 09:00:00,297.9488363187446,0.8636545097988677,42.62337261330484,22.028349211156783
2026-12-25 10:00:00,297.92431493059416,0.9647006608167624,52.908678146054505,23.182248609595216
2026-12-25 11:00:00,295.0037568067192,0.9999891295727248,71.06669498555854,25.08072804191487
2026-12-25 12:00:00,294.35577682954886,0.9671145192321736,43.11707345475581,25.24481004103374
2026-12-25 13:00:00,291.9826416631595,0.8683176888189986,34.70951924587739,25.031846492336168
2026-12-25 14:00:00,292.1639777399445,0.7103330077049419,51.86083935471461,25.40640461061661
2026-12-25 15:00:00,290.0588997599508,0.5039293152661771,42.024537031732265,26.80932071723621
2026-12-25 16:00:00,289.0742744569139,0.2631758756553831,48.384596127791376,27.182203382688364
2026-12-25 17:00:00,290.25021900905904,0.0044833630110315,40.67285991801124,23.34509645290482
2026-12-25 18:00:00,288.9212104948552,0.0,44.21314365552075,23.120289037317622
2026-12-25 19:00:00,288.4422985301783,0.0,34.15435872484775,21.492593899463046
2026-12-25 20:00:00,292.5993309409762,0.0,55.4325760853612,20.151976826693996
2026-12-25 21:00:00,291.3240640587824,0.0,60.08039652833429,20.41778351174002
2026-12-25 22:00:00,294.78329048170343,0.0,480.9111433257835,16.56912909325023
2026-12-25 23:00:00,295.22310372951137,0.0,422.1976057096731,14.650049588555394
2026-12-26 00:00:00,295.9180856765261,0.0,468.1814048452673,13.595842842101177
2026-12-26 01:00:00,298.33554381413444,0.0,513.7735645065459,11.875763664424623
2026-12-26 02:00:00,298.5914733541865,0.0,443.3236875845289,11.324739231194512
2026-12-26 03:00:00,300.8874262918373,0.0,507.7149623430105,13.261445759534496
2026-12-26 04:00:00,301.59785315037806,0.0,535.3248521059132,12.608940056110342
2026-12-26 05:00:00,301.1979421367485,0.0,556.8968492383834,15.32498580229854
2026-12-26 06:00:00,299.9300402943155,0.2548615952384653,40.491547783609576,14.758083735100483
2026-12-26 07:00:00,300.402757505416,0.4964755466501083,44.581387209073,17.62042303777674
2026-12-26 08:00:00,298.2829220327584,0.7042478282324851,46.16567605304382,17.83837265644285
2026-12-26 09:00:00,298.612394480502,0.8640158875687831,50.8972301540035,22.33721245254421
2026-12-26 10:00:00,295.48533374148946,0.9648893234105836,36.72592948322052,23.03540037653331
2026-12-26 11:00:00,295.1565286044261,0.999992217027354,34.35661237741833,25.53170746750902
2026-12-26 12:00:00,293.83225168118133,0.9669318210949088,41.83587331666009,27.0618405825295
2026-12-26 13:00:00,290.6255011351395,0.8679616584927944,50.780138942836174,26.103221184312268
2026-12-26 14:00:00,289.5803613466771,0.7098279135768923,53.214240468475495,26.05648865337884
2026-12-26 15:00:00,289.2619010766457,0.5033095864815428,52.66926677637552,27.252525392837644
2026-12-26 16:00:00,289.5415541629825,0.2624837552955299,53.40659936898207,26.65360205292692
2026-12-26 17:00:00,289.4766682908654,0.0037660286436328,43.07496188777806,25.38087574147065
2026-12-26 18:00:00,289.95104318072873,0.0,45.48177036545916,23.159539534042125
2026-12-26 19:00:00,289.50467788756634,0.0,48.43678891392838,19.734605242165248
2026-12-26 20:00:00,289.00673251894125,0.0,47.348168857484175,19.34048649200143
2026-12-26 21:00:00,292.1606402210838,0.0,65.94877285728495,17.813063417161096
2026-12-26 22:00:00,292.7473362917539,0.0,467.0583015273458,16.731986763453055
2026-12-26 23:00:00,295.7211362677376,0.0,459.0147864623722,15.934401912963441
2026-12-27 00:00:00,296.96852541318816,0.0,394.8109011335954,12.481071642341444
2026-12-27 01:00:00,297.4815784534693,0.0,569.8420315752616,11.889178784578963
2026-12-27 02:00:00,300.2181825254287,0.0,548.3285615005417,12.81835648781067
2026-12-27 03:00:00,301.9388080377649,0.0,476.9620062528484,14.535959653042397
2026-12-27 04:00:00,300.8576482139536,0.0,494.044778937871,15.275700873078879
2026-12-27 05:00:00,302.03237416888555,0.0,424.8154258200189,17.353654358199773
2026-12-27 06:00:00,300.9327133641913,0.2555551817450435,57.56918983951826,16.12525220316119
2026-12-27 07:00:00,299.905105886654,0.4970981067749339,61.688617721188514,18.245733691123508
2026-12-27 08:00:00,299.24920112251647,0.704756925899229,34.96972794525264,19.17020784469551
2026-12-27 09:00:00,299.1706547546872,0.8643768207356933,54.79441016503984,21.313028478646277
2026-12-27 10:00:00,297.0685955503653,0.9650774894942148,43.22647144432715,24.592438728884815
2026-12-27 11:00:00,294.4872172699485,0.999994789908639,50.92264442039463,23.653381762111927
2026-12-27 12:00:00,291.94719329273056,0.9667486253964304,45.04210385576612,24.347981490176267
2026-12-27 13:00:00,292.8496735115754,0.8676051815331808,65.3927980755595,27.586737235671134
2026-12-27 14:00:00,291.55031419093007,0.7093224541874765,51.94219631132376,28.79795007954963
2026-12-27 15:00:00,289.7993041172625,0.5026895987051956,43.6235498930192,27.262073216362886
2026-12-27 16:00:00,289.638962299356,0.2617914998674817,49.09511361881236,25.20467510076779
2026-12-27 17:00:00,289.13129899825475,0.0030486923383211,40.28883100090207,26.01546261181005
2026-12-27 18:00:00,289.0132011253321,0.0,47.79241210787938,23.19414974912025
2026-12-27 19:00:00,290.7919751564959,0.0,54.444983238550336,21.048172475082538
2026-12-27 20:00:00,291.61980154722664,0.0,47.68620297736219,17.256482174378252
2026-12-27 21:00:00,291.55952842852605,0.0,46.16420161071878,19.370608594051067
2026-12-27 22:00:00,291.9539416778201,0.0,443.5346535966441,15.481210011589047
2026-12-27 23:00:00,295.81939676350333,0.0,560.9704526841978,14.110243508432372
2026-12-28 00:00:00,298.0045303996161,0.0,477.4361243911049,13.803750256645758
2026-12-28 01:00:00,298.72290724950847,0.0,538.8938896545102,12.248756425074667
2026-12-28 02:00:00,299.62731168636094,0.0,493.4761893855568,14.72050998844907
2026-12-28 03:00:00,301.3590040120663,0.0,485.7108008824952,12.9400900010626
2026-12-28 04:00:00,301.8860071271781,0.0,502.5712634159608,12.881590399674565
2026-12-28 05:00:00,302.65128328193174,0.0,435.8850608173503,15.03320969221639
2026-12-28 06:00:00,300.52776572607803,0.2562486367487136,41.63755383592212,16.292651443937956
2026-12-28 07:00:00,301.08444761209,0.4977204111043334,60.360845037423424,18.04753353007146
2026-12-28 08:00:00,299.2382103852584,0.7052656609140221,61.09561253014614,20.627758698475617
2026-12-28 09:00:00,299.1819700887777,0.8647373091138705,54.13308838742368,20.25018699778238
2026-12-28 10:00:00,294.6151040367187,0.9652651589708297,59.07529504150519,23.575642368540212
2026-12-28 11:00:00,296.0558376383369,0.9999968482152558,51.58598047127679,24.775403356577826
2026-12-28 12:00:00,293.5007479323311,0.966564932231007,32.46632605036369,27.256638995104375
2026-12-28 13:00:00,292.9302075605492,0.8672482581235926,39.26781496170763,25.97127792574257
2026-12-28 14:00:00,291.4896512725999,0.7088166297967925,50.62064250661784,26.919098364740123
2026-12-28 15:00:00,290.5088328552481,0.5020693522561672,61.066334500039694,27.582502705704407
2026-12-28 16:00:00,290.13547686781305,0.2610991097274575,46.68676075263065,26.83746642622105
2026-12-28 17:00:00,288.22686232530754,0.0023313544642214,48.96913300691392,25.496797618731968
2026-12-28 18:00:00,289.09142892034504,0.0,40.0470096473378,25.07543691942487
2026-12-28 19:00:00,289.7727516615345,0.0,53.61832345647982,20.412540148588214
2026-12-28 20:00:00,290.1456429836084,0.0,71.25774852466802,20.100993924134322
2026-12-28 21:00:00,289.61760061107253,0.0,57.32197075216434,18.960596147612367
2026-12-28 22:00:00,294.67152848727414,0.0,536.4160493824871,16.90616794901982
2026-12-28 23:00:00,294.9238212984583,0.0,475.3023286068484,13.38019509866878
2026-12-29 00:00:00,296.4669916127732,0.0,566.6693341368855,11.780298408655703
2026-12-29 01:00:00,297.8441742741026,0.0,510.0276566141388,12.351160237202652
2026-12-29 02:00:00,301.68968848458064,0.0,471.2669542057413,14.332998585641173
2026-12-29 03:00:00,300.2620260187495,0.0,446.1180589219983,14.653592626689957
2026-12-29 04:00:00,299.273796527479,0.0,447.3822748917944,14.281402490126318
2026-12-29 05:00:00,300.111299579204,0.0,476.1127998285925,16.48857128956824
2026-12-29 06:00:00,300.82447553634074,0.2569419598926395,66.04697562559757,16.91199788250015
2026-12-29 07:00:00,299.93048630116255,0.4983424593180832,45.14280412722094,18.88228660723275
2026-12-29 08:00:00,297.99556706757704,0.7057740330150809,41.3024482130438,20.708208183139046
2026-12-29 09:00:00,297.0345754726953,0.8650973525178153,55.71280179925473,22.043219477195564
2026-12-29 10:00:00,295.7289340826842,0.9654523317438576,58.557928529892166,22.740743769429944
2026-12-29 11:00:00,296.2271084121701,0.9999983919461451,47.25166146293063,26.302596840199026
2026-12-29 12:00:00,294.02062036591315,0.966380741693163,68.2346320605217,26.015490221705353
2026-12-29 13:00:00,291.4733680620049,0.8668908884476947,70.48699193348695,27.851364715819006
2026-12-29 14:00:00,291.5607136284262,0.708310440665126,43.32488431806522,27.80706476697986
2026-12-29 15:00:00,289.6648062548622,0.5014488474536225,40.49667232981032,27.326517653065764
2026-12-29 16:00:00,288.83882699676053,0.2604065852317455,59.9182984999933,27.544167407068482
2026-12-29 17:00:00,289.14448764928187,0.0016140153904595,64.58987054051701,24.162731418785246
2026-12-29 18:00:00,290.6201771555296,0.0,39.4707397845412,23.798710723088078
2026-12-29 19:00:00,290.71174549254226,0.0,38.27846150053152,22.062427761449268
2026-12-29 20:00:00,290.5119683437697,0.0,50.954721847456376,19.163821710019477
2026-12-29 21:00:00,291.88536474037033,0.0,40.99823507397623,18.351366170538977
2026-12-29 22:00:00,292.873403190024,0.0,502.3122052696541,17.188322332478513
2026-12-29 23:00:00,295.2973651134374,0.0,520.0060016184062,14.213999322022614
2026-12-30 00:00:00,293.72547234989617,0.0,526.9321958266513,13.403766467289325
2026-12-30 01:00:00,298.5105928916672,0.0,549.1308423654458,13.470071652049695
2026-12-30 02:00:00,297.5785494286506,0.0,487.0878527307089,12.093967146924994
2026-12-30 03:00:00,301.0533907884938,0.0,545.6183152488265,13.293485786835138
2026-12-30 04:00:00,300.42789222575345,0.0,462.0139996334879,16.580865948390162
2026-12-30 05:00:00,300.7833097097705,0.0,407.1691433933981,14.627951387319634
2026-12-30 06:00:00,302.4258524124182,0.2576351508200528,45.29766452413176,14.312670060629783
2026-12-30 07:00:00,300.697065050047,0.4989642510960911,46.06100676015941,16.923097797235418
2026-12-30 08:00:00,299.3249972413234,0.7062820419404867,58.95895611710268,19.53900297117666
2026-12-30 09:00:00,298.3364973132324,0.8654569507622576,55.28986657205892,21.439343249174495
2026-12-30 10:00:00,297.12380383163725,0.9656390077169836,37.76988786119322,21.477617840057096
2026-12-30 11:00:00,294.6366778810607,0.9999994211005128,30.327585466057236,24.228604690302717
2026-12-30 12:00:00,293.6576716951642,0.9661960538776786,50.666434193257246,26.459873408552852
2026-12-30 13:00:00,292.825872488942,0.8665330726893814,40.269662336437,26.383141620789107
2026-12-30 14:00:00,289.597637945892,0.7078038870529506,41.70805271591325,27.769970105000194
2026-12-30 15:00:00,290.26379806826515,0.5008280846168591,53.32705252712257,25.548521429099626
2026-12-30 16:00:00,291.4359724650437,0.2597139267371423,37.94080945974146,26.748456454204685
2026-12-30 17:00:00,289.0626191506489,0.0008966754861618,34.01941005121945,25.166218756689744
2026-12-30 18:00:00,288.8451297073199,0.0,62.99449950138435,23.33149760946946
2026-12-30 19:00:00,289.2333560866342,0.0,46.47574998600816,22.707175270748223
2026-12-30 20:00:00,290.49254578085623,0.0,49.97568639309118,20.503864340729148
2026-12-30 21:00:00,290.5921803017243,0.0,65.17659811427006,18.589831060375587
2026-12-30 22:00:00,293.36173344039224,0.0,530.343135933219,16.970013325964697
2026-12-30 23:00:00,294.4452151121972,0.0,507.8946024851056,15.926663446330267
2026-12-31 00:00:00,296.8347519209808,0.0,458.5948990567599,13.504131626028036
2026-12-31 01:00:00,298.01300101066823,0.0,516.8071320061936,13.422553039245456
2026-12-31 02:00:00,301.1007345373405,0.0,572.544607958933,12.201027737606474
2026-12-31 03:00:00,299.3919674619193,0.0,554.7326077801814,11.649598736094873
2026-12-31 04:00:00,302.17602319976663,0.0,484.8420175765198,16.101299049590732
2026-12-31 05:00:00,301.102265320222,0.0,460.6487667795685,16.310842636509047
2026-12-31 06:00:00,301.7107720720099,0.2583282091742531,52.383778451898046,15.722310742088265
2026-12-31 07:00:00,303.0885338089336,0.4995857861183974,34.59222422075071,17.79066754580142
2026-12-31 08:00:00,299.9748589561914,0.7067896874294738,43.700685819550166,19.265877170690985
2026-12-31 09:00:00,299.1494326427705,0.8658161036621563,75.69666237950103,22.091801933695567
2026-12-31 10:00:00,297.210360801904,0.9658251867941492,56.65461742983634,23.592573673443013
2026-12-31 11:00:00,295.26414776992897,0.9999999356778292,58.13279514489983,24.30202086958407
2026-12-31 12:00:00,293.32816038940166,0.96601086887959,40.030947673636135,26.67831796447637
2026-12-31 13:00:00,292.2269033860662,0.8661748110327765,47.60053834479094,25.836604217163735
2026-12-31 14:00:00,289.2035199958854,0.7072969692209272,35.25034677229135,26.814569518258352
2026-12-31 15:00:00,289.8233147060577,0.5002070640653075,36.455651393182535,28.215729906527624
2026-12-31 16:00:00,289.7847638524741,0.259021134599196,45.5262317724416,26.259060109794138
2026-12-31 17:00:00,289.3811977558987,0.0001793351204552,69.29601931600864,24.971239893883848
2026-12-31 18:00:00,288.4845219579076,0.0,53.87447324037889,22.640863128207588
2026-12-31 19:00:00,287.59459565216434,0.0,62.58653390610833,23.23944291413125
2026-12-31 20:00:00,290.86395549170226,0.0,45.43298564095532,19.549258801803614
2026-12-31 21:00:00,292.8505952865778,0.0,38.296344795814576,18.565812541241698
2026-12-31 22:00:00,291.8960621150932,0.0,531.3835068604218,15.74273981770656
2026-12-31 23:00:00,294.8813809970072,0.0,611.0229920895756,14.205331098512435
